gene,lspc_pct,hspc_pct,log2FC,padj
A2M,0.48029957668511886,0.17477125526883933,,
A4GALT,2.6050146532074243,0.1644905931942017,,
AARS,7.977857375447737,11.133957026832528,-0.190758830228248,0.6952784241222658
ABCA1,6.602084011722566,19.553819265960726,-0.4360711690218951,0.3913241787635191
ABCA13,0.5291436014327581,0.5654364141050684,,
ABCA2,6.805600781504396,9.396525136218772,-0.1723861810896446,0.7426826299629435
ABCA3,0.8140670791273201,0.7402076693739077,,
ABCA5,5.893845652881797,6.9188855762311094,-0.7621497997073423,0.039699777985496
ABCA6,0.6919570172582221,0.20561324149275215,,
ABCA7,5.665906870726148,4.101984167780405,-0.5164606035623811,0.4036768681258835
ABCA9,0.9117551286225986,0.09252595867173846,,
ABCB1,3.8586779550634973,19.913642438573046,,
ABCB4,0.12211006186909801,0.18505191734347692,,
ABCB9,2.189840442852491,2.066413077002159,,
ABCC1,29.22500814067079,20.83890202529043,-0.1299682556644552,0.7208940709819386
ABCC10,4.005210029306415,3.505705767451424,,
ABCC11,0.1302507326603712,0.21589390356738974,,
ABCC2,0.5210029306414848,0.2775778760152154,,
ABCC3,0.22793878215564964,0.06168397244782564,,
ABCC4,10.314229892543146,11.699393440937596,-0.0580683719368943,0.931669701220502
ABCC5,8.16509280364702,6.332887837976766,-0.0906958892253693,0.8612439322353802
ABCG2,0.22793878215564964,0.2775778760152154,,
ABI3BP,0.4721589058938456,1.2953634214043384,,
ACAA1,30.03907521979811,21.095918577156368,0.0899364224446871,0.7208940709819386
ACE,3.402800390752198,1.6140639457181043,,
ACHE,0.11396939107782482,0.4626297933586923,,
ACKR2,0.19537609899055683,0.09252595867173846,,
ACKR3,1.0420058612829697,0.6374010486275317,,
ACKR4,0.48029957668511886,0.13364860697028888,,
ACP2,6.3904265711494626,6.014187313663,0.2292280797783542,0.6975215377547986
ACTB,96.23901009443178,96.59710085329495,,
ACTN1,19.70856398567242,23.71748740618896,0.0561040860300367,0.9304705492678093
ACTN4,46.92282644089873,37.51413591035263,0.2353533318503355,0.3903687951422263
ACVR1,7.717355910126995,4.472088002467359,-0.2331495295581007,0.6481254446813142
ACVR1B,3.850537284272224,3.8244062917651895,,
ACVR1C,0.35818951481602085,0.4729104554333299,,
ACVR2A,1.6851188537935526,1.829957849285494,,
ACVRL1,0.04884402474763921,0.020561324149275213,,
ADAM10,29.770433083686097,22.792227819471574,0.1791265882875393,0.4591107473789507
ADAM11,0.43145555193747964,0.287858538089853,,
ADAM12,0.61055030934549,0.4317878071347795,,
ADAM15,20.0179094757408,19.718309859154928,0.166832085222485,0.6952784241222658
ADAM17,35.875936177141,31.06816078955485,0.2041675465459474,0.6222916246314824
ADAM19,1.3920547053077175,0.4420684692094171,,
ADAM22,1.3187886681862586,2.611288166957952,,
ADAM28,30.682188212308695,25.81474246941503,-0.4038380209662271,0.3991975142978117
ADAM32,0.366330185607294,0.575717076179706,,
ADAM8,20.327254965809182,22.00061683972448,0.3244119550066023,0.4487845801208461
ADAM9,3.1911429501790947,8.16284568726226,,
ADAMTSL4,13.041354607619668,6.024467975737638,0.2253187150037228,0.7390408847937817
ADCY2,3.655161185281667,0.7710496555978205,,
ADCY3,5.340280039075219,6.322607175902128,-0.0895204328388871,0.8702173504975707
ADCY6,5.307717355910127,2.4056749254652,0.0030951045458127,0.9933429173137308
ADCY7,14.913708889612504,7.607689935231829,0.3178213975881442,0.4478750551956151
ADCY9,1.2373819602735265,0.7710496555978205,,
ADIPOR1,25.02442201237382,30.33823378225558,-0.0181729534412165,0.9565147178163907
ADIPOR2,21.361120156300878,19.358486686542612,-0.258014290185607,0.3763254829267217
ADM,0.7815043959622273,4.739385216407936,,
ADM2,0.6919570172582221,1.0383468695383982,,
ADORA2A,1.4734614132204493,1.963606456255783,,
ADORA2B,1.1559752523607945,2.816901408450704,,
ADORA3,0.8873331162487789,0.1439292690449265,,
ADRA2A,0.46401823510257245,7.73105788012748,,
ADRB1,3.2644089873005537,0.39066515883622904,,
ADRB2,8.148811462064474,4.821630513005037,-0.4628234302228264,0.6028841318466783
AEBP1,5.437968088570498,7.977793769918783,-0.2319640111966742,0.7355398945263162
AGER,2.718984044285249,1.9944484424796958,,
AGPS,23.420709866493,20.324868921558547,-0.2026164280110037,0.5720649661792402
AGRN,1.4408987300553566,0.5654364141050684,,
AGRP,0.040703353956366005,0.03084198622391282,,
AKAP11,20.319114295017908,12.254549192968026,-0.0450662559063626,0.931669701220502
AKR1B1,14.588082057961577,20.211781638737534,-0.258029048768417,0.5036482430605155
AKR1C3,33.70237707587105,38.07957232445769,0.0651242852063241,0.8674035015133661
ALCAM,20.009768804949527,18.844453582810733,-0.1054000171131832,0.8316828115718896
ALDH1A1,13.122761315532399,22.309036701963606,-0.5222022576527512,0.5243283517089661
ALDH1A2,0.0162813415825464,0.0,,
ALDH1A3,0.05698469553891241,0.11308728282101367,,
ALOX5,9.752523607945294,1.0177855453891231,,
ALOX5AP,12.2110061869098,1.0177855453891231,2.074647887560691,0.0108421181233017
AMH,0.30934549006838163,0.3289811863884034,,
AMIGO1,0.10582872028655162,0.10280662074637607,,
AMIGO2,0.8140670791273201,0.4112264829855043,,
AMN,10.957342885053729,3.4131798087796854,0.3517115739207744,0.6222916246314824
ANGPT1,48.62422663627483,45.11154518350982,-0.0257355944155016,0.963937306446401
ANGPT2,6.309019863236731,1.3467667317775265,0.4559186048740979,0.5688970104573631
ANKH,2.2793878215564964,3.13560193276447,,
ANO6,17.16867469879518,12.24426853089339,-0.2038986130553083,0.6880963208208429
ANO7,1.6037121458808206,0.575717076179706,,
ANO9,1.9781830022793878,1.1308728282101368,,
ANPEP,15.605665906870726,6.476817107021692,0.5229542411991094,0.2760057614970705
ANTXR1,0.0651253663301856,0.041122648298550425,,
ANTXR2,37.77271247150765,28.683047188238923,0.1884035175864747,0.560630268357977
ANXA1,83.14881146206447,62.16716356533361,0.7506380194139955,0.0484947525987226
APH1A,41.9814392705959,44.24796956924026,0.0948397002466034,0.6250129031579988
APH1B,13.342559426896777,12.665775675953531,-0.0887725557626257,0.7693380836391776
APLF,5.307717355910127,4.965559782049964,0.2234043605568776,0.6477234984156389
APLN,0.05698469553891241,0.010280662074637606,,
APLP2,55.503093454900686,60.08018916418217,-0.0033295747225338,0.9900336640387314
APMAP,24.853467925757084,23.573558137144033,0.1474083795446756,0.6975215377547986
APOA1,2.1328557473135787,1.9944484424796958,,
APOBR,8.734939759036145,2.4056749254652,0.7788607034505659,0.1937534908541101
APOE,0.7082383588407685,1.305644083478976,,
APP,18.66655812438945,40.03289811863884,-0.4559491746501871,0.4470597708135237
AQP1,1.050146532074243,0.09252595867173846,,
AQP10,0.0651253663301856,0.1439292690449265,,
AQP9,0.11396939107782482,0.1542099311195641,,
AR,1.7258222077499186,10.31150406086152,,
AREG,5.942689677629437,43.65169116891128,-2.819389126956202,9.320303842518896e-06
ARSB,4.5262129599479,4.698262568109386,,
ARTN,1.4246173884728102,0.24673588979130257,,
ASAH1,43.28394659719961,51.22853911791919,0.053204999071158,0.8434787769789052
ASGR1,2.3038098339303157,4.441246016243446,,
ASGR2,0.11396939107782482,0.06168397244782564,,
ASIC1,0.14653207424291761,0.0,,
ASIP,0.08954737870400521,0.020561324149275213,,
ASPH,22.419407359166396,23.049244371337515,-0.0301667245601679,0.9434312276426264
ASPN,0.07326603712145881,0.05140331037318804,,
ASTN2,0.48844024747639203,0.23645522771666494,,
ATF6B,33.8082057961576,36.05428189575409,-0.3123954477842862,0.1083135589768618
ATG9A,5.804298274177793,5.551557520304308,-0.18522774174646,0.7287301157214569
ATL1,5.1367632692933896,7.576847949007916,-0.2723903078761278,0.5930544631783942
ATP10A,2.1328557473135787,1.1617148144340494,,
ATP11A,9.581569521328557,3.1150406086151947,0.4268491819183687,0.4470597708135237
ATP11C,11.74698795180723,10.044206846920941,0.1485668531440825,0.710253920564245
ATP12A,0.10582872028655162,0.10280662074637607,,
ATP13A1,10.525887333116248,6.589904389842705,-0.2969075939993582,0.4646741738493615
ATP13A2,7.660371214588082,4.256194098899969,-0.0470288601463292,0.94065524963069
ATP13A3,19.30153044610876,11.329289606250642,0.0192638385945351,0.9767972203554316
ATP1A1,24.584825789645066,33.88506219800555,-0.3789822478911106,0.0424039875344534
ATP1A3,1.009443178117877,2.457078235838388,,
ATP1B1,30.910126994464346,34.81032178472294,-0.5477293454828825,0.0441584840025271
ATP1B2,0.25236079452946925,0.9252595867173846,,
ATP1B3,34.77694562031911,33.96730749460265,-0.0042699951141481,0.9824572091982569
ATP2B4,28.19928362097037,34.02899146705048,-0.1825438104007467,0.5686683008904345
ATP6AP1,30.30771735591013,33.874781535930914,0.0977749373746286,0.6946865345604675
ATP6AP2,39.47411266688375,41.81145265755114,0.0530590294444525,0.794815382328357
ATP6V0A1,13.98567241940736,11.175079675131078,-0.5222633453257937,0.2837360269639585
ATP6V0A2,22.875284923477693,31.818649121003393,-0.3367820409903453,0.1991679624946984
ATP8A1,13.627482904591337,19.07062814845276,-0.3233665085040599,0.3710250067580513
ATP8A2,0.20351676978183003,0.4112264829855043,,
ATP8B1,0.9443178117876913,1.0794695178369487,,
ATP8B2,9.695538912406382,4.297316747198519,-0.1749614193986227,0.7498378374788586
ATP8B4,54.233148811462065,49.43970391693225,-0.080439333229177,0.9091087010922588
ATRAID,42.893194399218494,39.85812686337,-0.0456405141803027,0.8530112091107749
ATRN,8.181374145229567,5.592680168602858,0.3231334072732227,0.4036768681258835
ATRX,61.282969716704656,60.52225763339159,-0.1905563316237671,0.2807588774804502
AVP,6.024096385542169,30.636372982420067,-2.04494523119104,0.0110452667226747
B2M,99.44643438619342,98.36537473013261,,
B3GNT2,29.892543145555194,32.73362804564614,-0.3674194417999679,0.0448970932941232
B4GALT3,12.447085639856724,13.755525855865118,-0.1199050911523247,0.7018358617177326
B4GALT5,15.841745359817649,6.302045851752853,0.2710516274178737,0.5211675255724808
BACE1,7.106805600781504,3.084198622391282,0.0508781662960551,0.9510574620824644
BACE2,2.4503419081732334,1.0177855453891231,,
BAG6,25.374470856398567,27.983962167163565,-0.0996448614046277,0.6477234984156389
BAMBI,0.5535656138065776,2.302868304718824,,
BCAM,1.538586779550635,3.1458825948391076,,
BCR,20.074894171279713,17.024776395599876,-0.432284568025942,0.0449422791269578
BEST4,0.5617062845978509,0.3084198622391282,,
BIRC6,40.12536633018561,34.62526986737946,-0.1321306314608212,0.6562664348755292
BMP1,8.987300553565614,7.052534183201399,-0.5461885250145435,0.1991679624946984
BMPR1A,0.4721589058938456,0.21589390356738974,,
BMPR1B,1.465320742429176,1.1103115040608615,,
BMPR2,6.1462064474112665,10.404030019533257,-0.1683980853766915,0.8249290599585302
BRI3BP,8.450016281341583,3.659915698570988,0.041172388188826,0.9529782753136912
BSCL2,13.480950830348421,19.687467872931016,-0.1761462405038955,0.6481254446813142
BSG,49.763920547053075,53.81926596072787,0.1284252936362228,0.6021757152404069
BST1,6.1055030934549,8.20396833556081,-0.5323534427597945,0.2252816674682901
BST2,45.05861282969717,68.51033206538501,-0.3021673979794577,0.5237252681356537
BTD,7.204493650276783,9.190911894726021,-0.6036248065133251,0.0599275726735531
BTLA,0.366330185607294,0.08224529659710085,,
BTN2A1,11.69814392705959,9.396525136218772,0.0021004284821954,0.9918193354905396
BTN2A2,5.1367632692933896,4.616017271512286,-0.2113657548473564,0.6880963208208429
BTN3A1,7.880169325952458,8.615194818546314,-0.2616939944228944,0.5141192705345295
BTN3A2,17.591989579941387,16.69579520921147,-0.3651709362471054,0.2316724631200934
BTN3A3,5.706610224682514,6.384291148349954,-0.5892886172188556,0.1533191778615884
C11orf24,4.607619667860631,4.492649326616634,,
C12orf49,5.380983393031586,1.963606456255783,0.5167851584947035,0.1954659180857781
C19orf18,0.8466297622924129,0.4317878071347795,,
C1QTNF2,0.08954737870400521,0.020561324149275213,,
C1orf159,3.410941061543471,2.724375449778966,,
C3,0.366330185607294,0.1542099311195641,,
C3AR1,11.022468251383915,1.3262054076282512,1.2252086818131265,0.1908101285162175
C3orf80,18.267665255617064,8.368458928755011,-0.1015095603305589,0.9208998039114258
C4A,0.0325626831650928,0.020561324149275213,,
C5,1.7746662324975577,1.4701346766731778,,
C5AR1,0.48029957668511886,0.3084198622391282,,
C5AR2,0.25236079452946925,0.09252595867173846,,
C6orf120,9.63855421686747,8.16284568726226,-0.6119561390035898,0.0417341957523884
CACHD1,1.5792901335070009,2.2411843322709983,,
CACNA1C,1.1396939107782482,0.7299270072992701,,
CACNA2D2,0.26864213611201565,0.3803844967615915,,
CADM1,0.09768804949527841,0.13364860697028888,,
CADM4,0.366330185607294,0.06168397244782564,,
CALCRL,31.626506024096386,17.99115863061581,0.0583649666304184,0.94065524963069
CALHM2,10.550309345490069,2.6832528014804153,1.0104225409322258,0.0313238059126889
CALR,69.55389124063822,75.65539220725815,-0.1197697287556879,0.5979487295645878
CALU,20.310973624226637,18.186491210033925,0.2473151587348144,0.4271349035079001
CANT1,11.942364050797785,11.072273054384702,-0.1819914085739168,0.5237252681356537
CANX,66.68023445131878,62.77372262773723,0.0035977406874187,0.9818994244467288
CAPNS1,43.14555519374797,22.524930605530997,0.5592793257852854,0.0015582678672749
CASC4,28.581895148160207,21.31181248072376,-0.1752374305674182,0.5237252681356537
CASD1,12.528492347769456,7.587128611082553,-0.1848018634777369,0.7022938847700283
CASP7,9.956040377727124,7.391796031664439,0.1124008985349454,0.7498378374788586
CATSPER1,2.2061217844350374,0.812172303896371,,
CATSPER2,6.4229892543145555,4.112264829855043,-0.2901286879831527,0.5264023144378897
CATSPER3,0.05698469553891241,0.07196463452246325,,
CATSPERG,2.2061217844350374,2.5598848565847643,,
CBR1,14.18918918918919,12.233987868818751,0.4737233250581995,0.1888310439675951
CCDC126,8.694236405079778,6.127274596484013,-0.0547040447080288,0.9412505281952914
CCDC47,34.07684793226962,32.846715328467155,-0.0683269572019651,0.7635438691117895
CCDC80,0.7570823835884077,1.521537987046366,,
CCL2,0.8222077499185932,0.07196463452246325,,
CCL23,3.533051123412569,0.8224529659710086,,
CCL25,0.19537609899055683,0.12336794489565128,,
CCL28,6.797460110713123,8.687159453068778,-0.1920260386086631,0.6528259168293379
CCL3,4.102898078801693,3.814125629690552,,
CCL4,3.329534353630739,2.847743394674617,,
CCL5,6.903288830999674,1.490696000822453,1.8890481742609793,0.0054977019077058
CCR1,0.5698469553891241,0.11308728282101367,,
CCR10,0.7489417127971345,0.4729104554333299,,
CCR2,0.04884402474763921,0.010280662074637606,,
CCR3,0.08140670791273201,0.020561324149275213,,
CCR4,0.11396939107782482,0.08224529659710085,,
CCR5,0.0651253663301856,0.020561324149275213,,
CCR6,0.5454249430153044,0.11308728282101367,,
CCR7,1.131553239986975,0.7710496555978205,,
CCRL2,3.48420709866493,1.2953634214043384,,
CCT4,56.8951481602084,69.02436516911689,-0.0100069289202262,0.9756045888354804
CD101,0.040703353956366005,0.010280662074637606,,
CD109,17.77922500814067,21.548267708440424,-0.4998915671108146,0.3078850507040042
CD14,0.2767828069032888,0.3289811863884034,,
CD151,25.50472158905894,22.052020150097665,0.2675066371128969,0.5852260585653882
CD160,0.7815043959622273,0.37010383468695385,,
CD163,0.5372842722240313,0.26729721394057776,,
CD163L1,0.12211006186909801,0.041122648298550425,,
CD164,78.06903288830999,77.09468489770741,-0.2407018575159137,0.3552030254886096
CD180,6.553239986974927,0.19533257941811452,,
CD19,1.8153695864539239,0.3803844967615915,,
CD1C,0.04884402474763921,0.020561324149275213,,
CD1D,0.1302507326603712,0.1439292690449265,,
CD2,1.465320742429176,0.287858538089853,,
CD200,13.293715402149138,9.386244474144135,0.0270803779603533,0.9767972203554316
CD200R1,0.7082383588407685,0.020561324149275213,,
CD22,0.9036144578313253,0.6682430348514444,,
CD226,0.7815043959622273,0.19533257941811452,,
CD244,12.976229241289483,19.050066824303485,0.245572590807674,0.4767003275240499
CD247,0.3500488440247476,0.3084198622391282,,
CD27,0.48029957668511886,0.21589390356738974,,
CD274,0.40703353956366006,0.31870052431376583,,
CD276,1.8723542819928363,0.9252595867173846,,
CD28,0.19537609899055683,0.19533257941811452,,
CD300A,15.345164441549985,16.356533360748433,0.009785355963186,0.9816081129830144
CD300C,1.7665255617062845,0.17477125526883933,,
CD300E,0.39889286877238683,0.1644905931942017,,
CD300LB,0.43145555193747964,0.08224529659710085,,
CD300LF,9.483881471833278,8.4198622391282,-0.1894337120794328,0.7498378374788586
CD302,30.576359492022142,30.97563483088311,0.142469233307982,0.5885683285159409
CD320,3.451644415499837,3.711319008944176,,
CD33,23.21719309671117,6.569343065693431,0.7459170415045312,0.1656825013953333
CD34,35.509605991533704,54.96041945101265,-0.0038279772751937,0.9910657423066952
CD36,17.127971344838816,0.3289811863884034,,
CD37,73.94171279713449,81.91631541071246,-0.1034356682757532,0.7019676904184227
CD38,11.991208075545424,13.2312120900586,0.2425456972647774,0.6880963208208429
CD3D,3.476066427873657,0.6579623727768068,,
CD3E,0.7082383588407685,0.7299270072992701,,
CD3G,0.41517421035493324,0.12336794489565128,,
CD4,8.922175187235428,2.0972550632260716,0.2171294514640107,0.8070876786859931
CD40,4.575056984695539,3.6804770227202632,,
CD40LG,0.10582872028655162,0.05140331037318804,,
CD44,64.75903614457832,80.45646139611391,0.059668490002209,0.8855107675142001
CD46,45.86453923803322,42.160995168088824,-0.1157183982729445,0.6477234984156389
CD47,72.37056333441876,45.71810424591344,0.2666445761764551,0.2320990022646778
CD48,4.135460761966786,3.4954251053767864,,
CD5,0.4558775643112993,0.4831911175079675,,
CD52,71.27971344838815,64.01768273876837,0.3569263938949966,0.5150387948363732
CD53,44.928362097036796,33.30934512182584,0.2529677911873056,0.3116023887357099
CD55,30.454249430153045,43.57972653438881,-0.1861864974082759,0.486842447438138
CD58,18.943340931292738,15.133134573866556,0.1851851004661246,0.6599349141255151
CD59,30.169325952458482,30.3176724581063,-0.2721078282783973,0.5221155982202408
CD6,1.5060240963855422,1.9841677804050581,,
CD63,69.96906545099316,68.3149994859669,0.5368291423664099,0.0012347040891019
CD68,19.61087593617714,10.712449881772386,0.794214462238726,0.0424039875344534
CD69,53.83425594268968,63.349439703916936,-0.9093188918434876,0.0025484674965044
CD7,11.95050472158906,8.553510846098488,0.6858368333053079,0.3710250067580513
CD70,1.7665255617062845,0.7299270072992701,,
CD72,2.075871051774666,1.6449059319420172,,
CD74,89.09150113969392,88.99969158013776,0.1444370541060047,0.7693380836391776
CD79A,5.910126994464344,3.043075974092732,0.0936136731607346,0.931669701220502
CD79B,18.446760013025074,11.442376889071657,0.3268672796606308,0.5141192705345295
CD80,1.823510257245197,0.07196463452246325,,
CD81,28.655161185281667,15.338747815359309,-0.205757219614722,0.6481254446813142
CD82,55.96711169000326,64.53171584250026,-0.0575395687470387,0.8752442835001906
CD83,9.874633669814393,40.67029916726637,-1.873628340581312,4.296433471269e-08
CD84,24.625529143601433,14.115349028477434,0.1846962824585209,0.7498378374788586
CD86,4.062194724845328,0.20561324149275215,,
CD8A,0.21979811136437644,0.1542099311195641,,
CD8B,0.28492347769456206,0.24673588979130257,,
CD9,38.18788668186259,11.29844762002673,1.2265169273856578,0.0023181322685182
CD93,3.695864539238033,0.7916109797470957,,
CD96,27.9469228264409,1.0589081936876734,1.757996565697742,0.0220741076844556
CD99,89.77531748616086,78.35920633288784,0.6904751271274174,0.0011355321268775
CDCP1,4.9983718658417455,4.657139919810835,,
CDH1,0.0325626831650928,0.12336794489565128,,
CDH23,0.6024096385542169,0.10280662074637607,,
CDH24,0.25236079452946925,0.21589390356738974,,
CDH26,2.3038098339303157,3.844967615914465,,
CDH4,0.5535656138065776,0.914978924642747,,
CDHR2,0.1383914034516444,0.07196463452246325,,
CDHR3,0.05698469553891241,0.07196463452246325,,
CDHR4,0.11396939107782482,0.07196463452246325,,
CDON,0.19537609899055683,0.0,,
CEACAM1,1.0745685444480626,0.7196463452246324,,
CEACAM19,1.1478345815695212,0.4317878071347795,,
CEACAM21,3.9482253337675024,3.053356636167369,,
CEACAM3,0.0651253663301856,0.041122648298550425,,
CEACAM4,3.9075219798111362,7.628251259381104,,
CEL,0.7977857375447737,0.3084198622391282,,
CELSR1,0.39075219798111366,0.11308728282101367,,
CELSR2,0.07326603712145881,0.041122648298550425,,
CELSR3,0.30934549006838163,0.22617456564202734,,
CERCAM,3.6225985021165745,4.616017271512286,,
CES1,0.04884402474763921,0.06168397244782564,,
CFH,13.236730706610224,8.32733628045646,-0.9979128548623992,0.1643606315307583
CHODL,0.1383914034516444,0.17477125526883933,,
CHPF2,15.035818951481602,14.619101470134677,-0.2234004234379578,0.5242904247114248
CHPT1,20.327254965809182,12.521846406908605,-0.3100660496789017,0.2596473309028941
CHRM3,1.4327580592640834,17.744422740824508,,
CHRNA10,1.2129599478997068,0.7916109797470957,,
CHRNA5,1.131553239986975,1.171995476508687,,
CHRNA7,2.26310647997395,0.760768993523183,,
CHRNB1,10.827092152393357,8.872211370412254,-0.0916550896199596,0.8447240562856535
CHRNB4,0.18723542819928363,0.08224529659710085,,
CHRNE,1.3187886681862586,1.4392926904492649,,
CHST11,27.425919895799414,33.843939549707,-0.301067961268756,0.0816965770777589
CHST12,35.25724519700423,34.75891847434975,-0.151249414226327,0.6585223894270935
CHST7,2.5724519700423314,1.5112573249717283,,
CLCF1,0.6349723217193096,1.0075048833144855,,
CLCN2,0.732660371214588,0.40094582091086667,,
CLCN6,6.821882123086942,7.463760666186903,0.0853441106203638,0.8682108130701648
CLDN12,2.9713448388147183,1.0075048833144855,,
CLDN15,7.55454249430153,21.99033617764984,-0.7604586860906811,0.0313238059126889
CLDN7,1.2373819602735265,1.2233987868818752,,
CLDN9,0.19537609899055683,0.08224529659710085,,
CLDND1,35.4200586128297,25.927829752236043,0.1217743027665512,0.6952784241222658
CLEC12A,14.14034516444155,3.629073712347075,0.8446537254557782,0.1656825013953333
CLEC12B,0.3500488440247476,0.1439292690449265,,
CLEC17A,0.11396939107782482,0.07196463452246325,,
CLEC2B,45.31911429501791,50.00514033103732,-0.0696876147934628,0.8478182077465238
CLEC2D,11.67372191468577,5.088927726945616,-0.2642238084423708,0.5979487295645878
CLEC4G,0.040703353956366005,0.08224529659710085,,
CLEC5A,0.21979811136437644,0.08224529659710085,,
CLEC7A,5.437968088570498,1.8813611596586821,0.0966787071989036,0.9412860308967468
CLEC9A,3.972647346141322,9.602138377711524,,
CLMP,0.09768804949527841,0.020561324149275213,,
CLN3,12.243568870074894,13.96113909735787,-0.1151555401156239,0.7850273466494057
CLN5,17.640833604689025,17.507967513107843,-0.3566926713972168,0.1116681744032108
CLPTM1,13.106479973949854,10.517117302354272,0.4758915262996404,0.0449422791269578
CLPTM1L,14.262455226310648,5.222576333915904,0.3739932412197601,0.2371657887671277
CLSTN1,15.76847932269619,11.997532641102087,-0.3097577318457201,0.3340702704008924
CLSTN3,9.158254640182351,6.754394983036907,0.0870588725014486,0.8784029725245297
CLTC,39.669488765874306,26.225968952400535,0.3968081418086939,0.063870464925026
CLU,36.43764246173885,35.86922997841061,-1.2373524082102896,0.0700023190409837
CMKLR1,0.48029957668511886,0.041122648298550425,,
CNNM2,4.88440247476392,9.31427983962167,,
CNNM3,3.9807880169325953,3.156163256913745,,
CNNM4,4.493650276782807,4.235632774750694,,
CNR2,1.253663301856073,0.34954251053767865,,
CNTF,0.21165744057310323,0.2775778760152154,,
CNTN1,1.5792901335070009,0.3084198622391282,,
CNTNAP1,0.3500488440247476,0.10280662074637607,,
COL11A2,0.17095408661673722,0.34954251053767865,,
COL14A1,0.41517421035493324,0.21589390356738974,,
COL15A1,0.0651253663301856,0.03084198622391282,,
COL18A1,3.3132530120481927,3.485144443302149,,
COL19A1,0.04884402474763921,0.11308728282101367,,
COL1A1,0.17909475740801042,0.21589390356738974,,
COL24A1,25.683816346466948,22.03145882594839,-0.2135529969408616,0.6952784241222658
COL4A3,0.040703353956366005,0.0,,
COL4A4,0.15467274503419082,0.07196463452246325,,
COL5A1,1.660696841419733,2.5496041945101267,,
COL5A2,0.35818951481602085,0.21589390356738974,,
COL6A2,5.380983393031586,3.474863781227511,-0.1900653211932143,0.8814433842439812
COL6A3,0.3500488440247476,0.18505191734347692,,
COL7A1,0.5291436014327581,0.34954251053767865,,
COL8A2,0.22793878215564964,0.12336794489565128,,
COL9A2,6.5288179746011075,3.5879510640485246,-0.6257761875461746,0.3238724652589301
COL9A3,2.0921523933572126,0.5859977382543435,,
COLEC12,0.4558775643112993,0.31870052431376583,,
CORT,0.1302507326603712,0.09252595867173846,,
CP,1.050146532074243,0.2775778760152154,,
CPD,17.93389775317486,13.971419759432507,0.0228255578945397,0.9767972203554316
CPM,0.6186909801367633,0.339261848463041,,
CPVL,10.273526538586779,12.018093965251362,0.2515745413273563,0.7822429857842749
CR1,0.5047215890589385,0.627120386552894,,
CRABP2,0.34190817323347444,0.34954251053767865,,
CREG1,51.30250732660371,51.09489051094891,0.0533135395677906,0.8612439322353802
CRELD2,10.566590687072615,8.491826873650663,-0.2340964813453459,0.4853744758453415
CRIM1,4.314555519374797,5.222576333915904,,
CRLF1,0.08954737870400521,0.09252595867173846,,
CRLF2,2.222403126017584,0.8327336280456461,,
CRTAM,0.9850211657440573,0.23645522771666494,,
CRTAP,36.97492673396288,35.386038860902644,0.0156943734655402,0.9653786269434744
CSF1,2.0921523933572126,2.9711113395702684,,
CSF1R,5.845001628134158,2.426236249614475,1.6157655687562964,0.0525714369410603
CSF2RA,11.738847281015955,2.0561324149275215,0.4528309293750484,0.5432431476233829
CSF2RB,10.900358189514815,4.2664747609746065,0.2850243249477625,0.7313215719880239
CSF3R,33.28720286551612,54.38470237483294,-0.4435311110779871,0.1355295027522832
CSPG5,0.34190817323347444,0.339261848463041,,
CTLA4,0.0325626831650928,0.041122648298550425,,
CTNS,5.576359492022142,3.39261848463041,0.2449666361912626,0.6477234984156389
CTSA,36.144578313253014,24.046468592577362,0.5727012006454101,0.0313238059126889
CTSC,60.485183979159885,40.74226380178884,0.5834494546665498,0.023238786260885
CTSD,50.37447085639857,48.1957438059011,0.1014127206042884,0.7635438691117895
CTSG,11.364376424617388,3.156163256913745,0.0419566220375868,0.9767972203554316
CTSK,1.1559752523607945,0.760768993523183,,
CUBN,2.1328557473135787,1.0897501799115863,,
CUZD1,0.2767828069032888,0.18505191734347692,,
CX3CR1,0.30120481927710846,0.03084198622391282,,
CXCL10,0.8629111038749593,0.5037524416572428,,
CXCL16,0.48029957668511886,0.39066515883622904,,
CXCL2,14.938130901986323,43.02457078235838,-1.1367596370104902,0.0193935895923646
CXCL3,12.46336698143927,34.4710599362599,-1.1333973462366873,0.00403810324779
CXCL6,0.6349723217193096,0.9458209108666598,,
CXCR2,0.40703353956366006,0.08224529659710085,,
CXCR3,1.4408987300553566,0.1439292690449265,,
CXCR4,11.29111038749593,27.57273568417806,-1.1901153247975602,0.0149316970728968
CXCR5,0.19537609899055683,0.11308728282101367,,
CXCR6,0.05698469553891241,0.020561324149275213,,
CYBA,80.75545424943016,58.918474349748124,0.7118160684062702,0.0049963128294418
CYBB,2.6457180071637905,0.2981392001644906,,
CYP21A2,0.0162813415825464,0.05140331037318804,,
CYP27B1,0.41517421035493324,0.7299270072992701,,
CYSLTR1,29.29827417779225,13.17980877968541,0.5357585548867182,0.0671504690852754
CYSLTR2,7.440573103223706,3.546828415749974,-0.3845391072006564,0.5686683008904345
CYTH1,28.541191794203844,17.52852883725712,-0.0648276363324517,0.8752442835001906
DAG1,2.5724519700423314,2.4673588979130257,,
DAGLA,0.20351676978183003,0.12336794489565128,,
DAGLB,7.896450667535005,10.578801274802098,-0.6215349800048128,0.0891952463764355
DCBLD1,1.294366655812439,0.7093656831499948,,
DCBLD2,1.6037121458808206,6.096432610260101,,
DCHS1,1.1803972647346141,2.200061683972448,,
DDR2,1.0013025073266038,0.3084198622391282,,
DGCR2,7.481276457180072,6.74411432096227,-0.4252488301824558,0.1991679624946984
DHCR24,4.6808857049820904,3.2281278914362086,,
DHCR7,4.054054054054054,6.168397244782564,,
DHRS9,0.9117551286225986,0.627120386552894,,
DISP1,1.701400195376099,0.9355402487920222,,
DISP2,0.6675350048844024,0.20561324149275215,,
DLG4,6.960273526538587,7.813303176724581,-0.0580277555981228,0.931669701220502
DLK2,0.12211006186909801,0.11308728282101367,,
DLL1,1.1885379355258874,2.8271820705253417,,
DLL3,0.30120481927710846,0.5243137658065179,,
DLL4,0.11396939107782482,0.20561324149275215,,
DMTF1,26.465320742429178,18.81361159658682,0.0891560478784459,0.8249290599585302
DMXL2,21.40996418104852,7.494602652410816,0.0334989792780177,0.9767972203554316
DNASE1L1,11.160859654835559,9.674103012233989,0.3803515201369195,0.1604113478940834
DPEP2,11.787691305763595,6.456255782872417,0.0938745115916995,0.8674035015133661
DPEP3,1.8479322696190166,1.8402385113601316,,
DPP4,1.9211983067404754,0.23645522771666494,,
DPP7,46.65418430478672,45.94427881155546,-0.1857062749903384,0.3991975142978117
DPY19L4,12.48778899381309,11.236763647578904,0.0130583711221897,0.9767972203554316
DRD4,0.48844024747639203,0.5345944278811555,,
DSC2,23.34744382937154,7.648812583530379,0.532457867136973,0.7133210541315866
DUOX1,1.497883425594269,0.8944176004934717,,
DUOX2,0.17909475740801042,0.11308728282101367,,
DYNC2H1,3.6144578313253013,2.086974401151434,,
EBI3,0.8140670791273201,0.287858538089853,,
EBP,18.46304135460762,22.72026318494911,-0.1249251893421096,0.6528259168293379
ECE1,6.805600781504396,0.966382235015935,0.9558506921738736,0.1495948600683551
EDA,0.1302507326603712,0.5140331037318804,,
EDA2R,2.018886356235754,1.3673280559268017,,
EDEM3,26.685118853793554,18.248175182481752,-0.0050969929879436,0.986972314066232
EDN1,0.29306414848583523,1.5729412974195538,,
EEF1A1,99.4545750569847,99.46540557211884,-0.0112449872346063,0.9767972203554316
EEF1D,83.27092152393357,89.83242520818341,-0.238891956094632,0.2728097333810699
EFNA1,2.8980788016932597,6.44597512079778,,
EFNA3,1.4327580592640834,2.066413077002159,,
EFNA4,3.109736242266363,3.978616222884754,,
EFNA5,0.8384890915011397,0.11308728282101367,,
EFNB1,3.68772386844676,5.0375244165724276,,
EFNB2,0.6593943340931293,1.490696000822453,,
EGF,0.48844024747639203,0.3084198622391282,,
ELANE,5.039075219798112,2.8580240567492545,0.5578475668404883,0.7426826299629435
ELOVL6,3.0201888635623577,3.217847229361571,,
EMB,59.703679583197655,16.82944381618176,0.6629985596029221,0.0484947525987226
EMILIN1,4.444806252035168,3.6804770227202632,,
EMILIN2,14.506675350048845,6.230081217230389,0.3460408561046464,0.5291227765266076
EMP1,21.068056007815045,25.886707103937493,0.0466847026745527,0.9479026101668524
EMP2,1.3513513513513513,1.0383468695383982,,
EMP3,70.35981764897427,68.28415749974299,0.7241213236752567,0.0103623045848018
ENG,17.754802995766852,14.454610876940475,-0.0673467866324158,0.9091087010922588
ENO1,85.44448062520351,81.06302045851753,0.230094113506268,0.1604113478940834
ENPP3,0.0651253663301856,0.17477125526883933,,
ENPP4,10.257245197004233,6.528220417394881,-0.1383016473957291,0.8249290599585302
ENTPD1,1.782806903288831,0.8532949521949214,,
ENTPD7,4.273852165418431,2.4776395599876633,,
EPCAM,5.08791924454575,1.8916418217333195,,
EPDR1,17.974601107131228,4.965559782049964,0.4214739478067805,0.3856422027431594
EPGN,1.4001953760989905,0.5654364141050684,,
EPHA1,0.8222077499185932,0.914978924642747,,
EPHA4,0.21165744057310323,1.1411534902847744,,
EPHB1,0.11396939107782482,0.13364860697028888,,
EPHB2,0.32562683165092804,0.0,,
EPHB3,0.21165744057310323,0.17477125526883933,,
EPHB4,0.7977857375447737,0.7093656831499948,,
EPHB6,14.197329859980462,5.582399506528221,-0.1746108111654972,0.7208940709819386
EPOR,1.4083360468902637,2.045851752852884,,
EPX,0.040703353956366005,0.020561324149275213,,
ERAP1,15.475415174210355,14.886398684075255,-0.0942971357094121,0.8054656148683661
ERAP2,18.90263757733637,15.092011925568007,-0.0793524239296396,0.8912929164190002
ERBB2,0.7733637251709541,0.6374010486275317,,
EREG,6.12992510582872,37.24683869641205,-2.078659942650504,0.0021460671389898
ERGIC2,24.405731032237057,22.288475377814333,0.0591166521157334,0.8376146342206873
ERLIN1,20.57961576033865,14.228436311298447,-0.380717748532427,0.1635594473047138
ERMAP,5.95083034842071,5.047805078647065,-0.0586318210683149,0.931669701220502
ERMP1,15.166069684141974,9.766628970905726,-0.0101351272628383,0.9816081129830144
ESAM,4.9251058287202865,7.957232445769508,,
ESR1,0.5454249430153044,1.171995476508687,,
ESR2,0.18723542819928363,1.4392926904492649,,
EVA1C,0.8140670791273201,3.2898118638840343,,
EVI2A,20.84825789645067,8.008635756142695,-0.1216969476029721,0.7737682513591567
EVI2B,30.61706284597851,28.31294335355197,-0.0941515975247208,0.7850273466494057
EXTL2,15.516118528166722,10.733011205921661,0.0857670384811544,0.8617851835802698
EXTL3,2.26310647997395,2.9916726637195437,,
EZR,29.648323021817,33.453274390870774,0.5344557090600519,0.0462284825856442
F11R,24.633669814392707,27.14094787704328,0.2838834801096606,0.2896544164051239
F13A1,4.72972972972973,1.8607998355094069,,
F2R,11.250407033539563,17.82666803742161,-0.1986148876648277,0.6477234984156389
F2RL1,5.92640833604689,7.535725300709366,-0.0674813128679604,0.931669701220502
F2RL2,0.7082383588407685,3.073917960316644,,
F2RL3,0.8873331162487789,0.339261848463041,,
F3,2.385216541843048,1.0486275316130358,,
F5,0.20351676978183003,0.24673588979130257,,
FAM171A2,0.5617062845978509,0.627120386552894,,
FAM171B,3.4353630739172907,10.00308419862239,,
FAM174A,8.075545424943016,7.94695178369487,-0.3252119134597861,0.333966416494471
FAM174B,2.6457180071637905,1.4392926904492649,,
FAM189B,6.5288179746011075,6.291765189678215,-0.368623985255067,0.3856422027431594
FAM20B,9.622272875284924,5.736609437647784,0.3062286489543643,0.411688045740868
FAS,8.222077499185932,2.0766937390767963,0.6248244085825682,0.2224935086459141
FBLN2,0.9931618365353305,0.2570165518659402,,
FBN1,1.7746662324975577,2.508481546211576,,
FBN2,0.44773689352002605,0.7813303176724581,,
FCAR,0.16281341582546402,0.05140331037318804,,
FCER1A,2.596873982416151,23.080086357561427,,
FCER1G,26.872354281992838,7.371234707515164,1.2192767647606353,0.00403810324779
FCER2,0.29306414848583523,0.1439292690449265,,
FCGR1A,3.516769781830023,0.9252595867173846,,
FCGR1B,0.8954737870400521,0.18505191734347692,,
FCGR2A,2.6375773363725172,0.3084198622391282,,
FCGR2B,1.9374796483230219,0.17477125526883933,,
FCGR3A,0.16281341582546402,0.10280662074637607,,
FCGR3B,0.024422012373819604,0.010280662074637606,,
FCGRT,8.946597199609247,21.712758301634626,-0.5407217182467149,0.3283900732132711
FCRL1,0.0325626831650928,0.1644905931942017,,
FCRL2,0.09768804949527841,0.05140331037318804,,
FCRL3,0.08140670791273201,0.041122648298550425,,
FCRL5,0.04884402474763921,0.020561324149275213,,
FCRL6,0.08140670791273201,0.010280662074637606,,
FDX1,27.46662324975578,25.85586511771358,0.2036288611062253,0.545832529484056
FDXR,4.054054054054054,2.8580240567492545,,
FFAR2,0.0651253663301856,0.041122648298550425,,
FFAR4,0.17909475740801042,0.03084198622391282,,
FGF17,0.5779876261803972,0.8224529659710086,,
FGF7,0.5779876261803972,0.575717076179706,,
FGFR1,2.5398892868772385,3.2589698776601215,,
FGFR3,0.6024096385542169,0.17477125526883933,,
FGFR4,0.17095408661673722,0.19533257941811452,,
FGFRL1,5.096059915337023,3.927212912511566,,
FGL2,2.9143601432758057,0.863575614269559,,
FICD,1.782806903288831,1.6757479181659298,,
FKBP14,4.949527841094106,6.322607175902128,,
FKBP7,5.307717355910127,6.024467975737638,-0.1384409858083962,0.7732741408582525
FKBP9,1.7176815369586453,1.4290120283746273,,
FKRP,3.7447085639856725,2.3337102909427365,,
FKTN,4.900683816346467,3.0944792844659195,,
FLNA,41.256919570172585,33.86450087385628,0.5081711215846794,0.1643606315307583
FLT1,0.6024096385542169,0.5654364141050684,,
FLT3,46.74373168349072,39.08707720777218,-0.107437645128034,0.814611960108557
FLT3LG,3.0039075219798113,3.7524416572427266,,
FLVCR1,8.18951481602084,5.54127685822967,-0.299672639890257,0.4218575449089838
FLVCR2,1.0338651904916965,0.2981392001644906,,
FN1,0.5861282969716705,0.5654364141050684,,
FOLR2,0.2605014653207424,0.041122648298550425,,
FPR1,0.49658091826766526,0.18505191734347692,,
FPR2,0.19537609899055683,0.03084198622391282,,
FPR3,0.0325626831650928,0.020561324149275213,,
FRRS1,2.100293064148486,1.2233987868818752,,
FSTL1,1.4897427548029958,3.187005243137658,,
FTH1,93.67469879518072,97.19337925362393,-0.5728878825825462,0.006347302735132
FTL,95.02605014653207,96.42232959802611,-0.2189819406298037,0.2760057614970705
FURIN,12.959947899706936,7.093656831499948,0.5315490965825392,0.0793594970495184
FUT11,9.858352328231847,8.265652308008637,-0.0413269922236479,0.9353495038608236
FZD1,0.732660371214588,0.9972242212398479,,
FZD3,0.6919570172582221,6.641307700215894,,
FZD5,0.8954737870400521,0.9252595867173846,,
FZD6,5.315858026701401,5.459031561632569,-0.1562980291591049,0.8240634017473278
FZD7,0.9198957994138717,2.0561324149275215,,
FZD8,0.44773689352002605,0.17477125526883933,,
GAA,7.3266037121458805,6.507659093245605,0.0494185411376679,0.9392669656168954
GABBR1,2.3038098339303157,3.773002981392002,,
GAD1,0.1302507326603712,0.10280662074637607,,
GAL,0.26864213611201565,0.21589390356738974,,
GALNS,7.5382611527189844,5.50015420993112,0.248795975624257,0.5652519335900136
GALNT1,38.26115271898404,25.588567903773004,0.3436266426563743,0.1654711193422093
GALNT11,14.026375773363725,8.738562763441966,0.1863628777095889,0.6222916246314824
GALR2,0.05698469553891241,0.17477125526883933,,
GALR3,0.10582872028655162,0.17477125526883933,,
GAPDH,95.74242917616412,94.57181042459135,,
GAPDHS,0.10582872028655162,0.041122648298550425,,
GAS6,0.38261152718984043,0.21589390356738974,,
GBA,8.580267014001954,6.682430348514444,-0.0674005763119973,0.8814433842439812
GDF11,7.717355910126995,5.448750899557932,-0.4010287648670294,0.4097834888689234
GDF15,0.20351676978183003,0.287858538089853,,
GDF9,0.2767828069032888,0.3289811863884034,,
GDPD5,1.465320742429176,0.9252595867173846,,
GFRA2,0.2360794529469228,0.08224529659710085,,
GGCX,13.603060892217519,12.007813303176725,-0.2143010021443995,0.434002403659795
GGT1,1.709540866167372,0.5243137658065179,,
GGT5,5.649625529143601,0.8532949521949214,0.8793700678635733,0.3609620169761885
GGT7,3.0201888635623577,9.355402487920221,,
GHRL,2.352653858677955,1.0075048833144855,,
GINM1,27.808531422989255,35.519687467872934,-0.0715649376442283,0.7498378374788586
GJC2,0.7570823835884077,0.5243137658065179,,
GLA,16.07782481276457,28.796134471059936,-0.0702250092480983,0.8674035015133661
GLB1,12.886681862585476,12.93307288989411,0.460721549210634,0.0530650593441575
GLCE,5.348420709866493,6.106713272334738,-0.375057012237056,0.4314807295393693
GLG1,22.5089547378704,20.02672972139406,-0.1679171327295554,0.5979487295645878
GLIPR1,57.123086942364054,46.80785442582502,0.0302541326748466,0.9565147178163907
GLS,49.40573103223706,31.427983962167165,-0.347884322969909,0.2258128729863042
GLS2,0.7082383588407685,0.7813303176724581,,
GLT8D1,16.436014327580594,8.831088722113703,0.2288079184824004,0.4522106621986915
GMPPB,3.296971670465646,2.981392001644906,,
GMPS,23.0869423640508,27.78862958774545,0.1156541728347898,0.6899492020857292
GNA11,1.375773363725171,1.0897501799115863,,
GNPTAB,49.0882448713774,23.511874164696206,0.4159708765870416,0.0346931037497449
GNPTG,23.420709866493,22.6071759021281,-0.0875130558088336,0.7635438691117895
GNRH1,1.2129599478997068,0.5140331037318804,,
GNS,9.752523607945294,7.3609540454405264,0.1579940730587971,0.7432268220659642
GOLIM4,32.953435363073915,22.956718412665776,0.1097623105647097,0.701055351562434
GOLM1,0.854770433083686,2.302868304718824,,
GP1BA,1.3513513513513513,1.4804153387478154,,
GP6,0.7408010420058613,0.6065590624036188,,
GPA33,1.050146532074243,0.5037524416572428,,
GPBAR1,0.43145555193747964,0.17477125526883933,,
GPC1,0.28492347769456206,0.3289811863884034,,
GPC2,2.189840442852491,2.1486583735992597,,
GPER1,0.09768804949527841,0.12336794489565128,,
GPI,25.30934549006838,37.09262876529248,-0.1889397213167235,0.5237252681356537
GPM6B,4.982090524259199,2.487920222062301,,
GPNMB,0.17095408661673722,0.17477125526883933,,
GPR107,10.900358189514815,8.872211370412254,0.0140138808482733,0.9771317614755376
GPR108,16.566265060240966,15.7191323121209,-0.3356184618206797,0.1991679624946984
GPR132,5.739172907847607,1.1925568006579623,0.3688673928152501,0.6156585581572789
GPR137,7.8150439596222725,6.795517631335458,-0.0634093227444614,0.9132346000457096
GPR137B,1.6362748290459135,3.156163256913745,,
GPR137C,0.48844024747639203,0.966382235015935,,
GPR141,6.732334744382937,8.872211370412254,,
GPR146,9.516444154998371,3.053356636167369,0.4979950356559147,0.3552030254886096
GPR15,0.0325626831650928,0.0,,
GPR150,0.48844024747639203,0.20561324149275215,,
GPR153,0.16281341582546402,0.041122648298550425,,
GPR155,2.0026050146532075,1.2439601110311505,,
GPR157,1.7502442201237383,1.1411534902847744,,
GPR160,2.434060566590687,1.0177855453891231,,
GPR161,0.9036144578313253,1.3262054076282512,,
GPR162,3.524910452621296,2.0252904287036086,,
GPR171,1.2618039726473462,1.3262054076282512,,
GPR174,3.997069358515142,9.509612419039787,,
GPR176,0.07326603712145881,0.06168397244782564,,
GPR18,0.34190817323347444,0.17477125526883933,,
GPR180,7.383588407684793,5.726328775573147,0.1673899886185231,0.7498644156529447
GPR183,15.735916639531098,5.592680168602858,0.1476199549210453,0.8770407225133959
GPR19,0.14653207424291761,0.03084198622391282,,
GPR22,0.43145555193747964,0.3084198622391282,,
GPR25,0.0,0.0,,
GPR27,7.025398892868773,2.631849491107227,-0.1597136357511432,0.8574155023627754
GPR3,0.37447085639856725,1.387889380076077,,
GPR34,0.9768804949527841,0.17477125526883933,,
GPR35,2.5805926408336046,0.966382235015935,,
GPR52,0.15467274503419082,0.13364860697028888,,
GPR55,0.9931618365353305,0.18505191734347692,,
GPR61,0.04884402474763921,0.11308728282101367,,
GPR63,0.44773689352002605,1.593502621568829,,
GPR65,0.7815043959622273,0.31870052431376583,,
GPR75,0.44773689352002605,0.9972242212398479,,
GPR82,0.9198957994138717,0.9561015729412974,,
GPR83,0.04884402474763921,0.07196463452246325,,
GPR84,1.0827092152393358,0.5859977382543435,,
GPRC5B,0.08140670791273201,0.09252595867173846,,
GPRC5C,5.047215890589385,3.341215174257222,0.1795031138786854,0.8206572329091698
GRAMD1B,3.174861608596548,5.716048113498509,,
GRIK1,0.10582872028655162,0.010280662074637606,,
GRIK5,5.877564311299251,2.2411843322709983,0.1939058370173441,0.7426826299629435
GRN,28.313253012048193,27.562455022103425,0.2079343176029335,0.5141192705345295
GUCY2C,0.0162813415825464,0.010280662074637606,,
GUSB,21.206447411266687,17.888352009869436,0.0363246035498908,0.9307017738496834
GXYLT1,16.50928036470205,6.980569548678935,0.3979517414511175,0.3162481864922611
GYPC,31.773038098339303,64.7064870977691,-0.2829875745064322,0.4767003275240499
GZMH,0.15467274503419082,0.17477125526883933,,
HAVCR2,7.774340605665907,2.4467975737637504,0.5513808267555467,0.4485613410363903
HBEGF,4.062194724845328,8.666598128919503,,
HCAR2,0.9687398241615109,0.6888043590007197,,
HCAR3,0.9036144578313253,1.2336794489565128,,
HCRT,0.48844024747639203,0.3803844967615915,,
HCST,65.81732334744383,32.03454302457078,0.8668940300841621,0.006347302735132
HDC,0.22793878215564964,0.3598231726123162,,
HEBP1,32.473135786388795,39.621671635653335,-0.0590906121894265,0.8674035015133661
HEG1,0.5454249430153044,1.5832219594941914,,
HEXA,31.089221751872355,30.574689009972243,0.2092282152536934,0.3511466570557561
HEXB,15.99641810485184,22.535211267605632,-0.0036913962858298,0.9900336640387314
HFE,0.16281341582546402,0.07196463452246325,,
HGF,5.144903940084663,2.868304718823892,0.519108818259081,0.5077219012013631
HGSNAT,24.275480299576685,15.143415235941195,0.0633658359931108,0.8752442835001906
HHIP,0.20351676978183003,0.966382235015935,,
HHLA2,0.08954737870400521,0.041122648298550425,,
HM13,42.91761641159231,41.10208697440115,0.1786418753815695,0.3672836225360721
HNRNPK,82.83946597199609,84.0649737843117,0.0031733232672618,0.9818994244467288
HNRNPU,78.23184630413546,78.74987149172406,-0.2753972433353642,0.1656825013953333
HP,0.11396939107782482,0.020561324149275213,,
HPX,0.12211006186909801,0.041122648298550425,,
HRH1,0.5942689677629437,0.1542099311195641,,
HRH2,5.861282969716704,1.3467667317775265,,
HRH4,0.48029957668511886,0.5654364141050684,,
HS2ST1,11.209703679583198,13.282615400431787,0.3178882599714597,0.2688487951380008
HS6ST1,7.6440898730055356,6.980569548678935,-0.0861836378460014,0.8521148135862666
HSD17B1,2.067730380983393,1.7374318906137556,,
HSD17B12,38.01693259524585,31.469106610465715,-0.1094875521553271,0.6880963208208429
HSD17B6,0.2605014653207424,0.3289811863884034,,
HSP90AA1,89.28687723868447,90.14084507042253,,
HSP90AB1,93.46304135460763,96.01110311504061,,
HSP90B1,62.267990882448714,69.41503032795312,,
HSPA13,12.341256919570172,11.319008944176005,,
HSPA8,79.30641484858353,79.57232445769507,,
HSPD1,66.3708889612504,73.14691066104658,,
HSPG2,10.721263432106806,5.952503341215174,,
HTR1F,7.627808531422989,16.736917857510022,-0.6160331529417413,0.1908101285162175
HTR2A,0.040703353956366005,0.4729104554333299,,
HTR7,0.21979811136437644,0.20561324149275215,,
HYAL2,7.831325301204819,2.6832528014804153,0.826710437863575,0.1116681744032108
HYOU1,11.299251058287203,11.750796751310784,0.0692029724541823,0.902627835418072
ICAM1,8.360468902637578,15.698570987971625,-0.2867156340106115,0.6880963208208429
ICAM2,27.67014001953761,25.78390048319112,0.0290515644520964,0.9507649451295568
ICAM3,58.36046890263758,65.49809807751619,-0.1222003538933848,0.7208940709819386
ICAM4,9.874633669814393,16.541585278091908,-0.4003779120055482,0.4036768681258835
ICAM5,1.864213611201563,2.4776395599876633,,
ICOS,0.18723542819928363,0.34954251053767865,,
ICOSLG,5.706610224682514,2.282306980569549,0.0213790762433698,0.9812674663147508
IDH2,38.10647997394985,40.48524724992289,0.1294820100116923,0.5852260585653882
IFI30,5.885704982090524,5.263698982214454,-0.5371680509843588,0.5237252681356537
IFNAR1,23.55096059915337,16.181762105479592,0.164943368489895,0.5285457117730757
IFNAR2,23.892868772386844,20.52020150097666,0.0529162115773686,0.8897262424472383
IFNG,0.07326603712145881,0.10280662074637607,,
IFNGR1,30.30771735591013,19.2453994037216,0.4313592355863576,0.0935709695474018
IFNGR2,28.060892217518724,16.32569137452452,0.3730085240340355,0.2125712275705454
IFNK,0.024422012373819604,0.0,,
IFNL1,0.04884402474763921,0.0,,
IFNLR1,0.05698469553891241,0.11308728282101367,,
IGF1,0.3500488440247476,0.041122648298550425,,
IGF1R,7.37544773689352,11.668551454713684,,
IGF2R,4.949527841094106,1.1308728282101368,,
IGFLR1,8.743080429827417,8.111442376889071,,
IGSF6,0.9361771409964181,0.24673588979130257,,
IGSF8,8.62097036795832,9.756348308831088,,
IL10,0.32562683165092804,0.11308728282101367,,
IL10RA,4.6483230218169975,2.086974401151434,,
IL10RB,15.38586779550635,7.093656831499948,0.3576751528913108,0.3918259328491565
IL11RA,2.5236079452946925,2.3851136013159246,,
IL12A,5.511234125691957,4.060861519481855,-0.978695710952578,0.0271381913485232
IL12RB1,5.283295343536308,1.0280662074637608,,
IL12RB2,1.6688375122110062,3.248689215585484,,
IL13RA1,5.592640833604689,1.9944484424796958,0.5359544454542845,0.455035019856316
IL15,1.5548681211331814,3.0019533257941813,,
IL15RA,7.3266037121458805,4.225352112676056,0.4367319437283091,0.3492335119601744
IL17C,0.07326603712145881,0.020561324149275213,,
IL17D,0.6431129925105828,0.5551557520304308,,
IL17RA,7.497557798762618,8.060039066515884,0.3181858053012936,0.5513765625179267
IL17RC,7.546401823510258,7.813303176724581,-0.4569198600968365,0.2596473309028941
IL17RE,6.976554868121133,1.9841677804050581,0.4587891118977215,0.5237252681356537
IL18,50.18723542819929,32.8878379767657,0.0514107440929538,0.8897262424472383
IL18R1,2.718984044285249,1.387889380076077,,
IL18RAP,0.08954737870400521,0.05140331037318804,,
IL1B,26.717681536958647,25.454919296802714,-0.1423761555219249,0.7850273466494057
IL1R1,8.091826766525562,0.7916109797470957,,
IL1RAP,31.773038098339303,10.157294129741956,1.02847665360185,0.0211101006525589
IL1RL1,1.9700423314881146,0.26729721394057776,,
IL1RN,0.8222077499185932,0.20561324149275215,,
IL20RB,0.38261152718984043,0.3084198622391282,,
IL21R,1.742103549332465,0.8944176004934717,,
IL23A,0.5047215890589385,0.6990850210753573,,
IL27RA,20.872679908824487,26.904492649326617,0.2216519020737546,0.5237252681356537
IL2RA,11.812113318137415,0.5037524416572428,2.232847035192835,0.0049963128294418
IL2RB,0.20351676978183003,0.09252595867173846,,
IL2RG,44.51318788668186,16.305130050375244,0.732693556737273,0.0271381913485232
IL3RA,33.46629762292413,11.833042047907885,0.951116712663883,8.763595151586896e-05
IL4R,10.468902637577337,2.8066207463760664,0.4696008920191443,0.3991975142978117
IL5,0.05698469553891241,0.020561324149275213,,
IL5RA,1.050146532074243,0.4112264829855043,,
IL6,0.10582872028655162,0.1439292690449265,,
IL6R,25.70823835884077,14.855556697851341,0.4843651951858139,0.1353791737269749
IL6ST,10.713122761315532,28.415749974298343,-1.0490167524334686,0.0003205883701219
IL7,0.9524584825789645,3.5571090778246117,,
IL7R,1.9944643438619343,0.6888043590007197,,
IL9R,0.5617062845978509,0.5859977382543435,,
ILDR1,0.1383914034516444,0.1439292690449265,,
IMPAD1,15.491696515792901,7.576847949007916,0.2752450493136801,0.434002403659795
IMPG2,0.8222077499185932,0.39066515883622904,,
INHBA,3.231846304135461,1.305644083478976,,
INSL3,0.4395962227287529,0.5551557520304308,,
INSR,5.836860957342885,7.617970597306466,-0.4133987299765415,0.3763254829267217
INTS12,12.05633344187561,13.303176724581062,-0.0578082077216721,0.8633506035810528
ISLR2,0.2767828069032888,0.0,,
ITFG1,22.158905893845652,18.21733319625784,0.1591370282844728,0.5513765625179267
ITGA1,0.2360794529469228,0.1439292690449265,,
ITGA10,0.5047215890589385,0.22617456564202734,,
ITGA11,0.4721589058938456,0.1439292690449265,,
ITGA2,2.352653858677955,2.251464994345636,,
ITGA2B,4.314555519374797,4.544052636989822,,
ITGA3,1.9374796483230219,0.4729104554333299,,
ITGA4,52.76782806903289,56.01932764470032,-0.2309668666740355,0.4853744758453415
ITGA5,27.39335721263432,18.392104451526677,0.2397748659519579,0.4254283609542018
ITGA6,22.313578638879843,11.442376889071657,-0.1553622457358105,0.7390408847937817
ITGA7,0.18723542819928363,0.3598231726123162,,
ITGA9,6.675350048844025,9.66382235015935,-0.1713392014384069,0.7556235194059628
ITGAE,32.318463041354605,24.899763544772284,0.0821948035687259,0.794815382328357
ITGAL,9.97232171930967,6.096432610260101,0.2201018412023304,0.7498378374788586
ITGAM,6.1787691305763595,0.966382235015935,,
ITGAV,13.961250407033539,14.680785442582502,-0.0300086055191286,0.9634804727337628
ITGAX,7.8150439596222725,1.6654672560912922,1.573891630772566,0.0038026645656282
ITGB1,43.53630739172908,31.82892978307803,0.1745118938933652,0.4036768681258835
ITGB2,40.752197981113646,22.617456564202733,0.5722330504562879,0.0700023190409837
ITGB3,0.08954737870400521,0.041122648298550425,,
ITGB4,0.4558775643112993,0.8430142901202837,,
ITGB5,1.4490394008466299,0.31870052431376583,,
ITGB7,7.37544773689352,1.2131181248072376,0.7475533805843347,0.3554163679819518
ITGB8,2.5805926408336046,1.9224838079572324,,
ITM2A,37.7889938130902,45.923717487406186,0.1377549492738163,0.7539795647194715
ITM2B,81.70791273200912,80.68263596175593,0.1856654232174888,0.2816376630312091
ITM2C,50.10582872028655,50.580857407217025,0.2771747537177934,0.3492335119601744
ITPR1,33.02670140019538,36.58887632363524,-0.1998819990673969,0.4919164759110133
ITPR3,0.9850211657440573,1.387889380076077,,
ITPRIP,3.5086291110387497,9.232034543024572,,
JAG1,9.882774340605666,6.086151948185464,0.1076501102951455,0.9292260167822872
JAM2,0.5291436014327581,2.1280970494499845,,
JAM3,4.176164115923152,4.359000719646345,,
KCNA3,1.0827092152393358,3.8758096021383777,,
KCNE3,10.721263432106806,3.474863781227511,1.0081641535717425,0.0440884598264111
KCNIP2,0.41517421035493324,0.3289811863884034,,
KCNIP4,0.07326603712145881,0.1644905931942017,,
KCNK17,13.93682839465972,6.528220417394881,-0.3531988527886003,0.6741501008953614
KCNK5,5.462390100944318,2.4982008841369385,,
KCNMB1,3.5900358189514816,1.4701346766731778,,
KCNMB3,2.4503419081732334,1.1925568006579623,,
KCNMB4,2.1247150765223055,3.8038449676159143,,
KEL,0.17095408661673722,0.07196463452246325,,
KIAA0319L,15.76847932269619,13.334018710804976,-0.0701026176000954,0.8674035015133661
KIAA1324,0.24422012373819602,0.13364860697028888,,
KIAA1549,5.299576685118854,4.420684692094171,-0.198427293183565,0.7556235194059628
KIDINS220,28.573754477368936,21.486583735992596,0.1008581798550975,0.7498378374788586
KIR2DL1,0.0081406707912732,0.010280662074637606,,
KIR2DL3,0.0,0.010280662074637606,,
KIR2DL4,0.07326603712145881,0.03084198622391282,,
KIR3DL2,0.0162813415825464,0.03084198622391282,,
KIRREL3,0.10582872028655162,0.05140331037318804,,
KISS1R,0.18723542819928363,0.2775778760152154,,
KIT,17.5268642136112,22.535211267605632,-0.0583240574442624,0.9307017738496834
KLRB1,0.34190817323347444,0.20561324149275215,,
KLRC1,0.0325626831650928,0.020561324149275213,,
KLRC2,0.0325626831650928,0.010280662074637606,,
KLRC3,0.040703353956366005,0.020561324149275213,,
KLRD1,0.5535656138065776,0.23645522771666494,,
KLRF1,0.2605014653207424,0.22617456564202734,,
KLRG1,8.222077499185932,5.160892361468078,0.5542204504966217,0.4112189312174272
KLRK1,0.11396939107782482,0.12336794489565128,,
KREMEN1,0.35818951481602085,0.20561324149275215,,
L1CAM,0.12211006186909801,0.0,,
LAG3,2.9143601432758057,7.5254446386347285,,
LAIR1,37.91924454575057,31.62331654158528,-0.2107187413735482,0.5211675255724808
LAMA2,0.1302507326603712,0.1439292690449265,,
LAMA5,8.238358840768479,1.408450704225352,,
LAMB3,0.08954737870400521,0.020561324149275213,,
LAMP1,38.43210680560078,21.91837154312738,0.1178190627662838,0.5243283517089661
LAMP2,51.212959947899705,32.795312018093966,0.11668106932087,0.5979487295645878
LAMP3,0.07326603712145881,0.19533257941811452,,
LAYN,0.9850211657440573,1.6860285802405675,,
LCK,1.3025073266037122,0.760768993523183,,
LCN2,0.11396939107782482,0.09252595867173846,,
LCT,7.106805600781504,0.760768993523183,,
LDLR,10.688700748941713,18.011719954765088,-0.1520152913894138,0.844003406200964
LDLRAD3,0.6186909801367633,1.2439601110311505,,
LDLRAD4,7.790621947248454,7.371234707515164,-0.5769200871189027,0.1675117310276233
LEMD2,7.131227613155324,5.2328569959905415,-0.2560723774278469,0.4853744758453415
LEPR,4.444806252035168,1.93276447003187,,
LGALS3,3.598176489742755,1.2748020972550633,,
LGALS3BP,28.883099967437317,4.0711421815564925,0.3789784294210627,0.6477234984156389
LGALS9,45.66102246825138,43.44607792741853,0.1730735832231441,0.4803254939511701
LGMN,0.5535656138065776,0.7916109797470957,,
LGR4,0.41517421035493324,0.37010383468695385,,
LGR6,0.07326603712145881,0.12336794489565128,,
LHFPL5,1.465320742429176,3.423460470854323,,
LIF,1.0664278736567894,0.5654364141050684,,
LILRA1,1.7583848909150115,0.34954251053767865,,
LILRA2,2.5236079452946925,2.3542716150920118,,
LILRA4,0.08954737870400521,0.041122648298550425,,
LILRA5,0.18723542819928363,0.041122648298550425,,
LILRA6,0.18723542819928363,0.041122648298550425,,
LILRB1,0.732660371214588,0.4523491312840547,,
LILRB2,5.649625529143601,1.5832219594941914,0.1898326478667287,0.8417289173898816
LILRB3,1.8316509280364701,0.7299270072992701,,
LILRB4,0.21165744057310323,0.11308728282101367,,
LILRB5,0.05698469553891241,0.020561324149275213,,
LINGO3,0.61055030934549,0.8532949521949214,,
LIPA,23.07066102246825,20.890305335663616,0.3606131377958766,0.2600973263785414
LMAN2,40.21491370888961,38.34686953839827,0.0480668386606204,0.8612439322353802
LMAN2L,5.11234125691957,5.202015009766629,-0.0440935000981947,0.943879351649791
LMBR1,14.962552914360144,17.847229361570886,-0.0638331038543232,0.8834579790588238
LMBR1L,18.21068056007815,17.734142078749873,-0.2241466225038242,0.4646741738493615
LMBRD1,19.88765874308043,21.537987046365785,-0.2300174702563285,0.4646741738493615
LMBRD2,6.821882123086942,4.698262568109386,0.1772160509509643,0.7498378374788586
LMF2,15.79290133507001,12.737740310475994,-0.0644060055978897,0.8612439322353802
LMNA,37.86225985021166,41.34882286419246,0.569563111807492,0.2596473309028941
LNPEP,37.35753826115272,26.997018607998356,-0.0457959478514377,0.9100551848486974
LOX,4.827417779225008,1.6757479181659298,,
LPAR1,0.8384890915011397,0.5962784003289812,,
LPAR2,5.161185281667209,6.322607175902128,0.0142200877997436,0.9816081129830144
LPAR3,0.4558775643112993,0.041122648298550425,,
LPAR4,1.709540866167372,0.40094582091086667,,
LPAR5,2.784109410615435,0.4420684692094171,,
LPAR6,9.81764897427548,2.4673588979130257,0.2003923271329636,0.8582646236646542
LPL,0.0325626831650928,0.041122648298550425,,
LRFN1,1.2048192771084338,1.2850827593297007,,
LRFN4,6.366004558775643,1.5626606353449162,0.3670749036937943,0.5312577278480506
LRIG1,0.5454249430153044,0.6888043590007197,,
LRIG2,9.068707261478346,6.48709776909633,-0.0529839162574058,0.9307017738496834
LRP1,0.48844024747639203,0.5448750899557931,,
LRP10,23.01367632692934,12.059216613549912,0.3995571998256253,0.1928245218967559
LRP11,0.5942689677629437,0.40094582091086667,,
LRP12,9.882774340605666,9.468489770741236,-0.2057941111843081,0.5914829819909987
LRP2,0.0325626831650928,0.03084198622391282,,
LRP3,0.4558775643112993,0.4420684692094171,,
LRP5,4.338977531748616,3.1150406086151947,,
LRP6,2.6457180071637905,4.287036085123882,,
LRP8,4.819277108433735,3.1253212706898323,,
LRPAP1,37.69130576359492,29.978410609643262,0.0653201194728681,0.794815382328357
LRRC19,0.30120481927710846,0.12336794489565128,,
LRRC24,0.9361771409964181,0.5962784003289812,,
LRRC25,1.465320742429176,0.9046982625681094,,
LRRC37A,1.22110061869098,0.5551557520304308,,
LRRC37A2,3.777271247150765,2.7038141256296906,,
LRRC37A3,2.018886356235754,0.863575614269559,,
LRRC37B,7.106805600781504,6.435694458723142,-0.2926437919848766,0.3918259328491565
LRRC4,0.9361771409964181,0.4523491312840547,,
LRRC8A,10.753826115271899,15.770535622494089,-0.2341327148841478,0.5885683285159409
LRRC8B,13.04949527841094,12.89195024159556,-0.039674524804751,0.931669701220502
LRRC8C,12.626180397264735,5.685206127274596,0.4352387049911408,0.2320990022646778
LRRTM2,1.2048192771084338,0.4317878071347795,,
LSMEM1,1.6769781830022794,2.0355710907782463,,
LTA,0.17095408661673722,0.041122648298550425,,
LTA4H,38.56235753826115,43.08625475480621,-0.0261441785868764,0.94065524963069
LTB,29.01335070009769,5.54127685822967,0.8185168651143105,0.2410909435302531
LTB4R,8.409312927385217,2.8888660429731674,-0.1044523646841633,0.8612439322353802
LTB4R2,2.9794855096059916,1.2439601110311505,,
LTBP1,2.3038098339303157,1.727151228539118,,
LTBP3,13.30185607294041,16.15092011925568,-0.5026458460986565,0.0613471033147425
LTBR,25.667535004884403,18.957540865631746,0.1631026862743615,0.4767003275240499
LTC4S,21.39368283946597,14.21815564922381,0.5987246833719293,0.2596473309028941
LTK,2.7759687398241617,0.2981392001644906,,
LY6E,53.264408987300556,55.30996196155032,0.5671583013211986,0.1116681744032108
LY6G6C,1.1803972647346141,1.0177855453891231,,
LY75,16.492999023119506,17.13786367842089,0.2334675374989006,0.5211675255724808
LY86,6.431129925105829,0.6682430348514444,1.6595101019235077,0.0431940479120349
LY9,0.5617062845978509,0.287858538089853,,
LYNX1,0.17095408661673722,0.09252595867173846,,
LYPD2,0.0162813415825464,0.0,,
LYPD3,0.5128622598502116,1.0897501799115863,,
LYPD5,0.21979811136437644,0.4420684692094171,,
LYPD6B,2.5236079452946925,0.8018916418217333,,
LYSMD3,16.33018560729404,15.030327953120182,-0.2947514111979405,0.2524768258375746
LZTFL1,10.892217518723543,9.951680888249204,-0.3023520701663576,0.2832489252832707
M6PR,47.199609247802016,39.405777732085944,0.1799177348811972,0.3710250067580513
MADCAM1,1.3920547053077175,1.1925568006579623,,
MALRD1,1.3025073266037122,7.319831397141976,,
MAMDC4,1.0175838489091502,1.2336794489565128,,
MAN2A1,18.870074894171278,22.247352729515782,-0.1121831422761157,0.7750678503552365
MAN2A2,19.65157929013351,24.293204482368665,-0.2332844922771679,0.4895972917915102
MAN2B1,23.689352002605016,20.222062300812173,-0.1337801652181213,0.7498378374788586
MAN2B2,8.311624877889939,8.02919708029197,-0.1368872331226789,0.7732741408582525
MANSC1,5.161185281667209,3.6804770227202632,-0.4757724383848606,0.389227541467837
MARCKS,10.167697818300228,4.842191837154313,0.0947406571795737,0.943879351649791
MBTPS2,5.11234125691957,3.773002981392002,0.1551529996411662,0.794815382328357
MC1R,0.43145555193747964,1.0383468695383982,,
MCAM,0.4395962227287529,0.42150714506014186,,
MCOLN1,9.760664278736568,8.20396833556081,-0.5993480678988979,0.1604113478940834
MDGA1,2.4584825789645066,0.7093656831499948,,
MDK,27.653858677955064,46.41718926698879,-0.2550961030223937,0.6511706164913916
MEGF11,0.35818951481602085,0.3289811863884034,,
MEGF8,5.665906870726148,4.780507864706487,0.0378435770515235,0.9565147178163907
MEGF9,7.798762618039726,5.243137658065179,-0.0704716206424828,0.885811024185723
MERTK,4.111038749592966,10.321784722936156,,
METTL9,45.766851188537935,47.352729515780815,0.0326670259176014,0.898688782695404
MFAP3,4.615760338651905,2.816901408450704,,
MFAP3L,0.5454249430153044,0.8532949521949214,,
MFGE8,9.695538912406382,9.66382235015935,-0.3986404985005907,0.389227541467837
MFNG,30.42168674698795,32.7233473835715,0.0567462915415113,0.860110014260028
MFSD11,12.723868446760013,19.15287344504986,-0.4077004564856837,0.0440884598264111
MFSD12,11.380657766199935,4.143106816078956,0.1110531561367539,0.8316828115718896
MFSD2A,1.465320742429176,1.9944484424796958,,
MFSD2B,1.2048192771084338,1.5318186491210033,,
MFSD5,9.093129273852165,5.345944278811555,0.6273607144225495,0.0256386433784081
MFSD6,14.8241615109085,6.774956307186183,0.0021685087390118,0.9935729600339744
MFSD6L,0.25236079452946925,0.041122648298550425,,
MFSD8,10.647997394985346,7.957232445769508,0.2043175378866866,0.6084773944457503
MGAT4B,17.404754151742104,6.939446900380385,0.3690650101435686,0.3492335119601744
MGAT5,8.401172256593943,4.0711421815564925,0.0914892116719927,0.8674035015133661
MIA3,23.37186584174536,22.740824509098385,-0.3931705198094668,0.0319877321620164
MICA,4.444806252035168,5.212295671841266,,
MICB,3.9482253337675024,3.2589698776601215,,
MILR1,7.220774991859329,1.151434152359412,0.9623160660038862,0.1208407083568907
MINPP1,9.174535981764897,8.409581577053562,0.2292982285373332,0.630737580861633
MME,1.5223054379680885,0.6579623727768068,,
MMEL1,4.363399544122435,1.6037832836434667,,
MMGT1,22.02865516118528,21.322093142798398,-0.0322210762760568,0.931669701220502
MMP14,0.6431129925105828,0.5140331037318804,,
MMP17,0.5942689677629437,0.31870052431376583,,
MMP2,17.56756756756757,6.682430348514444,-0.0555947093662131,0.9634804727337628
MMP25,0.48029957668511886,0.12336794489565128,,
MMRN1,15.597525236079452,21.280970494499847,-0.7610813677999205,0.0468423320392882
MOSPD2,10.875936177140996,4.965559782049964,0.5083720390528126,0.1830319599836579
MPEG1,0.32562683165092804,0.18505191734347692,,
MPHOSPH9,22.981113643764246,18.81361159658682,-0.2930650157984472,0.2596473309028941
MPL,4.037772712471508,15.328467153284672,,
MPO,5.885704982090524,8.985298653233269,0.8757960356495151,0.4314807295393693
MPZ,2.841094106154347,3.2075665672869333,,
MPZL1,19.081732334744384,10.60964326102601,0.1895151420019613,0.6880963208208429
MPZL2,4.436665581243894,2.302868304718824,,
MPZL3,4.241289482253338,2.4365169116891128,,
MR1,12.854119179420385,6.137555258558651,0.2604534438401497,0.4591107473789507
MRC1,3.6633018560729402,0.8841369384188342,,
MRC2,5.08791924454575,4.101984167780405,-0.2070051451751291,0.8089354725877995
MRVI1,0.732660371214588,0.287858538089853,,
MS4A1,0.20351676978183003,0.31870052431376583,,
MS4A2,0.21165744057310323,0.678523696926082,,
MS4A6A,2.0595897101921197,2.3337102909427365,,
MST1,1.1803972647346141,1.3467667317775265,,
MST1R,0.17095408661673722,0.07196463452246325,,
MUC1,1.9700423314881146,1.2336794489565128,,
MUC12,0.8222077499185932,1.6860285802405675,,
MYADM,66.15923152067731,71.18330420479079,-0.0846761888665276,0.8297538464338952
MYH9,50.46401823510257,48.26770844042356,0.2124703133799172,0.3379970918573927
MYL6B,27.81667209378053,25.578287241698366,0.0637891883052459,0.8530112091107749
MYOF,2.4014978834255944,0.1644905931942017,,
NAAA,23.966134809508304,11.89472602035571,0.1683195395503806,0.7120994860972624
NAALADL1,5.2751546727450345,13.796648504163668,-0.5362744475554726,0.2195598609048923
NAALADL2,4.102898078801693,3.978616222884754,,
NAGA,6.162487788993813,3.9374935745862034,0.0424128437214798,0.953638622566509
NAGLU,5.812438944969066,2.086974401151434,0.1138601084060052,0.8612439322353802
NAGPA,8.124389449690655,6.302045851752853,0.1298921878305237,0.7489679507245177
NCAM1,1.0908498860306088,0.5345944278811555,,
NCAM2,0.6186909801367633,0.12336794489565128,,
NCEH1,4.493650276782807,3.012233987868819,,
NCLN,13.904265711494627,10.743291867996298,0.0566848238168572,0.8955438116762706
NCR1,0.16281341582546402,0.17477125526883933,,
NCR3,1.6362748290459135,0.3084198622391282,,
NCR3LG1,1.3920547053077175,1.593502621568829,,
NCSTN,17.69781830022794,13.58075460059628,0.2779655421500983,0.2440713313286822
NEGR1,8.759361771409964,6.888043590007197,-0.2139642047837296,0.8521148135862666
NELL2,0.07326603712145881,0.08224529659710085,,
NEO1,0.24422012373819602,0.21589390356738974,,
NETO2,2.4829045913383263,0.5037524416572428,,
NEU1,20.083034842070987,48.80230286830472,-1.079258609460977,1.4421397652879584e-05
NFAM1,0.8466297622924129,0.6476817107021692,,
NGFR,0.0651253663301856,0.2775778760152154,,
NID2,0.25236079452946925,0.3598231726123162,,
NIPAL1,0.6349723217193096,0.49347177958260513,,
NIPAL2,13.204168023445131,5.993625989513725,-0.0135768166636447,0.9816081129830144
NIPAL3,15.605665906870726,8.892772694561529,0.1621813252434511,0.6477234984156389
NKTR,57.26961901660697,56.35858949316336,-0.1702134579197158,0.5077219012013631
NLGN2,0.41517421035493324,1.0897501799115863,,
NLGN3,0.6431129925105828,0.7813303176724581,,
NMB,8.498860306089222,6.908604914156472,-0.3631492608128626,0.4314807295393693
NMUR1,0.48029957668511886,0.10280662074637607,,
NOMO2,2.6538586779550637,3.659915698570988,,
NOMO3,3.7854119179420382,2.200061683972448,,
NOP56,35.517746662324974,39.200164490593195,-0.3922243015073864,0.0449422791269578
NOTCH1,15.703353956366005,10.383468695383982,-0.5375182209206425,0.1517633739934752
NOTCH2,21.31227613155324,16.006990850210755,0.090103135827529,0.8434787769789052
NOTCH3,1.1803972647346141,0.17477125526883933,,
NOTCH4,1.3594920221426245,3.577670401973887,,
NPB,0.34190817323347444,0.1542099311195641,,
NPC1,6.4229892543145555,4.420684692094171,-0.1204813784656325,0.8189387205295755
NPPA,0.040703353956366005,0.03084198622391282,,
NPR2,1.0827092152393358,0.5859977382543435,,
NPR3,27.458482578964507,50.94068057982934,-0.3509172431890099,0.3660585372270429
NPTN,19.57831325301205,8.101161714814435,0.0732380503639078,0.8624326969555446
NPTX2,7.139368283946597,1.2439601110311505,,
NPW,6.707912732009118,11.976971316952811,0.2122595703361748,0.8316828115718896
NR1D1,1.6769781830022794,1.7785545389123059,,
NR1D2,8.840768479322696,11.9461293307289,-0.6359060895101816,0.0535280140843308
NR1H2,29.591338326278084,37.80199444844248,-0.2646196754882651,0.3264114572846601
NR1H3,11.812113318137415,11.319008944176005,0.5241789654046836,0.108549644343922
NR1I2,1.1071312276131553,0.9766628970905726,,
NR1I3,0.25236079452946925,0.10280662074637607,,
NR2C1,13.261152718984045,13.375141359103527,-0.1131686141884588,0.7695455591639057
NR2C2,13.961250407033539,9.828312943353552,-0.3862837576831683,0.2596473309028941
NR2F6,4.379680885704982,2.2411843322709983,,
NR3C1,43.78866818625855,40.526369898221446,-0.2009001834124712,0.4767003275240499
NR3C2,0.12211006186909801,0.34954251053767865,,
NR4A1,8.808205796157603,51.485555669785136,-2.6589797218744153,1.5650775394502667e-09
NR4A2,11.657440573103223,48.33967307494603,-2.065028203577264,1.3489373712807312e-05
NR4A3,4.452946922826441,25.742777834892568,,
NR6A1,17.990882448713773,10.990027757787601,0.5211486207313942,0.333966416494471
NRG1,0.11396939107782482,0.041122648298550425,,
NRG2,0.30120481927710846,1.0589081936876734,,
NRG4,15.18235102572452,1.593502621568829,0.7202561707560169,0.4314807295393693
NRN1,0.040703353956366005,0.0,,
NRN1L,0.14653207424291761,0.08224529659710085,,
NRP1,0.26864213611201565,0.18505191734347692,,
NRP2,1.4408987300553566,0.8327336280456461,,
NRROS,23.39628785411918,29.669990747404132,-0.1172628525040731,0.7498378374788586
NRTN,0.7489417127971345,0.4420684692094171,,
NRXN2,8.319765548681211,11.833042047907885,0.0846900237595386,0.9292260167822872
NSMF,3.573754477368935,3.711319008944176,,
NT5E,1.3106479973949854,0.6065590624036188,,
NTN1,1.294366655812439,1.1411534902847744,,
NTNG2,2.995766851188538,1.5112573249717283,,
NTRK1,1.9700423314881146,2.1795003598231726,,
NTSR1,0.12211006186909801,0.13364860697028888,,
NUP210,15.084662976229241,9.509612419039787,-0.1804519785810502,0.6814691715970158
NUP210L,0.5942689677629437,0.49347177958260513,,
OGFOD1,13.423966134809508,11.25732497172818,0.0821329364403537,0.8070876786859931
OGN,0.48844024747639203,0.5551557520304308,,
OLFML2A,1.3106479973949854,0.5140331037318804,,
OLFML2B,0.30120481927710846,0.17477125526883933,,
OLFML3,0.08954737870400521,0.06168397244782564,,
OMD,0.1302507326603712,0.13364860697028888,,
OMG,0.28492347769456206,0.23645522771666494,,
OPN3,13.008791924454576,2.66269147733114,0.2792838411186311,0.5511282324386234
OPRL1,3.3051123412569194,1.2028374627326,,
OR2AK2,0.21979811136437644,0.6168397244782564,,
OR2L13,1.253663301856073,0.4317878071347795,,
OR2T33,0.05698469553891241,0.06168397244782564,,
OR2T8,0.19537609899055683,0.17477125526883933,,
OR2W3,0.854770433083686,0.37010383468695385,,
OSCAR,9.964181048518398,0.4626297933586923,,
OSM,7.912732009117551,8.008635756142695,-0.7588522268218998,0.2415408601545048
OSMR,0.21165744057310323,0.11308728282101367,,
OSTM1,9.272224031260176,6.086151948185464,0.4150138276999561,0.1991679624946984
OTOA,0.39889286877238683,0.20561324149275215,,
OXER1,1.0013025073266038,0.26729721394057776,,
OXT,2.1735591012699444,4.616017271512286,,
OXTR,0.38261152718984043,0.1542099311195641,,
P2RX1,30.560078150439598,26.822247352729516,-0.0769693037883361,0.8582646236646542
P2RX4,10.965483555845001,12.223707206744114,-0.3241271219149702,0.3710250067580513
P2RX6,0.5698469553891241,0.06168397244782564,,
P2RX7,4.330836860957343,3.4337411329289607,,
P2RY1,4.330836860957343,3.3514958363318597,,
P2RY10,0.8140670791273201,0.31870052431376583,,
P2RY11,3.647020514490394,3.3823378225557725,,
P2RY13,1.2699446434386192,0.40094582091086667,,
P2RY14,4.412243568870075,0.7710496555978205,,
P2RY2,0.20351676978183003,0.20561324149275215,,
P2RY6,0.0651253663301856,0.020561324149275213,,
P2RY8,20.156300879192447,23.8922586614578,-0.2079998660493679,0.5151189165072146
P4HA1,20.319114295017908,16.870566464480312,-0.011780952298456,0.9767972203554316
P4HA2,0.6268316509280365,0.4831911175079675,,
P4HB,44.806252035167695,44.89565127994243,-0.0171362740829048,0.9565147178163907
PA2G4,53.66330185607294,60.162434460779274,-0.0947964799076718,0.5979487295645878
PAM,5.560078150439597,6.5590624036187934,-0.5871991642469138,0.333966416494471
PANX1,4.591338326278085,5.489873547856482,,
PANX2,2.7922500814067077,1.7579932147630308,,
PARM1,0.05698469553891241,0.1542099311195641,,
PBXIP1,42.380332139368285,33.04204790788527,-0.1080455699717374,0.7498378374788586
PCBP2,84.34549006838164,85.18556595044721,0.0108532898928133,0.9647553151038112
PCBP3,2.3363725170954086,6.332887837976766,,
PCDH12,0.25236079452946925,0.1644905931942017,,
PCDH9,1.7990882448713774,25.31099002775779,,
PCDHGA12,0.49658091826766526,0.8327336280456461,,
PCDHGA6,1.0827092152393358,1.8813611596586821,,
PCDHGB6,0.43145555193747964,0.5859977382543435,,
PCDHGC3,0.39075219798111366,0.4523491312840547,,
PCSK5,0.26864213611201565,1.2028374627326,,
PCYOX1,7.855747313578639,5.366505602960831,-0.4448378088584381,0.3176367556381535
PDCD1,0.38261152718984043,0.1439292690449265,,
PDCD1LG2,0.15467274503419082,0.37010383468695385,,
PDE4B,8.922175187235428,15.89390356738974,-1.177042894079913,0.006347302735132
PDGFA,8.075545424943016,1.357047393852164,0.7527540531393174,0.4284594655817211
PDGFC,11.478345815695214,8.748843425516604,0.3046312837219981,0.5237252681356537
PDGFD,4.542494301530446,4.564613961139098,,
PDGFRB,1.7746662324975577,0.1542099311195641,,
PFN1,89.02637577336372,86.37812275110517,0.4889977001846565,0.0047182722698265
PGAP1,2.3689352002605015,3.9888968849593915,,
PGF,0.7896450667535004,0.5859977382543435,,
PHB2,56.29273852165419,56.47167677598437,0.18521132337486,0.4767003275240499
PI16,0.11396939107782482,0.06168397244782564,,
PIEZO1,25.846629762292412,16.20232342962887,-0.0356692883563417,0.946997814262062
PIEZO2,9.508303484207099,1.1411534902847744,0.4790925934488095,0.6946865345604675
PIGG,10.827092152393357,10.887221137041225,-0.1877058290042016,0.5979487295645878
PIGN,12.447085639856724,10.784414516294849,0.1486018542428158,0.6946865345604675
PIGO,4.355258873331162,4.934717795826051,,
PIGS,16.76164115923152,11.658270792639046,0.3083560902495825,0.2789297411653424
PIGT,20.97850862911104,24.221239847846203,0.0401459109225622,0.8814433842439812
PIK3IP1,11.33995441224357,13.704122545491929,-0.4396629181761119,0.1880710914862204
PILRA,1.4001953760989905,1.069188855762311,,
PILRB,15.662650602409638,10.969466433638326,-0.4634926222791806,0.1662062744122339
PKD1,7.839465971996092,8.502107535725301,-0.7944882518917206,0.0218105803278808
PKD1L1,0.09768804949527841,0.020561324149275213,,
PKD2,17.3152067730381,11.051711730235427,-0.2267711373919664,0.5513765625179267
PKDREJ,0.07326603712145881,0.05140331037318804,,
PKHD1L1,0.05698469553891241,0.020561324149275213,,
PLA2R1,0.8954737870400521,1.0486275316130358,,
PLAU,11.85281667209378,9.612419039786163,0.1067147026166277,0.8962371408218386
PLAUR,14.75089547378704,25.00257016551866,-0.0765484980478781,0.9208998039114258
PLB1,3.5411917942038422,4.3487200575717075,,
PLBD1,0.2767828069032888,0.07196463452246325,,
PLBD2,4.689026375773364,3.916932250436928,,
PLD3,25.952458482578965,24.591343682533154,0.1751438360621927,0.7498378374788586
PLD4,7.847606642787365,11.976971316952811,-0.1753063141081616,0.7958494352868591
PLOD1,4.6808857049820904,3.629073712347075,,
PLOD3,9.492022142624553,7.247866762619513,0.1324651627357598,0.7435190280329282
PLP2,58.83262780853142,35.468284157499745,1.0246929625036998,0.000211535848572
PLTP,7.318463041354607,9.982522874473116,0.3773207996291909,0.3856422027431594
PLXDC1,0.15467274503419082,0.06168397244782564,,
PLXDC2,23.09508303484207,29.73167471985196,-0.5174067175816023,0.3710250067580513
PLXNA2,1.2862259850211657,0.24673588979130257,,
PLXNA3,5.967111690003256,2.693533463555053,0.1306923158378265,0.8612439322353802
PLXNA4,0.10582872028655162,0.06168397244782564,,
PLXNB1,1.9537609899055681,1.727151228539118,,
PLXNB2,16.566265060240966,6.795517631335458,0.0224355368095393,0.9748466204398076
PLXNC1,10.827092152393357,5.592680168602858,-0.3538156186088885,0.4470597708135237
PLXND1,19.73298599804624,15.708851650046263,-0.2101706024136542,0.5511282324386234
PMEL,0.28492347769456206,0.6682430348514444,,
PNOC,0.3174861608596548,0.3803844967615915,,
PNPLA6,14.693910778248128,6.713272334738357,0.3321008282040532,0.3918259328491565
PODXL,0.5942689677629437,0.5140331037318804,,
PODXL2,3.362097036795832,5.160892361468078,,
POFUT2,7.359166395310973,8.101161714814435,-0.3966973685855209,0.2596473309028941
POMC,2.87365678931944,6.075871286110826,,
POMT1,7.912732009117551,9.118947260203557,-0.1268872669735077,0.794815382328357
POMT2,2.2875284923477697,2.066413077002159,,
PON2,5.535656138065777,10.424591343682533,-0.3982340578321122,0.4522106621986915
PPARA,9.426896776294367,5.97306466536445,0.0138867823949156,0.9816081129830144
PPARD,1.2862259850211657,2.015009766628971,,
PPBP,2.149137088896125,0.3289811863884034,,
PPIA,88.97753174861609,84.23974503958055,,
PPIB,63.521654184304786,65.83735992597923,0.1800820954746171,0.3999050474020212
PPM1L,6.15434711820254,5.654364141050683,-0.3996489789512132,0.4487845801208461
PPT1,22.671768153695865,30.739179603166445,0.1071734570287155,0.7498378374788586
PPT2,4.762292412894823,9.900277577876015,,
PRF1,1.098990556821882,0.23645522771666494,,
PRG2,0.49658091826766526,0.760768993523183,,
PRKCSH,32.57896450667535,37.956204379562045,0.0138846489168189,0.963937306446401
PRNP,17.355910126994463,33.83365888763236,-0.4009818685420967,0.1656825013953333
PROC,1.782806903288831,0.4626297933586923,,
PROCR,1.7665255617062845,1.357047393852164,,
PROK2,7.741777922500814,3.3000925259586715,0.0230109647980994,0.9816081129830144
PROM1,12.267990882448714,34.21404338439395,-0.3355225080126083,0.4853744758453415
PROM2,0.12211006186909801,0.12336794489565128,,
PRRT3,3.419081732334744,2.981392001644906,,
PRSS23,0.366330185607294,0.8018916418217333,,
PSAP,45.6854444806252,55.86511771358075,-0.214515739310775,0.3383885322564171
PSEN1,23.8765874308043,17.117302354271615,-0.0255086493938425,0.9588082256112084
PSEN2,3.207424291761641,3.084198622391282,,
PSENEN,25.15467274503419,20.684692094170863,0.3384110758770513,0.1654711193422093
PSPN,0.9768804949527841,0.6990850210753573,,
PTAFR,6.919570172582221,3.0944792844659195,0.1501402865368665,0.907874520870504
PTBP1,33.83262780853142,36.93841883417292,-0.2185770297559787,0.2672055283125986
PTCH2,6.33344187561055,17.775264727048423,-1.5076025357530785,0.0004557461591577
PTCRA,0.22793878215564964,0.010280662074637606,,
PTGDR,0.20351676978183003,0.863575614269559,,
PTGDR2,2.2142624552263106,3.1458825948391076,,
PTGDS,5.836860957342885,0.31870052431376583,,
PTGER1,1.3594920221426245,0.10280662074637607,,
PTGER2,12.764571800716379,21.4043384393955,-0.3887535135083488,0.3856422027431594
PTGER4,15.882448713774014,31.715842500257015,-0.9964132647365752,0.0007615641973279
PTGES2,14.75089547378704,7.391796031664439,0.0222107312398605,0.9653786269434744
PTGES3,78.74470856398567,70.07299270072993,0.114920777691023,0.4436632845293589
PTGFR,1.3920547053077175,0.40094582091086667,,
PTGFRN,0.26864213611201565,0.07196463452246325,,
PTGIR,4.990231195050472,2.0252904287036086,,
PTGR1,3.9075219798111362,4.1842294643775055,,
PTGS1,10.09443178117877,25.331551351907063,-0.8441317379683281,0.1206809378595331
PTGS2,9.850211657440573,32.209314279839624,-1.4229484789986857,0.0004104074942598
PTH2R,3.5493324649951155,1.387889380076077,,
PTK7,9.597850862911104,8.049758404441246,-0.3723628371943693,0.1908101285162175
PTPRA,32.04168023445132,13.683561221342654,0.152289451089791,0.5686683008904345
PTPRC,82.39986974926734,64.63452246324664,0.0074339957930162,0.9818994244467288
PTPRF,0.5698469553891241,0.2981392001644906,,
PTPRJ,1.098990556821882,0.1644905931942017,,
PTPRK,0.366330185607294,0.9869435591652103,,
PTPRN2,1.7746662324975577,1.2028374627326,,
PTPRO,0.30934549006838163,0.09252595867173846,,
PTPRS,0.7896450667535004,0.6682430348514444,,
PTTG1IP,48.21719309671117,44.35077618998663,0.1858490797636787,0.4036768681258835
PVR,4.599478997069358,3.341215174257222,,
QSOX1,19.48062520351677,18.55659504472088,0.0785392445762403,0.81564703793925
QSOX2,3.940084662976229,4.33843939549707,,
RAB5C,39.669488765874306,40.32075665672869,0.3124148729977162,0.1537890335251037
RALY,48.38000651253663,49.645317158425,0.1420188206420554,0.434002403659795
RAMP1,7.2614783458156955,24.91004420684692,-0.512117603675969,0.5165707855356536
RARA,17.982741777922502,18.350981803228127,-0.1231723021981568,0.7133210541315866
RARG,2.841094106154347,1.490696000822453,,
RARRES2,0.5128622598502116,0.7813303176724581,,
RCN1,30.649625529143602,34.52246324663308,-0.0875190329887534,0.7566904851561683
RCN3,0.16281341582546402,0.11308728282101367,,
RECK,6.1787691305763595,6.332887837976766,-0.0755428760360492,0.9208998039114258
RELL1,15.89873005535656,23.224015626606352,-0.3519794031846632,0.4470597708135237
RELT,19.122435688700747,14.197594325074535,-0.1000300099606983,0.8042446268714499
RET,0.19537609899055683,0.678523696926082,,
RFNG,10.330511234125693,6.929166238305747,0.0080956430398409,0.9818994244467288
RGMA,0.15467274503419082,1.100030841986224,,
RGMB,0.20351676978183003,0.17477125526883933,,
RHAG,0.29306414848583523,0.4626297933586923,,
RHBDF2,7.5056984695538915,1.4701346766731778,0.4755322823659256,0.3999050474020212
RLN1,0.2360794529469228,0.7299270072992701,,
RLN2,0.5210029306414848,1.4392926904492649,,
RNASET2,51.25366330185607,43.18906137555258,0.2646590654702591,0.5211675255724808
RNF13,28.647020514490393,24.036187930502724,0.09869148768966,0.7019676904184227
RNF130,54.892543145555194,57.66423357664234,0.2203140340721948,0.4036768681258835
RNF149,33.05926408336047,27.346561118536034,0.1252447870625356,0.6880963208208429
RNF167,32.07424291761641,31.65415852780919,0.007410410843246,0.9816081129830144
RNF43,1.4327580592640834,1.0280662074637608,,
RNFT1,20.962227287528492,12.902230903670196,0.4101894234622762,0.1093804552240751
ROBO3,16.216216216216218,15.636887015523799,-0.349753618061441,0.4470597708135237
ROR2,0.34190817323347444,0.5448750899557931,,
RORA,1.172256593943341,2.8580240567492545,,
RPL17,83.16509280364703,87.85853808985298,,
RPL18,95.33539563660045,95.8980158322196,,
RPL19,96.8088570498209,95.78492854939859,,
RPL21,95.78313253012048,94.8905109489051,,
RPL27A,93.39791598827743,92.93718515472396,,
RPL28,94.74926733962879,97.16253726740003,,
RPL3,96.7193096711169,96.59710085329495,,
RPL32,97.7206121784435,96.97748535005654,,
RPL35,94.98534679257571,94.68489770741236,,
RPL35A,96.67046564636927,95.57931530790583,,
RPL37A,96.49137088896126,95.72324457695076,,
RPL9,97.04493650276783,96.4737329083993,,
RPLP2,96.1087593617714,96.23727768068264,,
RPN1,37.14588082057961,40.629176518967824,0.1034642503415531,0.6481254446813142
RPN2,40.638228590035816,51.45471368356122,0.0509762240250706,0.7732741408582525
RPS15A,97.23217193096711,96.43261026010074,,
RPS23,98.23347443829371,97.16253726740003,,
RSL1D1,73.04623901009442,75.12079777937699,-0.009407832523044,0.9756045888354804
RTN4,76.70954086616737,65.66258867071039,0.2675986896837732,0.0346931037497449
RTN4R,4.062194724845328,0.575717076179706,,
RTN4RL2,0.7896450667535004,0.6682430348514444,,
RTP4,4.50179094757408,2.4056749254652,,
RXFP1,13.513513513513514,1.9738871183304205,1.0918557989118625,0.3368516316072126
RXRA,7.831325301204819,4.472088002467359,-0.2454724093709855,0.6813368239596042
RXRB,13.635623575382612,13.035879510640486,-0.361366199456633,0.1639521888934826
RYK,18.707261478345817,9.139508584352832,0.2894516021480094,0.3710250067580513
RYR3,0.41517421035493324,0.7813303176724581,,
S100A10,43.70726147834581,28.48771460882081,1.6824782137506562,1.7471371956203585e-07
S1PR1,3.044610875936177,2.3542716150920118,,
S1PR2,1.3106479973949854,1.0486275316130358,,
S1PR3,0.11396939107782482,0.23645522771666494,,
S1PR4,27.57245197004233,15.51351907062815,0.6190603766896802,0.0313238059126889
S1PR5,0.08140670791273201,0.06168397244782564,,
SCAP,12.634321068056007,11.709674103012233,-0.1170625132199441,0.7355398945263162
SCARB1,11.462064474112667,10.599362598951373,-0.1824158429886291,0.6975215377547986
SCARB2,25.830348420709868,16.541585278091908,0.2163235856609521,0.4314807295393693
SCARF1,16.93259524584826,12.316233165415852,0.3878241532347698,0.3569477004300874
SCARF2,0.48029957668511886,0.22617456564202734,,
SCN11A,0.4558775643112993,0.49347177958260513,,
SCN1B,6.081081081081081,1.5318186491210033,,
SCN4A,0.30120481927710846,0.09252595867173846,,
SCN9A,33.86519049169652,10.064768171070217,0.2445930522887717,0.8582646236646542
SCNN1A,0.48844024747639203,0.4626297933586923,,
SCNN1D,0.7489417127971345,1.1205921661354992,,
SCT,0.7896450667535004,0.8224529659710086,,
SDC4,5.698469553891241,7.587128611082553,-0.2038294944534358,0.8316828115718896
SDK2,0.8466297622924129,2.7346561118536035,,
SECTM1,0.5210029306414848,0.7299270072992701,,
SEL1L,24.877889938130902,18.227613858332475,0.2502358846207739,0.3710250067580513
SEL1L3,15.369586453923803,3.6496350364963503,0.3154117787282509,0.5652519335900136
SELL,34.94789970693585,66.50560296083067,-1.3053559750221375,8.476251888292575e-13
SELP,0.7977857375447737,4.749665878482574,,
SELPLG,21.955389124063824,4.657139919810835,0.7219431733073222,0.0842505337685603
SEMA3A,1.2862259850211657,0.13364860697028888,,
SEMA3C,0.9036144578313253,1.100030841986224,,
SEMA3E,0.29306414848583523,0.2981392001644906,,
SEMA4A,9.923477694562031,3.217847229361571,0.3048289010576918,0.6880963208208429
SEMA4B,2.5805926408336046,1.1308728282101368,,
SEMA4C,2.4096385542168677,2.9094273671224427,,
SEMA4D,27.95506349723217,9.160069908502107,0.1832163636009944,0.6261737483513244
SEMA4F,0.8384890915011397,1.1103115040608615,,
SEMA4G,0.21165744057310323,0.12336794489565128,,
SEMA6A,0.5291436014327581,0.4420684692094171,,
SEMA6B,1.9781830022793878,0.40094582091086667,,
SEMA6C,0.5942689677629437,0.8430142901202837,,
SEMA7A,4.029632041680235,6.260923203454302,,
SERINC1,37.53663301856073,35.64305541276858,0.0558839741651671,0.8447240562856535
SERINC2,0.19537609899055683,0.31870052431376583,,
SERINC3,45.35981764897428,40.783386450087384,0.0508637165576547,0.8240634017473278
SERINC4,0.21165744057310323,0.39066515883622904,,
SERINC5,7.652230543796809,10.05448750899558,-0.5224820374847178,0.3078850507040042
SERPINA1,3.760989905568219,0.13364860697028888,,
SERPINE2,2.7759687398241617,11.236763647578904,,
SERPINF1,1.9619016606968414,0.6065590624036188,,
SERPING1,16.085965483555846,27.00729927007299,0.0677629615647186,0.9292260167822872
SERPINH1,4.225008140670791,6.620746376066618,,
SERPINI1,3.655161185281667,4.821630513005037,,
SEZ6,1.2618039726473462,0.9972242212398479,,
SEZ6L2,0.7652230543796809,1.6757479181659298,,
SGCA,0.05698469553891241,0.03084198622391282,,
SGCB,1.0013025073266038,0.8224529659710086,,
SHISA4,0.4721589058938456,0.6168397244782564,,
SHISA9,0.25236079452946925,0.287858538089853,,
SHMT1,3.638879843699121,2.8066207463760664,,
SHMT2,14.986974926733962,23.439909530173743,0.2152895562244781,0.5456337745187126
SIDT1,2.7027027027027026,3.402899146705048,,
SIDT2,5.893845652881797,5.335663616736918,-0.1831788346892591,0.6821087227197636
SIGIRR,35.46890263757734,28.045646139611392,-0.0831648762324373,0.8070876786859931
SIGLEC10,2.1328557473135787,3.690757684794901,,
SIGLEC12,2.922500814067079,0.1439292690449265,,
SIGLEC14,1.0013025073266038,0.339261848463041,,
SIGLEC15,1.8397915988277433,0.760768993523183,,
SIGLEC5,0.7245197004233149,0.5243137658065179,,
SIGLEC6,1.0338651904916965,0.1542099311195641,,
SIGLEC7,0.05698469553891241,0.010280662074637606,,
SIGLEC9,0.14653207424291761,0.03084198622391282,,
SIL1,19.920221426245522,18.381823789452042,-0.1758527512989871,0.5291227765266076
SIRPA,5.389124063822859,2.7038141256296906,-0.3325427733585338,0.5130508469467301
SIRPB1,0.15467274503419082,0.1439292690449265,,
SIRPB2,0.7815043959622273,0.5962784003289812,,
SIRPG,0.08954737870400521,0.041122648298550425,,
SIT1,0.21979811136437644,0.07196463452246325,,
SLAMF1,0.32562683165092804,0.22617456564202734,,
SLAMF6,1.9700423314881146,0.4420684692094171,,
SLAMF7,0.17909475740801042,0.18505191734347692,,
SLAMF8,0.0651253663301856,0.11308728282101367,,
SLC10A1,0.39889286877238683,0.4626297933586923,,
SLC10A3,12.748290459133832,6.754394983036907,0.4329226676828271,0.1888310439675951
SLC10A5,0.5128622598502116,1.1103115040608615,,
SLC11A1,2.385216541843048,2.5701655186594015,,
SLC11A2,6.447411266688375,6.939446900380385,0.167391991777709,0.7432268220659642
SLC12A2,15.035818951481602,9.046982625681094,-0.0588143783195349,0.9132346000457096
SLC12A4,2.222403126017584,2.0972550632260716,,
SLC12A5,3.085314229892543,5.613241492752133,,
SLC12A6,25.350048844024748,19.46129330728899,0.2692773012339781,0.4218575449089838
SLC12A7,11.152718984044284,6.384291148349954,0.5553003304485667,0.1206809378595331
SLC12A8,0.07326603712145881,0.020561324149275213,,
SLC12A9,5.006512536633019,4.019738871183304,-0.2414989768767138,0.6250129031579988
SLC14A1,0.5779876261803972,0.7402076693739077,,
SLC14A2,0.37447085639856725,0.13364860697028888,,
SLC15A2,7.285900358189515,4.1842294643775055,-0.256549747087953,0.6477234984156389
SLC15A3,0.32562683165092804,0.2570165518659402,,
SLC15A4,9.63855421686747,3.814125629690552,0.4811753169098869,0.1954659180857781
SLC16A1,5.462390100944318,14.043384393954971,-0.671112056352006,0.1212284257001767
SLC16A3,17.608270921523932,7.484321990336178,0.5083368883676277,0.2472544858307018
SLC16A4,2.9387821556496254,0.9355402487920222,,
SLC16A5,6.6672093780527515,3.032795312018094,-0.0736176469499937,0.902627835418072
SLC16A6,0.04884402474763921,0.05140331037318804,,
SLC16A7,12.145880820579615,18.94726020355711,-0.3484502184882562,0.3335352003704682
SLC17A5,9.8420709866493,8.4198622391282,0.2470805864523151,0.5264023144378897
SLC17A9,18.243243243243242,21.548267708440424,-0.3647580958324015,0.1991679624946984
SLC19A1,4.88440247476392,5.829135396319523,,
SLC19A2,2.3282318463041354,6.1169939344093756,,
SLC1A3,0.6512536633018561,1.171995476508687,,
SLC1A4,4.949527841094106,7.5254446386347285,,
SLC1A5,12.235428199283621,17.004215071450602,-0.560877296988215,0.0441584840025271
SLC20A2,8.82448713774015,6.497378431170968,-0.0933915640050929,0.8482329135902388
SLC22A15,1.4327580592640834,1.7477125526883932,,
SLC22A16,7.3998697492673395,8.347897604605736,-0.2902053298383131,0.4271349035079001
SLC22A23,0.17909475740801042,0.08224529659710085,,
SLC22A4,2.0107456854444807,2.8580240567492545,,
SLC22A5,2.9143601432758057,4.574894623213735,,
SLC23A1,0.6919570172582221,0.4729104554333299,,
SLC23A2,6.976554868121133,9.6226997018608,-0.4564646960241376,0.184455178443818
SLC24A4,3.07717355910127,0.2981392001644906,,
SLC26A1,0.5291436014327581,0.42150714506014186,,
SLC26A2,15.841745359817649,7.145060141873136,0.1002740822912835,0.8574155023627754
SLC26A4,0.24422012373819602,0.1439292690449265,,
SLC26A6,2.841094106154347,2.169219697748535,,
SLC26A8,0.3500488440247476,0.1542099311195641,,
SLC28A3,0.05698469553891241,0.0,,
SLC29A1,11.909801367632692,5.294540968438367,0.3225229451463012,0.560630268357977
SLC29A2,1.2618039726473462,2.1589390356738973,,
SLC29A3,6.138065776619993,4.143106816078956,0.1693131369659535,0.7435190280329282
SLC29A4,0.35818951481602085,0.17477125526883933,,
SLC2A1,4.607619667860631,12.696617662177443,,
SLC2A11,8.433734939759036,7.25814742469415,-0.38689417622967,0.25319931626655
SLC2A13,2.9794855096059916,2.4056749254652,,
SLC2A14,0.2360794529469228,0.13364860697028888,,
SLC2A3,17.225659394334095,26.811966690654877,-0.7164806605260734,0.1888310439675951
SLC2A4,0.39075219798111366,0.31870052431376583,,
SLC2A5,13.594920221426246,5.428189575408656,0.0993101996329603,0.8955438116762706
SLC2A6,5.999674373168349,2.847743394674617,0.3175378318191666,0.701055351562434
SLC2A8,2.1572777596873984,2.508481546211576,,
SLC2A9,2.7271247150765223,1.4495733525239025,,
SLC30A1,7.945294692282644,6.651588362290531,0.5606187618436591,0.3274599672959921
SLC31A1,4.664604363399544,5.02724375449779,,
SLC33A1,13.928687723868446,9.10866659812892,0.4134989139408154,0.1780284332371368
SLC35A5,12.951807228915662,6.219800555155752,0.5087920688521184,0.1248211155891578
SLC36A1,3.533051123412569,1.727151228539118,,
SLC36A4,17.437316834907197,16.089236146807856,-0.1776637712600138,0.7208940709819386
SLC37A1,12.601758384890916,17.621054795928856,-0.2512181271826665,0.3959237717539674
SLC37A2,0.7652230543796809,0.287858538089853,,
SLC37A3,1.2373819602735265,3.577670401973887,,
SLC37A4,4.941387170302833,5.849696720468798,,
SLC38A1,45.888961250407036,26.524108152565024,0.2747171325659093,0.3689510030852538
SLC38A2,49.299902311950504,50.395805489873545,-0.4811473101100562,0.0530650593441575
SLC38A5,4.9251058287202865,9.036701963606456,,
SLC38A6,5.600781504395962,4.749665878482574,-0.334025381826548,0.434002403659795
SLC38A9,8.604689026375773,5.335663616736918,-0.1518888994535618,0.7498378374788586
SLC39A10,30.250732660371213,23.491312840546932,-0.0154313985231548,0.9720764634286594
SLC39A14,2.385216541843048,2.4159555875398375,,
SLC39A4,14.579941387170303,16.181762105479592,0.5008562694184768,0.2410909435302531
SLC39A5,0.0651253663301856,0.020561324149275213,,
SLC39A6,16.91631390426571,14.742469415030328,0.2596861093484678,0.3999050474020212
SLC39A8,25.781504395962227,34.913128405469315,-0.2553586707772611,0.4036768681258835
SLC39A9,11.177140996418105,10.249820088413694,-0.0067811925911576,0.9818994244467288
SLC3A1,0.6024096385542169,0.9046982625681094,,
SLC3A2,29.47736893520026,50.899557931530794,-0.4064693865492035,0.0218022408893151
SLC40A1,30.958971019211983,35.704739385216406,-0.6874298396566104,0.0530650593441575
SLC41A2,2.344513187886682,0.9046982625681094,,
SLC41A3,12.471507652230544,12.398478462012953,0.1004189249316447,0.7737682513591567
SLC43A1,7.269619016606969,12.192865220520202,-0.3866198023357767,0.2308295219969138
SLC43A2,10.493324649951155,4.1842294643775055,0.6311805464202566,0.1604113478940834
SLC43A3,14.759036144578314,8.800246735889791,0.2956119073481654,0.4036768681258835
SLC44A1,27.051449039400847,12.665775675953531,0.1342924686651507,0.7635438691117895
SLC44A2,7.009117551286226,9.530173743189062,0.0164928477807385,0.9816081129830144
SLC44A3,0.17909475740801042,0.12336794489565128,,
SLC44A4,0.30120481927710846,0.7504883314485453,,
SLC45A4,4.0214913708889615,1.963606456255783,,
SLC46A1,0.49658091826766526,0.6579623727768068,,
SLC46A2,0.0162813415825464,0.05140331037318804,,
SLC46A3,11.274829045913384,3.690757684794901,-0.1556343925584357,0.7850273466494057
SLC4A1,0.61055030934549,0.4831911175079675,,
SLC4A2,8.588407684793227,5.417908913334019,-0.1291994921440495,0.7850273466494057
SLC4A5,1.8153695864539239,1.9019224838079571,,
SLC4A7,8.384890915011397,11.761077413385422,-0.5463285270302981,0.3147345491611362
SLC4A8,3.2237056333441876,3.156163256913745,,
SLC52A2,18.82123086942364,11.051711730235427,0.3937466607354904,0.0935709695474018
SLC5A10,2.1816997720612177,0.3084198622391282,,
SLC5A2,0.15467274503419082,0.1644905931942017,,
SLC5A3,11.738847281015955,9.602138377711524,-0.2426510127242831,0.6975215377547986
SLC5A4,0.05698469553891241,0.010280662074637606,,
SLC5A5,0.5942689677629437,1.2028374627326,,
SLC5A6,5.291436014327581,5.664644803125321,-0.1566160011584879,0.7194456574556916
SLC6A16,0.43145555193747964,0.4420684692094171,,
SLC6A6,22.394985346792577,15.729412974195538,0.4219359181489071,0.1533191778615884
SLC6A8,0.35818951481602085,0.5551557520304308,,
SLC6A9,0.2360794529469228,0.22617456564202734,,
SLC7A1,12.121458808205796,12.336794489565127,0.0234504660766383,0.963937306446401
SLC7A5,10.14327580592641,10.270381412562969,-0.1764993924338144,0.7442188179279055
SLC7A6,17.005861282969718,8.193687673486172,0.3328634204607308,0.5028356731502509
SLC7A8,0.2360794529469228,0.8944176004934717,,
SLC7A9,0.0651253663301856,0.041122648298550425,,
SLC8A1,1.5711494627157279,1.1205921661354992,,
SLC8A3,1.5711494627157279,6.045029299886913,,
SLC8B1,10.306089221751872,6.713272334738357,-0.0191975558448978,0.9756045888354804
SLC9A1,4.534353630739173,7.2170247763956,,
SLC9A3R1,41.6151090849886,35.416880847126556,0.5275682408444277,0.0104167913245932
SLC9A6,5.617062845978508,4.8113498509304,-0.1630352877521415,0.7498378374788586
SLC9A7,17.57570823835884,16.96309242315205,-0.1134964398545201,0.7498378374788586
SLC9A9,1.660696841419733,2.457078235838388,,
SLCO3A1,17.184956040377728,7.988074431993421,0.0113406063230583,0.9816081129830144
SLCO4A1,3.476066427873657,2.7552174360028787,,
SLCO4C1,0.42331488114620647,0.31870052431376583,,
SLCO5A1,1.8560729404102898,5.602960830677496,,
SLIT1,0.08954737870400521,0.06168397244782564,,
SLITRK4,7.066102246825138,6.209519893081114,0.5276955012360762,0.5243283517089661
SMO,0.42331488114620647,1.7065899043898427,,
SMPD1,6.015955714750896,4.04030019533258,0.0551760297407666,0.9321561003771256
SMPDL3B,3.451644415499837,4.729104554333299,,
SNRPD2,75.92803647020514,79.92186696823275,-0.0932308547356322,0.6880963208208429
SORCS2,0.0162813415825464,0.03084198622391282,,
SORL1,30.72289156626506,41.49275213323738,-0.3600122363857281,0.2472544858307018
SORT1,10.02116574405731,0.9972242212398479,,
SPINT2,45.16444154998372,59.17549090161406,-0.2498546460646392,0.5910576732284937
SPN,74.0882448713774,59.78204996401768,0.0869733875155432,0.7539798613429824
SPNS2,19.48062520351677,4.9552791199753266,0.4165667934641838,0.3918259328491565
SPNS3,25.765223054379682,13.837771152462219,-0.1564101320450574,0.794815382328357
SPP1,1.3025073266037122,1.171995476508687,,
SPPL2A,21.64604363399544,12.491004420684693,0.4027652474642174,0.1937534908541101
SRD5A1,3.9807880169325953,3.0225146499434565,,
SRD5A3,15.825464018235103,11.802200061683973,0.2701277337239858,0.3812225106153155
SSPN,2.832953435363074,3.8758096021383777,,
SSR1,42.58384890915011,33.25794181145266,0.0983989621132685,0.6477234984156389
SSR2,66.68023445131878,68.37668345841472,-0.0507000482594617,0.7732741408582525
SSR3,50.569846955389124,39.26184846304102,0.2175236013138984,0.2760057614970705
SSR4,68.5281667209378,68.7776292793256,0.0055615509996974,0.9816081129830144
SSTR2,3.329534353630739,1.5626606353449162,,
ST14,0.9931618365353305,0.8018916418217333,,
ST3GAL1,22.1751872354282,33.823378225557725,-0.4294354759475572,0.0528551445454134
ST3GAL4,18.178117876913056,13.806929166238305,0.3431089780996449,0.4036768681258835
ST3GAL5,2.7352653858677956,1.624344607792742,,
ST3GAL6,4.5262129599479,7.73105788012748,,
ST8SIA4,12.609899055682188,16.171481443404954,-0.4258474824994297,0.214123606770505
STAB1,9.329208726799088,2.1589390356738973,0.1067718082965996,0.931669701220502
STEAP4,0.22793878215564964,0.1542099311195641,,
STIM1,14.8241615109085,17.364038244062918,-0.3609289828278593,0.1478565287202571
STS,0.6838163464669489,0.34954251053767865,,
STT3A,16.818625854770435,18.90613755525856,0.2163911462489172,0.504678093472979
STT3B,47.818300227938785,31.09900277577876,-0.1001859989489095,0.7426826299629435
SUCNR1,10.558450016281341,0.678523696926082,1.6294742864146476,0.0218022408893151
SUCO,22.802018886356237,31.911175079675132,-0.4108647956789935,0.0793594970495184
SULF2,5.983393031585803,1.8402385113601316,0.2110932202177596,0.8232475581939609
SULT1A1,27.425919895799414,12.20314588259484,-0.1517770410375255,0.7498378374788586
SUMF1,11.095734288505373,10.188136115965868,0.2061093047688488,0.560630268357977
SUSD1,14.693910778248128,4.718823892258661,0.5422937567157045,0.1620779000310102
SUSD2,0.07326603712145881,0.26729721394057776,,
SUSD3,4.477368935200261,5.109489051094891,,
SUSD4,0.024422012373819604,0.020561324149275213,,
SV2A,14.311299251058287,12.470443096535417,-0.1682255906124013,0.701055351562434
SV2B,1.6037121458808206,0.10280662074637607,,
SV2C,0.21165744057310323,0.17477125526883933,,
SVOPL,6.797460110713123,8.4198622391282,0.270730742094783,0.6975215377547986
SYP,1.7339628785411918,2.1486583735992597,,
SYPL1,56.56952132855747,59.62784003289812,-0.3313885473433212,0.0550263108178727
TACSTD2,0.5128622598502116,0.18505191734347692,,
TAGLN2,88.04135460761967,83.7051506116994,0.7066497865666752,6.415071932845204e-06
TAS1R3,0.08140670791273201,0.11308728282101367,,
TAS2R10,0.44773689352002605,0.12336794489565128,,
TAS2R14,2.5480299576685117,1.9944484424796958,,
TAS2R19,0.41517421035493324,0.1542099311195641,,
TAS2R20,0.7000976880494952,0.12336794489565128,,
TAS2R30,1.2292412894822533,0.8327336280456461,,
TAS2R4,1.3269293389775318,0.5140331037318804,,
TAS2R46,0.21979811136437644,0.1542099311195641,,
TAX1BP3,12.528492347769456,13.848051814536856,-0.3295363191697033,0.3918259328491565
TBXA2R,5.74731357863888,1.9122031458825948,1.2197913251532315,0.0218105803278808
TBXAS1,33.54770433083686,22.884753778143313,0.0092501322489257,0.9816081129830144
TCIRG1,23.713774014978835,12.819985607073095,0.0329967904849114,0.9590543159027476
TCTN2,2.507326603712146,1.696309242315205,,
TCTN3,13.562357538261153,12.24426853089339,0.0040001263573282,0.986972314066232
TECTA,0.05698469553891241,0.12336794489565128,,
TENM1,0.46401823510257245,0.10280662074637607,,
TENM4,0.0162813415825464,0.010280662074637606,,
TF,0.26864213611201565,0.24673588979130257,,
TFPI,55.356561380657766,54.394983036907576,-0.2072860982801004,0.4314807295393693
TFR2,3.1830022793878214,1.2336794489565128,,
TFRC,29.363399544122437,28.52883725711936,-0.3749890355313161,0.3033653110029267
TG,0.3500488440247476,0.2570165518659402,,
TGFA,0.39075219798111366,0.3598231726123162,,
TGFB1,53.80983393031586,34.67667317775265,0.5243071940906204,0.0319877321620164
TGFB3,0.7570823835884077,0.5140331037318804,,
TGFBR1,17.16053402800391,8.46098488742675,0.293243979732806,0.4259785106176634
TGFBR2,22.696190166069684,14.403207566567287,-0.0648927029321702,0.8582646236646542
TGFBR3,0.18723542819928363,0.12336794489565128,,
TGM2,0.7000976880494952,0.07196463452246325,,
TGOLN2,50.903614457831324,41.09180631232651,-0.0948524640973247,0.6880963208208429
THBD,1.050146532074243,0.7402076693739077,,
THBS1,5.437968088570498,1.6037832836434667,-0.0834285958777989,0.9565147178163907
THBS3,5.258873331162488,5.263698982214454,0.0949561769968467,0.9091087010922588
THRA,13.839140345164441,8.738562763441966,-0.1946247345111267,0.6477234984156389
THSD1,0.9850211657440573,0.5140331037318804,,
TIE1,7.5056984695538915,6.137555258558651,0.5465327128153774,0.3960941049611456
TIGIT,0.30120481927710846,0.21589390356738974,,
TIMP1,52.92250081406708,28.82697645728385,0.7732467503059949,0.0049759352040964
TLL2,0.48844024747639203,0.1439292690449265,,
TLR1,3.7365678931943993,1.8402385113601316,,
TLR10,0.5454249430153044,0.10280662074637607,,
TLR2,6.813741452295669,4.482368664541997,0.4299409272509008,0.5352083869829449
TLR3,0.8303484207098665,0.7710496555978205,,
TLR4,2.743406056659069,0.8944176004934717,,
TLR5,0.5210029306414848,0.20561324149275215,,
TLR6,3.05275154672745,1.0280662074637608,,
TLR7,0.18723542819928363,0.041122648298550425,,
TLR8,0.0651253663301856,0.020561324149275213,,
TLR9,0.5942689677629437,0.17477125526883933,,
TM2D1,33.108108108108105,24.48853706178678,0.0204891768943995,0.9596013723203792
TM2D3,21.808857049820904,21.43518042561941,-0.4176222413357869,0.0422310564970723
TM4SF1,23.485835232823185,10.825537164593399,0.0671669989127242,0.9565147178163907
TM7SF3,46.15760338651905,41.873136629998974,0.0290826107320245,0.9353495038608236
TM9SF1,9.66297622924129,7.792741852575306,0.2018951548150029,0.5511282324386234
TM9SF2,46.48323021816998,27.75778760152154,0.3192368581722617,0.1083135589768618
TM9SF3,41.76164115923152,21.846406908604916,0.1312605113844812,0.628071663152638
TM9SF4,16.4034516444155,14.989205304821631,-0.0786547588534585,0.8249290599585302
TMCO3,31.94399218495604,17.31263493368973,0.3853463738916532,0.1888310439675951
TMED2,53.32953435363074,51.78369486994963,0.091614730164212,0.6975215377547986
TMED4,34.247802018886354,31.643877865734552,0.0275277769082627,0.931669701220502
TMED7,16.867469879518072,17.878071347794798,-0.0172334756270572,0.9647553151038112
TMED9,46.1738847281016,40.8964737329084,0.1623175150096217,0.3254686597884549
TMEM104,3.028329534353631,2.5496041945101267,,
TMEM106A,17.62455226310648,10.9077824611905,0.1319522589968185,0.7208940709819386
TMEM106B,20.310973624226637,17.559370823481032,-0.3244243110033629,0.2760057614970705
TMEM106C,9.426896776294367,11.061992392310065,-0.2230857933110923,0.6813368239596042
TMEM116,2.5480299576685117,2.272026318494911,,
TMEM123,70.73428850537285,64.9018196771872,0.0556342873819664,0.834431635519312
TMEM131,19.14685770107457,12.521846406908605,-0.0082791379009132,0.9816081129830144
TMEM140,4.713448388147183,5.602960830677496,,
TMEM145,0.04884402474763921,0.07196463452246325,,
TMEM150A,10.289807880169326,8.275932970083273,-0.2270120814796528,0.5466658926635752
TMEM150B,1.0420058612829697,1.1205921661354992,,
TMEM154,12.935525887333116,6.343168500051403,0.0184240230942744,0.9771317614755376
TMEM156,13.090198632367308,5.099208389020253,0.2875205810341054,0.486842447438138
TMEM158,0.8303484207098665,0.3289811863884034,,
TMEM161A,5.9019863236730705,7.782461190500668,-0.2117908877987145,0.6084773944457503
TMEM178A,0.732660371214588,0.31870052431376583,,
TMEM179B,38.64376424617389,30.96535416880847,0.2562611110941863,0.1656825013953333
TMEM181,13.594920221426246,10.722730543847025,0.1699916535005861,0.6517913540978243
TMEM182,4.428524910452621,4.317878071347795,,
TMEM184A,1.2618039726473462,0.23645522771666494,,
TMEM204,1.343210680560078,1.8093965251362187,,
TMEM217,7.717355910126995,9.242315205099208,-0.1653845711298438,0.8297538464338952
TMEM219,51.367632692933896,46.09848874267503,0.2045278506839561,0.2023158149699057
TMEM231,1.864213611201563,1.8402385113601316,,
TMEM245,19.2282644089873,13.323738048730338,-0.2197910621152871,0.5482894115730592
TMEM25,6.553239986974927,6.74411432096227,0.0314630428162411,0.9634804727337628
TMEM255A,0.0651253663301856,0.06168397244782564,,
TMEM255B,1.3025073266037122,3.187005243137658,,
TMEM30A,29.990231195050473,19.533257941811453,0.3991188110830501,0.0362541014815364
TMEM37,1.0420058612829697,0.12336794489565128,,
TMEM62,5.584500162813415,4.770227202631849,-0.0163898717603535,0.9816081129830144
TMEM63A,14.913708889612504,8.214248997635448,0.1610503297303934,0.7194456574556916
TMEM63B,1.823510257245197,2.0047291045543334,,
TMEM67,7.489417127971345,9.252595867173847,-0.3609705139387663,0.3999050474020212
TMEM87A,31.78931943992185,32.75418936979541,-0.1533605486109901,0.4999294324802953
TMEM87B,17.54314555519375,15.770535622494089,0.4996045373819847,0.0462284825856442
TMEM8A,6.854444806252035,2.8888660429731674,0.558670047578039,0.2057146359412627
TMEM8B,1.1966786063171606,0.7402076693739077,,
TMEM9,16.183653533051125,16.93225043692814,-0.1995781798261797,0.5221429135758345
TMEM9B,29.493650276782805,17.816387375346974,0.2015018771561264,0.4271349035079001
TMIGD2,6.186909801367633,14.855556697851341,-0.2015146762741945,0.770250837495111
TMPRSS13,0.1383914034516444,0.03084198622391282,,
TMPRSS5,0.07326603712145881,0.13364860697028888,,
TMX3,20.98664929990231,13.44710599362599,0.1879567171217637,0.5511282324386234
TMX4,37.699446434386196,30.091497892464275,-0.1283003878791064,0.7273481969817098
TNF,6.268316509280365,2.611288166957952,-0.7759497135452871,0.434002403659795
TNFRSF10A,5.7717355910127,5.335663616736918,0.0142919995291706,0.9816081129830144
TNFRSF10B,8.425594268967762,10.373188033309345,-0.415584590445112,0.2721741610030375
TNFRSF10C,2.2468251383914035,8.337616942531099,,
TNFRSF10D,5.486812113318138,12.24426853089339,-0.8451243085948522,0.0313238059126889
TNFRSF11A,0.8954737870400521,0.3084198622391282,,
TNFRSF12A,7.994138717030284,10.35262670916007,-0.0860481651115625,0.9132346000457096
TNFRSF13B,0.0081406707912732,0.020561324149275213,,
TNFRSF13C,0.15467274503419082,0.24673588979130257,,
TNFRSF14,12.3331162487789,25.08481546211576,-0.0262651960216286,0.9756045888354804
TNFRSF17,0.024422012373819604,0.03084198622391282,,
TNFRSF18,10.574731357863888,2.950550015420993,1.0261787188991427,0.1431539837347065
TNFRSF19,0.6512536633018561,0.9355402487920222,,
TNFRSF1A,46.32041680234451,26.904492649326617,0.4295337820458317,0.0200106764485799
TNFRSF1B,14.77531748616086,3.6187930502724375,0.6501525034052715,0.1656825013953333
TNFRSF21,6.1462064474112665,9.632980363935438,-0.7900368964036972,0.2118984477095196
TNFRSF25,5.014653207424292,2.107535725300709,0.4714434674049085,0.5211675255724808
TNFRSF4,26.286225985021165,5.510434872005757,1.0793920114266184,0.1114100770179198
TNFRSF8,0.18723542819928363,0.13364860697028888,,
TNFSF10,8.653533051123413,9.972242212398479,-0.421182878625252,0.3913241787635191
TNFSF12,5.9019863236730705,2.343990953017374,-0.3763548533556932,0.6457362533740818
TNFSF13,17.966460436339954,12.28539117919194,-0.0407884903896923,0.9565147178163907
TNFSF13B,24.5441224356887,15.863061581165827,0.2465670428461518,0.5720649661792402
TNFSF14,5.201888635623575,0.5448750899557931,,
TNFSF15,0.25236079452946925,0.1542099311195641,,
TNFSF4,6.553239986974927,6.096432610260101,-0.5209807615372885,0.2807588774804502
TNFSF8,2.2875284923477697,2.426236249614475,,
TNFSF9,2.6375773363725172,4.729104554333299,,
TNXB,0.3337675024422012,1.254240773105788,,
TOR1AIP1,26.92933897753175,30.27654980980775,-0.1673594135911765,0.5151189165072146
TOR1AIP2,31.707912732009117,24.61190500668243,-0.1362773096072924,0.5979487295645878
TOR1B,7.2614783458156955,10.35262670916007,-0.4344758991301682,0.1377602394586598
TOR3A,14.303158580267015,13.395702683252802,-0.1138405024298359,0.6946865345604675
TP53I13,24.90231195050472,24.61190500668243,-0.0508517747729637,0.8752442835001906
TPBG,3.3376750244220124,7.299270072992701,,
TPCN1,4.1598827743406055,3.9374935745862034,,
TPH1,1.0257245197004232,0.7196463452246324,,
TPI1,72.5415174210355,71.95435386038861,-0.0531689307573922,0.8674035015133661
TPP1,36.616737219146856,29.988691271717897,0.1901330223066635,0.4591107473789507
TPRA1,14.010094431781178,10.60964326102601,-0.1950758490328761,0.5778822229825047
TRABD2A,1.0420058612829697,0.2981392001644906,,
TRAP1,7.310322370563334,9.581577053562249,-0.0845030286054275,0.8752442835001906
TRAT1,2.3282318463041354,1.7579932147630308,,
TREM1,3.1830022793878214,1.2233987868818752,,
TREM2,0.07326603712145881,0.010280662074637606,,
TREML2,4.037772712471508,0.9972242212398479,,
TRH,4.273852165418431,14.197594325074535,,
TRPV2,16.25691957017258,15.647167677598437,0.2966942088222415,0.4646741738493615
TSHR,0.25236079452946925,0.13364860697028888,,
TSPAN13,10.04558775643113,14.557417497686851,0.1608690002308918,0.7850273466494057
TSPAN14,11.860957342885055,9.848874267502827,0.5444319037853365,0.1248211155891578
TSPAN15,0.61055030934549,0.4112264829855043,,
TSPAN17,6.94399218495604,6.250642541379665,0.0201370163548673,0.9767972203554316
TSPAN2,34.08498860306089,9.499331756965148,0.7687176991796641,0.0535015781393029
TSPAN3,33.77564311299251,35.015935026215686,0.0224400855275505,0.9565147178163907
TSPAN31,18.935200260501464,13.498509303999178,-0.1728554021544538,0.484277946805861
TSPAN33,6.4229892543145555,3.0636372982420066,-0.2829646206434161,0.6880963208208429
TSPAN4,12.780853142298925,16.479901305644084,0.6345951540554865,0.2258128729863042
TSPAN5,4.721589058938457,5.520715534080395,,
TTC17,38.81471833279062,38.778657345533055,-0.2379945156704261,0.3172383643953499
TTYH1,1.0175838489091502,0.8018916418217333,,
TTYH2,2.8980788016932597,2.1280970494499845,,
TTYH3,10.14327580592641,3.814125629690552,0.3430345979277104,0.4036768681258835
TUBA4A,3.7691305763594922,7.823583838799219,,
TUBB,69.69228264408987,68.90099722422124,,
TUBB6,24.934874633669814,12.67605633802817,1.4898960717948493,0.0002186926369157
TXNDC15,12.235428199283621,10.085329495219492,-0.1098894300816845,0.7489679507245177
TYRO3,0.854770433083686,0.5243137658065179,,
TYROBP,72.33800065125367,18.926698879407834,2.0504529685409905,1.932984924845972e-09
UBA1,25.048844024747638,27.325999794386757,0.1322417224812771,0.5979487295645878
UBAC2,22.419407359166396,26.986737945923718,-0.2542369243019245,0.332204440427166
UBASH3B,13.562357538261153,4.780507864706487,0.1124420975822168,0.8633506035810528
UCN,1.8886356235753825,0.6476817107021692,,
UGGT1,13.440247476392054,9.40680579829341,-0.1378372351620355,0.6975215377547986
UGGT2,5.608922175187235,2.7552174360028787,-1.301735824046945,0.0449422791269578
UGT8,0.12211006186909801,0.24673588979130257,,
ULBP2,0.32562683165092804,1.5318186491210033,,
ULBP3,0.4558775643112993,0.5551557520304308,,
UMODL1,3.2562683165092805,1.0897501799115863,,
UNC5B,1.7990882448713774,0.49347177958260513,,
UNC93B1,8.881471833279063,2.5701655186594015,0.5258892518900412,0.3906755069114208
UPK2,0.07326603712145881,0.18505191734347692,,
UPK3A,0.040703353956366005,0.03084198622391282,,
UPK3B,0.21979811136437644,0.09252595867173846,,
UQCRC2,46.48323021816998,53.31551351907063,0.0911716705270011,0.6821087227197636
UST,2.2468251383914035,0.5654364141050684,,
VAMP5,10.875936177140996,26.051197697131695,-0.6376452338628993,0.2596473309028941
VANGL1,19.366655812438946,6.9188855762311094,0.4792901489740918,0.3991975142978117
VASN,0.35818951481602085,1.8813611596586821,,
VCAN,1.1234125691957018,0.7196463452246324,,
VDAC1,49.86160859654836,34.40937596381207,0.5469603751875034,0.0011355321268775
VDAC2,61.11201563008792,67.31777526472705,0.1457984862760031,0.5141192705345295
VDR,1.6851188537935526,0.7093656831499948,,
VEGFA,4.575056984695539,2.8066207463760664,,
VEGFB,7.603386519049169,4.194510126452143,-0.046669894099872,0.94065524963069
VIM,89.62064474112667,80.15832219594942,0.8776647064425617,0.00403810324779
VIPR1,0.8059264083360469,0.3803844967615915,,
VIPR2,0.17909475740801042,0.575717076179706,,
VLDLR,1.6932595245848259,1.0075048833144855,,
VN1R1,0.9443178117876913,0.7093656831499948,,
VNN1,10.60729404102898,2.0561324149275215,0.0902960605246718,0.9412860308967468
VNN2,3.1911429501790947,1.8196771872108564,,
VNN3,0.05698469553891241,0.05140331037318804,,
VSIG10,10.167697818300228,5.962784003289812,0.1618322904542908,0.6975215377547986
VSIG10L,1.1234125691957018,1.6140639457181043,,
VSIG8,0.5047215890589385,1.5009766628970906,,
VSTM1,1.5548681211331814,4.143106816078956,,
VWF,2.596873982416151,1.387889380076077,,
WDR13,22.67990882448714,18.381823789452042,0.14706727366918,0.5513765625179267
WNT10A,0.39075219798111366,0.5448750899557931,,
WNT11,0.3174861608596548,0.9869435591652103,,
WNT2B,1.7583848909150115,1.0486275316130358,,
WNT5B,0.12211006186909801,0.041122648298550425,,
WNT6,0.41517421035493324,0.11308728282101367,,
WNT7A,0.04884402474763921,0.05140331037318804,,
XCL1,0.08954737870400521,0.3598231726123162,,
XCL2,0.1302507326603712,0.24673588979130257,,
XKR3,0.6593943340931293,0.7196463452246324,,
XPNPEP2,0.1302507326603712,0.09252595867173846,,
XRCC6,45.897101921198306,55.58753983756554,-0.0186873933618421,0.9208998039114258
YBX1,91.78606317160533,89.23614680785442,0.1645517528602331,0.3371349691671714
YWHAQ,62.86225985021166,68.02714094787704,0.0216449094888334,0.9383402029396014
ZACN,0.21165744057310323,0.4831911175079675,,
ZC3HAV1,37.3331162487789,40.24879202220623,-0.3148713556472431,0.1090826169195264
ZDHHC11,0.43145555193747964,0.31870052431376583,,
ZDHHC23,5.039075219798112,1.5112573249717283,0.2233495058843764,0.7168984163603718
ZDHHC5,14.531097362422663,9.32456050169631,-0.1164830188051579,0.7737682513591567
ZFYVE27,12.251709540866168,15.307905829135397,-0.1427304930075468,0.6813368239596042
ZNF844,6.870726147834581,12.89195024159556,-1.0339428754116995,9.244672364875558e-06
ZP3,3.9889286877238685,5.376786265035468,,
