anchor,partner,anchor_lspc,anchor_hspc,partner_lspc,partner_hspc,dual_lspc,dual_hspc,anchor_specificity,dual_specificity,efficacy_loss,efficacy_retention,specificity_gain_abs,specificity_gain_ratio,composite_score
CD9,TYROBP,38.18788668186259,11.29844762002673,72.33800065125367,18.926698879407834,30.13676326929339,1.829957849285494,3.379624205185019,16.459561469999894,8.051123412569197,78.91707525047964,13.079937264814875,4.870234224487929,0.8945853762523982
CD96,VIM,27.9469228264409,1.0589081936876734,89.62064474112667,80.15832219594942,26.155975252360793,0.7916109797470957,26.367305199525717,32.99976397085311,1.790947574080107,93.59161083600348,6.632458771327393,1.2515410172233563,0.799580992746387
EMB,TYROBP,59.703679583197655,16.82944381618176,72.33800065125367,18.926698879407834,46.580918267665254,3.9683355608101163,3.5473621631887737,11.735192843751005,13.1227613155324,78.02017998363785,8.18783068056223,3.3081462517495184,0.7994924339463008
CD9,EMB,38.18788668186259,11.29844762002673,59.703679583197655,16.82944381618176,25.643112992510584,2.0972550632260716,3.379624205185019,12.221161021808399,12.544773689352002,67.14986143679387,8.84153681662338,3.6161301611755223,0.7778261480151383
CD96,TAGLN2,27.9469228264409,1.0589081936876734,88.04135460761967,83.7051506116994,25.358189514816022,0.7916109797470957,26.367305199525717,31.99323522228679,2.5887333116248783,90.7369647538596,5.625930022761072,1.2133676528636028,0.7349813249073516
TYROBP,EMB,72.33800065125367,18.926698879407834,59.703679583197655,16.82944381618176,46.580918267665254,3.9683355608101163,3.8218063966535802,11.735192843751005,25.75708238358841,64.39342786405582,7.913386447097425,3.0705879957777245,0.7176364616751503
TYROBP,CD9,72.33800065125367,18.926698879407834,38.18788668186259,11.29844762002673,30.13676326929339,1.829957849285494,3.8218063966535802,16.459561469999894,42.201237381960276,41.661039837947335,12.637755073346314,4.306749155167066,0.7083051991897367
TYROBP,SCN9A,72.33800065125367,18.926698879407834,33.86519049169652,10.064768171070217,28.66330185607294,2.045851752852884,3.8218063966535802,14.003604225915378,43.674698795180724,39.6241278415485,10.181797829261798,3.6641322904731917,0.6981206392077426
TYROBP,LGALS3BP,72.33800065125367,18.926698879407834,28.883099967437317,4.0711421815564925,25.219798111364376,1.1205921661354992,3.8218063966535802,22.485711716639774,47.11820253988929,34.86383074499212,18.663905319986192,5.883529771766705,0.6743191537249607
EMB,CD9,59.703679583197655,16.82944381618176,38.18788668186259,11.29844762002673,25.643112992510584,2.0972550632260716,3.5473621631887737,12.221161021808399,34.060566590687074,42.950640850831746,8.673798858619625,3.4451404902009286,0.64844314718514
CD96,YBX1,27.9469228264409,1.0589081936876734,91.78606317160533,89.23614680785442,26.19667860631716,0.8738562763441966,26.367305199525717,29.943979730918162,1.75024422012374,93.73725604427614,3.5766745313924453,1.1356480878241884,0.647520006791003
VIM,CD96,89.62064474112667,80.15832219594942,27.9469228264409,1.0589081936876734,26.155975252360793,0.7916109797470957,1.118031468904503,32.99976397085311,63.46466948876588,29.18521209919157,31.881732501948605,29.51595271570285,0.6459260604959578
CD99,CD96,89.77531748616086,78.35920633288784,27.9469228264409,1.0589081936876734,25.952458482578965,0.8738562763441966,1.145674848082707,29.664825165372,63.8228590035819,28.908233587232502,28.519150317289295,25.89288332114146,0.6445411679361626
TAGLN2,CD96,88.04135460761967,83.7051506116994,27.9469228264409,1.0589081936876734,25.358189514816022,0.7916109797470957,1.0517907461308387,31.99323522228679,62.68316509280365,28.802588996763756,30.94144447615595,30.417870988101424,0.6440129449838188
IL3RA,TYROBP,33.46629762292413,11.833042047907885,72.33800065125367,18.926698879407834,27.596873982416152,3.7318803330934514,2.827968456377132,7.3929168684458,5.8694236405079785,82.46168815373387,4.564948412068668,2.614214756099775,0.6405558613721029
IL2RG,TYROBP,44.51318788668186,16.305130050375244,72.33800065125367,18.926698879407834,35.44448062520352,4.739385216407936,2.729843791823401,7.4771308674491745,9.068707261478345,79.62692026335041,4.747287075625774,2.7390325006306755,0.6354989550980408
CD96,CD99,27.9469228264409,1.0589081936876734,89.77531748616086,78.35920633288784,25.952458482578965,0.8738562763441966,26.367305199525717,29.664825165372,1.9944643438619352,92.86338479464025,3.297519965846284,1.1250609397089848,0.6291929222655155
CTSC,TYROBP,60.485183979159885,40.74226380178884,72.33800065125367,18.926698879407834,48.10322370563335,7.895548473321682,1.4845443966740897,6.091677125537701,12.381960273526538,79.52893674293405,4.607132728863611,4.103398415827264,0.6280013201578508
CD9,HCST,38.18788668186259,11.29844762002673,65.81732334744383,32.03454302457078,28.931943992184955,3.4954251053767864,3.379624205185019,8.274721499880991,9.255942689677632,75.76209763376679,4.895097294695972,2.4484146749765596,0.6235653529036325
CTSA,TYROBP,36.144578313253014,24.046468592577362,72.33800065125367,18.926698879407834,29.306414848583522,5.02724375449779,1.5030512743619766,5.8283600158343125,6.838163464669492,81.08108108108108,4.325308741472336,3.8776854224805914,0.6216708424790222
VDAC1,TYROBP,49.86160859654836,34.40937596381207,72.33800065125367,18.926698879407834,38.4890915011397,6.579623727768069,1.4490283003296942,5.84885158206636,11.37251709540866,77.19183673469388,4.399823281736666,4.036395687189535,0.6059503477603027
CD96,PFN1,27.9469228264409,1.0589081936876734,89.02637577336372,86.37812275110517,25.56170628459785,0.8738562763441966,26.367305199525717,29.21817786049814,2.38521654184305,91.46519079522282,2.850872660972424,1.1081215027246585,0.5998695870247354
TGFB1,TYROBP,53.80983393031586,34.67667317775265,72.33800065125367,18.926698879407834,42.99902311950505,8.101161714814435,1.5517140857316054,5.307105021229494,10.810810810810814,79.9092284417549,3.7553909354978883,3.4201565030759444,0.5873156889836689
CAPNS1,TYROBP,43.14555519374797,22.524930605530997,72.33800065125367,18.926698879407834,33.31162487788994,5.726328775573147,1.9153728185220478,5.816258535735338,9.833930315858026,77.20754716981132,3.9008857172132902,3.036619544503778,0.5810820217097211
ANXA1,LGALS3BP,83.14881146206447,62.16716356533361,28.883099967437317,4.0711421815564925,26.1234125691957,2.6832528014804153,1.337482188526961,9.732098465087995,57.02539889286877,31.417662032504406,8.394616276561035,7.276432201169321,0.5768191239905738
CD96,CD74,27.9469228264409,1.0589081936876734,89.09150113969392,88.99969158013776,26.53044610875936,0.9355402487920222,26.367305199525717,28.32814301678879,1.4164767176815403,94.93154675211184,1.960837817263073,1.07436625784945,0.5726996246237128
CD9,PLP2,38.18788668186259,11.29844762002673,58.83262780853142,35.468284157499745,29.65646369260827,4.245913436825331,3.379624205185019,6.9830629076294946,8.531422989254317,77.65934768706032,3.6034387024444756,2.066224669865981,0.5684686735575254
ANXA1,TYROBP,83.14881146206447,62.16716356533361,72.33800065125367,18.926698879407834,62.886681862585476,12.24426853089339,1.337482188526961,5.135590265246506,20.262129599478996,75.63148619541805,3.7981080767195454,3.8397447900989246,0.5680628348130675
CYBA,TYROBP,80.75545424943016,58.918474349748124,72.33800065125367,18.926698879407834,62.886681862585476,12.809704944998458,1.3706071742945782,4.908916576611784,17.868772386844682,77.87298387096774,3.5383094023172053,3.5815634622942176,0.5662803894706989
CD9,CD47,38.18788668186259,11.29844762002673,72.37056333441876,45.71810424591344,31.341582546401824,4.965559782049964,3.379624205185019,6.310521552499158,6.8463041354607626,82.0720528671925,2.930897347314139,1.8672258125082537,0.5569051317016694
IL2RG,EMB,44.51318788668186,16.305130050375244,59.703679583197655,16.82944381618176,29.306414848583522,4.0711421815564925,2.729843791823401,7.1968054016674206,15.20677303809834,65.83760058522311,4.46696160984402,2.636343304046826,0.5525360834183166
HCST,EMB,65.81732334744383,32.03454302457078,59.703679583197655,16.82944381618176,42.47802018886356,6.579623727768069,2.0545093709497273,6.455014288329582,23.33930315858027,64.53927025355596,4.4005049173798545,3.141876293971663,0.5427215971367726
PLP2,TYROBP,58.83262780853142,35.468284157499745,72.33800065125367,18.926698879407834,47.647346141322046,10.897501799115863,1.6586922799819646,4.371917078105857,11.185281667209374,80.98796180987962,2.713224798123892,2.6357613952079126,0.5406010489555928
CD9,CD99,38.18788668186259,11.29844762002673,89.77531748616086,78.35920633288784,37.31683490719635,8.481546211576026,3.379624205185019,4.399249232060832,0.8710517746662347,97.71903645278192,1.0196250268758131,1.301697752463574,0.5395764336077002
HCST,CD9,65.81732334744383,32.03454302457078,38.18788668186259,11.29844762002673,28.931943992184955,3.4954251053767864,2.0545093709497273,8.274721499880991,36.88537935525888,43.95794681508967,6.220212128931264,4.0275900499085475,0.5308003405220115
CYBA,LGALS3BP,80.75545424943016,58.918474349748124,28.883099967437317,4.0711421815564925,26.67697818300228,3.073917960316644,1.3706071742945782,8.67567152271444,54.07847606642788,33.034274193548384,7.305064348419862,6.329801627646973,0.5304245883887351
CD96,FTL,27.9469228264409,1.0589081936876734,95.02605014653207,96.42232959802611,26.90491696515793,0.9869435591652103,26.367305199525717,27.23325306952957,1.04200586128297,96.27148266822022,0.8659478700038541,1.032841728172488,0.5246548068412937
CD9,PTPRC,38.18788668186259,11.29844762002673,82.39986974926734,64.63452246324664,34.671116900032565,7.268428086768788,3.379624205185019,4.7694421742940225,3.516769781830021,90.79087614581113,1.3898179691090036,1.4112344700859774,0.5234452791845058
TIMP1,TYROBP,52.92250081406708,28.82697645728385,72.33800065125367,18.926698879407834,43.495604037772715,10.753572530070937,1.8358035255261687,4.044382416516728,9.426896776294363,82.18735579141672,2.2085788909905597,2.2030584211660384,0.5213657235066116
CAPNS1,EMB,43.14555519374797,22.524930605530997,59.703679583197655,16.82944381618176,28.565613806577662,5.016963092423152,1.9153728185220478,5.692671165658863,14.579941387170305,66.20754716981132,3.7772983471368153,2.972095620554686,0.5199026532058973
CD9,VIM,38.18788668186259,11.29844762002673,89.62064474112667,80.15832219594942,37.67502442201237,9.643261026010075,3.379624205185019,3.906470834873172,0.5128622598502162,98.65700277126412,0.5268466296881531,1.1558891159791864,0.5196273453407282
CD96,EEF1A1,27.9469228264409,1.0589081936876734,99.4545750569847,99.46540557211884,27.841094106154348,1.0383468695383982,26.367305199525717,26.787105366006756,0.10582872028655288,99.62132245849111,0.4198001664810391,1.015921238947414,0.5190966206165075
CD99,TYROBP,89.77531748616086,78.35920633288784,72.33800065125367,18.926698879407834,68.0153044610876,17.240670299167267,1.145674848082707,3.9448210806103035,21.760013025073263,75.76169749727966,2.7991462325275966,3.4432291912596167,0.5187657991127781
EMP3,TYROBP,70.35981764897427,68.28415749974299,72.33800065125367,18.926698879407834,55.62520351676978,15.904184229464377,1.030382300124871,3.4973001704515947,14.734614132204491,79.05819738516719,2.4669178703267236,3.3941772583125314,0.5186368804421722
TIMP1,EMB,52.92250081406708,28.82697645728385,59.703679583197655,16.82944381618176,34.08498860306089,5.911380692916624,1.8358035255261687,5.765019266079515,18.837512211006185,64.40547608060298,3.9292157405533468,3.1403247602039412,0.5184881674306823
PLP2,CD9,58.83262780853142,35.468284157499745,38.18788668186259,11.29844762002673,29.65646369260827,4.245913436825331,1.6586922799819646,6.9830629076294946,29.17616411592315,50.40819150408191,5.32437062764753,4.209980954216188,0.5182594889027861
CTSC,EMB,60.485183979159885,40.74226380178884,59.703679583197655,16.82944381618176,40.33702377075871,7.854425825023132,1.4845443966740897,5.1349251675532095,20.148160208401173,66.68909825033647,3.65038077087912,3.45892327575873,0.5159645297956383
CD9,ANXA1,38.18788668186259,11.29844762002673,83.14881146206447,62.16716356533361,35.68056007815044,8.20396833556081,3.379624205185019,4.348652989129625,2.507326603712144,93.43423577062461,0.9690287839446059,1.2867267853206643,0.5156226180503534
VIM,TYROBP,89.62064474112667,80.15832219594942,72.33800065125367,18.926698879407834,68.14555519374797,17.86779068572016,1.118031468904503,3.813663520509335,21.4750895473787,76.03778726496503,2.695632051604832,3.4110520379593003,0.5149705389050667
HCST,TYROBP,65.81732334744383,32.03454302457078,72.33800065125367,18.926698879407834,53.0364702051449,12.347075151639766,2.0545093709497273,4.2951204583575855,12.78085314229893,80.58132343846628,2.240611087407858,2.0905820723378365,0.5149371715627243
CD9,CYBA,38.18788668186259,11.29844762002673,80.75545424943016,58.918474349748124,34.060566590687074,7.25814742469415,3.379624205185019,4.692089111569758,4.127320091175513,89.19206992112557,1.3124649063847391,1.3883464038312767,0.5115835949248647
TAGLN2,TYROBP,88.04135460761967,83.7051506116994,72.33800065125367,18.926698879407834,66.2487788993813,17.65189678215277,1.0517907461308387,3.7528559599555003,21.79257570823836,75.24734165510864,2.701065213824662,3.568063299435665,0.5112899689667763
IL3RA,ANXA1,33.46629762292413,11.833042047907885,83.14881146206447,62.16716356533361,30.503093454900682,7.823583838799219,2.827968456377132,3.8983662368913623,2.9632041680234487,91.14570664072002,1.0703977805142304,1.3785041442384054,0.5092484222293115
CD9,RTN4,38.18788668186259,11.29844762002673,76.70954086616737,65.66258867071039,33.67795506349723,7.124498817723861,3.379624205185019,4.726399642327801,4.509931618365357,88.19015135365593,1.3467754371427825,1.3984985771721483,0.5082895286254188
CD9,CTSC,38.18788668186259,11.29844762002673,60.485183979159885,40.74226380178884,26.359492022142625,3.9888968849593915,3.379624205185019,6.606559713738293,11.828394659719962,69.02579407375826,3.2269355085532743,1.954820806290389,0.506475745796455
TGFB1,EMB,53.80983393031586,34.67667317775265,59.703679583197655,16.82944381618176,35.330511234125694,6.939446900380385,1.5517140857316054,5.090523959226506,18.479322696190167,65.65809379727685,3.538809873494901,3.2805811367152833,0.5052309626611293
TAGLN2,LGALS3BP,88.04135460761967,83.7051506116994,28.883099967437317,4.0711421815564925,27.18169977206122,3.372057160481135,1.0517907461308387,8.05847588073011,60.859654835558445,30.87378640776699,7.006685134599272,7.6616721628083875,0.5047031887687986
IL3RA,CYBA,33.46629762292413,11.833042047907885,80.75545424943016,58.918474349748124,30.250732660371213,7.874987149172407,2.827968456377132,3.8408814142808625,3.215564962552918,90.39163220627584,1.0129129579037306,1.3581768939535337,0.5026038089265658
EMB,HCST,59.703679583197655,16.82944381618176,65.81732334744383,32.03454302457078,42.47802018886356,6.579623727768069,3.5473621631887737,6.455014288329582,17.225659394334095,71.14807744750476,2.907652125140808,1.8196659916243452,0.5011229934945642
SLC9A3R1,TYROBP,41.6151090849886,35.416880847126556,72.33800065125367,18.926698879407834,33.15695213285575,10.290942736712244,1.1749745634023394,3.221641723149319,8.458156952132853,79.67527386541472,2.0466671597469794,2.741882099830745,0.5007097273144225
TYROBP,ANXA1,72.33800065125367,18.926698879407834,83.14881146206447,62.16716356533361,62.886681862585476,12.24426853089339,3.8218063966535802,5.135590265246506,9.451318788668189,86.93450371370696,1.313783868592926,1.3437599219424854,0.500361711998181
CAPNS1,EEF1A1,43.14555519374797,22.524930605530997,99.4545750569847,99.46540557211884,43.12927385216542,22.49408861930708,1.9153728185220478,1.9172751253421794,0.016281341582548237,99.9622641509434,0.001902306820131594,1.0009931783524,0.49990643609572355
EZR,EEF1A1,29.648323021817,33.453274390870774,99.4545750569847,99.46540557211884,29.640182351025725,33.4327130667215,0.8862342275134694,0.8865357638224248,0.008140670791274118,99.9725425590335,0.00030153630895546346,1.0003402444857061,0.49987778961061524
VDAC1,EEF1A1,49.86160859654836,34.40937596381207,99.4545750569847,99.46540557211884,49.84532725496581,34.3888146396628,1.4490283003296942,1.449421224779668,0.016281341582548237,99.9673469387755,0.0003929244499738527,1.0002711640965773,0.4998563809163762
S100A10,EEF1A1,43.70726147834581,28.48771460882081,99.4545750569847,99.46540557211884,43.658417453598176,28.38490798807443,1.5341956307433038,1.5380313876850469,0.048844024747637604,99.88824734587448,0.003835756941743096,1.0025001745963027,0.49963302457645953
SLC9A3R1,EEF1A1,41.6151090849886,35.416880847126556,99.4545750569847,99.46540557211884,41.574405731032236,35.386038860902644,1.1749745634023394,1.1748483927816211,0.04070335395636704,99.90219092331768,-0.0001261706207182911,0.9998926184237105,0.4995046460855525
CD9,TIMP1,38.18788668186259,11.29844762002673,52.92250081406708,28.82697645728385,25.94431781178769,3.947774236660841,3.379624205185019,6.570220594258815,12.243568870074895,67.93860584097207,3.1905963890737965,1.944068392035654,0.49922284865855016
IL1RAP,EEF1A1,31.773038098339303,10.157294129741956,99.4545750569847,99.46540557211884,31.683490719635298,10.105890819368767,3.1277926876829283,3.1348405049471104,0.08954737870400464,99.7181655137074,0.007047817264182132,1.0022532878511854,0.4989432184317461
TAGLN2,EEF1A1,88.04135460761967,83.7051506116994,99.4545750569847,99.46540557211884,87.85411917942038,83.55094068057983,1.0517907461308387,1.0514910660817303,0.18723542819928696,99.78733240869163,-0.0002996800491084084,0.9997150763588567,0.49892167804100274
TGFB1,EEF1A1,53.80983393031586,34.67667317775265,99.4545750569847,99.46540557211884,53.67144252686421,34.52246324663308,1.5517140857316054,1.5546366870391704,0.13839140345164935,99.74281391830559,0.0029226013075649426,1.0018834663772398,0.49886019965690614
CD63,TYROBP,69.96906545099316,68.3149994859669,72.33800065125367,18.926698879407834,53.476066427873654,15.924745553613652,1.0241973472900125,3.357837549761656,16.492999023119502,76.4281559045957,2.333640202471644,3.278506392001861,0.4988227896465607
ANXA1,EEF1A1,83.14881146206447,62.16716356533361,99.4545750569847,99.46540557211884,82.92087267990883,61.87930502724375,1.337482188526961,1.3400204256168686,0.2279387821556469,99.72586645780301,0.0025382370899076356,1.001897772629558,0.49875624414351044
IL2RG,EEF1A1,44.51318788668186,16.305130050375244,99.4545750569847,99.46540557211884,44.39107782481276,16.28456872622597,2.729843791823401,2.7257922993703136,0.12211006186910112,99.72567666422823,-0.004051492453087224,0.9985158519087347,0.4984258086984868
PLP2,EEF1A1,58.83262780853142,35.468284157499745,99.4545750569847,99.46540557211884,58.65353305112341,35.406600185051914,1.6586922799819646,1.6565238181797273,0.1790947574080093,99.69558599695586,-0.002168461802237287,0.9986926678152377,0.4983695068946674
S1PR4,EEF1A1,27.57245197004233,15.51351907062815,99.4545750569847,99.46540557211884,27.482904591338325,15.472396422329599,1.7772031375591961,1.7761391126564723,0.08954737870400464,99.6752288160614,-0.0010640249027238369,0.9994012924689154,0.49832294283517087
CTSA,EEF1A1,36.144578313253014,24.046468592577362,99.4545750569847,99.46540557211884,36.02246825138391,23.9745039580549,1.5030512743619766,1.5024697005078664,0.12211006186910112,99.66216216216215,-0.0005815738541101734,0.9996130711812496,0.4982817321181052
FCER1G,EEF1A1,26.872354281992838,7.371234707515164,99.4545750569847,99.46540557211884,26.790947574080104,7.3609540454405264,3.6450757942635077,3.639108232504184,0.08140670791273408,99.6970614965162,-0.005967561759323559,0.9983628428882837,0.49818692939461484
EMB,EEF1A1,59.703679583197655,16.82944381618176,99.4545750569847,99.46540557211884,59.45945945945946,16.74719851958466,3.5473621631887737,3.550200303031397,0.24422012373819513,99.59094627761112,0.0028381398426233773,1.000800070506495,0.4980966383801868
CD9,TAGLN2,38.18788668186259,11.29844762002673,88.04135460761967,83.7051506116994,36.38879843699121,9.561015729412974,3.379624205185019,3.8055572660331918,1.7990882448713776,95.28885099125985,0.42593306084817284,1.1260297106982209,0.4977409079987079
PLP2,VIM,58.83262780853142,35.468284157499745,89.62064474112667,80.15832219594942,57.408010420058616,30.96535416880847,1.6586922799819646,1.853883415112654,1.4246173884728037,97.57852497578526,0.19519113513068942,1.117677725691719,0.49765218163546077
VIM,EEF1A1,89.62064474112667,80.15832219594942,99.4545750569847,99.46540557211884,89.17290784760664,79.71625372674,1.118031468904503,1.1186149005242871,0.4477368935200303,99.50040875647197,0.000583431619784136,1.0005218382809526,0.49753121536334904
HCST,EEF1A1,65.81732334744383,32.03454302457078,99.4545750569847,99.46540557211884,65.53239986974927,31.993420376272233,2.0545093709497273,2.0482446345035066,0.28492347769456217,99.56709956709958,-0.00626473644622072,0.9969507384415945,0.4975222610131868
CD99,EEF1A1,89.77531748616086,78.35920633288784,99.4545750569847,99.46540557211884,89.34386193422338,78.10218978102189,1.145674848082707,1.1439207820412582,0.431455551937475,99.51940515052594,-0.0017540660414487874,0.9984689669635463,0.4975093224505573
CYBA,EEF1A1,80.75545424943016,58.918474349748124,99.4545750569847,99.46540557211884,80.34842070986649,58.7745450807032,1.3706071742945782,1.367038291172666,0.4070335395636704,99.49596774193547,-0.0035688831219122807,0.9973961298402301,0.49730139455358174
TYROBP,EEF1A1,72.33800065125367,18.926698879407834,99.4545750569847,99.46540557211884,72.02865516118528,18.90613755525856,3.8218063966535802,3.8096012656951483,0.30934549006838097,99.57236101733064,-0.012205130958431898,0.9968064497016074,0.4972515485387316
CD9,EEF1A1,38.18788668186259,11.29844762002673,99.4545750569847,99.46540557211884,37.98436991208076,11.24704430965354,3.379624205185019,3.3769754871503297,0.2035167697818281,99.46706459177148,-0.002648718034689246,0.9992162684742802,0.49720288705712296
EMP3,EEF1A1,70.35981764897427,68.28415749974299,99.4545750569847,99.46540557211884,69.97720612178443,68.01686028580241,1.030382300124871,1.0288063433302532,0.3826115271898374,99.45620733541595,-0.001575956794617861,0.9984705125520627,0.4972022388373488
CD63,EEF1A1,69.96906545099316,68.3149994859669,99.4545750569847,99.46540557211884,69.57831325301204,68.20191220314588,1.0241973472900125,1.0201663096990559,0.39075219798111505,99.44153577661432,-0.0040310375909566876,0.9960641983679974,0.4970061270035237
VIM,LGALS3BP,89.62064474112667,80.15832219594942,28.883099967437317,4.0711421815564925,28.10159557147509,3.546828415749974,1.118031468904503,7.920787670204932,61.51904916965158,31.356163139249706,6.802756201300429,7.084583833732402,0.49691862576127
CTSC,EEF1A1,60.485183979159885,40.74226380178884,99.4545750569847,99.46540557211884,60.12699446434386,40.70114115349028,1.4845443966740897,1.4772440161710723,0.3581895148160257,99.40780619111709,-0.007300380503017401,0.9950824101189747,0.4966740119304346
FCER1G,VIM,26.872354281992838,7.371234707515164,89.62064474112667,80.15832219594942,26.237381960273527,6.877762927932559,3.6450757942635077,3.814258789720971,0.6349723217193102,97.63707967282642,0.1691829954574633,1.0464141227800303,0.4966445481370052
IL3RA,EEF1A1,33.46629762292413,11.833042047907885,99.4545750569847,99.46540557211884,33.27092152393357,11.802200061683973,2.827968456377132,2.818805184192293,0.19537609899055752,99.41620043784967,-0.0091632721848387,0.9967597686020241,0.4966228385800064
TIMP1,EEF1A1,52.92250081406708,28.82697645728385,99.4545750569847,99.46540557211884,52.58059264083361,28.734450498612112,1.8358035255261687,1.82981619318525,0.34190817323347034,99.35394554683896,-0.0059873323409187496,0.9967385767280283,0.4964703611171488
VDAC1,EMB,49.86160859654836,34.40937596381207,59.703679583197655,16.82944381618176,32.82318463041354,6.846920941708646,1.4490283003296942,4.793160567975793,17.038423966134815,65.82857142857142,3.3441322676460987,3.307844689358528,0.496349470525162
IL3RA,VIM,33.46629762292413,11.833042047907885,89.62064474112667,80.15832219594942,32.261478345815696,10.362907371234707,2.827968456377132,3.1128682638903418,1.2048192771084345,96.39990270007297,0.28489980751320987,1.1007436298911872,0.49624450387602537
IL1RAP,ANXA1,31.773038098339303,10.157294129741956,83.14881146206447,62.16716356533361,28.728427222403127,7.186182790171687,3.1277926876829283,3.997174979560644,3.0446108759361756,90.41762746605177,0.8693822918777157,1.2779539370691972,0.4955572519241446
FCER1G,CD99,26.872354281992838,7.371234707515164,89.77531748616086,78.35920633288784,25.911755128622598,6.631027038141256,3.6450757942635077,3.9070641569466265,0.9605991533702394,96.42532565889124,0.26198836268311876,1.0718745994515195,0.4952260464286121
SLC9A3R1,FTL,41.6151090849886,35.416880847126556,95.02605014653207,96.42232959802611,41.21621621621622,35.200986943559165,1.1749745634023394,1.1708491421890452,0.3988928687723856,99.0414710485133,-0.004125421213294178,0.996488927214434,0.4950010841819018
PLP2,EMB,58.83262780853142,35.468284157499745,59.703679583197655,16.82944381618176,38.27743406056659,7.587128611082553,1.6586922799819646,5.044383934750649,20.55519374796483,65.06157465061575,3.3856916547686846,3.041181294221432,0.49459245599151297
S1PR4,FTL,27.57245197004233,15.51351907062815,95.02605014653207,96.42232959802611,27.222403126017586,15.256502518762208,1.7772031375591961,1.7841978457838756,0.35004884402474445,98.73043991733098,0.006994708224679513,1.0039357955637451,0.49400193499788886
TYROBP,PTPRC,72.33800065125367,18.926698879407834,82.39986974926734,64.63452246324664,60.69684141973298,11.452657551146293,3.8218063966535802,5.299341380575709,11.641159231520682,83.90726986270536,1.4775349839221286,1.3866064448518052,0.49341309850963333
VDAC1,FTL,49.86160859654836,34.40937596381207,95.02605014653207,96.42232959802611,49.251058287202866,34.26544669476714,1.4490283003296942,1.437296919809431,0.6105503093454914,98.77551020408163,-0.011731380520263235,0.9919039672878756,0.493290981994395
CAPNS1,FTL,43.14555519374797,22.524930605530997,95.02605014653207,96.42232959802611,42.57570823835884,22.267914053665056,1.9153728185220478,1.9118897372254962,0.5698469553891243,98.67924528301887,-0.0034830812965516156,0.9981815126210054,0.49322207235026677
EMP3,VIM,70.35981764897427,68.28415749974299,89.62064474112667,80.15832219594942,68.18625854770433,56.73897398992495,1.030382300124871,1.201732284188425,2.1735591012699444,96.91079486289483,0.17134998406355395,1.1662974839948126,0.49312147351765184
TGFB1,VIM,53.80983393031586,34.67667317775265,89.62064474112667,80.15832219594942,51.78280690328883,29.248483602343992,1.5517140857316054,1.770383628213493,2.0270270270270316,96.23298033282904,0.21866954248188764,1.1409212847215915,0.4920983787882396
TGFB1,FTL,53.80983393031586,34.67667317775265,95.02605014653207,96.42232959802611,52.90621947248453,34.04955279119975,1.5517140857316054,1.5537550828296087,0.9036144578313312,98.32072617246594,0.0020409970980033165,1.0013153177616745,0.49170568071722986
S100A10,FTL,43.70726147834581,28.48771460882081,95.02605014653207,96.42232959802611,42.95831976554868,27.983962167163565,1.5341956307433038,1.5350501283133502,0.7489417127971336,98.28645930340846,0.0008544975700464086,1.0005569678031427,0.4914750213955446
CD9,TGFB1,38.18788668186259,11.29844762002673,53.80983393031586,34.67667317775265,25.70823835884077,3.9683355608101163,3.379624205185019,6.47671076556548,12.479648323021816,67.32040076742699,3.097086560380461,1.9163996859854748,0.491456331856158
TIMP1,CD99,52.92250081406708,28.82697645728385,89.77531748616086,78.35920633288784,50.93617714099642,24.99228950344402,1.8358035255261687,2.037994123741796,1.9863236730706575,96.24673127211199,0.20219059821562713,1.1101373842049227,0.49134318627134127
IL3RA,CD99,33.46629762292413,11.833042047907885,89.77531748616086,78.35920633288784,32.17193096711169,10.599362598951373,2.827968456377132,3.0349840080276365,1.2943666558124391,96.13232790075408,0.20701555165050456,1.0732029210522769,0.4910124170862956
S100A10,CD99,43.70726147834581,28.48771460882081,89.77531748616086,78.35920633288784,42.33148811462065,25.372674000205613,1.5341956307433038,1.6683231649574128,1.3757733637251661,96.85230024213077,0.13412753421410906,1.0874253136473382,0.49096787792135926
CTSA,VIM,36.144578313253014,24.046468592577362,89.62064474112667,80.15832219594942,34.42689677629436,19.214557417497687,1.5030512743619766,1.791615826088148,1.7176815369586507,95.24774774774774,0.28856455172617146,1.1919858335163336,0.49066696632504725
SLC9A3R1,YBX1,41.6151090849886,35.416880847126556,91.78606317160533,89.23614680785442,40.74405731032237,34.10095610157294,1.1749745634023394,1.1947718538187628,0.8710517746662347,97.90688575899843,0.01979729041642342,1.016849122553851,0.4905242933158133
VDAC1,YBX1,49.86160859654836,34.40937596381207,91.78606317160533,89.23614680785442,48.819602735265384,33.24766114937802,1.4490283003296942,1.4683178524371545,1.0420058612829735,97.91020408163264,0.019289552107460306,1.0133120602979744,0.4905154980135362
PLP2,FTL,58.83262780853142,35.468284157499745,95.02605014653207,96.42232959802611,57.75805926408336,35.015935026215686,1.6586922799819646,1.6494321739136324,1.0745685444480628,98.17351598173516,-0.009260106068332163,0.9944172248342333,0.4904045746052592
EZR,FTL,29.648323021817,33.453274390870774,95.02605014653207,96.42232959802611,29.045913383262782,33.000925259586715,0.8862342275134694,0.8801278457178873,0.6024096385542173,97.96814936847885,-0.006106381795582094,0.9931097427677614,0.48953542775261516
PLP2,CD99,58.83262780853142,35.468284157499745,89.77531748616086,78.35920633288784,57.0172582220775,32.56913745245194,1.6586922799819646,1.7505992507804151,1.8153695864539188,96.91434896914349,0.09190697079845056,1.0554092955683436,0.48916709338564
S100A10,VIM,43.70726147834581,28.48771460882081,89.62064474112667,80.15832219594942,42.551286225985024,26.93533463555053,1.5341956307433038,1.5796984556995333,1.1559752523607898,97.35518718569567,0.04550282495622948,1.0296590760946072,0.4890510771762898
TYROBP,CYBA,72.33800065125367,18.926698879407834,80.75545424943016,58.918474349748124,62.886681862585476,12.809704944998458,3.8218063966535802,4.908916576611784,9.451318788668189,86.93450371370696,1.0871101799582035,1.284449306723148,0.4890280275664449
EMP3,CD99,70.35981764897427,68.28415749974299,89.77531748616086,78.35920633288784,67.51872354281993,56.05016963092423,1.030382300124871,1.2045908049270908,2.841094106154344,95.96205021404606,0.17420850480221972,1.1690717171491665,0.4885206763103413
TGFB1,CD99,53.80983393031586,34.67667317775265,89.77531748616086,78.35920633288784,51.70954086616737,30.255988485658477,1.5517140857316054,1.7090114864100636,2.100293064148488,96.09682299546142,0.1572974006784582,1.1013700926767673,0.48834898501123
CTSA,FTL,36.144578313253014,24.046468592577362,95.02605014653207,96.42232959802611,35.2979485509606,23.563277475069395,1.5030512743619766,1.4979431721725915,0.8466297622924159,97.65765765765765,-0.0051081021893850664,0.9966015116872488,0.488032883178819
CAPNS1,YBX1,43.14555519374797,22.524930605530997,91.78606317160533,89.23614680785442,41.900032562683165,21.35293512902231,1.9153728185220478,1.9621691416368725,1.2455226310648015,97.11320754716981,0.046796323114824734,1.0244319657574206,0.4879058538915903
PLP2,ANXA1,58.83262780853142,35.468284157499745,83.14881146206447,62.16716356533361,53.769130576359494,23.62496144751722,1.6586922799819646,2.2758494165751686,5.063497232171926,91.39338591393387,0.617157136593204,1.3720745216224883,0.4878247863993295
FCER1G,FTL,26.872354281992838,7.371234707515164,95.02605014653207,96.42232959802611,26.253663301856072,7.25814742469415,3.6450757942635077,3.6166317841329993,0.6186909801367655,97.69766737352316,-0.028444010130508346,0.9921965929555505,0.4870661363610904
S1PR4,YBX1,27.57245197004233,15.51351907062815,91.78606317160533,89.23614680785442,26.733962878541192,14.670504780507864,1.7772031375591961,1.8221691147904038,0.8384890915011383,96.9589607322114,0.044965977231207654,1.0253015405391213,0.48704310252261734
TIMP1,VIM,52.92250081406708,28.82697645728385,89.62064474112667,80.15832219594942,50.92803647020514,26.164284979952708,1.8358035255261687,1.9463971636167974,1.9944643438619352,96.2313490232272,0.11059363809062872,1.0602426330230141,0.48668642702066744
CD9,FTL,38.18788668186259,11.29844762002673,95.02605014653207,96.42232959802611,37.15402149137089,10.979747095712964,3.379624205185019,3.3835604415182585,1.0338651904916958,97.29268812619911,0.0039362363332395844,1.0011646964556593,0.48666025244765754
TAGLN2,FTL,88.04135460761967,83.7051506116994,95.02605014653207,96.42232959802611,85.77824812764572,82.666803742161,1.0517907461308387,1.0376258258316156,2.263106479973942,97.42949607027278,-0.014164920299223116,0.9865325680499369,0.48643923433640274
IL2RG,VIM,44.51318788668186,16.305130050375244,89.62064474112667,80.15832219594942,42.29892543145555,14.310681607895548,2.729843791823401,2.955552435439861,2.2142624552263115,95.0256035113387,0.22570864361646015,1.0826818898182076,0.4864134497375165
SLC9A3R1,VIM,41.6151090849886,35.416880847126556,89.62064474112667,80.15832219594942,39.824161510908496,29.978410609643262,1.1749745634023394,1.328383737407384,1.790947574080107,95.69640062597809,0.1534091740050445,1.13056382562089,0.48615246183014266
IL2RG,FTL,44.51318788668186,16.305130050375244,95.02605014653207,96.42232959802611,43.373493975903614,16.01727151228539,2.729843791823401,2.7077512041569425,1.1396939107782487,97.43964886613021,-0.022092587666458385,0.9919070139717769,0.48609361494732817
EMB,FTL,59.703679583197655,16.82944381618176,95.02605014653207,96.42232959802611,57.74991859329209,16.06867482265858,3.5473621631887737,3.5937204225105717,1.9537609899055681,96.72757022088902,0.046358259321797934,1.0130683750880756,0.485955764070535
IL1RAP,VIM,31.773038098339303,10.157294129741956,89.62064474112667,80.15832219594942,30.30771735591013,9.170350570576746,3.1277926876829283,3.3046078789248825,1.4653207424291743,95.38816295157572,0.17681519124195422,1.0565303422884267,0.4857815743199763
HCST,FTL,65.81732334744383,32.03454302457078,95.02605014653207,96.42232959802611,64.034516444155,31.458825948391077,2.0545093709497273,2.035437721403855,1.7828069032888294,97.29128014842301,-0.019071649545872482,0.9907171756841117,0.48550281826482145
EMP3,FTL,70.35981764897427,68.28415749974299,95.02605014653207,96.42232959802611,68.38977531748615,67.29721394057778,1.030382300124871,1.0162197674053013,1.9700423314881164,97.20004628022677,-0.014162532719569798,0.9862550698727517,0.4852921047651554
IL1RAP,FTL,31.773038098339303,10.157294129741956,95.02605014653207,96.42232959802611,30.861282969716704,9.889996915801378,3.1277926876829283,3.12013877189813,0.9117551286225982,97.13041250320266,-0.0076539157847981265,0.9975529337941933,0.48526936672677345
SLC9A3R1,PFN1,41.6151090849886,35.416880847126556,89.02637577336372,86.37812275110517,40.320742429176164,33.88506219800555,1.1749745634023394,1.1898916490671303,1.2943666558124391,96.88967136150235,0.014917085664790886,1.0126956668930738,0.4851942110907513
TGFB1,CD9,53.80983393031586,34.67667317775265,38.18788668186259,11.29844762002673,25.70823835884077,3.9683355608101163,1.5517140857316054,6.47671076556548,28.10159557147509,47.77609682299546,4.924996679833875,4.17390731006468,0.48513031810667107
HCST,ANXA1,65.81732334744383,32.03454302457078,83.14881146206447,62.16716356533361,58.409312927385216,20.304307597409274,2.0545093709497273,2.8765539574902856,7.408010420058616,88.74458874458874,0.8220445865405583,1.4001172241723854,0.4848251730499716
IL2RG,ANXA1,44.51318788668186,16.305130050375244,83.14881146206447,62.16716356533361,39.77531748616086,11.401254240773106,2.729843791823401,3.488373145016277,4.737870400521004,89.35625457205559,0.7585293531928761,1.2778654791401878,0.48470774051992177
SLC9A3R1,TAGLN2,41.6151090849886,35.416880847126556,88.04135460761967,83.7051506116994,40.18235102572452,33.12429320448237,1.1749745634023394,1.2130413692545738,1.4327580592640814,96.55712050078247,0.03806680585223443,1.0323979829333543,0.48468894279652414
S1PR4,CD99,27.57245197004233,15.51351907062815,89.77531748616086,78.35920633288784,26.155975252360793,13.2312120900586,1.7772031375591961,1.9766895417291457,1.4164767176815367,94.86271036315324,0.19948640416994956,1.1122473846427727,0.48428787202426365
CAPNS1,PFN1,43.14555519374797,22.524930605530997,89.02637577336372,86.37812275110517,41.5255617062846,21.013673280559267,1.9153728185220478,1.9760269956088259,1.6199934874633684,96.24528301886792,0.060654177086778116,1.0316670344803058,0.48425912394867854
CD99,LGALS3BP,89.77531748616086,78.35920633288784,28.883099967437317,4.0711421815564925,27.8248127645718,3.598231726123162,1.145674848082707,7.7307644747126965,61.950504721589056,30.99383387740297,6.58508962662999,6.7477823115783435,0.48422365071851436
CTSC,VIM,60.485183979159885,40.74226380178884,89.62064474112667,80.15832219594942,56.626506024096386,31.44854528631644,1.4845443966740897,1.8005508667476453,3.8586779550634986,93.62045760430686,0.31600647007355565,1.2128642772702003,0.4839026115252121
ANXA1,FTL,83.14881146206447,62.16716356533361,95.02605014653207,96.42232959802611,80.46239010094432,60.25496041945101,1.337482188526961,1.3353432513702088,2.6864213611201535,96.76914039553554,-0.0021389371567521742,0.9984007733522733,0.4837387551198401
EZR,YBX1,29.648323021817,33.453274390870774,91.78606317160533,89.23614680785442,28.638879843699122,31.952297727973683,0.8862342275134694,0.8962730572446381,1.009443178117877,96.59527732015376,0.010038829731168764,1.0113275129977037,0.48347832808732727
SLC9A3R1,CD99,41.6151090849886,35.416880847126556,89.77531748616086,78.35920633288784,40.019537609899054,32.61026010075049,1.1749745634023394,1.2271693116506737,1.5955714750895496,96.1658841940532,0.052194748248334255,1.0444220239944562,0.48343915838268275
VDAC1,VIM,49.86160859654836,34.40937596381207,89.62064474112667,80.15832219594942,46.89840442852491,27.459648401357047,1.4490283003296942,1.7078403882920439,2.963204168023445,94.05714285714286,0.25881208796234967,1.1786107889704174,0.4832263186838318
S100A10,TAGLN2,43.70726147834581,28.48771460882081,88.04135460761967,83.7051506116994,41.95701725822208,26.236249614475174,1.5341956307433038,1.5991393105119622,1.750244220123733,95.99552989383498,0.06494367976865845,1.0423307682979086,0.48322483345760786
CTSA,CD99,36.144578313253014,24.046468592577362,89.77531748616086,78.35920633288784,34.48388147183328,21.27068983242521,1.5030512743619766,1.6211162227115705,1.6606968414197354,95.4054054054054,0.11806494834959391,1.0785501801325512,0.4829302744445067
CAPNS1,CD99,43.14555519374797,22.524930605530997,89.77531748616086,78.35920633288784,40.8254640182351,19.399609334841163,1.9153728185220478,2.1043392665465137,2.3200911755128644,94.62264150943396,0.18896644802446594,1.098657789333294,0.4825615299483931
S100A10,ANXA1,43.70726147834581,28.48771460882081,83.14881146206447,62.16716356533361,40.26375773363725,20.458517528528837,1.5341956307433038,1.9679720050823923,3.443503744708565,92.12143788414974,0.43377637433908856,1.282738632314399,0.4822960081377032
TGFB1,YBX1,53.80983393031586,34.67667317775265,91.78606317160533,89.23614680785442,51.685118853793554,32.528014804153386,1.5517140857316054,1.5888928442798789,2.124715076522307,96.05143721633887,0.03717875854827346,1.0239597996113725,0.482116124009108
TIMP1,FTL,52.92250081406708,28.82697645728385,95.02605014653207,96.42232959802611,51.180397264734616,28.323224015626607,1.8358035255261687,1.806947905668948,1.7421035493324624,96.7081987386556,-0.028855619857220738,0.9842817494051003,0.4820982127004169
IL2RG,CD99,44.51318788668186,16.305130050375244,89.77531748616086,78.35920633288784,42.33148811462065,14.804153387478154,2.729843791823401,2.8592400907121713,2.181699772061215,95.09875640087783,0.12939629888877047,1.047400623902491,0.48196359694882773
CAPNS1,ANXA1,43.14555519374797,22.524930605530997,83.14881146206447,62.16716356533361,39.11592315206773,15.729412974195538,1.9153728185220478,2.4866431171409307,4.029632041680237,90.66037735849056,0.5712702986188829,1.2982554065164662,0.481865401723397
TIMP1,CD9,52.92250081406708,28.82697645728385,38.18788668186259,11.29844762002673,25.94431781178769,3.947774236660841,1.8358035255261687,6.570220594258815,26.978183002279387,49.02322719581603,4.734417068732647,3.5789345117286953,0.4818369894157125
CYBA,FTL,80.75545424943016,58.918474349748124,95.02605014653207,96.42232959802611,77.9143601432758,57.489462321373495,1.3706071742945782,1.355257150442313,2.841094106154358,96.48185483870967,-0.015350023852265249,0.9888005665371148,0.4816417730009351
S100A10,YBX1,43.70726147834581,28.48771460882081,91.78606317160533,89.23614680785442,41.8593292087268,26.349336897296187,1.5341956307433038,1.5885690331732338,1.8479322696190152,95.77202458558392,0.05437340242993005,1.0354409837574539,0.4815787930494161
IL3RA,FTL,33.46629762292413,11.833042047907885,95.02605014653207,96.42232959802611,32.34288505372843,11.586306158116583,2.827968456377132,2.7912341844073176,1.1234125691957004,96.64315251763561,-0.03673427196981427,0.9870103671464306,0.48137904898968736
CAPNS1,VIM,43.14555519374797,22.524930605530997,89.62064474112667,80.15832219594942,40.81732334744383,19.625783900483192,1.9153728185220478,2.079674568915947,2.328231846304135,94.60377358490565,0.16430175039389927,1.0857805586489835,0.48123395544422326
CD63,FTL,69.96906545099316,68.3149994859669,95.02605014653207,96.42232959802611,67.48616085965483,67.24581063020459,1.0241973472900125,1.003559280019486,2.4829045913383254,96.45142524723677,-0.02063806727052664,0.9798495208710175,0.4812252228726575
VDAC1,PFN1,49.86160859654836,34.40937596381207,89.02637577336372,86.37812275110517,47.9648323021817,33.052328569959904,1.4490283003296942,1.45113470798139,1.89677629436666,96.19591836734693,0.0021064076516958963,1.0014536690906704,0.4810849122193195
TYROBP,FTL,72.33800065125367,18.926698879407834,95.02605014653207,96.42232959802611,70.16444154998372,18.76220828621363,3.8218063966535802,3.739469310349095,2.1735591012699444,96.99527346387576,-0.08233708630448522,0.9784559766353993,0.4808595130041546
TIMP1,ANXA1,52.92250081406708,28.82697645728385,83.14881146206447,62.16716356533361,47.53337675024422,19.307083376169427,1.8358035255261687,2.461838175450974,5.389124063822855,89.81695123827103,0.6260346499248053,1.3410139708416642,0.4803864886875955
CD99,FTL,89.77531748616086,78.35920633288784,95.02605014653207,96.42232959802611,86.40507977857375,76.63205510434872,1.145674848082707,1.1275170963876981,3.3702377075871084,96.24591947769315,-0.018157751695008884,0.9841510427453339,0.48032170980371525
TGFB1,TAGLN2,53.80983393031586,34.67667317775265,88.04135460761967,83.7051506116994,51.25366330185607,31.427983962167165,1.5517140857316054,1.6307769720953431,2.556170628459789,95.24962178517397,0.0790628863637377,1.0509519679499855,0.48020125324405677
VIM,FTL,89.62064474112667,80.15832219594942,95.02605014653207,96.42232959802611,86.07131227613155,77.38254343579726,1.118031468904503,1.1122689457551431,3.5493324649951177,96.03960396039604,-0.005762523149359877,0.994845830989886,0.4799098936445122
CAPNS1,TAGLN2,43.14555519374797,22.524930605530997,88.04135460761967,83.7051506116994,41.00455877564311,20.437956204379564,1.9153728185220478,2.0061963226310375,2.140996418104855,95.03773584905659,0.09082350410898976,1.0474181857603428,0.47972985445073246
CTSC,SCN9A,60.485183979159885,40.74226380178884,33.86519049169652,10.064768171070217,26.37577336372517,3.927212912511566,1.4845443966740897,6.714445971020801,34.10941061543471,43.60699865410498,5.229901574346711,4.522900080363754,0.47953007198786046
CTSC,FTL,60.485183979159885,40.74226380178884,95.02605014653207,96.42232959802611,58.20579615760339,40.104862753161306,1.4845443966740897,1.451303928202252,2.2793878215564973,96.23149394347242,-0.0332404684718377,0.9776089765005963,0.47949544629377017
CD63,CD99,69.96906545099316,68.3149994859669,89.77531748616086,78.35920633288784,66.15109084988603,57.16048113498509,1.0241973472900125,1.1572669135999512,3.8179746011071245,94.543339150669,0.1330695663099386,1.1299257088119157,0.47937017406884197
HCST,CD99,65.81732334744383,32.03454302457078,89.77531748616086,78.35920633288784,62.69130576359492,29.62886809910558,2.0545093709497273,2.1158145407163436,3.1260175838489133,95.25046382189238,0.06130516976661626,1.0298393235063596,0.47931757759779275
CTSA,ANXA1,36.144578313253014,24.046468592577362,83.14881146206447,62.16716356533361,32.49755779876262,15.492957746478874,1.5030512743619766,2.0974342598906306,3.647020514490393,89.90990990990991,0.594382985528654,1.3954509042154672,0.4792686988259823
TIMP1,CYBA,52.92250081406708,28.82697645728385,80.75545424943016,58.918474349748124,47.56593943340931,19.553819265960726,1.8358035255261687,2.4324407598186206,5.356561380657766,89.8784802338102,0.596637234292452,1.325000592926439,0.47922426288367354
TGFB1,PFN1,53.80983393031586,34.67667317775265,89.02637577336372,86.37812275110517,51.204819277108435,31.69528117610774,1.5517140857316054,1.615483500812265,2.6050146532074265,95.15885022692889,0.06376941508065959,1.0410961114982684,0.47898272188867747
IL1RAP,YBX1,31.773038098339303,10.157294129741956,91.78606317160533,89.23614680785442,30.23445131878867,9.478770432815873,3.1277926876829283,3.1893653473006967,1.5385867795506343,95.15757109915451,0.061572659617768366,1.0196856587906986,0.4788664884766609
ANXA1,VIM,83.14881146206447,62.16716356533361,89.62064474112667,80.15832219594942,78.46792575708238,53.16130358795107,1.337482188526961,1.4760068782058327,4.680885704982089,94.37047190131193,0.13852468967887166,1.1035712406992395,0.4787785939905032
S1PR4,PFN1,27.57245197004233,15.51351907062815,89.02637577336372,86.37812275110517,26.229241289482253,14.25927829752236,1.7772031375591961,1.8393218380625453,1.3432106805600768,95.12843224092119,0.06211870050334922,1.034953067092073,0.4787480962297734
S100A10,PFN1,43.70726147834581,28.48771460882081,89.02637577336372,86.37812275110517,41.50113969391078,25.742777834892568,1.5341956307433038,1.612084285378699,2.206121784435034,94.95250512199665,0.07788865463539518,1.0507683981590137,0.47865695834175304
HCST,VIM,65.81732334744383,32.03454302457078,89.62064474112667,80.15832219594942,62.15402149137089,28.456872622596894,2.0545093709497273,2.184071252115229,3.663301856072941,94.43413729128015,0.1295618811655017,1.0630622001522485,0.47864878051467585
S1PR4,VIM,27.57245197004233,15.51351907062815,89.62064474112667,80.15832219594942,25.903614457831324,13.251773414207875,1.7772031375591961,1.95458064876148,1.668837512211006,93.94744611750812,0.17737751120228396,1.09980711121515,0.47860610614765475
PLP2,YBX1,58.83262780853142,35.468284157499745,91.78606317160533,89.23614680785442,56.26831650928037,33.80281690140845,1.6586922799819646,1.6645551203105686,2.5643112992510524,95.64134495641345,0.005862840328604069,1.0035346160341856,0.4784998667984975
S1PR4,TAGLN2,27.57245197004233,15.51351907062815,88.04135460761967,83.7051506116994,26.04200586128297,13.734964531715843,1.7772031375591961,1.8958993233531527,1.5304461087593602,94.44936521995866,0.11869618579395658,1.0667881927988117,0.47818163538949116
IL1RAP,PTPRC,31.773038098339303,10.157294129741956,82.39986974926734,64.63452246324664,28.30511234125692,7.494602652410816,3.1277926876829283,3.7762290310510425,3.4679257570823836,89.08531898539584,0.6484363433681142,1.2073143613135295,0.4778484120953849
PLP2,TAGLN2,58.83262780853142,35.468284157499745,88.04135460761967,83.7051506116994,55.96711169000326,33.01120592166136,1.6586922799819646,1.6953460130115015,2.865516118528163,95.12937595129377,0.036653733029536895,1.0220979704746291,0.4774795664079457
IL3RA,PTPRC,33.46629762292413,11.833042047907885,82.39986974926734,64.63452246324664,29.50179094757408,8.286213632157912,2.827968456377132,3.5599167895340105,3.9645066753500515,88.15373388469958,0.7319483331568786,1.2588247869265723,0.47736608608134184
IL2RG,CYBA,44.51318788668186,16.305130050375244,80.75545424943016,58.918474349748124,39.28687723868447,11.390973578698468,2.729843791823401,3.4486453964522794,5.226310647997394,88.25896122896854,0.7188016046288785,1.2633123575722092,0.47723488637628664
ANXA1,CD99,83.14881146206447,62.16716356533361,89.77531748616086,78.35920633288784,77.39335721263433,49.16212604091704,1.337482188526961,1.5742155441503474,5.755454249430144,93.07812805952615,0.23673335562338638,1.1769992584978743,0.4772273080788001
CD63,VIM,69.96906545099316,68.3149994859669,89.62064474112667,80.15832219594942,65.78476066427874,56.42027346561119,1.0241973472900125,1.1659566795204401,4.184304786714421,94.01977894124491,0.14175933223042758,1.138410173201012,0.47718686131774596
PLP2,PFN1,58.83262780853142,35.468284157499745,89.02637577336372,86.37812275110517,56.024096385542165,33.453274390870774,1.6586922799819646,1.6746468846094715,2.8085314229892546,95.22623495226235,0.015954604627506974,1.0096187851237124,0.4769289049926871
VDAC1,CD99,49.86160859654836,34.40937596381207,89.77531748616086,78.35920633288784,47.199609247802016,31.1092834378534,1.4490283003296942,1.5171706597302148,2.661999348746342,94.6612244897959,0.0681423594005206,1.0470262446806706,0.47671324041900554
TAGLN2,YBX1,88.04135460761967,83.7051506116994,91.78606317160533,89.23614680785442,83.73493975903614,78.33864500873857,1.0517907461308387,1.0688705539793515,4.306414848583529,95.10864539990753,0.017079807848512818,1.0162387888573305,0.4763972173919633
CD9,YBX1,38.18788668186259,11.29844762002673,91.78606317160533,89.23614680785442,35.95734288505373,10.301223398786881,3.379624205185019,3.4902507442507815,2.2305437968088597,94.15902792581538,0.11062653906576259,1.0327333846455589,0.47632646658236505
IL2RG,YBX1,44.51318788668186,16.305130050375244,91.78606317160533,89.23614680785442,42.34776945620319,15.441554436105685,2.729843791823401,2.74227749245885,2.165418430478674,95.1353328456474,0.012433700635449352,1.0045547297148252,0.47629834926000947
TYROBP,CD99,72.33800065125367,18.926698879407834,89.77531748616086,78.35920633288784,68.0153044610876,17.240670299167267,3.8218063966535802,3.9448210806103035,4.32269619016607,94.02430790006751,0.12301468395672321,1.0321875760280366,0.47627227369817376
CYBA,CD99,80.75545424943016,58.918474349748124,89.77531748616086,78.35920633288784,75.53728427222403,49.203248689215584,1.3706071742945782,1.5351780849115988,5.218169977206131,93.5383064516129,0.16457091061702056,1.1200715374204295,0.4759200777889155
FCER1G,TAGLN2,26.872354281992838,7.371234707515164,88.04135460761967,83.7051506116994,25.350048844024748,6.805798293410096,3.6450757942635077,3.724225069011819,1.5223054379680896,94.33504998485307,0.07914927474831135,1.0217140271466711,0.4756327136616809
VDAC1,TAGLN2,49.86160859654836,34.40937596381207,88.04135460761967,83.7051506116994,47.32171930967112,32.209314279839624,1.4490283003296942,1.4691480157115293,2.5398892868772407,94.90612244897959,0.0201197153818351,1.0138849706229045,0.47553659801398973
TGFB1,ANXA1,53.80983393031586,34.67667317775265,83.14881146206447,62.16716356533361,48.176489742754804,22.843631129844763,1.5517140857316054,2.108875799697895,5.6333441875610575,89.53101361573374,0.5571617139662894,1.3590620972571745,0.47551315377698317
VIM,CD99,89.62064474112667,80.15832219594942,89.77531748616086,78.35920633288784,83.58026701400195,64.19245399403722,1.118031468904503,1.3020060740424642,6.040377727124721,93.26005995094921,0.18397460513796116,1.16455226015975,0.4754990300116441
CD9,EMP3,38.18788668186259,11.29844762002673,70.35981764897427,68.28415749974299,33.30348420709866,7.998355094068058,3.379624205185019,4.163271140669195,4.884402474763924,87.20955020251544,0.7836469354841764,1.2318739859543868,0.47523009778678604
HCST,SCN9A,65.81732334744383,32.03454302457078,33.86519049169652,10.064768171070217,25.398892868772386,3.3000925259586715,2.0545093709497273,7.69408693305144,40.418430478671446,38.5899814471243,5.639577562101713,3.7449753414824944,0.47492878534070715
FCER1G,PFN1,26.872354281992838,7.371234707515164,89.02637577336372,86.37812275110517,25.374470856398567,6.857201603783284,3.6450757942635077,3.6998724042175866,1.4978834255942708,94.42593153589821,0.05479660995407887,1.0150330509012504,0.474869488177195
CYBA,VIM,80.75545424943016,58.918474349748124,89.62064474112667,80.15832219594942,75.17095408661673,48.25742777834893,1.3706071742945782,1.5576751574228052,5.584500162813427,93.08467741935482,0.18706798312822692,1.1364854836868243,0.4747767862531855
EMB,YBX1,59.703679583197655,16.82944381618176,91.78606317160533,89.23614680785442,56.12992510582872,15.451835098180323,3.5473621631887737,3.6323383216868987,3.5737544773689365,94.01418052904282,0.08497615849812501,1.023954745692427,0.4743197105701203
FCER1G,YBX1,26.872354281992838,7.371234707515164,91.78606317160533,89.23614680785442,25.529143601432757,7.031972859052123,3.6450757942635077,3.629922098814053,1.3432106805600803,95.0015146925174,-0.015153695449454663,0.9958426940056218,0.4742498886901143
CTSC,CD9,60.485183979159885,40.74226380178884,38.18788668186259,11.29844762002673,26.359492022142625,3.9888968849593915,1.4845443966740897,6.606559713738293,34.12569195701726,43.58008075370121,5.1220153170642035,4.450227105729778,0.47400116962171623
VDAC1,ANXA1,49.86160859654836,34.40937596381207,83.14881146206447,62.16716356533361,44.53760989905568,22.339878688187518,1.4490283003296942,1.993547815225568,5.3239986974926765,89.32244897959183,0.5445195148958737,1.3757825259672156,0.4738382206427528
CTSC,CD99,60.485183979159885,40.74226380178884,89.77531748616086,78.35920633288784,56.976554868121134,36.96926082039683,1.4845443966740897,1.541145601999287,3.5086291110387506,94.1991924629879,0.05660120532519741,1.038126987277716,0.4738260225811993
CTSA,YBX1,36.144578313253014,24.046468592577362,91.78606317160533,89.23614680785442,34.198957994138716,22.535211267605632,1.5030512743619766,1.51751142142058,1.9456203191142976,94.61711711711712,0.014460147058603434,1.0096205281251909,0.47380859293851574
CD99,VIM,89.77531748616086,78.35920633288784,89.62064474112667,80.15832219594942,83.58026701400195,64.19245399403722,1.145674848082707,1.3020060740424642,6.195050472158911,93.09938338774029,0.15633122595975713,1.136453397943909,0.4733134782366893
IL2RG,PFN1,44.51318788668186,16.305130050375244,89.02637577336372,86.37812275110517,41.891891891891895,15.071450601418732,2.729843791823401,2.7793683323101233,2.6212959947899677,94.1111923920995,0.04952454048672239,1.0181418953842931,0.4730321889848336
IL1RAP,CD99,31.773038098339303,10.157294129741956,89.77531748616086,78.35920633288784,29.843699120807553,9.345121825845585,3.1277926876829283,3.1931639322610117,1.9293389775317493,93.92774788624135,0.06537124457808341,1.0209001206619326,0.4729073016601109
TGFB1,CYBA,53.80983393031586,34.67667317775265,80.75545424943016,58.918474349748124,48.0869423640508,23.20345430245708,1.5517140857316054,2.072315157135971,5.722891566265062,89.36459909228441,0.5206010714043656,1.3355006416397333,0.4728530490316403
FCER1G,CD74,26.872354281992838,7.371234707515164,89.09150113969392,88.99969158013776,25.398892868772386,6.96000822452966,3.6450757942635077,3.6487376612011593,1.473461413220452,94.51681308694334,0.003661866937651581,1.0010046065279121,0.4727671587815993
IL3RA,HCST,33.46629762292413,11.833042047907885,65.81732334744383,32.03454302457078,25.71637902963204,5.592680168602858,2.827968456377132,4.5973988956281815,7.74991859329209,76.84261736803697,1.7694304392510496,1.6256895953916828,0.4726846088027373
EMB,CD99,59.703679583197655,16.82944381618176,89.77531748616086,78.35920633288784,54.925105828720284,14.454610876940475,3.5473621631887737,3.7995700282951423,4.778573754477371,91.99618216525771,0.2522078651063686,1.071097298077864,0.47259130408160693
EZR,TAGLN2,29.648323021817,33.453274390870774,88.04135460761967,83.7051506116994,28.012048192771083,31.47938727254035,0.8862342275134694,0.8898253998674717,1.6362748290459166,94.48105436573312,0.0035911723540023033,1.0040521706818728,0.4725848304463657
S1PR4,CD74,27.57245197004233,15.51351907062815,89.09150113969392,88.99969158013776,26.058287202865515,14.680785442582502,1.7772031375591961,1.7748718168355078,1.5141647671768155,94.50841452612931,-0.002331320723688357,0.9986882080757014,0.47242550659446214
CD9,PFN1,38.18788668186259,11.29844762002673,89.02637577336372,86.37812275110517,35.6317160534028,10.188136115965868,3.379624205185019,3.4970301356137226,2.556170628459789,93.30633127264974,0.11740593042870362,1.0347393447616393,0.4724019528846839
EMB,VIM,59.703679583197655,16.82944381618176,89.62064474112667,80.15832219594942,55.03093454900684,14.577978821836126,3.5473621631887737,3.774676897574096,4.672745034190818,92.17343877829288,0.22731473438532213,1.064079934308423,0.4722329306107305
EMB,ANXA1,59.703679583197655,16.82944381618176,83.14881146206447,62.16716356533361,52.328231846304135,12.388197799938316,3.5473621631887737,4.2236981515110426,7.37544773689352,87.64657758385601,0.6763359883222688,1.1906588493671875,0.4720496873353935
TAGLN2,VIM,88.04135460761967,83.7051506116994,89.62064474112667,80.15832219594942,81.86258547704331,68.62341934820603,1.0517907461308387,1.192907513893352,6.178769130576356,92.98196948682386,0.14111676776251336,1.1341681016700627,0.47196568582224496
CTSA,TAGLN2,36.144578313253014,24.046468592577362,88.04135460761967,83.7051506116994,33.897753174861606,21.85668757067955,1.5030512743619766,1.5508389469493973,2.246825138391408,93.78378378378378,0.04778767258742067,1.0317937740398815,0.47130830254828987
SLC9A3R1,CD74,41.6151090849886,35.416880847126556,89.09150113969392,88.99969158013776,39.22175187235428,33.535519687467875,1.1749745634023394,1.169523618964281,2.3933572126343208,94.24882629107981,-0.0054509444380583805,0.9953607979203616,0.47097158423349617
SLC9A3R1,ANXA1,41.6151090849886,35.416880847126556,83.14881146206447,62.16716356533361,37.2110061869098,22.51464994345636,1.1749745634023394,1.6526729754796305,4.404102898078804,89.41705790297338,0.47769841207729113,1.4065606413589362,0.47097021011873147
ANXA1,YBX1,83.14881146206447,62.16716356533361,91.78606317160533,89.23614680785442,77.89807880169326,56.173537575819886,1.337482188526961,1.386715087713053,5.250732660371213,93.68513804581946,0.04923289918609197,1.0368101344514462,0.4708873351884019
IL2RG,TAGLN2,44.51318788668186,16.305130050375244,88.04135460761967,83.7051506116994,41.66395310973624,14.958363318597717,2.729843791823401,2.7851421362257414,2.8492347769456217,93.59912216532553,0.055298344402340494,1.020256962895816,0.4707605280467447
IL1RAP,PFN1,31.773038098339303,10.157294129741956,89.02637577336372,86.37812275110517,29.615760338651906,9.190911894726021,3.1277926876829283,3.221936924313247,2.157277759687396,93.21035101204203,0.0941442366303189,1.030099257217735,0.4707589668917261
SLC9A3R1,PCBP2,41.6151090849886,35.416880847126556,84.34549006838164,85.18556595044721,39.27059589710192,34.07011411534903,1.1749745634023394,1.1526067437698062,2.344513187886683,94.36619718309859,-0.022367819632533203,0.9809631456465208,0.4707125949338663
CTSA,CYBA,36.144578313253014,24.046468592577362,80.75545424943016,58.918474349748124,32.21263432106806,16.06867482265858,1.5030512743619766,2.0045604330242925,3.931943992184955,89.12162162162163,0.5015091586623159,1.333660712190407,0.4706835660412239
CD9,PCBP2,38.18788668186259,11.29844762002673,84.34549006838164,85.18556595044721,35.11071312276132,9.756348308831088,3.379624205185019,3.5983867759423585,3.0771735591012686,91.94201662758475,0.21876257075733951,1.0647298508578895,0.4706482116757907
TYROBP,VIM,72.33800065125367,18.926698879407834,89.62064474112667,80.15832219594942,68.14555519374797,17.86779068572016,3.8218063966535802,3.813663520509335,4.192445457505698,94.2043664190862,-0.008142876144245026,0.9978693645624291,0.4706146882882188
EMP3,ANXA1,70.35981764897427,68.28415749974299,83.14881146206447,62.16716356533361,63.537935525887335,45.00873856276344,1.030382300124871,1.4116486243813084,6.821882123086937,90.30429249103321,0.38126632425643736,1.3700241397879525,0.4705847786679879
IL1RAP,TAGLN2,31.773038098339303,10.157294129741956,88.04135460761967,83.7051506116994,29.70530771735591,9.31427983962167,3.1277926876829283,3.188879800583893,2.0677303809833916,93.49218549833462,0.06108711290096469,1.0195304225697317,0.47051528313672136
HCST,CYBA,65.81732334744383,32.03454302457078,80.75545424943016,58.918474349748124,58.31162487788994,22.42212398478462,2.0545093709497273,2.600512975687854,7.5056984695538915,88.59616573902288,0.5460036047381265,1.2657586343768918,0.47028100893202074
IL2RG,CD74,44.51318788668186,16.305130050375244,89.09150113969392,88.99969158013776,41.79420384239661,15.225660532538296,2.729843791823401,2.7448043353357328,2.71898404428525,93.89173372348208,0.014960543512331892,1.005480366150306,0.470206695793027
CTSA,PFN1,36.144578313253014,24.046468592577362,89.02637577336372,86.37812275110517,33.93845652881797,22.370720674411434,1.5030512743619766,1.5170248646826912,2.206121784435041,93.89639639639638,0.013973590320714546,1.0092968154573743,0.4701806614980177
PLP2,CYBA,58.83262780853142,35.468284157499745,80.75545424943016,58.918474349748124,52.26310647997395,24.01562660635345,1.6586922799819646,2.1761218732587557,6.569521328557471,88.83354088833542,0.5174295932767912,1.311950323469533,0.47003918410551665
IL3RA,TAGLN2,33.46629762292413,11.833042047907885,88.04135460761967,83.7051506116994,31.211331813741452,10.774133854220212,2.827968456377132,2.8966073401971855,2.2549658091826785,93.26198005351496,0.06863888382005356,1.024271446049998,0.4697418444585775
HCST,YBX1,65.81732334744383,32.03454302457078,91.78606317160533,89.23614680785442,61.81211331813741,30.040094582091086,2.0545093709497273,2.0575852570627213,4.005210029306419,93.91465677179963,0.0030758861129940307,1.0014971390038354,0.4697270781646478
EMP3,TAGLN2,70.35981764897427,68.28415749974299,88.04135460761967,83.7051506116994,65.7684793226962,61.12881669579521,1.030382300124871,1.0758821615642118,4.591338326278077,93.47448802499133,0.045499861439340705,1.0441582327586825,0.4696474331969237
EMP3,CYBA,70.35981764897427,68.28415749974299,80.75545424943016,58.918474349748124,62.78085314229892,42.160995168088824,1.030382300124871,1.4890389530193748,7.578964506675348,89.22827721855838,0.45865665289450375,1.4451325035755365,0.46907421873751703
CD9,PTGES3,38.18788668186259,11.29844762002673,78.74470856398567,70.07299270072993,33.417453598176486,8.337616942531099,3.379624205185019,4.007553510190741,4.7704330836861,87.50799403112342,0.627929305005722,1.185798558325613,0.4689364354059032
TYROBP,CD74,72.33800065125367,18.926698879407834,89.09150113969392,88.99969158013776,67.4047541517421,17.374318906137557,3.8218063966535802,3.8793391082987507,4.933246499511569,93.18028359216744,0.05753271164517049,1.0150538006570784,0.46877805354309576
CTSC,ANXA1,60.485183979159885,40.74226380178884,83.14881146206447,62.16716356533361,52.963204168023445,25.30070936568315,1.4845443966740897,2.0932658502455856,7.52197981113644,87.56393001345894,0.608721453571496,1.4100392382573737,0.4682557227458695
S100A10,PTPRC,43.70726147834581,28.48771460882081,82.39986974926734,64.63452246324664,38.391403451644415,18.155649223810013,1.5341956307433038,2.114454213352276,5.315858026701399,87.83758614267089,0.5802585826089723,1.3782168134111048,0.46820085984380305
EMB,CYBA,59.703679583197655,16.82944381618176,80.75545424943016,58.918474349748124,49.943015304461085,11.00030841986224,3.5473621631887737,4.539734129650597,9.76066427873657,83.65148622852467,0.9923719664618234,1.2797492674302435,0.46787602946571455
CD9,ENO1,38.18788668186259,11.29844762002673,85.44448062520351,81.06302045851753,34.80950830348421,9.612419039786163,3.379624205185019,3.6209290533806273,3.378378378378379,91.15327222340652,0.24130484819560838,1.0713999052987604,0.467831603526813
CYBA,EMB,80.75545424943016,58.918474349748124,59.703679583197655,16.82944381618176,49.943015304461085,11.00030841986224,1.3706071742945782,4.539734129650597,30.812438944969074,61.84475806451613,3.1691269553560186,3.312206600689289,0.46768013809038156
S1PR4,ENO1,27.57245197004233,15.51351907062815,85.44448062520351,81.06302045851753,25.602409638554217,13.87889380076077,1.7772031375591961,1.8445681217784913,1.9700423314881128,92.85503395335105,0.06736498421929515,1.0379050558687477,0.46764341897772
TAGLN2,CD99,88.04135460761967,83.7051506116994,89.77531748616086,78.35920633288784,81.35786388798437,70.06271203865529,1.0517907461308387,1.16119830823548,6.6834907196353015,92.4086916319926,0.10940756210464131,1.1040202744767555,0.46751383626519505
TAGLN2,PFN1,88.04135460761967,83.7051506116994,89.02637577336372,86.37812275110517,82.1393682839466,76.83766834584148,1.0517907461308387,1.0689847970067272,5.901986323673071,93.2963476652797,0.017194050875888545,1.0163474064961489,0.4673414408701929
CAPNS1,ENO1,43.14555519374797,22.524930605530997,85.44448062520351,81.06302045851753,40.13350700097688,20.479078852678114,1.9153728185220478,1.9596363514844937,3.01204819277109,93.0188679245283,0.044263532962445895,1.023109617372873,0.4673075162707638
IL3RA,CD74,33.46629762292413,11.833042047907885,89.09150113969392,88.99969158013776,31.211331813741452,10.969466433638326,2.827968456377132,2.8450323422930612,2.2549658091826785,93.26198005351496,0.017063885915929333,1.00603397321404,0.46716309456337124
EMP3,YBX1,70.35981764897427,68.28415749974299,91.78606317160533,89.23614680785442,65.703353956366,63.49336897296186,1.030382300124871,1.0347902502085626,4.65646369260827,93.3819275714451,0.0044079500836915475,1.0042779753526019,0.46713003536141007
EZR,PFN1,29.648323021817,33.453274390870774,89.02637577336372,86.37812275110517,27.69456203191143,31.242932044823686,0.8862342275134694,0.8863981009874109,1.9537609899055681,93.41021416803954,0.00016387347394153373,1.0001849098904714,0.4670592645138948
HCST,CD74,65.81732334744383,32.03454302457078,89.09150113969392,88.99969158013776,61.299251058287204,29.50550015420993,2.0545093709497273,2.0774829524992358,4.518072289156628,93.13543599257885,0.02297358154950846,1.0111820281154953,0.46682585904036966
CTSA,CD74,36.144578313253014,24.046468592577362,89.09150113969392,88.99969158013776,33.726799088244874,22.401562660635346,1.5030512743619766,1.505488438941314,2.4177792250081396,93.31081081081082,0.002437164579337292,1.0016214780033847,0.46667591228302097
EMB,PFN1,59.703679583197655,16.82944381618176,89.02637577336372,86.37812275110517,54.868121133181376,14.876118022000616,3.5473621631887737,3.688088045819168,4.835558450016279,91.9007362967003,0.14072588263039432,1.0396705710205507,0.46653997561502125
IL3RA,CD47,33.46629762292413,11.833042047907885,72.37056333441876,45.71810424591344,26.872354281992838,6.507659093245605,2.827968456377132,4.128708217316184,6.593943340931293,80.29676477742642,1.3007397609390523,1.4599555408780658,0.46652081193408473
CAPNS1,CYBA,43.14555519374797,22.524930605530997,80.75545424943016,58.918474349748124,38.13090198632367,15.842500257016551,1.9153728185220478,2.406722085887352,5.0146532074242955,88.37735849056602,0.4913492673653044,1.256529309914945,0.46645425582109534
EZR,CD99,29.648323021817,33.453274390870774,89.77531748616086,78.35920633288784,27.580592640833604,30.28683047188239,0.8862342275134694,0.9106163172181632,2.067730380983395,93.0258099945085,0.0243820897046938,1.027512015387967,0.4663481544577772
ANXA1,TAGLN2,83.14881146206447,62.16716356533361,88.04135460761967,83.7051506116994,76.74210354933247,53.68561735375758,1.337482188526961,1.4294456855729096,6.406707912732003,92.29488936753476,0.09196349704594864,1.0687586704591803,0.4660726216899712
IL3RA,YBX1,33.46629762292413,11.833042047907885,91.78606317160533,89.23614680785442,31.170628459785085,11.010589081936876,2.827968456377132,2.8307111923488475,2.2956691631390456,93.14035514473363,0.002742735971715593,1.000969860878586,0.46583891252225396
CYBA,YBX1,80.75545424943016,58.918474349748124,91.78606317160533,89.23614680785442,75.07326603712146,54.03515986429526,1.3706071742945782,1.3893153441261952,5.682188212308702,92.96370967741935,0.01870816983161694,1.0136495490338038,0.4657539568786776
HCST,PFN1,65.81732334744383,32.03454302457078,89.02637577336372,86.37812275110517,61.307391729078475,29.947568623419347,2.0545093709497273,2.0470892115069894,4.509931618365357,93.147804576376,-0.007420159442737884,0.9963883545396983,0.4653680149097431
SLC9A3R1,EEF1D,41.6151090849886,35.416880847126556,83.27092152393357,89.83242520818341,38.904265711494624,34.31685000514033,1.1749745634023394,1.1336451935557534,2.7108433734939794,93.48591549295774,-0.04132936984658597,0.9648253067479948,0.4653631089724594
TIMP1,CD74,52.92250081406708,28.82697645728385,89.09150113969392,88.99969158013776,49.16151090849886,26.668037421609952,1.8358035255261687,1.8433927753486608,3.7609899055682163,92.89340101522842,0.0075892498224920946,1.0041340207255114,0.4648464675672667
VIM,YBX1,89.62064474112667,80.15832219594942,91.78606317160533,89.23614680785442,83.00227938782156,72.23193173640382,1.118031468904503,1.1490919362198644,6.618365353305109,92.61513307294032,0.031060467315361384,1.0277813891462249,0.4646286887304697
TGFB1,CD74,53.80983393031586,34.67667317775265,89.09150113969392,88.99969158013776,49.86160859654836,31.62331654158528,1.5517140857316054,1.576685729507591,3.9482253337675033,92.6626323751891,0.024971643775985486,1.0160929413515067,0.46456174406474476
EMB,CD74,59.703679583197655,16.82944381618176,89.09150113969392,88.99969158013776,54.2819928362097,14.495733525239025,3.5473621631887737,3.744429235848473,5.421686746987952,90.91900736296701,0.19706707265969925,1.0555531303526542,0.46444839044782
TYROBP,YBX1,72.33800065125367,18.926698879407834,91.78606317160533,89.23614680785442,67.67339628785412,18.022000616839726,3.8218063966535802,3.75483515351066,4.6646043633995475,93.55165428764349,-0.06697124314292013,0.9824765474249137,0.4644097092810714
SLC9A3R1,ENO1,41.6151090849886,35.416880847126556,85.44448062520351,81.06302045851753,38.59492022142624,32.661663411123676,1.1749745634023394,1.181621955798077,3.0201888635623604,92.74256651017214,0.006647392395737528,1.005657477704444,0.4640452021706476
IL3RA,PFN1,33.46629762292413,11.833042047907885,89.02637577336372,86.37812275110517,31.015955714750895,10.928343785339775,2.827968456377132,2.8378607466218213,2.450341908173236,92.67818049136463,0.009892290244689406,1.0034980200088095,0.4638855169690576
PLP2,CD74,58.83262780853142,35.468284157499745,89.09150113969392,88.99969158013776,54.689026375773366,33.36074843219903,1.6586922799819646,1.6392733878117238,4.143601432758054,92.95696692956967,-0.01941889217024073,0.9882926493330928,0.4638138900393363
CD99,YBX1,89.77531748616086,78.35920633288784,91.78606317160533,89.23614680785442,83.23835884076848,72.42726431582194,1.145674848082707,1.1492524310372723,6.5369586453923745,92.71853463910048,0.0035775829545652282,1.003122686127353,0.46377155234323064
EZR,ENO1,29.648323021817,33.453274390870774,85.44448062520351,81.06302045851753,27.434060566590688,30.27654980980775,0.8862342275134694,0.9060858867022331,2.2142624552263115,92.53157605711148,0.01985165918876375,1.0224000140961178,0.4636504632449956
CD63,YBX1,69.96906545099316,68.3149994859669,91.78606317160533,89.23614680785442,64.94627157277759,64.0793667112162,1.0241973472900125,1.0135127950416336,5.022793878215566,92.82140779522979,-0.010684552248378942,0.9895678774440787,0.46357281136372996
EMP3,PFN1,70.35981764897427,68.28415749974299,89.02637577336372,86.37812275110517,65.14164767176815,62.50642541379665,1.030382300124871,1.0421425493136705,5.2181699772061165,92.58359365960894,0.011760249188799365,1.0114134813722773,0.46350598075748467
EMB,TAGLN2,59.703679583197655,16.82944381618176,88.04135460761967,83.7051506116994,54.566916313904265,14.845276035776704,3.5473621631887737,3.6754615219606834,5.1367632692933896,91.39623670575402,0.1280993587719097,1.0361111589059628,0.46338615146736556
TIMP1,PTPRC,52.92250081406708,28.82697645728385,82.39986974926734,64.63452246324664,46.05991533702377,19.19399609334841,1.8358035255261687,2.399579302492527,6.862585477043311,87.0327641901246,0.5637757769663585,1.3071002801374247,0.4633526097989409
CAPNS1,CD74,43.14555519374797,22.524930605530997,89.09150113969392,88.99969158013776,39.95441224356887,20.79777937699188,1.9153728185220478,1.9209979354734354,3.191142950179099,92.60377358490565,0.005625116951387676,1.0029368261348348,0.4633001237720976
VDAC1,ENO1,49.86160859654836,34.40937596381207,85.44448062520351,81.06302045851753,46.230869423640506,32.06538501079469,1.4490283003296942,1.4417237679918564,3.6307391729078518,92.71836734693876,-0.007304532337837788,0.9949590133359191,0.463226610117802
TIMP1,TAGLN2,52.92250081406708,28.82697645728385,88.04135460761967,83.7051506116994,48.73819602735266,25.81474246941503,1.8358035255261687,1.887925403853668,4.184304786714421,92.09352407321951,0.05212187832749926,1.0283918608951141,0.4630737142824725
EZR,VIM,29.648323021817,33.453274390870774,89.62064474112667,80.15832219594942,27.328231846304135,29.454096843836744,0.8862342275134694,0.927792972170192,2.3200911755128644,92.17462932454694,0.0415587446567226,1.0468936353014993,0.4629510838555708
CTSC,YBX1,60.485183979159885,40.74226380178884,91.78606317160533,89.23614680785442,56.15434711820254,38.53192145574175,1.4845443966740897,1.45730832225375,4.330836860957348,92.83983849259756,-0.027236074420339706,0.9816535803972194,0.4628373887419709
TGFB1,PCBP2,53.80983393031586,34.67667317775265,84.34549006838164,85.18556595044721,49.77206121784435,31.983139714197595,1.5517140857316054,1.5561481929042096,4.037772712471508,92.49621785173979,0.004434107172604174,1.0028575542449327,0.46270279461732916
SLC9A3R1,CYBA,41.6151090849886,35.416880847126556,80.75545424943016,58.918474349748124,36.80397264734614,23.265138274904903,1.1749745634023394,1.5818685598994864,4.81113643764246,88.43896713615024,0.40689399649714697,1.3463002597425735,0.46253953550560856
VDAC1,PCBP2,49.86160859654836,34.40937596381207,84.34549006838164,85.18556595044721,46.2634321068056,32.630821424899764,1.4490283003296942,1.4177398038683866,3.5981764897427553,92.78367346938775,-0.0312884964613076,0.9784072564668416,0.46235394252387335
TIMP1,YBX1,52.92250081406708,28.82697645728385,91.78606317160533,89.23614680785442,49.00683816346467,26.92505397347589,1.8358035255261687,1.8200527344905402,3.915662650602407,92.60113828641748,-0.015750791035628486,0.991420219638638,0.462218151880306
ANXA1,PFN1,83.14881146206447,62.16716356533361,89.02637577336372,86.37812275110517,76.35949202214262,54.68284157499743,1.337482188526961,1.3963812677172216,6.789319439921854,91.83473663598981,0.058899079190260606,1.0440372811656873,0.4621186371394621
IL2RG,PTPRC,44.51318788668186,16.305130050375244,82.39986974926734,64.63452246324664,38.546076196678605,11.63770946848977,2.729843791823401,3.3118857637126253,5.967111690003257,86.59473299195318,0.5820419718892245,1.213214387443191,0.46207576355422714
CYBA,CD74,80.75545424943016,58.918474349748124,89.09150113969392,88.99969158013776,74.52784109410615,54.06600185051917,1.3706071742945782,1.3784348778975344,6.227613155324008,92.28830645161288,0.007827703602956149,1.0057111211365029,0.46183291743821225
CTSC,CD74,60.485183979159885,40.74226380178884,89.09150113969392,88.99969158013776,56.03223705633344,38.52164079366711,1.4845443966740897,1.4545274130205739,4.452946922826442,92.63795423956931,-0.030016983653515794,0.979780339529916,0.46168892201517076
HCST,TAGLN2,65.81732334744383,32.03454302457078,88.04135460761967,83.7051506116994,60.68870074894171,29.392412871388917,2.0545093709497273,2.0647041231477794,5.128622598502119,92.20779220779221,0.010194752198052104,1.0049621346790643,0.4615486986488636
CD63,ANXA1,69.96906545099316,68.3149994859669,83.14881146206447,62.16716356533361,62.01563008791924,44.77228333504678,1.0241973472900125,1.3851034694919466,7.953435363073915,88.63292611983712,0.3609061222019341,1.3523794736989683,0.4612099367092823
CD9,ITM2B,38.18788668186259,11.29844762002673,81.70791273200912,80.68263596175593,34.79322696190166,9.96196155032384,3.379624205185019,3.4922574764700087,3.394659719960927,91.11063739074824,0.11263327128498979,1.033327158419622,0.4611848505179907
S100A10,ENO1,43.70726147834581,28.48771460882081,85.44448062520351,81.06302045851753,39.962552914360145,24.776395599876633,1.5341956307433038,1.6128633355863728,3.744708563985668,91.43229651704229,0.07866770484306906,1.0512761888162563,0.4610948678273649
TYROBP,CD47,72.33800065125367,18.926698879407834,72.37056333441876,45.71810424591344,54.66460436339955,9.96196155032384,3.8218063966535802,5.486782628567176,17.673396287854118,75.56830970065272,1.6649762319135957,1.4356516419490712,0.46109036009894333
TIMP1,PFN1,52.92250081406708,28.82697645728385,89.02637577336372,86.37812275110517,48.82774340605666,26.688598745759226,1.8358035255261687,1.8294671220493721,4.094757408010416,92.26272881095217,-0.006336403476796537,0.9965484304890523,0.460996823880921
PLP2,PCBP2,58.83262780853142,35.468284157499745,84.34549006838164,85.18556595044721,54.47736893520026,33.66916829443816,1.6586922799819646,1.6179713881679398,4.3552588733311595,92.59720492597205,-0.04072089181402472,0.9754500022062758,0.46094998003915905
S1PR4,EEF1D,27.57245197004233,15.51351907062815,83.27092152393357,89.83242520818341,25.529143601432757,14.711627428806414,1.7772031375591961,1.7351858955830197,2.0433083686095728,92.58931207558312,-0.0420172419761764,0.976357659353515,0.46084569827910676
EMB,PTPRC,59.703679583197655,16.82944381618176,82.39986974926734,64.63452246324664,51.660696841419735,12.58353037935643,3.5473621631887737,4.105095326096837,8.04298274177792,86.52849740932643,0.5577331629080633,1.1572247594834548,0.4605291451920353
CAPNS1,PTPRC,43.14555519374797,22.524930605530997,82.39986974926734,64.63452246324664,37.95180722891566,16.294849388300605,1.9153728185220478,2.3289247663372903,5.193747964832305,87.9622641509434,0.4135519478152425,1.21591198528877,0.4604889181454791
VIM,TAGLN2,89.62064474112667,80.15832219594942,88.04135460761967,83.7051506116994,81.86258547704331,68.62341934820603,1.118031468904503,1.192907513893352,7.758059264083357,91.34344627123264,0.07487604498884903,1.0669713215337453,0.4604610336056056
CD63,TAGLN2,69.96906545099316,68.3149994859669,88.04135460761967,83.7051506116994,64.22175187235428,60.90264213015318,1.0241973472900125,1.0544813023679303,5.747313578638881,91.78592204770214,0.0302839550779177,1.0295684763859698,0.46044380799240664
EMB,CD47,59.703679583197655,16.82944381618176,72.37056333441876,45.71810424591344,46.548355584500165,9.40680579829341,3.5473621631887737,4.9478440119314655,13.15532399869749,77.96563948731934,1.4004818487426918,1.3947952828937487,0.4598522898737313
S100A10,EMB,43.70726147834581,28.48771460882081,59.703679583197655,16.82944381618176,25.911755128622598,5.3973475891847436,1.5341956307433038,4.799941963821522,17.795506349723215,59.284783013596574,3.265746333078218,3.128637487708131,0.45971123172189376
CTSA,HCST,36.144578313253014,24.046468592577362,65.81732334744383,32.03454302457078,27.56431129925106,8.97501799115863,1.5030512743619766,3.070884141097075,8.580267014001954,76.26126126126125,1.5678328667350983,2.0431000548538307,0.4596979496430612
S1PR4,PCBP2,27.57245197004233,15.51351907062815,84.34549006838164,85.18556595044721,25.219798111364376,13.848051814536856,1.7772031375591961,1.821048722259242,2.3526538586779537,91.46737525834072,0.04384558470004585,1.0246711159649782,0.4595291555267059
CYBA,PFN1,80.75545424943016,58.918474349748124,89.02637577336372,86.37812275110517,74.01497883425594,53.284671532846716,1.3706071742945782,1.389022164966639,6.740475415174217,91.65322580645162,0.01841499067206076,1.0134356444482633,0.4591868785658611
IL1RAP,CYBA,31.773038098339303,10.157294129741956,80.75545424943016,58.918474349748124,26.440898730055356,6.631027038141256,3.1277926876829283,3.9868502613140566,5.332139368283947,83.21803740712272,0.8590575736311283,1.2746529771663093,0.45904306571717
ANXA1,EMB,83.14881146206447,62.16716356533361,59.703679583197655,16.82944381618176,52.328231846304135,12.388197799938316,1.337482188526961,4.2236981515110426,30.820579615760337,62.93322890150773,2.886215962984082,3.1579472143571663,0.4589769426567428
TGFB1,ENO1,53.80983393031586,34.67667317775265,85.44448062520351,81.06302045851753,49.07196352979486,30.595250334121516,1.5517140857316054,1.6038554722854022,4.737870400521004,91.19515885022693,0.05214138655379674,1.0336024445696856,0.4585828635788245
CTSC,CYBA,60.485183979159885,40.74226380178884,80.75545424943016,58.918474349748124,52.74340605665907,27.24375449778966,1.4845443966740897,1.9359104909878373,7.741777922500816,87.20053835800807,0.45136609431374763,1.3040435135014952,0.45857099650572775
TGFB1,EEF1D,53.80983393031586,34.67667317775265,83.27092152393357,89.83242520818341,49.51155975252361,32.661663411123676,1.5517140857316054,1.515845757258786,4.298274177792251,92.01210287443267,-0.0358683284728194,0.9768847052413602,0.45826709794852244
S100A10,PCBP2,43.70726147834581,28.48771460882081,84.34549006838164,85.18556595044721,40.01139693910778,25.958671738459955,1.5341956307433038,1.541290557993837,3.6958645392380305,91.54404917116781,0.007094927250533178,1.0046245257829967,0.45807499221836573
CYBA,TAGLN2,80.75545424943016,58.918474349748124,88.04135460761967,83.7051506116994,73.50211657440573,51.42387169733731,1.3706071742945782,1.429310645770878,7.253337675024426,91.01814516129032,0.05870347147629973,1.0428302671817788,0.4580258993802666
SLC9A3R1,PTGES3,41.6151090849886,35.416880847126556,78.74470856398567,70.07299270072993,37.62618039726473,29.114834995373702,1.1749745634023394,1.2922926786486895,3.9889286877238703,90.41471048513301,0.11731811524635005,1.099847365977554,0.45793945818798254
IL1RAP,CD47,31.773038098339303,10.157294129741956,72.37056333441876,45.71810424591344,25.358189514816022,5.890819368767349,3.1277926876829283,4.303965876693418,6.4148485835232805,79.81040225467589,1.1761731890104898,1.3760393691187378,0.45786067072390396
VDAC1,EEF1D,49.86160859654836,34.40937596381207,83.27092152393357,89.83242520818341,46.01107131227613,33.54580034954251,1.4490283003296942,1.371548726938532,3.850537284272228,92.27755102040815,-0.07747957339116218,0.9465299791774022,0.45751377643248264
CAPNS1,EEF1D,43.14555519374797,22.524930605530997,83.27092152393357,89.83242520818341,39.76717681536959,21.548267708440424,1.9153728185220478,1.8454073406769904,3.378378378378379,92.16981132075472,-0.06996547784505736,0.9634716138975782,0.4573507827115207
EZR,ANXA1,29.648323021817,33.453274390870774,83.14881146206447,62.16716356533361,26.21295994789971,22.062300812172303,0.8862342275134694,1.1880797062531114,3.4353630739172907,88.41295991213619,0.30184547873964207,1.3405933435752508,0.45715707349766305
VDAC1,CYBA,49.86160859654836,34.40937596381207,80.75545424943016,58.918474349748124,43.56887007489417,23.522154826770844,1.4490283003296942,1.8521695068431054,6.2927385216541865,87.37959183673469,0.40314120651341123,1.278214860552886,0.457055019509344
CTSC,PFN1,60.485183979159885,40.74226380178884,89.02637577336372,86.37812275110517,55.44610875936177,38.18237894520407,1.4845443966740897,1.452100633601101,5.039075219798114,91.66890982503364,-0.032443763072988574,0.9781456431039218,0.45672236097151875
VDAC1,CD74,49.86160859654836,34.40937596381207,89.09150113969392,88.99969158013776,45.79941387170303,32.82615400431788,1.4490283003296942,1.395168581037481,4.062194724845327,91.85306122448979,-0.053859719292213226,0.9628304572933747,0.45657232015783833
EMP3,CD74,70.35981764897427,68.28415749974299,89.09150113969392,88.99969158013776,64.24617388472811,62.526986737945926,1.030382300124871,1.0274786897262995,6.113643764246163,91.31088742334839,-0.0029036103985715656,0.9971820067190404,0.45640925659681336
CYBA,ANXA1,80.75545424943016,58.918474349748124,83.14881146206447,62.16716356533361,69.87951807228916,37.873959082964944,1.3706071742945782,1.8450057706786789,10.875936177141,86.53225806451613,0.47439859638410065,1.3461229484868729,0.4563812201417856
EZR,HNRNPK,29.648323021817,33.453274390870774,82.83946597199609,84.0649737843117,27.043308368609573,30.33823378225558,0.8862342275134694,0.8913642500894771,2.6050146532074265,91.21361889071937,0.005130022576007698,1.005788562906672,0.45632459558239724
CD63,PFN1,69.96906545099316,68.3149994859669,89.02637577336372,86.37812275110517,63.9124063822859,63.133545800349545,1.0241973472900125,1.0123206807315315,6.056659068707255,91.34380453752182,-0.011876666558481075,0.9884039276318121,0.45612518935968505
TIMP1,ITM2B,52.92250081406708,28.82697645728385,81.70791273200912,80.68263596175593,47.671768153695865,24.47825639971214,1.8358035255261687,1.9474353050306075,5.250732660371213,90.07844946931242,0.11163177950443881,1.0608081300380134,0.455973836321784
CD99,PFN1,89.77531748616086,78.35920633288784,89.02637577336372,86.37812275110517,81.84630413546076,71.38891744628354,1.145674848082707,1.1464686760149987,7.929013350700103,91.16793616249545,0.0007938279322916575,1.000692891123184,0.45587937220909186
S100A10,PTGES3,43.70726147834581,28.48771460882081,78.74470856398567,70.07299270072993,38.399544122435685,20.592166135499127,1.5341956307433038,1.8646741287752435,5.307717355910128,87.85621158502515,0.33047849803193974,1.2154083165207725,0.4558049828267227
S100A10,EEF1D,43.70726147834581,28.48771460882081,83.27092152393357,89.83242520818341,39.87300553565614,26.102601007504884,1.5341956307433038,1.527490614195049,3.8342559426896727,91.22741665114548,-0.0067050165482547275,0.995629620881526,0.4558018324283146
VIM,ANXA1,89.62064474112667,80.15832219594942,83.14881146206447,62.16716356533361,78.46792575708238,53.16130358795107,1.118031468904503,1.4760068782058327,11.152718984044284,87.55563629757471,0.35797540930132965,1.3201836614242084,0.45567695195294006
CD63,CYBA,69.96906545099316,68.3149994859669,80.75545424943016,58.918474349748124,61.095734288505376,43.52832322401563,1.0241973472900125,1.4035535074617966,8.87333116248778,87.31820826061664,0.3793561601717841,1.3703936171828077,0.45555884931167245
VIM,PFN1,89.62064474112667,80.15832219594942,89.02637577336372,86.37812275110517,81.20319114295017,69.53839827284877,1.118031468904503,1.1677292751993147,8.417453598176493,90.60768462167317,0.049697806294811686,1.0444511694679828,0.4555233134231064
TYROBP,TNFRSF1A,72.33800065125367,18.926698879407834,46.32041680234451,26.904492649326617,37.31683490719635,4.801069188855762,3.8218063966535802,7.770990679142674,35.02116574405731,51.58676569885212,3.9491842824890937,2.033329235606243,0.45539304261871527
TYROBP,PFN1,72.33800065125367,18.926698879407834,89.02637577336372,86.37812275110517,66.5825464018235,17.898632671944075,3.8218063966535802,3.7197716635931384,5.755454249430159,92.04366419086202,-0.10203473306044186,0.9733019618288921,0.455116584301288
S100A10,HNRNPK,43.70726147834581,28.48771460882081,82.83946597199609,84.0649737843117,39.52295669163139,24.807237586100545,1.5341956307433038,1.5931384305096767,4.184304786714421,90.42652262991247,0.058942799766372955,1.0384193505607988,0.45507975313788096
PLP2,EEF1D,58.83262780853142,35.468284157499745,83.27092152393357,89.83242520818341,53.96450667535005,34.02899146705048,1.6586922799819646,1.5857925420757497,4.8681211331813685,91.72547391725475,-0.07289973790621485,0.9560498720672845,0.454982382690963
CD9,HNRNPK,38.18788668186259,11.29844762002673,82.83946597199609,84.0649737843117,34.223380006512535,9.735786984681814,3.379624205185019,3.5148535199911137,3.9645066753500515,89.61841824770838,0.1352293148060948,1.040013121754373,0.4548535569788466
TAGLN2,ANXA1,88.04135460761967,83.7051506116994,83.14881146206447,62.16716356533361,76.74210354933247,53.68561735375758,1.0517907461308387,1.4294456855729096,11.299251058287197,87.16597318539067,0.37765493944207096,1.3590590056352256,0.4547126128990569
IL3RA,ENO1,33.46629762292413,11.833042047907885,85.44448062520351,81.06302045851753,30.18560729404103,10.414310681607896,2.827968456377132,2.898195571577615,3.2806903288831,90.19703235222573,0.07022711520048297,1.0248330617133015,0.45449651752115283
TYROBP,TAGLN2,72.33800065125367,18.926698879407834,88.04135460761967,83.7051506116994,66.2487788993813,17.65189678215277,3.8218063966535802,3.7528559599555003,6.089221751872358,91.58226423587665,-0.06895043669807999,0.9819586788178349,0.4544637993444793
CTSA,ENO1,36.144578313253014,24.046468592577362,85.44448062520351,81.06302045851753,32.83132530120482,21.795003598231727,1.5030512743619766,1.506300233124772,3.313253012048193,90.83333333333333,0.0032489587627952954,1.0021615754686575,0.4543291146048064
CTSC,TAGLN2,60.485183979159885,40.74226380178884,88.04135460761967,83.7051506116994,55.06349723217193,37.52441657242726,1.4845443966740897,1.4673653822308588,5.421686746987952,91.03633916554509,-0.01717901444323089,0.9884280898020174,0.4543227451055639
TGFB1,PTGES3,53.80983393031586,34.67667317775265,78.74470856398567,70.07299270072993,47.696190166069684,26.89421198725198,1.5517140857316054,1.7734082255487382,6.113643764246177,88.63842662632375,0.22169413981713282,1.1428704822980376,0.4542768401224754
CAPNS1,PCBP2,43.14555519374797,22.524930605530997,84.34549006838164,85.18556595044721,39.2787365678932,20.75665672869333,1.9153728185220478,1.892252920513815,3.866818625854769,91.03773584905662,-0.023119898008232775,0.9879292961742703,0.45403268434487143
CD99,TAGLN2,89.77531748616086,78.35920633288784,88.04135460761967,83.7051506116994,81.35786388798437,70.06271203865529,1.145674848082707,1.16119830823548,8.417453598176493,90.62386652158142,0.01552346015277295,1.0135496211501471,0.4538955056155458
IL1RAP,ENO1,31.773038098339303,10.157294129741956,85.44448062520351,81.06302045851753,28.598176489742755,8.923614680785443,3.1277926876829283,3.2044158221546737,3.1748616085965473,90.00768639508071,0.0766231344717454,1.0244975105842158,0.4538695886989908
EMB,ENO1,59.703679583197655,16.82944381618176,85.44448062520351,81.06302045851753,53.264408987300556,14.392926904492649,3.5473621631887737,3.7004779405038946,6.439270595897099,89.21461685301337,0.15311577731512083,1.0431632774640307,0.45372887313082283
EZR,PTPRC,29.648323021817,33.453274390870774,82.39986974926734,64.63452246324664,26.22110061869098,23.481032178472294,0.8862342275134694,1.1166452894451695,3.42722240312602,88.44041735310269,0.23041106193170013,1.2599888999753153,0.45372263986209843
IL3RA,ITM2B,33.46629762292413,11.833042047907885,81.70791273200912,80.68263596175593,29.95766851188538,10.177855453891231,2.827968456377132,2.943127412270403,3.5086291110387506,89.51593286305035,0.1151589558932713,1.0407214428554128,0.4533376121099153
CAPNS1,PTGES3,43.14555519374797,22.524930605530997,78.74470856398567,70.07299270072993,38.09833930315858,17.713580754600596,1.9153728185220478,2.1506768819953126,5.047215890589385,88.30188679245283,0.23530406347326482,1.1228502676856569,0.4532746371359274
CD9,HNRNPU,38.18788668186259,11.29844762002673,78.23184630413546,78.74987149172406,32.51383914034516,8.296494294232549,3.379624205185019,3.918512985654597,5.6740475415174245,85.14176081858878,0.5388887804695779,1.159452278641754,0.45265324311642274
CD99,ANXA1,89.77531748616086,78.35920633288784,83.14881146206447,62.16716356533361,77.39335721263433,49.16212604091704,1.145674848082707,1.5742155441503474,12.38196027352653,86.20783460282917,0.42854069606764034,1.3740508895563217,0.4524662078175279
SLC9A3R1,EMB,41.6151090849886,35.416880847126556,59.703679583197655,16.82944381618176,26.693259524584825,7.011411534902848,1.1749745634023394,3.8065734436327032,14.921849560403778,64.14319248826291,2.6315988802303636,3.2397071070288703,0.4522959064528327
PLP2,PTGES3,58.83262780853142,35.468284157499745,78.74470856398567,70.07299270072993,52.05958971019212,28.055926801686027,1.6586922799819646,1.85549864666802,6.773038098339299,88.48761588487616,0.19680636668605533,1.1186515238909747,0.4522783977586836
CTSA,PCBP2,36.144578313253014,24.046468592577362,84.34549006838164,85.18556595044721,32.78248127645718,22.175388094993316,1.5030512743619766,1.4782606227863755,3.3620970367958307,90.6981981981982,-0.02479065157560112,0.9835064498474116,0.4522514584122109
VDAC1,PTGES3,49.86160859654836,34.40937596381207,78.74470856398567,70.07299270072993,44.66786063171605,29.104554333299063,1.4490283003296942,1.5346851023762318,5.193747964832305,89.58367346938775,0.08565680204653758,1.0591132706152449,0.4522012074492656
PLP2,PTPRC,58.83262780853142,35.468284157499745,82.39986974926734,64.63452246324664,51.16411592315207,25.506322607175903,1.6586922799819646,2.005859913684481,7.668511885379353,86.96554586965546,0.34716763370251646,1.2093020133344392,0.4521861110334031
IL1RAP,PTGES3,31.773038098339303,10.157294129741956,78.74470856398567,70.07299270072993,27.4910452621296,7.813303176724581,3.1277926876829283,3.5180418062116523,4.281992836209703,86.5231872918268,0.390249118528724,1.1247682175565865,0.4521283923855702
CTSA,PTPRC,36.144578313253014,24.046468592577362,82.39986974926734,64.63452246324664,31.675350048844024,17.795826051197697,1.5030512743619766,1.7798314125069692,4.46922826440899,87.63513513513513,0.2767801381449926,1.1841455064548492,0.45201468258292526
PLP2,ENO1,58.83262780853142,35.468284157499745,85.44448062520351,81.06302045851753,53.296971670465645,32.579418114526575,1.6586922799819646,1.6358590452435666,5.535656138065775,90.59083990590841,-0.022833234738397934,0.9862341948449617,0.45181253779262215
IL2RG,ENO1,44.51318788668186,16.305130050375244,85.44448062520351,81.06302045851753,40.288179746011075,14.855556697851341,2.729843791823401,2.711811395155772,4.225008140670788,90.508412582297,-0.01803239666762879,0.9933943485258605,0.4516404430781036
VDAC1,HNRNPK,49.86160859654836,34.40937596381207,82.83946597199609,84.0649737843117,45.24584825789645,32.209314279839624,1.4490283003296942,1.4047006143686014,4.61576033865191,90.74285714285713,-0.04432768596109282,0.9694086817000006,0.45149790141623103
CD9,CD74,38.18788668186259,11.29844762002673,89.09150113969392,88.99969158013776,34.87463366981439,10.65076590932456,3.379624205185019,3.2740706063850995,3.313253012048193,91.32381155403965,-0.10555359879991943,0.9687676521436972,0.4513413778302023
S100A10,RTN4,43.70726147834581,28.48771460882081,76.70954086616737,65.66258867071039,37.70758710517747,19.533257941811453,1.5341956307433038,1.9303311760037485,5.999674373168347,86.27304898491339,0.3961355452604447,1.2582040629776274,0.4511720221875892
TAGLN2,CD74,88.04135460761967,83.7051506116994,89.09150113969392,88.99969158013776,79.55063497232172,76.78626503546829,1.0517907461308387,1.0359873468025853,8.49071963529795,90.35598705501619,-0.015803399328253365,0.9849747686159168,0.4509897653086682
CD63,CD74,69.96906545099316,68.3149994859669,89.09150113969392,88.99969158013776,63.30999674373168,63.79150817312635,1.0241973472900125,0.9924362367429544,6.659068707261476,90.48283885980221,-0.0317611105470581,0.9689892669307367,0.45082613877165817
CAPNS1,HCST,43.14555519374797,22.524930605530997,65.81732334744383,32.03454302457078,32.25333767502442,9.334841163770946,1.9153728185220478,3.454786463183207,10.892217518723548,74.75471698113206,1.539413644661159,1.803714885047294,0.4507442671387183
CD99,CD74,89.77531748616086,78.35920633288784,89.09150113969392,88.99969158013776,80.99153370237707,71.27583016346253,1.145674848082707,1.1362953924386836,8.78378378378379,90.21581429089589,-0.009379455644023427,0.9918131608983823,0.4506100986722783
ANXA1,CD74,83.14881146206447,62.16716356533361,89.09150113969392,88.99969158013776,74.62552914360143,54.3744217127583,1.337482188526961,1.372412880544001,8.523282318463046,89.74936361856275,0.03493069201704002,1.026116753042903,0.45049335269366575
CD9,MYADM,38.18788668186259,11.29844762002673,66.15923152067731,71.18330420479079,30.576359492022142,6.980569548678935,3.379624205185019,4.379582453319233,7.611527189840444,80.06821573225325,0.999958248134214,1.295878531879396,0.4503389910679769
S100A10,ITM2B,43.70726147834581,28.48771460882081,81.70791273200912,80.68263596175593,38.74959296646043,23.14177033000925,1.5341956307433038,1.6743714090362725,4.95766851188538,88.65710560625814,0.14017577829296868,1.091367603638041,0.4502943169459392
HCST,PTPRC,65.81732334744383,32.03454302457078,82.39986974926734,64.63452246324664,55.527515467274505,21.16788321167883,2.0545093709497273,2.6230725027874913,10.289807880169327,84.3661100803958,0.568563131837764,1.2767391280259468,0.45025870699386716
VIM,CD74,89.62064474112667,80.15832219594942,89.09150113969392,88.99969158013776,80.49495278410942,70.65899043898428,1.118031468904503,1.1391871451442912,9.125691957017253,89.8174221091834,0.0211556762397882,1.0189222547201802,0.4501448943579064
IL2RG,PCBP2,44.51318788668186,16.305130050375244,84.34549006838164,85.18556595044721,40.43471182025399,15.307905829135397,2.729843791823401,2.6412542001074955,4.078476066427875,90.83760058522311,-0.08858959171590541,0.9675477432147384,0.4497585233403203
EZR,HNRNPU,29.648323021817,33.453274390870774,78.23184630413546,78.74987149172406,26.62813415825464,29.63914876118022,0.8862342275134694,0.8983805841463783,3.0201888635623604,89.81328940142778,0.012146356632908972,1.0137055828536303,0.44967376483878435
CAPNS1,HNRNPK,43.14555519374797,22.524930605530997,82.83946597199609,84.0649737843117,38.855421686746986,20.417394880230287,1.9153728185220478,1.9029616144983066,4.290133507000981,90.0566037735849,-0.012411204023741185,0.9935202150183389,0.44966245866673743
CTSA,EEF1D,36.144578313253014,24.046468592577362,83.27092152393357,89.83242520818341,32.73363725170954,22.7716664953223,1.5030512743619766,1.4374090648731586,3.4109410615434754,90.56306306306305,-0.06564220948881805,0.956327365134844,0.4495332048408744
S100A10,CYBA,43.70726147834581,28.48771460882081,80.75545424943016,58.918474349748124,36.950504721589056,17.970597306466537,1.5341956307433038,2.056050115717512,6.756756756756758,84.54088284596759,0.5218544849742082,1.3401485928632024,0.44879713847854835
IL1RAP,CD74,31.773038098339303,10.157294129741956,89.09150113969392,88.99969158013776,28.402800390752198,8.97501799115863,3.1277926876829283,3.164298513965651,3.370237707587105,89.39277478862414,0.0365058262827227,1.011671434115976,0.4487891652572568
SLC9A3R1,HNRNPK,41.6151090849886,35.416880847126556,82.83946597199609,84.0649737843117,37.47964832302182,32.82615400431788,1.1749745634023394,1.1417270080157416,4.135460761966783,90.06259780907669,-0.03324755538659785,0.9717035956162967,0.44865061127605355
IL1RAP,PCBP2,31.773038098339303,10.157294129741956,84.34549006838164,85.18556595044721,28.850537284272225,9.550735067338337,3.1277926876829283,3.0204499057899064,2.922500814067078,90.80194722008711,-0.10734278189302193,0.9656809793322518,0.4486425970057845
TAGLN2,ENO1,88.04135460761967,83.7051506116994,85.44448062520351,81.06302045851753,78.67958319765549,72.54035159864296,1.0517907461308387,1.0846170007001545,9.361771409964177,89.3666204345816,0.03282625456931587,1.0312098720112075,0.4484744149013738
IL3RA,RTN4,33.46629762292413,11.833042047907885,76.70954086616737,65.66258867071039,28.66330185607294,8.882492032486892,2.827968456377132,3.2265804653453136,4.80299576685119,85.64826076380443,0.3986120089681817,1.1409534848485678,0.44817190426743125
CD9,EEF1D,38.18788668186259,11.29844762002673,83.27092152393357,89.83242520818341,34.57342885053728,10.517117302354272,3.379624205185019,3.287035869318429,3.6144578313253035,90.53506714986142,-0.09258833586658977,0.9726039552786547,0.4480459189559777
EZR,ITM2B,29.648323021817,33.453274390870774,81.70791273200912,80.68263596175593,26.432758059264085,28.47743394674617,0.8862342275134694,0.9281675428042342,3.2155649625529144,89.15431081823174,0.04193331529076483,1.0473162895191017,0.44786821985569697
TGFB1,PTPRC,53.80983393031586,34.67667317775265,82.39986974926734,64.63452246324664,46.49951155975253,24.899763544772284,1.5517140857316054,1.8673930008670245,7.310322370563334,86.41452344931922,0.3156789151354191,1.2034388409811865,0.447856563003367
TYROBP,PTGES3,72.33800065125367,18.926698879407834,78.74470856398567,70.07299270072993,60.35493324649951,13.611596586820191,3.8218063966535802,4.433756106820617,11.983067404754152,83.43461625028135,0.6119497101670368,1.1601205416116491,0.44777056675975857
EZR,PCBP2,29.648323021817,33.453274390870774,84.34549006838164,85.18556595044721,26.67697818300228,31.66443918988383,0.8862342275134694,0.8424635459193247,2.9713448388147192,89.9780340472268,-0.043770681594144656,0.9506104817041955,0.4477016361564268
CTSC,HCST,60.485183979159885,40.74226380178884,65.81732334744383,32.03454302457078,44.65971996092478,14.629382132209315,1.4845443966740897,3.052532706073671,15.825464018235103,73.83580080753701,1.5679883093995812,2.056208431969051,0.4475784195076641
CD63,PTPRC,69.96906545099316,68.3149994859669,82.39986974926734,64.63452246324664,60.59915337023771,46.160172715122854,1.0241973472900125,1.3127732638903438,9.369912080755448,86.60849331006399,0.2885759166003312,1.2817581175775277,0.4474712623803365
EZR,EEF1D,29.648323021817,33.453274390870774,83.27092152393357,89.83242520818341,26.61999348746337,31.65415852780919,0.8862342275134694,0.8409369823271486,3.028329534353631,89.78583196046128,-0.04529724518632072,0.9488879533422983,0.44666429754299036
TYROBP,CD164,72.33800065125367,18.926698879407834,78.06903288830999,77.09468489770741,59.30478671442527,13.01531818649121,3.8218063966535802,4.556187538191395,13.033213936828396,81.98289444069322,0.7343811415378148,1.192155505883513,0.4466335292803568
CAPNS1,ITM2B,43.14555519374797,22.524930605530997,81.70791273200912,80.68263596175593,38.31813741452296,19.492135293512902,1.9153728185220478,1.965724694235042,4.827417779225009,88.81132075471699,0.050351875712994154,1.0262882897919827,0.4465741975592346
ANXA1,ENO1,83.14881146206447,62.16716356533361,85.44448062520351,81.06302045851753,73.51839791598827,51.536958980158325,1.337482188526961,1.4264902873684275,9.630413546076198,88.41785784217741,0.08900809884146654,1.06654899751562,0.44653969415296035
IL2RG,PTGES3,44.51318788668186,16.305130050375244,78.74470856398567,70.07299270072993,38.61120156300879,12.93307288989411,2.729843791823401,2.985231480578497,5.901986323673071,86.74103877103146,0.2553876887550963,1.093553957013969,0.4464745782929121
EMP3,PCBP2,70.35981764897427,68.28415749974299,84.34549006838164,85.18556595044721,62.76457180071638,60.933484116377095,1.030382300124871,1.0300336945635586,7.595245848257889,89.20513710517183,-0.0003486055613124428,0.9996616735737113,0.44600825524779353
CD9,SPN,38.18788668186259,11.29844762002673,74.0882448713774,59.78204996401768,30.022793878215566,6.764675645111545,3.379624205185019,4.43751599293829,8.16509280364702,78.61863142187167,1.0578917877532712,1.3130205382392084,0.4459877464970219
TYROBP,CTSC,72.33800065125367,18.926698879407834,60.485183979159885,40.74226380178884,48.10322370563335,7.895548473321682,3.8218063966535802,6.091677125537701,24.234776945620318,66.49786180508666,2.2698707288841207,1.5939261420650839,0.4459828454696393
IL2RG,HCST,44.51318788668186,16.305130050375244,65.81732334744383,32.03454302457078,33.254640182351025,7.957232445769508,2.729843791823401,4.178646503348713,11.258547704330837,74.70738844184345,1.4488027115253117,1.5307273316754813,0.4459770777854829
EMP3,ENO1,70.35981764897427,68.28415749974299,85.44448062520351,81.06302045851753,62.455226310647994,58.363318597717694,1.030382300124871,1.0700926149952563,7.904591338326277,88.76547495082725,0.03971031487038523,1.0385393992749805,0.44581289049765555
EMP3,PTPRC,70.35981764897427,68.28415749974299,82.39986974926734,64.63452246324664,60.55845001628134,45.22463246633083,1.030382300124871,1.3390293670600484,9.80136763269293,86.06965174129354,0.3086470669351773,1.2995461654356568,0.44578061205322655
ANXA1,CYBA,83.14881146206447,62.16716356533361,80.75545424943016,58.918474349748124,69.87951807228916,37.873959082964944,1.337482188526961,1.8450057706786789,13.269293389775314,84.04151165067555,0.5075235821517179,1.3794619371422658,0.4455837373609636
CD63,ENO1,69.96906545099316,68.3149994859669,85.44448062520351,81.06302045851753,62.19472484532726,59.86429526061478,1.0241973472900125,1.038911185096,7.774340605665898,88.8888888888889,0.01471383780598745,1.0143662135475353,0.4451801363347439
IL3RA,PTGES3,33.46629762292413,11.833042047907885,78.74470856398567,70.07299270072993,28.71214588082058,9.118947260203557,2.827968456377132,3.1482798158396066,4.754151742103552,85.79421065434201,0.3203113594624747,1.1132655347481566,0.4449866212448338
CTSA,ITM2B,36.144578313253014,24.046468592577362,81.70791273200912,80.68263596175593,32.17193096711169,21.44546108769405,1.5030512743619766,1.500104415155557,3.972647346141322,89.009009009009,-0.002946859206419683,0.9980394153834369,0.44489770208472407
TIMP1,ENO1,52.92250081406708,28.82697645728385,85.44448062520351,81.06302045851753,47.14262455226311,25.835303793564307,1.8358035255261687,1.8246659788853425,5.77987626180397,89.07860329180126,-0.011137546640826113,0.9939331488985816,0.444836139126965
HCST,ENO1,65.81732334744383,32.03454302457078,85.44448062520351,81.06302045851753,58.726799088244874,29.063431685000513,2.0545093709497273,2.020572764839315,7.090524259198958,89.2269635126778,-0.03393660611041227,0.9834818927622002,0.4444379872578684
TGFB1,HNRNPK,53.80983393031586,34.67667317775265,82.83946597199609,84.0649737843117,47.86714425268642,31.119564099928034,1.5517140857316054,1.5381194280086046,5.9426896776294384,88.95612708018153,-0.013594657723000836,0.9912389416014155,0.4441009025147577
CD63,ITM2B,69.96906545099316,68.3149994859669,81.70791273200912,80.68263596175593,61.98306740475415,59.19605222576334,1.0241973472900125,1.0470634106638557,7.985998046239004,88.58638743455498,0.022866063373843115,1.0223258373343242,0.44407524034146706
EMP3,EEF1D,70.35981764897427,68.28415749974299,83.27092152393357,89.83242520818341,62.82969716704657,64.01768273876837,1.030382300124871,0.9814275220786168,7.530120481927703,89.29769755871804,-0.048954778046254255,0.9524887238063761,0.44404074889127754
CTSC,PTPRC,60.485183979159885,40.74226380178884,82.39986974926734,64.63452246324664,52.2793878215565,30.430759740927314,1.4845443966740897,1.7179219429511519,8.205796157603388,86.43337819650068,0.2333775462770622,1.1572048278245577,0.4438357682963565
IL2RG,CD47,44.51318788668186,16.305130050375244,72.37056333441876,45.71810424591344,34.98860306089222,9.345121825845585,2.729843791823401,3.743649367391661,9.524584825789645,78.60277980980248,1.0138055755682602,1.3713786036420377,0.44370417782742544
CD9,CD63,38.18788668186259,11.29844762002673,69.96906545099316,68.3149994859669,32.06610224682514,8.32733628045646,3.379624205185019,3.8502410525944395,6.121784435037448,83.96930292048603,0.47061684740942056,1.1392512358881204,0.4433773569729012
CTSA,HNRNPK,36.144578313253014,24.046468592577362,82.83946597199609,84.0649737843117,32.14750895473787,21.795003598231727,1.5030512743619766,1.4749267593874844,3.997069358515141,88.94144144144146,-0.0281245149744922,0.9812883861953208,0.4433009814584826
IL1RAP,RTN4,31.773038098339303,10.157294129741956,76.70954086616737,65.66258867071039,27.06773038098339,7.792741852575306,3.1277926876829283,3.4730083306569015,4.705307717355911,85.19087881117089,0.3452156429739732,1.1103703721584275,0.4432151762045531
CD9,CD164,38.18788668186259,11.29844762002673,78.06903288830999,77.09468489770741,32.98599804623901,9.160069908502107,3.379624205185019,3.6006709233411396,5.201888635623575,86.37817096567896,0.22104671815612065,1.065405709255186,0.4429431907362008
IL3RA,EMP3,33.46629762292413,11.833042047907885,70.35981764897427,68.28415749974299,28.55747313578639,9.06754394983037,2.827968456377132,3.149069276586631,4.908824487137743,85.33203600097299,0.3211008202094989,1.1135446965419327,0.4427152210153399
PLP2,RTN4,58.83262780853142,35.468284157499745,76.70954086616737,65.66258867071039,50.64311299251058,26.647476097460675,1.6586922799819646,1.9004130970677287,8.18951481602084,86.07997786079979,0.2417208170857641,1.1457297534949595,0.44248593015828713
CAPNS1,RTN4,43.14555519374797,22.524930605530997,76.70954086616737,65.66258867071039,36.917942038423966,16.71635653336075,1.9153728185220478,2.208360033762002,6.227613155324001,85.56603773584905,0.2929872152399542,1.1529661548951242,0.44247954944124296
PLP2,HNRNPK,58.83262780853142,35.468284157499745,82.83946597199609,84.0649737843117,52.36079452946923,32.58969877660121,1.6586922799819646,1.6066177312854104,6.471833279062189,88.99958488999586,-0.052074548696554146,0.9686050575353734,0.4423941970151516
IL2RG,EEF1D,44.51318788668186,16.305130050375244,83.27092152393357,89.83242520818341,40.0683816346467,15.564922381001336,2.729843791823401,2.5741090475660684,4.444806252035164,90.01463057790784,-0.15573474425733247,0.9429510418421014,0.4422864156766726
TAGLN2,PCBP2,88.04135460761967,83.7051506116994,84.34549006838164,85.18556595044721,78.02018886356235,75.6965148555567,1.0517907461308387,1.0306836230018606,10.021165744057313,88.6176606564956,-0.02110712312897811,0.97993220304835,0.4420329471260291
PLP2,ITM2B,58.83262780853142,35.468284157499745,81.70791273200912,80.68263596175593,51.93747964832302,31.078441451629484,1.6586922799819646,1.6711201109954297,6.8951481602084,88.28006088280061,0.012427831013465118,1.007492547691607,0.4420216959646763
EMP3,EMB,70.35981764897427,68.28415749974299,59.703679583197655,16.82944381618176,43.91891891891892,12.131181248072377,1.030382300124871,3.620034849536804,26.440898730055352,62.420455860233716,2.589652549411933,3.5132929293312736,0.44158490677176526
VIM,CYBA,89.62064474112667,80.15832219594942,80.75545424943016,58.918474349748124,75.17095408661673,48.25742777834893,1.118031468904503,1.5576751574228052,14.449690654509936,83.87682804977746,0.43964368851830216,1.3932301556315625,0.44136632467480236
VDAC1,PTPRC,49.86160859654836,34.40937596381207,82.39986974926734,64.63452246324664,42.92575708238359,25.77361982111648,1.4490283003296942,1.6654273615013955,6.935851514164767,86.08979591836736,0.21639906117170127,1.1493408107505316,0.44126893265042183
TYROBP,LAMP1,72.33800065125367,18.926698879407834,38.43210680560078,21.91837154312738,29.925105828720287,3.5159864295260617,3.8218063966535802,8.508735085666197,42.412894822533374,41.368444744541975,4.686928689012618,2.2263647612073045,0.44118865817334074
TAGLN2,EMB,88.04135460761967,83.7051506116994,59.703679583197655,16.82944381618176,54.566916313904265,14.845276035776704,1.0517907461308387,3.6754615219606834,33.4744382937154,61.97873324086917,2.6236707758298445,3.4944798054949517,0.441077204995838
CYBA,ENO1,80.75545424943016,58.918474349748124,85.44448062520351,81.06302045851753,71.04363399544123,50.97152256605325,1.3706071742945782,1.3937633536456553,9.711820253988932,87.97379032258064,0.023156179351077055,1.0168948330239078,0.44102676058045703
CAPNS1,CD47,43.14555519374797,22.524930605530997,72.37056333441876,45.71810424591344,34.052425919895796,11.976971316952811,1.9153728185220478,2.842920977085685,9.09312927385217,78.92452830188678,0.9275481585636374,1.484265073407149,0.4410000494376158
ANXA1,PTPRC,83.14881146206447,62.16716356533361,82.39986974926734,64.63452246324664,70.65288179746011,42.62362496144752,1.337482188526961,1.657560198156891,12.495929664604361,84.97160759741531,0.32007800962993005,1.2393138483454862,0.4408619384685731
IL3RA,HNRNPK,33.46629762292413,11.833042047907885,82.83946597199609,84.0649737843117,29.57505698469554,10.537678626503547,2.827968456377132,2.806334459266812,3.8912406382285916,88.37265872050595,-0.021633997110320102,0.9923499864146168,0.4407815937470138
IL1RAP,CD164,31.773038098339303,10.157294129741956,78.06903288830999,77.09468489770741,27.222403126017586,8.07031972859052,3.1277926876829283,3.3727325940997486,4.550634972321717,85.67768383294903,0.24493990641682029,1.078310786831039,0.44063541448558613
IL3RA,PCBP2,33.46629762292413,11.833042047907885,84.34549006838164,85.18556595044721,29.851839791598827,10.979747095712964,2.827968456377132,2.718561818371484,3.6144578313253035,89.19970810021893,-0.10940663800564776,0.9613126384918003,0.4405282086008122
CD99,CYBA,89.77531748616086,78.35920633288784,80.75545424943016,58.918474349748124,75.53728427222403,49.203248689215584,1.145674848082707,1.5351780849115988,14.23803321393683,84.14036996735582,0.38950323682889176,1.3399771213278597,0.4401770116782237
EMB,PTGES3,59.703679583197655,16.82944381618176,78.74470856398567,70.07299270072993,49.86974926733963,12.480723758610054,3.5473621631887737,3.995421644621708,9.833930315858026,83.52877011180802,0.44805948143293417,1.1263077917677757,0.4400468246306868
VIM,EMB,89.62064474112667,80.15832219594942,59.703679583197655,16.82944381618176,55.03093454900684,14.577978821836126,1.118031468904503,3.774676897574096,34.58971019211983,61.404305568171495,2.656645428669593,3.3761812637283746,0.4398537992743371
SLC9A3R1,CD37,41.6151090849886,35.416880847126556,73.94171279713449,81.91631541071246,36.80397264734614,32.81587334224324,1.1749745634023394,1.1214954046207242,4.81113643764246,88.43896713615024,-0.053479158781615244,0.9544848369936135,0.4395208777416704
ANXA1,PCBP2,83.14881146206447,62.16716356533361,84.34549006838164,85.18556595044721,72.89156626506023,53.58281073301121,1.337482188526961,1.3603281526252884,10.257245197004238,87.6639906011357,0.022845964098327398,1.017081322124737,0.4394622512105948
CTSC,ENO1,60.485183979159885,40.74226380178884,85.44448062520351,81.06302045851753,53.41094106154347,37.0412254549193,1.4845443966740897,1.4418934177306661,7.0742429176164165,88.30417227456257,-0.04265097894342351,0.9712699875874531,0.4393883124256417
TIMP1,CD47,52.92250081406708,28.82697645728385,72.37056333441876,45.71810424591344,41.36274829045913,14.763030739179603,1.8358035255261687,2.801589147379244,11.559752523607948,78.15720658360252,0.9657856218530751,1.5260833245084147,0.43907531401066635
CD63,EMB,69.96906545099316,68.3149994859669,59.703679583197655,16.82944381618176,43.71540214913709,12.295671841266577,1.0241973472900125,3.5550596708966364,26.253663301856065,62.478184991274,2.530862323606624,3.4710690086272824,0.4389340411367012
EZR,PTGES3,29.648323021817,33.453274390870774,78.74470856398567,70.07299270072993,25.73266037121459,26.24653027654981,0.8862342275134694,0.9803840628085599,3.9156626506024104,86.79297089511257,0.09414983529509058,1.106235837402996,0.4386723462403174
CD99,EMB,89.77531748616086,78.35920633288784,59.703679583197655,16.82944381618176,54.925105828720284,14.454610876940475,1.145674848082707,3.7995700282951423,34.850211657440575,61.18063112078346,2.6538951802124355,3.316447100722987,0.43859791461453906
IL1RAP,HNRNPK,31.773038098339303,10.157294129741956,82.83946597199609,84.0649737843117,27.938782155649626,9.005859977382544,3.1277926876829283,3.1019447649688936,3.8342559426896763,87.93235972328978,-0.025847922714034688,0.9917360498936447,0.43836940248074713
IL2RG,RTN4,44.51318788668186,16.305130050375244,76.70954086616737,65.66258867071039,37.79713448388147,12.573249717281794,2.729843791823401,3.005915687512859,6.716053402800391,84.91221653255303,0.2760718956894581,1.101131023143656,0.43836467744723806
HCST,EEF1D,65.81732334744383,32.03454302457078,83.27092152393357,89.83242520818341,58.53142298925432,30.348514444330213,2.0545093709497273,1.9285785641354452,7.285900358189515,88.93011750154606,-0.12593080681428215,0.9387051679613081,0.43835404716701626
TGFB1,RTN4,53.80983393031586,34.67667317775265,76.70954086616737,65.66258867071039,45.913383262780854,25.742777834892568,1.5517140857316054,1.783474964600993,7.896450667535007,85.32526475037821,0.23176087886938768,1.1493579783804801,0.4382143676953605
PLP2,CD164,58.83262780853142,35.468284157499745,78.06903288830999,77.09468489770741,50.78150439596223,28.42603063637298,1.6586922799819646,1.7863808937886825,8.05112341256919,86.31520686315208,0.12768861380671792,1.0769814964160238,0.4379604650060963
EMP3,ITM2B,70.35981764897427,68.28415749974299,81.70791273200912,80.68263596175593,61.34809508303484,57.386655700627124,1.030382300124871,1.0690120433402621,9.01172256593943,87.19194724054148,0.03862974321539103,1.0374906898252323,0.437891223363477
VDAC1,HCST,49.86160859654836,34.40937596381207,65.81732334744383,32.03454302457078,36.50276782806903,12.655495013878895,1.4490283003296942,2.88411347596951,13.358840768479325,73.20816326530611,1.435085175639816,1.9903776036073928,0.43779507510852145
TGFB1,ITM2B,53.80983393031586,34.67667317775265,81.70791273200912,80.68263596175593,46.914685770107454,29.54662280250848,1.5517140857316054,1.5877651506409705,6.895148160208407,87.1860816944024,0.03605106490936505,1.023233059002856,0.4377329617174803
CTSA,PTGES3,36.144578313253014,24.046468592577362,78.74470856398567,70.07299270072993,31.23575382611527,19.399609334841163,1.5030512743619766,1.610039833646854,4.908824487137743,86.4189189189189,0.10698855928487738,1.0711809111969866,0.4374440225588384
CTSA,RTN4,36.144578313253014,24.046468592577362,76.70954086616737,65.66258867071039,30.942689677629435,18.29957849285494,1.5030512743619766,1.6908039103632886,5.201888635623579,85.6081081081081,0.18775263600131198,1.1249143254151528,0.4374281723406061
TIMP1,HCST,52.92250081406708,28.82697645728385,65.81732334744383,32.03454302457078,40.955714750895474,14.392926904492649,1.8358035255261687,2.845346862093091,11.966786063171604,77.38809413936318,1.0095433365669222,1.549919053171865,0.43741763752516205
EZR,CD74,29.648323021817,33.453274390870774,89.09150113969392,88.99969158013776,26.058287202865515,30.88310887221137,0.8862342275134694,0.8437441828315794,3.5900358189514847,87.89126853377263,-0.042490044681889994,0.952055513810265,0.43733184043476875
VIM,ENO1,89.62064474112667,80.15832219594942,85.44448062520351,81.06302045851753,77.81667209378053,65.84764058805388,1.118031468904503,1.1817506238374473,11.803972647346143,86.8289581251703,0.06371915493294433,1.0569922732097865,0.43733074837249875
HCST,PCBP2,65.81732334744383,32.03454302457078,84.34549006838164,85.18556595044721,58.27092152393357,29.988691271717897,2.0545093709497273,1.943031723667212,7.546401823510259,88.5343228200371,-0.11147764728251519,0.945740015178912,0.43709773173605976
SLC9A3R1,CD164,41.6151090849886,35.416880847126556,78.06903288830999,77.09468489770741,36.07131227613155,28.888660429731676,1.1749745634023394,1.248589001724953,5.543796808857053,86.67840375586854,0.0736144383226136,1.062651942106262,0.43707274069547336
TIMP1,PCBP2,52.92250081406708,28.82697645728385,84.34549006838164,85.18556595044721,46.54021491370889,26.102601007504884,1.8358035255261687,1.7829040100761728,6.382285900358191,87.94031687432702,-0.052899515449995826,0.9711845441440504,0.4370566085991353
IL1RAP,EEF1D,31.773038098339303,10.157294129741956,83.27092152393357,89.83242520818341,28.10973624226636,9.31427983962167,3.1277926876829283,3.0175943961129574,3.663301856072941,88.47040737893927,-0.11019829156997085,0.9647680321001051,0.43684212231619785
HCST,ITM2B,65.81732334744383,32.03454302457078,81.70791273200912,80.68263596175593,57.2289156626506,27.305438470237483,2.0545093709497273,2.0958029999052044,8.588407684793232,86.95114409400124,0.04129362895547706,1.020099021955976,0.43682040191778
CYBA,PTPRC,80.75545424943016,58.918474349748124,82.39986974926734,64.63452246324664,67.97460110713122,40.310475994654055,1.3706071742945782,1.6862344885646396,12.780853142298938,84.17338709677418,0.3156273142700614,1.2302828412032119,0.43664830119737397
EMB,PCBP2,59.703679583197655,16.82944381618176,84.34549006838164,85.18556595044721,52.54802995766851,15.12285391179192,3.5473621631887737,3.474513193802893,7.1556496255291435,88.014725934006,-0.07284896938588092,0.9794639041533905,0.43643118120073593
VIM,PTPRC,89.62064474112667,80.15832219594942,82.39986974926734,64.63452246324664,75.35818951481602,52.43137658065179,1.118031468904503,1.4372453516178045,14.26245522631065,84.08574802434372,0.31921388271330153,1.2855142199405902,0.4363894342573837
S100A10,HNRNPU,43.70726147834581,28.48771460882081,78.23184630413546,78.74987149172406,37.748290459133834,23.224015626606352,1.5341956307433038,1.6253289584825836,5.95897101921198,86.36617619668468,0.09113332773927985,1.059401373536129,0.4363875473703874
TGFB1,HCST,53.80983393031586,34.67667317775265,65.81732334744383,32.03454302457078,40.13350700097688,14.228436311298447,1.5517140857316054,2.8204565608203396,13.676326929338984,74.58396369137668,1.2687424750887342,1.817639336237993,0.4363569422113202
TAGLN2,CYBA,88.04135460761967,83.7051506116994,80.75545424943016,58.918474349748124,73.50211657440573,51.42387169733731,1.0517907461308387,1.429310645770878,14.539238033213934,83.48589921405456,0.3775198996400393,1.3589306152662017,0.4363054910522748
IL1RAP,ITM2B,31.773038098339303,10.157294129741956,81.70791273200912,80.68263596175593,27.539889286877237,8.646036804770228,3.1277926876829283,3.184893265596438,4.2331488114620655,86.67691519344093,0.05710057791350964,1.0182558703901217,0.43623960486288016
IL3RA,EEF1D,33.46629762292413,11.833042047907885,83.27092152393357,89.83242520818341,29.70530771735591,11.103115040608616,2.827968456377132,2.6751621006015593,3.76098990556822,88.76185842860617,-0.15280635577557256,0.9459660324601603,0.4361689743542523
SLC9A3R1,ITM2B,41.6151090849886,35.416880847126556,81.70791273200912,80.68263596175593,36.38065776619994,31.48966793461499,1.1749745634023394,1.1552837761884942,5.234451318788665,87.42175273865416,-0.019690787213845207,0.9832415204318745,0.4361242243325785
HCST,PTGES3,65.81732334744383,32.03454302457078,78.74470856398567,70.07299270072993,55.6496255291436,23.9745039580549,2.0545093709497273,2.3211034740501186,10.167697818300233,84.55163883735311,0.26659410310039133,1.1297604707332896,0.43608789934178516
IL2RG,ITM2B,44.51318788668186,16.305130050375244,81.70791273200912,80.68263596175593,38.9124063822859,14.362084918268737,2.729843791823401,2.709195594380447,5.600781504395961,87.41770299926847,-0.020648197442953986,0.9924361249149857,0.4360561051241947
TAGLN2,EEF1D,88.04135460761967,83.7051506116994,83.27092152393357,89.83242520818341,77.3689352002605,78.56481957438059,1.0517907461308387,0.9847658386229017,10.672419407359172,87.87794729542301,-0.06702490750793699,0.93627543524746,0.4360384911017183
CD63,PCBP2,69.96906545099316,68.3149994859669,84.34549006838164,85.18556595044721,61.16900032562683,61.252184640690864,1.0241973472900125,0.9986256336620234,8.800065125366324,87.42292030250147,-0.025571713627989157,0.9750324352082624,0.43583601583110787
CYBA,PCBP2,80.75545424943016,58.918474349748124,84.34549006838164,85.18556595044721,70.52263106479974,52.308008635756146,1.3706071742945782,1.3481928429550385,10.23282318463042,87.32862903225805,-0.02241433133953974,0.9836464219946347,0.43552242859431334
VIM,PCBP2,89.62064474112667,80.15832219594942,84.34549006838164,85.18556595044721,77.96320416802345,69.16829443816182,1.118031468904503,1.1271360334277154,11.657440573103216,86.99246071396132,0.0091045645232124,1.0081433884254918,0.4354175317959672
TIMP1,EEF1D,52.92250081406708,28.82697645728385,83.27092152393357,89.83242520818341,46.74373168349072,27.325999794386757,1.8358035255261687,1.7105328808577207,6.178769130576356,88.32487309644671,-0.12527064466844795,0.9317624991309768,0.43536083324881114
S100A10,CD74,43.70726147834581,28.48771460882081,89.09150113969392,88.99969158013776,38.065776619993485,24.879202220623007,1.5341956307433038,1.5299625092452447,5.641484858352328,87.09256844850066,-0.0042331214980591,0.9972408202622711,0.4352511861676003
CD99,ENO1,89.77531748616086,78.35920633288784,85.44448062520351,81.06302045851753,78.09345490068381,67.87293101675748,1.145674848082707,1.1505662591047396,11.681862585477049,86.98766775480594,0.00489141102203261,1.004269458328616,0.4351829093251313
SLC9A3R1,RTN4,41.6151090849886,35.416880847126556,76.70954086616737,65.66258867071039,35.60729404102898,26.955895959699806,1.1749745634023394,1.3208974094888892,6.007815043959624,85.56338028169014,0.14592284608654982,1.124192344780644,0.4351130437127782
TIMP1,HNRNPK,52.92250081406708,28.82697645728385,82.83946597199609,84.0649737843117,46.076196678606316,25.24930605530996,1.8358035255261687,1.8247777503242109,6.8463041354607626,87.06352868789416,-0.0110257752019578,0.9939940331039523,0.4347663546793729
VDAC1,ITM2B,49.86160859654836,34.40937596381207,81.70791273200912,80.68263596175593,43.63399544122436,31.407422638017888,1.4490283003296942,1.3892450424558473,6.227613155324001,87.51020408163265,-0.05978325787384686,0.958742518789837,0.4345618575144709
SLC9A3R1,PTPRC,41.6151090849886,35.416880847126556,82.39986974926734,64.63452246324664,35.159557147508956,24.99228950344402,1.1749745634023394,1.4067598881957513,6.4555519374796475,84.48748043818468,0.23178532479341185,1.1972683767061627,0.4340266684305939
CTSC,PCBP2,60.485183979159885,40.74226380178884,84.34549006838164,85.18556595044721,53.10159557147509,38.326308214248996,1.4845443966740897,1.3854767800190424,7.3835884076847975,87.79273216689097,-0.09906761665504726,0.9332673264086988,0.4340102800017025
CTSC,ITM2B,60.485183979159885,40.74226380178884,81.70791273200912,80.68263596175593,52.74340605665907,36.56831499948597,1.4845443966740897,1.4422858633638735,7.741777922500816,87.20053835800807,-0.04225853331021612,0.9715343418459628,0.43388976512452954
TIMP1,PTGES3,52.92250081406708,28.82697645728385,78.74470856398567,70.07299270072993,44.60273526538587,21.39405777732086,1.8358035255261687,2.084721421629698,8.319765548681211,84.27934163974773,0.2489178961035292,1.13559070600008,0.4338426030039151
TGFB1,CD37,53.80983393031586,34.67667317775265,73.94171279713449,81.91631541071246,46.735591012699444,30.389637092628764,1.5517140857316054,1.5378286039299631,7.0742429176164165,86.85325264750378,-0.013885481801642285,0.9910515204254942,0.4335719891474368
CD99,PCBP2,89.77531748616086,78.35920633288784,84.34549006838164,85.18556595044721,78.28883099967437,71.48144340495529,1.145674848082707,1.0952176124724808,11.486486486486484,87.20529561117156,-0.05045723561022619,0.9559585028032459,0.4335036162753465
CD63,HNRNPK,69.96906545099316,68.3149994859669,82.83946597199609,84.0649737843117,60.78638879843699,60.50169630924231,1.0241973472900125,1.0046889230811247,9.182676652556168,86.8760907504363,-0.019508424208887876,0.980952475359845,0.43340503254173707
IL2RG,HNRNPK,44.51318788668186,16.305130050375244,82.83946597199609,84.0649737843117,39.1566265060241,15.071450601418732,2.729843791823401,2.597893835680469,5.356561380657766,87.966349670812,-0.13194995614293203,0.9516639169837641,0.4332342505469134
TAGLN2,PTPRC,88.04135460761967,83.7051506116994,82.39986974926734,64.63452246324664,73.81960273526539,55.96792433432713,1.0517907461308387,1.3189391008179516,14.221751872354275,83.84650947757744,0.26714835468711295,1.2539938249788336,0.4325899651222429
EMP3,HNRNPK,70.35981764897427,68.28415749974299,82.83946597199609,84.0649737843117,60.965483555845005,60.04934717795826,1.030382300124871,1.0152394852135451,9.394334093129267,86.64815457595743,-0.015142814911325964,0.9853036927075602,0.4324836321342208
TIMP1,RTN4,52.92250081406708,28.82697645728385,76.70954086616737,65.66258867071039,44.08987300553566,20.551043487200577,1.8358035255261687,2.1452792776053626,8.83262780853142,83.31025996000616,0.309475752079194,1.1685778177109087,0.4320250874039905
CYBA,EEF1D,80.75545424943016,58.918474349748124,83.27092152393357,89.83242520818341,70.45750569846956,54.89873547856482,1.3706071742945782,1.2833851581303002,10.297948550960598,87.24798387096774,-0.08722201616427805,0.9363624984604584,0.43187881854662485
TGFB1,CD164,53.80983393031586,34.67667317775265,78.06903288830999,77.09468489770741,46.01921198306741,28.169014084507044,1.5517140857316054,1.6336240317457658,7.790621947248454,85.52193645990923,0.08190994601416035,1.052786751610585,0.4317051796002542
EZR,RTN4,29.648323021817,33.453274390870774,76.70954086616737,65.66258867071039,25.293064148485836,25.578287241698366,0.8862342275134694,0.9888103569693709,4.355258873331163,85.31026908292148,0.10257612945590155,1.1157438138489664,0.43168015188740244
CD63,EEF1D,69.96906545099316,68.3149994859669,83.27092152393357,89.83242520818341,60.95734288505373,64.94294232548576,1.0241973472900125,0.9386147607046702,9.01172256593943,87.12041884816755,-0.08558258658534235,0.9164393592584568,0.4313229649115706
EMP3,PTGES3,70.35981764897427,68.28415749974299,78.74470856398567,70.07299270072993,59.64669488765875,50.6014187313663,1.030382300124871,1.178732091924418,10.713122761315525,84.77380539164643,0.14834979179954688,1.1439754853917508,0.4312865165482095
CD99,PTPRC,89.77531748616086,78.35920633288784,82.39986974926734,64.63452246324664,75.18723542819929,53.891230595250335,1.145674848082707,1.3951405350593475,14.588082057961572,83.75045339136743,0.2494656869766405,1.2177456259898893,0.4312255513056692
TYROBP,RTN4,72.33800065125367,18.926698879407834,76.70954086616737,65.66258867071039,58.45815695213285,13.395702683252802,3.8218063966535802,4.363622776014228,13.879843699120812,80.81251406707179,0.5418163793606481,1.1417697086474785,0.43115338930339137
TAGLN2,HNRNPK,88.04135460761967,83.7051506116994,82.83946597199609,84.0649737843117,76.15597525236079,74.33946746170453,1.0517907461308387,1.0244215277714186,11.885379355258877,86.50023116042533,-0.027369218359420078,0.9739784567794482,0.4311326948841557
S100A10,CD164,43.70726147834581,28.48771460882081,78.06903288830999,77.09468489770741,36.36437642461739,19.80055515575203,1.5341956307433038,1.8364404279657867,7.342885053728423,83.19985099646118,0.3022447972224829,1.197005382603031,0.43111149484343003
ANXA1,EEF1D,83.14881146206447,62.16716356533361,83.27092152393357,89.83242520818341,72.06121784435038,56.245502210342345,1.337482188526961,1.2811679840084367,11.087593617714091,86.66536126884668,-0.05631420451852431,0.9578953611482885,0.4305110961183073
VDAC1,RTN4,49.86160859654836,34.40937596381207,76.70954086616737,65.66258867071039,42.34776945620319,27.04842191837154,1.4490283003296942,1.5655702212046627,7.513839140345169,84.93061224489796,0.11654192087496851,1.0804276361258451,0.4304801572682382
CYBA,ITM2B,80.75545424943016,58.918474349748124,81.70791273200912,80.68263596175593,69.42364050797785,50.292998869127175,1.3706071742945782,1.3803563460648454,11.331813741452308,85.96774193548386,0.009749171770267129,1.0071130313288232,0.4303261682659326
CD9,TPI1,38.18788668186259,11.29844762002673,72.5415174210355,71.95435386038861,30.991533702377076,8.018916418217334,3.379624205185019,3.8643212829474693,7.196352979485511,81.15540396503943,0.4846970777624504,1.1434174477206158,0.4300118737133197
EMP3,RTN4,70.35981764897427,68.28415749974299,76.70954086616737,65.66258867071039,58.99544122435689,47.36301017785545,1.030382300124871,1.2455753007995847,11.364376424617383,83.8482008561842,0.21519300067471359,1.208847726371692,0.4300006543146567
TYROBP,ENO1,72.33800065125367,18.926698879407834,85.44448062520351,81.06302045851753,63.29371540214914,17.27151228539118,3.8218063966535802,3.66441860664832,9.044285249104526,87.49718658564034,-0.15738779000526026,0.9588184817150678,0.4296165434279387
PLP2,CD47,58.83262780853142,35.468284157499745,72.37056333441876,45.71810424591344,46.377401497883426,19.666906548781743,1.6586922799819646,2.3580242962236415,12.455226310647994,78.8293897882939,0.699332016241677,1.4216164894969434,0.42911354975355337
VDAC1,CD164,49.86160859654836,34.40937596381207,78.06903288830999,77.09468489770741,42.74666232497558,29.341009561015728,1.4490283003296942,1.456841673917573,7.1149462715727765,85.73061224489797,0.007813373587878703,1.0053921469898834,0.42904372990388373
IL1RAP,SPN,31.773038098339303,10.157294129741956,74.0882448713774,59.78204996401768,25.830348420709868,7.2170247763956,3.1277926876829283,3.5785896032360998,5.942689677629435,81.29643863694595,0.4507969155531715,1.1441262131369463,0.4290220389623883
ANXA1,HNRNPK,83.14881146206447,62.16716356533361,82.83946597199609,84.0649737843117,71.32855747313579,53.43888146396628,1.337482188526961,1.3347439312946752,11.820253988928684,85.78421774035638,-0.0027382572322858234,0.9979526776088872,0.42878417584016765
TYROBP,ITM2B,72.33800065125367,18.926698879407834,81.70791273200912,80.68263596175593,61.55975252360795,15.842500257016551,3.8218063966535802,3.88548941363795,10.778248127645718,85.10015755120415,0.06368301698436962,1.0166630672448849,0.4286849386052392
S100A10,CD47,43.70726147834581,28.48771460882081,72.37056333441876,45.71810424591344,33.84890915011397,14.362084918268737,1.5341956307433038,2.3566601007183885,9.858352328231845,77.44458930899609,0.8224644699750847,1.53608839283202,0.4283461700437347
ANXA1,HCST,83.14881146206447,62.16716356533361,65.81732334744383,32.03454302457078,58.409312927385216,20.304307597409274,1.337482188526961,2.8765539574902856,24.739498534679257,70.24672018797729,1.5390717689633246,2.1507231888137404,0.42818718938805267
VIM,EEF1D,89.62064474112667,80.15832219594942,83.27092152393357,89.83242520818341,77.16541843047867,72.02631849491107,1.118031468904503,1.0713354327626485,12.455226310648001,86.10227995276591,-0.04669603614185447,0.9582337014291652,0.42817659795673685
EMB,IL2RG,59.703679583197655,16.82944381618176,44.51318788668186,16.305130050375244,29.306414848583522,4.0711421815564925,3.5473621631887737,7.1968054016674206,30.397264734614133,49.08644668666485,3.649443238478647,2.0287766150152855,0.42790439535725655
IL2RG,CD164,44.51318788668186,16.305130050375244,78.06903288830999,77.09468489770741,37.699446434386196,13.385422021178163,2.729843791823401,2.816245175502707,6.813741452295666,84.69275786393563,0.08640138367930605,1.031650669513802,0.4277838585036435
TYROBP,IL2RG,72.33800065125367,18.926698879407834,44.51318788668186,16.305130050375244,35.44448062520352,4.739385216407936,3.8218063966535802,7.4771308674491745,36.89352002605015,48.99842448795859,3.6553244707955943,1.956438943112409,0.4277583459795727
CTSA,CD47,36.144578313253014,24.046468592577362,72.37056333441876,45.71810424591344,28.71214588082058,13.58075460059628,1.5030512743619766,2.1140233147460954,7.432432432432435,79.43693693693693,0.6109720403841188,1.4064878230075468,0.4277332867038906
EMB,HNRNPK,59.703679583197655,16.82944381618176,82.83946597199609,84.0649737843117,51.44089873005536,14.763030739179603,3.5473621631887737,3.484204255518489,8.262780853142296,86.16034905917644,-0.06315790767028462,0.9821958106432778,0.427643849912368
CTSC,EEF1D,60.485183979159885,40.74226380178884,83.27092152393357,89.83242520818341,52.54802995766851,38.94314793872726,1.4845443966740897,1.3493177470552165,7.937154021491374,86.87752355316285,-0.1352266496188732,0.9089103364494661,0.42762628528487057
TYROBP,PCBP2,72.33800065125367,18.926698879407834,84.34549006838164,85.18556595044721,63.77401497883426,17.929474658167987,3.8218063966535802,3.5567388033301652,8.563985672419406,88.16115237452172,-0.265067593323415,0.9306433749350801,0.4275523822064379
HCST,HNRNPK,65.81732334744383,32.03454302457078,82.83946597199609,84.0649737843117,56.73233474438294,28.56995990541791,2.0545093709497273,1.9856642875210078,9.084988603060893,86.19666048237477,-0.06884508342871953,0.9664907425577256,0.42754104824043787
PLP2,CD37,58.83262780853142,35.468284157499745,73.94171279713449,81.91631541071246,50.79778573754477,32.34296288680991,1.6586922799819646,1.5705492216682102,8.034842070986649,86.3428808634288,-0.08814305831375435,0.9468599092324028,0.4273072514014563
SLC9A3R1,SNRPD2,41.6151090849886,35.416880847126556,75.92803647020514,79.92186696823275,35.875936177141,32.630821424899764,1.1749745634023394,1.0994156810923772,5.739172907847603,86.20892018779344,-0.07555888230996222,0.9356931761218995,0.4272666568234691
CAPNS1,HNRNPU,43.14555519374797,22.524930605530997,78.23184630413546,78.74987149172406,36.99120807554542,19.605222576333915,1.9153728185220478,1.886707545603221,6.154347118202544,85.73584905660377,-0.028665272918826812,0.985034102686627,0.4272459816370775
EMB,ITM2B,59.703679583197655,16.82944381618176,81.70791273200912,80.68263596175593,50.64311299251058,14.033103731880333,3.5473621631887737,3.6085747946602402,9.060566590687074,84.8241068993728,0.061212631471466494,1.0172558167605987,0.42718116607043727
CTSC,HNRNPK,60.485183979159885,40.74226380178884,82.83946597199609,84.0649737843117,52.22240312601758,37.58610054487509,1.4845443966740897,1.3893703523013026,8.262780853142303,86.33916554508748,-0.09517404437278709,0.9358900652711963,0.426937125506798
HCST,RTN4,65.81732334744383,32.03454302457078,76.70954086616737,65.66258867071039,54.30641484858352,23.19317364038244,2.0545093709497273,2.3413817491662137,11.51090849886031,82.5108225108225,0.28687237821648637,1.1396306009954462,0.4268977314649368
CD99,EEF1D,89.77531748616086,78.35920633288784,83.27092152393357,89.83242520818341,77.40963855421687,73.08522668859875,1.145674848082707,1.0591549469921198,12.36567893194399,86.2259702575263,-0.08651990109058727,0.9244812773577261,0.42680385623310213
PLP2,HCST,58.83262780853142,35.468284157499745,65.81732334744383,32.03454302457078,44.58645392380332,17.045337719749153,1.6586922799819646,2.6156031082352293,14.246173884728101,75.7852497578525,0.9569108282532648,1.5769067836161084,0.42677179020192574
CTSA,CD164,36.144578313253014,24.046468592577362,78.06903288830999,77.09468489770741,30.72289156626506,20.23234296288681,1.5030512743619766,1.5184288440431615,5.421686746987955,84.99999999999999,0.015377569681184866,1.0102309015956308,0.4257688784840592
TGFB1,CD47,53.80983393031586,34.67667317775265,72.37056333441876,45.71810424591344,41.9488765874308,18.536033720571606,1.5517140857316054,2.262976764231579,11.860957342885058,77.95763993948562,0.7112626784999736,1.4583722510739638,0.4253513336224268
CD9,TMEM123,38.18788668186259,11.29844762002673,70.73428850537285,64.9018196771872,29.762292412894823,7.2787087488434254,3.379624205185019,4.088390544144139,8.425594268967764,77.93647409933916,0.7087663389591201,1.2097174999136682,0.4251206874446518
CD9,PPIB,38.18788668186259,11.29844762002673,63.521654184304786,65.83735992597923,29.746011071312275,7.2787087488434254,3.379624205185019,4.086154006647342,8.441875610550312,77.89383926668087,0.7065298014623229,1.2090557288524462,0.42479568640652055
TAGLN2,PTGES3,88.04135460761967,83.7051506116994,78.74470856398567,70.07299270072993,73.7219146857701,63.09242315205099,1.0517907461308387,1.1684564096023946,14.319439921849565,83.73555247341655,0.11666566347155594,1.1109209830003992,0.42451104554066055
EMP3,HCST,70.35981764897427,68.28415749974299,65.81732334744383,32.03454302457078,52.39335721263432,25.280148041533874,1.030382300124871,2.0724279263963155,17.96646043633995,74.46488487793592,1.0420456262714444,2.01131941624498,0.4244267057032517
VDAC1,SNRPD2,49.86160859654836,34.40937596381207,75.92803647020514,79.92186696823275,42.82806903288831,31.972859052122956,1.4490283003296942,1.3394713776360587,7.0335395636600495,85.89387755102041,-0.10955692269363548,0.9243928343782463,0.42399154162042024
EMB,EEF1D,59.703679583197655,16.82944381618176,83.27092152393357,89.83242520818341,51.58743080429827,15.235941194612932,3.5473621631887737,3.3856815580897015,8.116248778899383,86.40578129260976,-0.16168060509907223,0.9544223009489013,0.4239448762080952
CYBA,HNRNPK,80.75545424943016,58.918474349748124,82.83946597199609,84.0649737843117,68.73982416151091,51.73229155957644,1.3706071742945782,1.3287347873921695,12.015630087919249,85.12096774193549,-0.04187238690240869,0.9694497535926299,0.423511219364557
ANXA1,ITM2B,83.14881146206447,62.16716356533361,81.70791273200912,80.68263596175593,70.15630087919244,51.20797779376992,1.337482188526961,1.370000025419911,12.992510582872029,84.37438809477187,0.03251783689294996,1.024312725187588,0.4234978323185069
S100A10,TYROBP,43.70726147834581,28.48771460882081,72.33800065125367,18.926698879407834,31.243894496906545,10.94890510948905,1.5341956307433038,2.8533484248946577,12.463366981439268,71.48444775563419,1.319152794151354,1.859833496926488,0.4233798784857387
ANXA1,PTGES3,83.14881146206447,62.16716356533361,78.74470856398567,70.07299270072993,68.74796483230219,44.782563997121414,1.337482188526961,1.5351159822099276,14.400846629762285,82.68063442334052,0.19763379368296663,1.1477655518542875,0.42328486180085095
TIMP1,EMP3,52.92250081406708,28.82697645728385,70.35981764897427,68.28415749974299,44.2282644089873,22.751105171173023,1.8358035255261687,1.9439196538623873,8.694236405079778,83.57175819104754,0.10811612833621864,1.0588930824202611,0.4232645973720486
CD63,RTN4,69.96906545099316,68.3149994859669,76.70954086616737,65.66258867071039,57.96971670465646,48.42191837154313,1.0241973472900125,1.1971545428109458,11.999348746336693,82.85049447353113,0.17295719552093325,1.168870966106846,0.42290033214370226
CAPNS1,SNRPD2,43.14555519374797,22.524930605530997,75.92803647020514,79.92186696823275,36.74698795180723,19.810835817826668,1.9153728185220478,1.8547997414122686,6.398567241940739,85.1698113207547,-0.060573077109779216,0.9683753071339297,0.4228204027482846
HCST,CD47,65.81732334744383,32.03454302457078,72.37056333441876,45.71810424591344,50.28492347769456,17.51824817518248,2.0545093709497273,2.8702672040988304,15.53239986974927,76.40074211502782,0.8157578331491031,1.3970572462134874,0.4227916022325943
HCST,CD164,65.81732334744383,32.03454302457078,78.06903288830999,77.09468489770741,54.233148811462065,23.92310064768171,2.0545093709497273,2.2668834916775586,11.584174535981766,82.39950525664811,0.21237412072783135,1.1033697503310282,0.42261623231963213
CYBA,HCST,80.75545424943016,58.918474349748124,65.81732334744383,32.03454302457078,58.31162487788994,22.42212398478462,1.3706071742945782,2.600512975687854,22.443829371540218,72.20766129032258,1.2299058013932755,1.8973437644715974,0.42253359652127664
CD63,PTGES3,69.96906545099316,68.3149994859669,78.74470856398567,70.07299270072993,58.401172256593945,51.89678215277064,1.0241973472900125,1.125311522651958,11.567893194399211,83.46713205351949,0.10111417536194556,1.09872528534612,0.4223913690356948
CTSA,CD37,36.144578313253014,24.046468592577362,73.94171279713449,81.91631541071246,30.7717355910127,21.455741749768684,1.5030512743619766,1.4341290001006064,5.372842722240314,85.13513513513513,-0.06892227426137021,0.954145094424256,0.42222956196260714
IL3RA,CD164,33.46629762292413,11.833042047907885,78.06903288830999,77.09468489770741,27.938782155649626,9.571296391487612,2.827968456377132,2.9187126069868503,5.527515467274505,83.48333738749696,0.09074415060971841,1.0320881056523414,0.4219538944679707
CD9,CANX,38.18788668186259,11.29844762002673,66.68023445131878,62.77372262773723,29.005210029306415,6.877762927932559,3.379624205185019,4.2166317306161405,9.182676652556172,75.95395438072904,0.8370075254311216,1.2476628981846516,0.4216201481752013
VDAC1,CD47,49.86160859654836,34.40937596381207,72.37056333441876,45.71810424591344,39.3682839465972,19.831397141975945,1.4490283003296942,1.9850491932350873,10.493324649951155,78.95510204081633,0.5360208929053931,1.3699174769626195,0.4215765548493513
CD99,HNRNPK,89.77531748616086,78.35920633288784,82.83946597199609,84.0649737843117,76.11527189840443,69.29166238305747,1.145674848082707,1.0984607789729715,13.660045587756429,84.7841857091041,-0.04721406910973558,0.9587892941974343,0.4215602250900337
TGFB1,EMP3,53.80983393031586,34.67667317775265,70.35981764897427,68.28415749974299,44.44806252035168,25.85586511771358,1.5517140857316054,1.7190043076761827,9.361771409964184,82.60211800302571,0.16729022194457732,1.1078099525439977,0.42137510111235743
EMB,RTN4,59.703679583197655,16.82944381618176,76.70954086616737,65.66258867071039,48.24161510908499,12.388197799938316,3.5473621631887737,3.89384493557163,11.462064474112665,80.8017452958822,0.3464827723828563,1.097673357397317,0.42133286509855383
VIM,HNRNPK,89.62064474112667,80.15832219594942,82.83946597199609,84.0649737843117,75.50472158905893,68.01686028580241,1.118031468904503,1.1100719909711607,14.115923152067737,84.24925061313469,-0.007959477933342285,0.9928808104648956,0.4208482791690064
CD99,ITM2B,89.77531748616086,78.35920633288784,81.70791273200912,80.68263596175593,75.61869098013676,66.50560296083067,1.145674848082707,1.1370102758770086,14.156626506024097,84.23104824084149,-0.008664572205698384,0.9924371454778826,0.4207220125939225
CD9,CD37,38.18788668186259,11.29844762002673,73.94171279713449,81.91631541071246,32.18821230869423,9.571296391487612,3.379624205185019,3.3626426713362485,5.999674373168354,84.28906416542314,-0.016981533848770436,0.9949753189059549,0.4205962441346772
VDAC1,HNRNPU,49.86160859654836,34.40937596381207,78.23184630413546,78.74987149172406,42.18495604037773,30.184023851136015,1.4490283003296942,1.3975458905854101,7.67665255617063,84.60408163265306,-0.051482409744284086,0.9644710805630432,0.4204462876760511
VIM,ITM2B,89.62064474112667,80.15832219594942,81.70791273200912,80.68263596175593,74.91859329208727,64.33638326308214,1.118031468904503,1.1644644138810787,14.702051449039402,83.59524025797074,0.046432944976575685,1.0415309821485372,0.4202978485386825
IL3RA,HNRNPU,33.46629762292413,11.833042047907885,78.23184630413546,78.74987149172406,28.2806903288831,10.167574791816593,2.827968456377132,2.7811852602630873,5.185607294041031,84.50498662126003,-0.04678319611404458,0.9834569597095232,0.4201857733005979
CYBA,PTGES3,80.75545424943016,58.918474349748124,78.74470856398567,70.07299270072993,66.6476717681537,44.08347897604606,1.3706071742945782,1.5118171591495428,14.107782481276459,82.53024193548387,0.1412099848549646,1.1030273206673111,0.41971170892016757
TAGLN2,ITM2B,88.04135460761967,83.7051506116994,81.70791273200912,80.68263596175593,73.91729078476067,70.7206744114321,1.0517907461308387,1.0451858132591385,14.124063822859,83.95746648173834,-0.006604932871700164,0.9937202976010225,0.41945708576510665
PLP2,EMP3,58.83262780853142,35.468284157499745,70.35981764897427,68.28415749974299,48.86844676001302,28.117610774133855,1.6586922799819646,1.7379395857268602,9.964181048518398,83.06351183063512,0.07924730574489569,1.047776978708647,0.4192799244404204
CAPNS1,CD164,43.14555519374797,22.524930605530997,78.06903288830999,77.09468489770741,35.973624226636275,18.34070114115349,1.9153728185220478,1.9613024958694714,7.171930967111692,83.37735849056604,0.04592967734742359,1.02397949730897,0.41918327632020136
S100A10,EMP3,43.70726147834581,28.48771460882081,70.35981764897427,68.28415749974299,36.55975252360795,23.563277475069395,1.5341956307433038,1.5514904949785768,7.147508954737866,83.64686161296332,0.017294864235273044,1.0112729197559336,0.41909905127658026
TYROBP,EEF1D,72.33800065125367,18.926698879407834,83.27092152393357,89.83242520818341,63.11462064474113,18.196771872108563,3.8218063966535802,3.4682608996476048,9.223380006512535,87.24960612198966,-0.3535454970059755,0.9074925675681678,0.4185707557596494
CTSC,CD47,60.485183979159885,40.74226380178884,72.37056333441876,45.71810424591344,47.43568870074894,23.594119461293307,1.4845443966740897,2.0104025656053564,13.049495278410944,78.42530282637954,0.5258581689312667,1.3542219216275222,0.41841942257846104
IL3RA,CD63,33.46629762292413,11.833042047907885,69.96906545099316,68.3149994859669,27.450341908173232,9.180631232651383,2.827968456377132,2.989702070646807,6.015955714750898,82.02383848212112,0.16173361426967503,1.057190741963533,0.4182058731240894
VDAC1,RSL1D1,49.86160859654836,34.40937596381207,73.04623901009442,75.12079777937699,42.062845978508626,30.605530996196155,1.4490283003296942,1.3743094891654426,7.798762618039731,84.35918367346937,-0.07471881116425161,0.9484352299073449,0.4180599778091343
VDAC1,TPI1,49.86160859654836,34.40937596381207,72.5415174210355,71.95435386038861,41.70465646369261,28.8680991055824,1.4490283003296942,1.4446123279139045,8.15695213285575,83.64081632653061,-0.004415972415789726,0.9969524595104285,0.41798328301186355
CYBA,LTB,80.75545424943016,58.918474349748124,29.01335070009769,5.54127685822967,25.439596222728753,3.86552894006374,1.3706071742945782,6.579440272418957,55.315858026701406,31.502016129032256,5.208833098124378,4.800383651723735,0.41795173555138015
CTSC,RTN4,60.485183979159885,40.74226380178884,76.70954086616737,65.66258867071039,49.902311950504725,31.325177341420787,1.4845443966740897,1.592990788714006,10.58287202865516,82.50336473755048,0.10844639203991635,1.0730502855171424,0.4179391432897482
CTSC,PTGES3,60.485183979159885,40.74226380178884,78.74470856398567,70.07299270072993,50.47215890589385,33.71029094273671,1.4845443966740897,1.4971885529874187,10.013025073266036,83.44549125168237,0.012644156313329047,1.0085171964824067,0.4178596640740783
VIM,PTGES3,89.62064474112667,80.15832219594942,78.74470856398567,70.07299270072993,73.24975577987627,56.31746684486481,1.118031468904503,1.3006347630458495,16.3708889612504,81.7331274411845,0.18260329414134646,1.163325719552661,0.4177958019129898
EMB,CTSC,59.703679583197655,16.82944381618176,60.485183979159885,40.74226380178884,40.33702377075871,7.854425825023132,3.5473621631887737,5.1349251675532095,19.366655812438943,67.56203981456231,1.5875630043644358,1.4475333871569946,0.4171883492910333
EMB,GNPTAB,59.703679583197655,16.82944381618176,49.0882448713774,23.511874164696206,32.285900358189515,4.986121106199239,3.5473621631887737,6.4738552905917075,27.41777922500814,54.07690209980911,2.9264931274029338,1.8249772627591732,0.41670916686919224
TYROBP,TSPAN2,72.33800065125367,18.926698879407834,34.08498860306089,9.499331756965148,26.896776294366656,3.187005243137658,3.8218063966535802,8.436867019671102,45.441224356887005,37.18208417735764,4.615060623017522,2.2075600237255673,0.4166634520376643
SLC9A3R1,TPI1,41.6151090849886,35.416880847126556,72.5415174210355,71.95435386038861,34.66297622924129,29.433535519687467,1.1749745634023394,1.1776294620330172,6.952132855747315,83.29420970266041,0.0026548986306778044,1.0022595371111611,0.4166037934448359
TGFB1,SNRPD2,53.80983393031586,34.67667317775265,75.92803647020514,79.92186696823275,45.115597525236076,30.142901202837464,1.5517140857316054,1.4966741438559823,8.694236405079785,83.84266263237518,-0.05503994187562311,0.9645295854553819,0.4164613160680947
CTSA,HNRNPU,36.144578313253014,24.046468592577362,78.23184630413546,78.74987149172406,30.18560729404103,20.4482368664542,1.5030512743619766,1.476123900914796,5.958971019211983,83.51351351351352,-0.026927373447180658,0.9820848603727036,0.41622119889520853
TGFB1,HNRNPU,53.80983393031586,34.67667317775265,78.23184630413546,78.74987149172406,45.08303484207099,30.101778554538914,1.5517140857316054,1.4976369958803468,8.726799088244874,83.7821482602118,-0.054077089851258586,0.965150094113013,0.41620688680849605
TIMP1,CD164,52.92250081406708,28.82697645728385,78.06903288830999,77.09468489770741,43.36535330511234,22.07258147424694,1.8358035255261687,1.964581658654094,9.557147508954735,81.94123980926013,0.1287781331279254,1.0701481020911623,0.41614510570269686
IL2RG,EMP3,44.51318788668186,16.305130050375244,70.35981764897427,68.28415749974299,35.998046239010094,12.151742572221652,2.729843791823401,2.9621335287141908,8.515141647671769,80.87051938551572,0.2322897368907899,1.085092684638791,0.4159670837721181
CTSA,TPI1,36.144578313253014,24.046468592577362,72.5415174210355,71.95435386038861,29.88440247476392,19.28652205202015,1.5030512743619766,1.5494163736618445,6.2601758384890935,82.68018018018017,0.046365099299867873,1.0308473171146801,0.41571915586589425
ANXA1,RTN4,83.14881146206447,62.16716356533361,76.70954086616737,65.66258867071039,67.18495604037773,42.798396216716355,1.337482188526961,1.569764108357608,15.963855421686745,80.80086156256118,0.23228191983064694,1.1736710378823596,0.4156184038043383
CD63,HNRNPU,69.96906545099316,68.3149994859669,78.23184630413546,78.74987149172406,57.96971670465646,55.15575203043076,1.0241973472900125,1.050999461909464,11.999348746336693,82.85049447353113,0.026802114619451478,1.026168896736912,0.4155925780986282
EMP3,CD164,70.35981764897427,68.28415749974299,78.06903288830999,77.09468489770741,58.099967437316835,53.85010794695178,1.030382300124871,1.0789001313501398,12.259850211657437,82.57549461992365,0.04851783122526876,1.0470872133764224,0.41530336466088164
CD9,SSR2,38.18788668186259,11.29844762002673,66.68023445131878,68.37668345841472,29.9820905242592,7.833864500873856,3.379624205185019,3.826752909500243,8.205796157603388,78.51204434022596,0.4471287043152241,1.1323013084203974,0.414916656916891
TIMP1,HNRNPU,52.92250081406708,28.82697645728385,78.23184630413546,78.74987149172406,43.658417453598176,23.20345430245708,1.8358035255261687,1.8814671047435605,9.264083360468902,82.49500076911245,0.045663579217391836,1.024873892321513,0.41475818280643184
CAPNS1,EMP3,43.14555519374797,22.524930605530997,70.35981764897427,68.28415749974299,35.15141647671768,17.045337719749153,1.9153728185220478,2.062109589439423,7.994138717030289,81.47169811320754,0.14673677091737525,1.0766100309550186,0.41469532911190643
S100A10,SPN,43.70726147834581,28.48771460882081,74.0882448713774,59.78204996401768,34.540866167372194,17.9603166443919,1.5341956307433038,1.9230698311950847,9.16639531097362,79.02775190910785,0.3888742004517809,1.2534710650058198,0.4145824695681283
CD99,PTGES3,89.77531748616086,78.35920633288784,78.74470856398567,70.07299270072993,73.56724194073591,59.22689421198725,1.145674848082707,1.2421046353163523,16.208075545424947,81.94595574900254,0.09642978723364526,1.084168546944206,0.4145512681066949
CAPNS1,TPI1,43.14555519374797,22.524930605530997,72.5415174210355,71.95435386038861,35.647997394985346,18.453788423974505,1.9153728185220478,1.9316394518332838,7.497557798762621,82.62264150943396,0.016266633311236012,1.0084926721074532,0.4139265392127316
TYROBP,HNRNPK,72.33800065125367,18.926698879407834,82.83946597199609,84.0649737843117,61.152718984044284,16.778040505808573,3.8218063966535802,3.6445897465277834,11.18528166720938,84.53747467927076,-0.1772166501257968,0.9536301340954974,0.413826540890064
SLC9A3R1,CD47,41.6151090849886,35.416880847126556,72.37056333441876,45.71810424591344,32.611527189840444,20.304307597409274,1.1749745634023394,1.6060592548719284,9.003581895148159,78.36463223787167,0.43108469146958894,1.3668885309493932,0.41337739576283783
CD9,CALR,38.18788668186259,11.29844762002673,69.55389124063822,75.65539220725815,29.941387170302832,7.864706487097769,3.379624205185019,3.806573156450233,8.246499511559755,78.40545725858026,0.42694895126521404,1.1263303034136722,0.41337473385616197
CYBA,RTN4,80.75545424943016,58.918474349748124,76.70954086616737,65.66258867071039,65.23119505047215,41.81145265755114,1.3706071742945782,1.5600901383308758,15.524259198958006,80.77620967741935,0.1894829640362976,1.1382474625771752,0.41335519658891157
ANXA1,CD47,83.14881146206447,62.16716356533361,72.37056333441876,45.71810424591344,62.267990882448714,29.443816181762106,1.337482188526961,2.1147352558789967,20.880820579615758,74.88740943802624,0.7772530673520357,1.581131527596689,0.413299700557733
IL1RAP,HNRNPU,31.773038098339303,10.157294129741956,78.23184630413546,78.74987149172406,26.847932269619015,9.118947260203557,3.1277926876829283,2.94386924656621,4.925105828720287,84.49910325390725,-0.18392344111671832,0.9411970486915586,0.41329934421370035
EMP3,CD37,70.35981764897427,68.28415749974299,73.94171279713449,81.91631541071246,58.45001628134158,59.20633288783797,1.030382300124871,0.9872090741204127,11.909801367632689,83.0730070577346,-0.04317322600445839,0.9580997984930193,0.41320637398845006
EMP3,CD47,70.35981764897427,68.28415749974299,72.37056333441876,45.71810424591344,53.94008466297623,33.14485452863165,1.030382300124871,1.6273553791284026,16.41973298599804,76.66319564965869,0.5969730790035315,1.5793704714562593,0.41316463219847
S100A10,CD37,43.70726147834581,28.48771460882081,73.94171279713449,81.91631541071246,36.152718984044284,23.696926082039685,1.5341956307433038,1.5255646784823043,7.554542494301529,82.71558949525051,-0.008630952260999525,0.9943742818138402,0.41314639986320256
CTSC,CD164,60.485183979159885,40.74226380178884,78.06903288830999,77.09468489770741,50.22793878215565,34.882286419245396,1.4845443966740897,1.439885513609305,10.257245197004238,83.04172274562583,-0.044658883064784716,0.9699174486362034,0.41297566957488996
VDAC1,CD37,49.86160859654836,34.40937596381207,73.94171279713449,81.91631541071246,41.8593292087268,32.106507659093246,1.4490283003296942,1.303724027824742,8.00227938782156,83.95102040816326,-0.14530427250495226,0.899722957466123,0.41248988841556866
CAPNS1,CD37,43.14555519374797,22.524930605530997,73.94171279713449,81.91631541071246,36.136437642461736,20.201500976662896,1.9153728185220478,1.788711094938447,7.009117551286231,83.75471698113206,-0.12666172358360073,0.9338709820047795,0.41244049872648025
CTSA,SPN,36.144578313253014,24.046468592577362,74.0882448713774,59.78204996401768,28.948225333767503,16.634111236763648,1.5030512743619766,1.7401882633517853,7.196352979485511,80.09009009009009,0.23713698898980873,1.1577703921580917,0.4123072998999409
PLP2,SNRPD2,58.83262780853142,35.468284157499745,75.92803647020514,79.92186696823275,49.096385542168676,31.69528117610774,1.6586922799819646,1.5489635919552895,9.736242266362744,83.45094783450948,-0.10972868802667501,0.9338462659102338,0.4117683047712137
CD63,CD47,69.96906545099316,68.3149994859669,72.37056333441876,45.71810424591344,53.69586453923803,33.89534286008019,1.0241973472900125,1.5841197016707012,16.273200911755126,76.74229203025014,0.5599223543806886,1.5466938142948934,0.41170757787028517
VDAC1,SPN,49.86160859654836,34.40937596381207,74.0882448713774,59.78204996401768,39.89742754802996,23.738048730338235,1.4490283003296942,1.6806666518629914,9.964181048518398,80.01632653061225,0.23163835153329715,1.1598577139456787,0.4116635502297261
SLC9A3R1,EMP3,41.6151090849886,35.416880847126556,70.35981764897427,68.28415749974299,33.9303158580267,27.05870258044618,1.1749745634023394,1.2539057204030524,7.684793226961901,81.53364632237871,0.07893115700071296,1.0671769070235482,0.41161478946192925
S100A10,CD63,43.70726147834581,28.48771460882081,69.96906545099316,68.3149994859669,35.61543471182026,22.03145882594839,1.5341956307433038,1.6164984123276664,8.091826766525557,81.48631029986963,0.08230278158436266,1.0536455585813966,0.4115466905785663
CD63,HCST,69.96906545099316,68.3149994859669,65.81732334744383,32.03454302457078,50.7896450667535,25.506322607175903,1.0241973472900125,1.9911789978484449,19.179420384239656,72.58871436881908,0.9669816505584323,1.944136062368282,0.41129265437201706
TYROBP,RNASET2,72.33800065125367,18.926698879407834,51.25366330185607,43.18906137555258,41.50113969391078,6.579623727768069,3.8218063966535802,6.3065662786324665,30.836860957342886,57.371145622327255,2.4847598819788863,1.650153258457721,0.4110937222105806
EMP3,HNRNPU,70.35981764897427,68.28415749974299,78.23184630413546,78.74987149172406,57.72549658091827,55.12491004420685,1.030382300124871,1.047157253905228,12.634321068056003,82.04327201203286,0.016774953780356983,1.0162803202057373,0.4110551077491822
VIM,RTN4,89.62064474112667,80.15832219594942,76.70954086616737,65.66258867071039,71.67860631716053,53.7164593399815,1.118031468904503,1.3343633000865083,17.94203842396614,79.98001635025888,0.21633183118200527,1.1934935081871862,0.41071667331039463
IL2RG,CD37,44.51318788668186,16.305130050375244,73.94171279713449,81.91631541071246,37.34939759036145,14.639662794283952,2.729843791823401,2.551072865700008,7.163790296320414,83.90636430138991,-0.17877092612339274,0.9345123971346424,0.41059327520077993
TIMP1,CTSC,52.92250081406708,28.82697645728385,60.485183979159885,40.74226380178884,36.90166069684142,12.018093965251362,1.8358035255261687,3.07025311587783,16.02084011722566,69.72773419473927,1.2344495903516615,1.672430122933689,0.41036115049127947
SLC9A3R1,HNRNPU,41.6151090849886,35.416880847126556,78.23184630413546,78.74987149172406,34.41061543471182,30.913950858435282,1.1749745634023394,1.1130735931712707,7.204493650276781,82.68779342723005,-0.061900970231068664,0.9473171827211103,0.4103439186245968
SLC9A3R1,HCST,41.6151090849886,35.416880847126556,65.81732334744383,32.03454302457078,30.92640833604689,15.904184229464377,1.1749745634023394,1.9444231446722682,10.688700748941713,74.31533646322379,0.7694485812699288,1.6548640330066884,0.4100491113796154
EMB,CD164,59.703679583197655,16.82944381618176,78.06903288830999,77.09468489770741,48.82774340605666,13.683561221342654,3.5473621631887737,3.568089806920821,10.875936177140993,81.78347422961549,0.020727643732047163,1.005843114623914,0.4099537533346798
TYROBP,LNPEP,72.33800065125367,18.926698879407834,37.35753826115272,26.997018607998356,29.640182351025725,3.742160995168089,3.8218063966535802,7.918489851034237,42.69781830022794,40.97456673418861,4.096683454380656,2.0719233339417094,0.40970700638997587
CD9,SSR4,38.18788668186259,11.29844762002673,68.5281667209378,68.7776292793256,29.566916313904265,7.7207772180528424,3.379624205185019,3.8290299601987208,8.620970367958321,77.42485610743978,0.44940575501370184,1.1329750669687546,0.409594568287884
CTSA,EMP3,36.144578313253014,24.046468592577362,70.35981764897427,68.28415749974299,28.988928687723867,17.322915595764368,1.5030512743619766,1.6733473750479106,7.155649625529147,80.2027027027027,0.17029610068593404,1.113300260337574,0.40952831854781013
TAGLN2,RTN4,88.04135460761967,83.7051506116994,76.70954086616737,65.66258867071039,70.62031911429501,58.13714403207567,1.0517907461308387,1.2146985475720167,17.421035493324652,80.21266759130836,0.162907801441178,1.1548861330454345,0.4092087280286007
CAPNS1,CD63,43.14555519374797,22.524930605530997,69.96906545099316,68.3149994859669,35.06186909801367,17.806106713272335,1.9153728185220478,1.9689818038705122,8.083686095734294,81.26415094339622,0.05360898534846448,1.0279887992718988,0.4090012039844043
SLC9A3R1,CD52,41.6151090849886,35.416880847126556,71.27971344838815,64.01768273876837,33.45815695213285,25.578287241698366,1.1749745634023394,1.308017562646963,8.15695213285575,80.39906103286384,0.1330429992446236,1.113230535697194,0.40864745512655043
TIMP1,CD63,52.92250081406708,28.82697645728385,69.96906545099316,68.3149994859669,43.15369586453924,23.29598026112882,1.8358035255261687,1.852330017918309,9.76880494952784,81.54130133825565,0.016526492392140435,1.0090023208705865,0.4085328313108853
PLP2,TPI1,58.83262780853142,35.468284157499745,72.5415174210355,71.95435386038861,48.0543796808857,28.929783078030226,1.6586922799819646,1.6610120628700769,10.778248127645718,81.67981181679812,0.0023197828881122984,1.001398561334196,0.40851504822839624
VIM,CD164,89.62064474112667,80.15832219594942,78.06903288830999,77.09468489770741,72.61478345815695,61.283026626914776,1.118031468904503,1.1848892354972302,17.005861282969718,81.02461622309019,0.06685776659272724,1.059799539147353,0.40846596944508734
CTSA,SNRPD2,36.144578313253014,24.046468592577362,75.92803647020514,79.92186696823275,29.843699120807553,21.08563791508173,1.5030512743619766,1.4152895895965727,6.300879192445461,82.56756756756755,-0.08776168476540391,0.9416109840945662,0.4084497535995676
CAPNS1,SPN,43.14555519374797,22.524930605530997,74.0882448713774,59.78204996401768,33.98730055356561,15.42099311195641,1.9153728185220478,2.2038202395004207,9.158254640182356,78.77358490566037,0.28844742097837295,1.150595966586258,0.40829029557722046
PLP2,HNRNPU,58.83262780853142,35.468284157499745,78.23184630413546,78.74987149172406,48.52653858677955,30.821424899763546,1.6586922799819646,1.5743906829067111,10.306089221751868,82.48235782482358,-0.08430159707525342,0.9491758669810834,0.40819670927035523
CD99,RTN4,89.77531748616086,78.35920633288784,76.70954086616737,65.66258867071039,71.93096711169001,55.58753983756554,1.145674848082707,1.2939891445589045,17.84435037447085,80.12332245194052,0.14831429647619743,1.1294558370766385,0.4080323270835125
S100A10,SNRPD2,43.70726147834581,28.48771460882081,75.92803647020514,79.92186696823275,35.77824812764572,23.727768068263597,1.5341956307433038,1.5078004903043356,7.929013350700096,81.85881914695474,-0.02639514043896818,0.9827954532589954,0.4079743387128253
TAGLN2,CD164,88.04135460761967,83.7051506116994,78.06903288830999,77.09468489770741,71.51579290133508,66.74205818854735,1.0517907461308387,1.0715090803796385,16.52556170628459,81.22977346278319,0.019718334248799874,1.0187473927882866,0.40713478402635583
CYBA,CD164,80.75545424943016,58.918474349748124,78.06903288830999,77.09468489770741,65.56496255291437,47.17795826051198,1.3706071742945782,1.3897077207783788,15.190491696515792,81.18951612903226,0.01910054648380055,1.013935828472247,0.4069026079693513
TGFB1,TPI1,53.80983393031586,34.67667317775265,72.5415174210355,71.95435386038861,43.74796483230218,28.076488125835304,1.5517140857316054,1.5581153355398554,10.06186909801368,81.30105900151285,0.006401249808249965,1.0041252766003164,0.40682535749797677
IL3RA,SPN,33.46629762292413,11.833042047907885,74.0882448713774,59.78204996401768,25.976880494952784,8.111442376889071,2.827968456377132,3.2021035451612416,7.489417127971347,77.62101678423741,0.3741350887841097,1.1322981831499666,0.40681183836039253
TYROBP,TM9SF2,72.33800065125367,18.926698879407834,46.48323021816998,27.75778760152154,35.93292087267991,5.140331037318803,3.8218063966535802,6.989030780523106,36.40507977857376,49.67364393427864,3.167224383869526,1.8287244447135746,0.40672943886486945
HCST,CD37,65.81732334744383,32.03454302457078,73.94171279713449,81.91631541071246,54.42852491045262,28.38490798807443,2.0545093709497273,1.9174487894951004,11.388798436991209,82.69635126777985,-0.13706058145462685,0.9332879258704629,0.40662872726616783
SLC9A3R1,RSL1D1,41.6151090849886,35.416880847126556,73.04623901009442,75.12079777937699,34.10126994464344,30.687776292793256,1.1749745634023394,1.1111967977899317,7.513839140345162,81.94444444444446,-0.06377776561240767,0.945719875477365,0.4065333339416019
CD9,SNRPD2,38.18788668186259,11.29844762002673,75.92803647020514,79.92186696823275,31.243894496906545,9.396525136218772,3.379624205185019,3.3246939001514577,6.943992184956041,81.8162438712428,-0.05493030503356122,0.9837466233821834,0.4063347041045359
CD63,CD164,69.96906545099316,68.3149994859669,78.06903288830999,77.09468489770741,56.805600781504396,55.06322607175902,1.0241973472900125,1.0316244290344887,13.16346466948876,81.1867364746946,0.0074270817444761494,1.0072516119711967,0.4063050364606968
ANXA1,CD164,83.14881146206447,62.16716356533361,78.06903288830999,77.09468489770741,67.17681536958645,48.89482882697646,1.337482188526961,1.3738761972375881,15.971996092478022,80.79107107891129,0.036394008710627146,1.027210836168749,0.4057750558300878
IL2RG,HNRNPU,44.51318788668186,16.305130050375244,78.23184630413546,78.74987149172406,36.86095734288505,14.382646242418012,2.729843791823401,2.562699104360649,7.6522305437968114,82.80907095830284,-0.16714468746275202,0.9387713363074495,0.4056881204183766
CYBA,CD47,80.75545424943016,58.918474349748124,72.37056333441876,45.71810424591344,60.37121458808206,30.070936568315,1.3706071742945782,2.007559920557015,20.384239661348097,74.75806451612902,0.6369527462624369,1.4647230499068873,0.405637959893767
TIMP1,CD37,52.92250081406708,28.82697645728385,73.94171279713449,81.91631541071246,43.55258873331162,25.38295466228025,1.8358035255261687,1.715752699402248,9.369912080755455,82.29503153361021,-0.1200508261239206,0.9346058418263946,0.40547261636185505
TYROBP,GNPTAB,72.33800065125367,18.926698879407834,49.0882448713774,23.511874164696206,37.15402149137089,5.469312223707207,3.8218063966535802,6.791938004992295,35.183979159882774,51.36169255007877,2.9701316083387144,1.777153863926597,0.4053150431673296
IL3RA,CD37,33.46629762292413,11.833042047907885,73.94171279713449,81.91631541071246,27.77596873982416,10.547959288578184,2.827968456377132,2.6330529846577764,5.690328883099969,82.99683775237168,-0.19491547171935553,0.9310757970868392,0.4052384151758906
CD99,CD164,89.77531748616086,78.35920633288784,78.06903288830999,77.09468489770741,72.56593943340931,62.34193482060245,1.145674848082707,1.1639801629843785,17.209378052751546,80.83061298512875,0.01830531490167142,1.0159777575045008,0.4050683306707274
IL1RAP,RSL1D1,31.773038098339303,10.157294129741956,73.04623901009442,75.12079777937699,25.797785737544775,8.317055618381824,3.1277926876829283,3.101420202160589,5.975252360794528,81.19395336920319,-0.026372485522339506,0.9915683396709146,0.404651142569899
SLC9A3R1,SPN,41.6151090849886,35.416880847126556,74.0882448713774,59.78204996401768,32.96157603386519,24.47825639971214,1.1749745634023394,1.3465105105992026,8.65353305112341,79.20579029733959,0.17153594719686316,1.145991200609613,0.40460574884654116
CAPNS1,PLP2,43.14555519374797,22.524930605530997,58.83262780853142,35.468284157499745,30.169325952458482,10.01336486069703,1.9153728185220478,3.012605030086612,12.976229241289484,69.9245283018868,1.0972322115645643,1.57285568686895,0.40448425208766214
IL2RG,SNRPD2,44.51318788668186,16.305130050375244,75.92803647020514,79.92186696823275,36.763269293389776,14.362084918268737,2.729843791823401,2.5595663816364222,7.749918593292087,82.58961228968545,-0.17027741018697862,0.9376237531623589,0.4044341909390783
CAPNS1,RSL1D1,43.14555519374797,22.524930605530997,73.04623901009442,75.12079777937699,35.20840117225659,19.142592782975225,1.9153728185220478,1.8391741598039066,7.937154021491374,81.60377358490565,-0.07619865871814113,0.9602173227158262,0.40420893498862126
VIM,CD47,89.62064474112667,80.15832219594942,72.37056333441876,45.71810424591344,66.50928036470205,37.401048627531615,1.118031468904503,1.7782256000743402,23.111364376424618,74.21200835679899,0.6601941311698372,1.5904969131295783,0.4040697483424867
CD63,EMP3,69.96906545099316,68.3149994859669,70.35981764897427,68.28415749974299,55.991533702377076,50.96124190397862,1.0241973472900125,1.0986866277954273,13.97753174861608,80.02326934264107,0.0744892805054147,1.072729421436709,0.4038408107384761
S100A10,TPI1,43.70726147834581,28.48771460882081,72.5415174210355,71.95435386038861,34.94789970693585,21.702477639559987,1.5341956307433038,1.6102442330824718,8.759361771409964,79.95902402682063,0.07604860233916799,1.0495690385341034,0.4035975502510616
S100A10,RSL1D1,43.70726147834581,28.48771460882081,73.04623901009442,75.12079777937699,34.98860306089222,21.86696823275419,1.5341956307433038,1.5999933184686874,8.718658417453597,80.05215123859192,0.06579768772538364,1.0428874169674862,0.4035506405792288
IL1RAP,SNRPD2,31.773038098339303,10.157294129741956,75.92803647020514,79.92186696823275,25.94431781178769,8.553510846098488,3.1277926876829283,3.032823065929046,5.8287202865516115,81.6551370740456,-0.09496962175388246,0.9696368553683665,0.4035272042825339
ANXA1,HNRNPU,83.14881146206447,62.16716356533361,78.23184630413546,78.74987149172406,67.13611201563009,50.33412151742572,1.337482188526961,1.3337826549676246,16.012699446434382,80.74211866066184,-0.0036995335593363876,0.9972339567651283,0.4035256166253424
CD9,YWHAQ,38.18788668186259,11.29844762002673,62.86225985021166,68.02714094787704,28.980788016932596,7.504883314485453,3.379624205185019,3.8610762787909527,9.20709866492999,75.89000213174162,0.4814520736059338,1.142457280566073,0.4035226143390048
CD9,RSL1D1,38.18788668186259,11.29844762002673,73.04623901009442,75.12079777937699,30.46239010094432,8.789966073815153,3.379624205185019,3.4651925448421257,7.725496580918268,79.76977190364528,0.08556833965710675,1.0253188918240754,0.40312727650108177
IL2RG,TPI1,44.51318788668186,16.305130050375244,72.5415174210355,71.95435386038861,35.94106154347118,13.241492752133237,2.729843791823401,2.7140706977303366,8.572126343210684,80.74250182882223,-0.015773094093064266,0.9942219792428018,0.40292385443945794
TGFB1,RSL1D1,53.80983393031586,34.67667317775265,73.04623901009442,75.12079777937699,43.55258873331162,28.847537781433125,1.5517140857316054,1.5096983099553143,10.257245197004238,80.93797276853252,-0.04201577577629112,0.972922991314807,0.40258907505384806
EMB,CD52,59.703679583197655,16.82944381618176,71.27971344838815,64.01768273876837,44.52946922826441,10.753572530070937,3.5473621631887737,4.140515032443665,15.174210354933244,74.58412871557132,0.5931528692548915,1.1672095607857806,0.40257828704060117
IL1RAP,TPI1,31.773038098339303,10.157294129741956,72.5415174210355,71.95435386038861,25.423314881146208,8.008635756142695,3.1277926876829283,3.174091263968993,6.349723217193095,80.01537279016142,0.04629857628606482,1.0148023161728033,0.40239179276511033
EMB,SPN,59.703679583197655,16.82944381618176,74.0882448713774,59.78204996401768,46.068056007815045,11.884445358281074,3.5473621631887737,3.8760058726547895,13.63562357538261,77.16116716662121,0.32864370946601573,1.0926445325702503,0.4022380213064069
TAGLN2,HNRNPU,88.04135460761967,83.7051506116994,78.23184630413546,78.74987149172406,70.86453923803322,68.41780610671327,1.0517907461308387,1.0357465040752876,17.17681536958645,80.4900601017106,-0.016044242055551106,0.984745785114984,0.4016480884057754
EMP3,CD63,70.35981764897427,68.28415749974299,69.96906545099316,68.3149994859669,55.991533702377076,50.96124190397862,1.030382300124871,1.0986866277954273,14.368283946597195,79.57884993636469,0.06830432767055616,1.0662902765917839,0.4013094660653513
IL2RG,SPN,44.51318788668186,16.305130050375244,74.0882448713774,59.78204996401768,34.540866167372194,11.545183509818033,2.729843791823401,2.991539683913837,9.972321719309669,77.59692757863937,0.2616958920904362,1.095864786430009,0.40106943249771865
TGFB1,PLP2,53.80983393031586,34.67667317775265,58.83262780853142,35.468284157499745,38.52979485509606,16.01727151228539,1.5517140857316054,2.40536532456359,15.280039075219804,71.6036308623298,0.8536512388319846,1.5501343621750416,0.4007007162532482
TYROBP,TM9SF3,72.33800065125367,18.926698879407834,41.76164115923152,21.846406908604916,31.032237056333443,4.112264829855043,3.8218063966535802,7.5444296294987305,41.30576359492022,42.89894215620077,3.7226232328451503,1.9740480930966895,0.40062587242326136
PLP2,SPN,58.83262780853142,35.468284157499745,74.0882448713774,59.78204996401768,45.81569521328557,24.334327130667216,1.6586922799819646,1.8826825284608129,13.016932595245848,77.87463677874636,0.2239902484788483,1.135040267071891,0.4005726963176742
TGFB1,SPN,53.80983393031586,34.67667317775265,74.0882448713774,59.78204996401768,41.83490719635298,23.398786881875193,1.5517140857316054,1.7878328297407315,11.974926733962882,77.74583963691376,0.23611874400912614,1.1521663985526047,0.4005351353850251
CYBA,HNRNPU,80.75545424943016,58.918474349748124,78.23184630413546,78.74987149172406,64.88114620644741,48.329392412871385,1.3706071742945782,1.3424502257748734,15.874308042982747,80.34274193548386,-0.02815694851970485,0.9794565875272055,0.40030586225143405
TYROBP,SPN,72.33800065125367,18.926698879407834,74.0882448713774,59.78204996401768,54.04591338326278,12.408759124087592,3.8218063966535802,4.355113813479149,18.292087267990887,74.71303173531398,0.5333074168255689,1.139543284372683,0.4002305295178483
CTSA,PLP2,36.144578313253014,24.046468592577362,58.83262780853142,35.468284157499745,25.88733311624878,11.04143106816079,1.5030512743619766,2.344350891253563,10.257245197004234,71.62162162162163,0.8412996168915863,1.5597278224914222,0.40017308895268744
CTSA,CD63,36.144578313253014,24.046468592577362,69.96906545099316,68.3149994859669,28.752849234776946,18.54631438264624,1.5030512743619766,1.550243266576615,7.391729078476068,79.54954954954955,0.047191992214638434,1.031397459966674,0.40010734735847964
VIM,HCST,89.62064474112667,80.15832219594942,65.81732334744383,32.03454302457078,62.15402149137089,28.456872622596894,1.118031468904503,2.184071252115229,27.466623249755777,69.35234807884459,1.066039783210726,1.9534971178005207,0.4000637295547592
CTSA,RSL1D1,36.144578313253014,24.046468592577362,73.04623901009442,75.12079777937699,29.200586128296973,20.48935951475275,1.5030512743619766,1.4250890086761527,6.943992184956041,80.78828828828829,-0.07796226568582387,0.9481306679182201,0.40004332815715027
TAGLN2,CD47,88.04135460761967,83.7051506116994,72.37056333441876,45.71810424591344,65.58124389449691,40.999280353654775,1.0517907461308387,1.5995315965845824,22.46011071312276,74.48913546000925,0.5477408504537438,1.5207697942472742,0.39983271982273344
IL2RG,PLP2,44.51318788668186,16.305130050375244,58.83262780853142,35.468284157499745,31.040377727124714,8.275932970083273,2.729843791823401,3.750227027247802,13.472810159557149,69.73299195318215,1.0203832354244011,1.3737881407283146,0.3996841215371308
PLP2,RSL1D1,58.83262780853142,35.468284157499745,73.04623901009442,75.12079777937699,47.42754802995767,29.89616531304616,1.6586922799819646,1.586356015139061,11.40507977857375,80.61436280614363,-0.07233626484290356,0.9563895812888874,0.399455000788573
TIMP1,TPI1,52.92250081406708,28.82697645728385,72.5415174210355,71.95435386038861,42.25008140670791,22.97727973681505,1.8358035255261687,1.8386964511976156,10.672419407359165,79.8338717120443,0.0028929256714469442,1.0015758362108047,0.39931400484379387
CTSC,SPN,60.485183979159885,40.74226380178884,74.0882448713774,59.78204996401768,47.158905893845656,28.199856070730956,1.4845443966740897,1.6722508627243708,13.326278085314229,77.96769851951548,0.18770646605028118,1.126440453024383,0.3992238159000915
HCST,EMP3,65.81732334744383,32.03454302457078,70.35981764897427,68.28415749974299,52.39335721263432,25.280148041533874,2.0545093709497273,2.0724279263963155,13.423966134809511,79.60420531849103,0.017918555446588158,1.0087215739679518,0.3989169543647845
HCST,HNRNPU,65.81732334744383,32.03454302457078,78.23184630413546,78.74987149172406,53.09345490068382,27.05870258044618,2.0545093709497273,1.9620856786153327,12.723868446760015,80.66790352504638,-0.09242369233439462,0.9550142269287044,0.39871833300851217
TAGLN2,SNRPD2,88.04135460761967,83.7051506116994,75.92803647020514,79.92186696823275,70.79127320091176,71.89266988794078,1.0517907461308387,0.9846662899703506,17.250081406707906,80.40684234858992,-0.06712445616048812,0.9361807884244894,0.39867798893492523
VIM,HNRNPU,89.62064474112667,80.15832219594942,78.23184630413546,78.74987149172406,71.43438619342234,64.68592577361981,1.118031468904503,1.1043094928241932,18.186258547704327,79.70751203560724,-0.013721976080309783,0.9877266638176516,0.39785146137402067
TAGLN2,LTB,88.04135460761967,83.7051506116994,29.01335070009769,5.54127685822967,26.994464343861935,4.544052636989822,1.0517907461308387,5.939307308383628,61.04689026375773,30.66111881645862,4.88751656225279,5.646852598991018,0.39768142219493263
CD99,HCST,89.77531748616086,78.35920633288784,65.81732334744383,32.03454302457078,62.69130576359492,29.62886809910558,1.145674848082707,2.1158145407163436,27.08401172256594,69.83133841131665,0.9701396926336365,1.8467844906058386,0.3976636766882651
TYROBP,LAMP2,72.33800065125367,18.926698879407834,51.212959947899705,32.795312018093966,38.521654184304786,5.97306466536445,3.8218063966535802,6.448148177511359,33.81634646694888,53.25230699977492,2.626341780857779,1.687199064598729,0.3975786240417636
IL3RA,SNRPD2,33.46629762292413,11.833042047907885,75.92803647020514,79.92186696823275,27.1572777596874,10.198416778040507,2.827968456377132,2.6626304572784414,6.309019863236731,81.14813913889564,-0.1653379990986905,0.9415347088734849,0.3974737957395437
S100A10,TMEM123,43.70726147834581,28.48771460882081,70.73428850537285,64.9018196771872,33.767502442201234,19.23511874164696,1.5341956307433038,1.7554218132940327,9.93975903614458,77.25833488545352,0.2212261825507289,1.1441968534635618,0.3973529835548041
CTSC,HNRNPU,60.485183979159885,40.74226380178884,78.23184630413546,78.74987149172406,48.762618039726476,35.64305541276858,1.4845443966740897,1.368043492106639,11.722565939433409,80.61911170928667,-0.11650090456745077,0.9215241357358833,0.3972705133180609
CD63,SPN,69.96906545099316,68.3149994859669,74.0882448713774,59.78204996401768,54.054054054054056,43.64141050683664,1.0241973472900125,1.2385671053982323,15.9150113969391,77.2542175683537,0.2143697581082198,1.209305129207212,0.39698957574717947
PLP2,CD63,58.83262780853142,35.468284157499745,69.96906545099316,68.3149994859669,46.75187235428199,28.31294335355197,1.6586922799819646,1.6511960828097438,12.080755454249427,79.46589179465893,-0.00749619717222072,0.9954806583097485,0.3969546491146836
IL3RA,TPI1,33.46629762292413,11.833042047907885,72.5415174210355,71.95435386038861,26.660696841419732,9.519893081114423,2.827968456377132,2.800230673139656,6.805600781504399,79.66431525176355,-0.027737783237475888,0.9901916221254425,0.39693468709694396
S100A10,MYADM,43.70726147834581,28.48771460882081,66.15923152067731,71.18330420479079,34.94789970693585,23.738048730338235,1.5341956307433038,1.4721693402260398,8.759361771409964,79.95902402682063,-0.06202629051726394,0.9595708074809125,0.39669380560823997
EMP3,TPI1,70.35981764897427,68.28415749974299,72.5415174210355,71.95435386038861,55.60892217518724,52.48277989102498,1.030382300124871,1.0595449163656117,14.750895473787033,79.03505727178064,0.02916261624074057,1.0283027146693091,0.39663341717094025
CD99,CD47,89.77531748616086,78.35920633288784,72.37056333441876,45.71810424591344,66.76164115923152,40.72170247763956,1.145674848082707,1.6394206940438123,23.013676326929343,74.36525208560029,0.49374584596110527,1.4309650742419557,0.3965135527260567
TYROBP,TBXAS1,72.33800065125367,18.926698879407834,33.54770433083686,22.884753778143313,27.64571800716379,3.485144443302149,3.8218063966535802,7.930169979123754,44.69228264408987,38.21742066171506,4.108363582470174,2.0749795138936147,0.39650528243208405
EMP3,SNRPD2,70.35981764897427,68.28415749974299,75.92803647020514,79.92186696823275,56.26017583848909,58.37359925979233,1.030382300124871,0.9637783651088869,14.099641810485181,79.96066180724286,-0.06660393501598416,0.9353599775462831,0.3964731122854151
EMB,TIMP1,59.703679583197655,16.82944381618176,52.92250081406708,28.82697645728385,34.08498860306089,5.911380692916624,3.5473621631887737,5.765019266079515,25.618690980136762,57.09026452140714,2.2176571028907417,1.6251566659597165,0.39633417775157287
EMB,SNRPD2,59.703679583197655,16.82944381618176,75.92803647020514,79.92186696823275,47.76131553239987,13.78636784208903,3.5473621631887737,3.4641358727369087,11.942364050797785,79.99727297518407,-0.08322629045186503,0.9765385414222686,0.3958250503533271
CD99,HNRNPU,89.77531748616086,78.35920633288784,78.23184630413546,78.74987149172406,71.43438619342234,64.92238100133649,1.145674848082707,1.1002875249511699,18.340931292738517,79.57018498367792,-0.04538732313153715,0.9603837657713329,0.3955815587618127
EMB,PLP2,59.703679583197655,16.82944381618176,58.83262780853142,35.468284157499745,38.27743406056659,7.587128611082553,3.5473621631887737,5.044383934750649,21.426245522631064,64.11235342241615,1.4970217715618754,1.4220098492047346,0.3954128556901745
TAGLN2,HCST,88.04135460761967,83.7051506116994,65.81732334744383,32.03454302457078,60.68870074894171,29.392412871388917,1.0517907461308387,2.0647041231477794,27.352653858677954,68.93203883495146,1.0129133770169407,1.9630369736024833,0.39530586302560433
HCST,SNRPD2,65.81732334744383,32.03454302457078,75.92803647020514,79.92186696823275,53.15043959622273,28.199856070730956,2.0545093709497273,1.8847101471996233,12.6668837512211,80.75448361162647,-0.16979922375010403,0.9173529086062957,0.39528245687062713
HCST,TPI1,65.81732334744383,32.03454302457078,72.5415174210355,71.95435386038861,52.23868446760013,25.876426441862854,2.0545093709497273,2.018697051847927,13.578638879843702,79.36920222634508,-0.035812319101800494,0.9825689190771392,0.3950553951766354
TIMP1,SPN,52.92250081406708,28.82697645728385,74.0882448713774,59.78204996401768,40.12536633018561,18.69024365169117,1.8358035255261687,2.146746737558851,12.797134483881472,75.81910475311491,0.3109432120326825,1.1693771733789222,0.3946426843672087
CYBA,EMP3,80.75545424943016,58.918474349748124,70.35981764897427,68.28415749974299,62.78085314229892,42.160995168088824,1.3706071742945782,1.4890389530193748,17.974601107131235,77.74193548387096,0.1184317787247966,1.0864082582857855,0.39463126635559465
VDAC1,EMP3,49.86160859654836,34.40937596381207,70.35981764897427,68.28415749974299,38.993813090198636,25.742777834892568,1.4490283003296942,1.514688844049425,10.867795506349722,78.20408163265307,0.06566054371973085,1.0453134998845717,0.3943034353492519
TIMP1,PLP2,52.92250081406708,28.82697645728385,58.83262780853142,35.468284157499745,37.37381960273527,14.063945718104247,1.8358035255261687,2.657231698706671,15.548681211331811,70.61990463005692,0.8214281731805024,1.4474488482884185,0.39417093180930973
CYBA,CD37,80.75545424943016,58.918474349748124,73.94171279713449,81.91631541071246,64.49853467925757,50.930399917754706,1.3706071742945782,1.2663805586222139,16.256919570172585,79.86895161290323,-0.10422661567236435,0.9239558805563618,0.3941334272808979
ANXA1,SPN,83.14881146206447,62.16716356533361,74.0882448713774,59.78204996401768,62.96808857049821,38.50107946951784,1.337482188526961,1.6354464340127435,20.180722891566262,75.72939103191698,0.2979642454857825,1.2227799727291666,0.393545167433874
IL2RG,CTSC,44.51318788668186,16.305130050375244,60.485183979159885,40.74226380178884,30.030934549006837,7.792741852575306,2.729843791823401,3.8532113479077625,14.482253337675026,67.46525237746891,1.1233675560843617,1.411513493720462,0.3934946396915626
EMP3,CD9,70.35981764897427,68.28415749974299,38.18788668186259,11.29844762002673,33.30348420709866,7.998355094068058,1.030382300124871,4.163271140669195,37.05633344187561,47.33310193219947,3.1328888405443243,4.040511119188142,0.3933099516882136
ANXA1,SNRPD2,83.14881146206447,62.16716356533361,75.92803647020514,79.92186696823275,65.49983718658417,50.16963092423152,1.337482188526961,1.305541428918904,17.6489742754803,78.77423144703349,-0.03194075960805698,0.9761187402104883,0.3922741192547646
EMB,HNRNPU,59.703679583197655,16.82944381618176,78.23184630413546,78.74987149172406,48.461413220449366,14.804153387478154,3.5473621631887737,3.2732800500018375,11.242266362748289,81.16989364603218,-0.2740821131869362,0.9227363599828894,0.39214536257081406
TGFB1,CD63,53.80983393031586,34.67667317775265,69.96906545099316,68.3149994859669,41.8593292087268,25.999794386758506,1.5517140857316054,1.6099250117544335,11.950504721589063,77.7912254160363,0.05821092602282807,1.037513950899906,0.3918666733813229
VDAC1,TMEM123,49.86160859654836,34.40937596381207,70.73428850537285,64.9018196771872,39.1566265060241,27.469929063431685,1.4490283003296942,1.425384136648949,10.704982090524261,78.53061224489795,-0.02364416368074518,0.9836827454126565,0.39147085304045254
IL1RAP,CD37,31.773038098339303,10.157294129741956,73.94171279713449,81.91631541071246,25.50472158905894,8.707720777218054,3.1277926876829283,2.9286415584455407,6.268316509280364,80.27158595951832,-0.19915112923738754,0.9363285392853454,0.39140037333572225
EMP3,SPN,70.35981764897427,68.28415749974299,74.0882448713774,59.78204996401768,53.443503744708565,42.3460470854323,1.030382300124871,1.2620361376529965,16.916313904265706,75.95742219136874,0.2316538375281254,1.224823191838652,0.39136980283324996
CTSC,TPI1,60.485183979159885,40.74226380178884,72.5415174210355,71.95435386038861,47.71247150765223,33.556081011617145,1.4845443966740897,1.421830208984346,12.772712471507653,78.8829071332436,-0.06271418768974368,0.9577552629411111,0.39127882628173083
HCST,SPN,65.81732334744383,32.03454302457078,74.0882448713774,59.78204996401768,49.72321719309671,21.38377711524622,2.0545093709497273,2.3251688303848006,16.094106154347124,75.54730983302412,0.2706594594350733,1.1317392187459125,0.3912695221368742
IL3RA,SSR4,33.46629762292413,11.833042047907885,68.5281667209378,68.7776292793256,26.11527189840443,9.170350570576746,2.827968456377132,2.8474837699680426,7.351025724519701,78.0345414740939,0.019515313590910743,1.006900824352161,0.39114847305001504
TAGLN2,SPN,88.04135460761967,83.7051506116994,74.0882448713774,59.78204996401768,66.8593292087268,52.35941194612933,1.0517907461308387,1.2769060961077732,21.18202539889286,75.9408229311142,0.2251153499769345,1.2140305481913138,0.39095988215441774
TAGLN2,CD37,88.04135460761967,83.7051506116994,73.94171279713449,81.91631541071246,69.66786063171605,72.85905212295671,1.0517907461308387,0.9561873564699953,18.373493975903614,79.13083680073971,-0.09560338966084336,0.9091041730377131,0.3908740145206564
IL2RG,RSL1D1,44.51318788668186,16.305130050375244,73.04623901009442,75.12079777937699,35.45262129599479,13.74524519379048,2.729843791823401,2.579076743954023,9.060566590687074,79.64520848573518,-0.1507670478693779,0.9447708149744813,0.39068769003520704
EMB,TPI1,59.703679583197655,16.82944381618176,72.5415174210355,71.95435386038861,46.41810485183979,12.943353551968746,3.5473621631887737,3.5859731940634396,13.285574731357862,77.74747750204527,0.038611030874665886,1.0108844344328118,0.39066793905395963
CTSC,SNRPD2,60.485183979159885,40.74226380178884,75.92803647020514,79.92186696823275,48.26603712145881,36.763647578904084,1.4845443966740897,1.312838291673285,12.219146857701077,79.79811574697173,-0.17170610500080463,0.8843375075979623,0.3904052734848184
CD9,VDAC2,38.18788668186259,11.29844762002673,61.11201563008792,67.31777526472705,28.467925757082384,7.628251259381104,3.379624205185019,3.7314180368719096,9.719960924780203,74.54700490300576,0.3517938316868907,1.104092588503529,0.3903247160993733
VDAC1,PLP2,49.86160859654836,34.40937596381207,58.83262780853142,35.468284157499745,34.858352328231845,15.400431787807134,1.4490283003296942,2.2633189438808015,15.003256268316512,69.91020408163264,0.8142906435511073,1.561956342305967,0.3902655525857186
TYROBP,HCST,72.33800065125367,18.926698879407834,65.81732334744383,32.03454302457078,53.0364702051449,12.347075151639766,3.8218063966535802,4.2951204583575855,19.301530446108764,73.3175782129192,0.47331406170400525,1.1238456406683617,0.39025359414979627
CYBA,SPN,80.75545424943016,58.918474349748124,74.0882448713774,59.78204996401768,61.160859654835555,38.18237894520407,1.3706071742945782,1.6017665629489166,19.594594594594604,75.73588709677418,0.23115938865433838,1.168654734186191,0.39023740491658787
VIM,CD37,89.62064474112667,80.15832219594942,73.94171279713449,81.91631541071246,70.28655161185281,65.50837873959082,1.118031468904503,1.0729234952944973,19.334093129273853,78.42674175674448,-0.045107973610005736,0.9596541109400037,0.3898783101032221
CYBA,SNRPD2,80.75545424943016,58.918474349748124,75.92803647020514,79.92186696823275,63.692608270921525,49.85093039991776,1.3706071742945782,1.2776357456967524,17.062845978508633,78.87096774193549,-0.09297142859782581,0.932167706151344,0.38970626727978613
TGFB1,TMEM123,53.80983393031586,34.67667317775265,70.73428850537285,64.9018196771872,41.68023445131879,26.092320345430245,1.5517140857316054,1.5973526519256602,12.129599478997072,77.45839636913767,0.04563856619405482,1.0294117109677052,0.3895739101553911
CAPNS1,SSR4,43.14555519374797,22.524930605530997,68.5281667209378,68.7776292793256,33.75122110061869,17.919193996093348,1.9153728185220478,1.8834182882158836,9.394334093129274,78.22641509433961,-0.03195453030616413,0.9833168091364995,0.38953434895638994
CD63,TPI1,69.96906545099316,68.3149994859669,72.5415174210355,71.95435386038861,54.55063497232172,53.706178677906856,1.0241973472900125,1.0157047216997424,15.41843047867144,77.96393251890635,-0.008492625590270197,0.991708018368978,0.3893950313150182
TYROBP,CD37,72.33800065125367,18.926698879407834,73.94171279713449,81.91631541071246,58.70237707587105,16.79860182995785,3.8218063966535802,3.494271927992375,13.635623575382617,81.15012379023182,-0.3275344686612054,0.9142985189024754,0.3893738955180988
S100A10,CALR,43.70726147834581,28.48771460882081,69.55389124063822,75.65539220725815,34.42689677629436,23.84085535108461,1.5341956307433038,1.443968863552736,9.28036470205145,78.76699571614826,-0.09022676719056788,0.9411895292995628,0.3893236402212129
CD63,CD37,69.96906545099316,68.3149994859669,73.94171279713449,81.91631541071246,55.27515467274503,60.78955484733217,1.0241973472900125,0.9092720869477443,14.693910778248124,78.99941826643398,-0.11492526034226824,0.8877899257927624,0.3892508283150565
HCST,CTSC,65.81732334744383,32.03454302457078,60.485183979159885,40.74226380178884,44.65971996092478,14.629382132209315,2.0545093709497273,3.052532706073671,21.15760338651905,67.85405071119357,0.9980233351239436,1.4857721017172059,0.389171420312165
CD63,SNRPD2,69.96906545099316,68.3149994859669,75.92803647020514,79.92186696823275,55.15304461087594,59.64840135704739,1.0241973472900125,0.9246202536173447,14.816020840117218,78.82489819662595,-0.09957709367266787,0.9027754817602828,0.38914563629949633
TYROBP,STT3B,72.33800065125367,18.926698879407834,47.818300227938785,31.09900277577876,35.39563660045588,5.273979644289092,3.8218063966535802,6.710099182804741,36.942364050797785,48.93090254332658,2.8882927861511605,1.7557402145436212,0.3890691520241909
TGFB1,CD52,53.80983393031586,34.67667317775265,71.27971344838815,64.01768273876837,40.809182676652554,23.36794489565128,1.5517140857316054,1.7462997520374453,13.000651253663307,75.83963691376702,0.19458566630583984,1.1254004639740678,0.388927467884127
CAPNS1,TMEM123,43.14555519374797,22.524930605530997,70.73428850537285,64.9018196771872,33.230218169977206,16.726637195435387,1.9153728185220478,1.9865458451624607,9.91533702377076,77.0188679245283,0.07117302664041292,1.0371588371476066,0.38865299095466216
TAGLN2,TPI1,88.04135460761967,83.7051506116994,72.5415174210355,71.95435386038861,68.35721263432107,64.5728384907988,1.0517907461308387,1.058589890766078,19.684141973298594,77.64216366158114,0.00679914463523934,1.0064643510700688,0.38855077553966766
TIMP1,SNRPD2,52.92250081406708,28.82697645728385,75.92803647020514,79.92186696823275,42.00586128296972,25.1773414207875,1.8358035255261687,1.6683331352512856,10.91663953109736,79.37240424550069,-0.16747039027488309,0.9087754283362739,0.3884885017137593
CTSA,CD52,36.144578313253014,24.046468592577362,71.27971344838815,64.01768273876837,27.246825138391404,15.749974298344814,1.5030512743619766,1.7298501427467017,8.89775317486161,75.38288288288288,0.22679886838472507,1.150892303046014,0.3882543578336507
CTSC,CD37,60.485183979159885,40.74226380178884,73.94171279713449,81.91631541071246,48.160208401172255,37.555258558651175,1.4845443966740897,1.2823484087468675,12.32497557798763,79.62314939434724,-0.20219598792722215,0.8637992987072576,0.3880059475753751
VIM,SNRPD2,89.62064474112667,80.15832219594942,75.92803647020514,79.92186696823275,69.8062520351677,64.13077002158938,1.118031468904503,1.088481606100503,19.814392705958966,77.89081660459625,-0.02954986280400007,0.9735697396487826,0.3879765898827812
TIMP1,SSR4,52.92250081406708,28.82697645728385,68.5281667209378,68.7776292793256,41.01269944643439,22.288475377814333,1.8358035255261687,1.840002905014807,11.909801367632689,77.49576988155668,0.004199379488638355,1.002287488519467,0.38768881838221536
VDAC1,CD63,49.86160859654836,34.40937596381207,69.96906545099316,68.3149994859669,38.717030283295344,26.93533463555053,1.4490283003296942,1.4373533298846337,11.144578313253014,77.64897959183673,-0.011674970445060495,0.9919428968762003,0.38766114943693064
VIM,SPN,89.62064474112667,80.15832219594942,74.0882448713774,59.78204996401768,67.14425268642137,48.90510948905109,1.118031468904503,1.3729215713111131,22.4763920547053,74.92051957489328,0.25489010240661014,1.2279811521373032,0.38734710299479685
CYBA,TPI1,80.75545424943016,58.918474349748124,72.5415174210355,71.95435386038861,62.455226310647994,45.502210342346046,1.3706071742945782,1.3725454938401593,18.300227938782164,77.33870967741935,0.001938319545581102,1.0014142050194497,0.3867904643643758
SLC9A3R1,TMEM123,41.6151090849886,35.416880847126556,70.73428850537285,64.9018196771872,32.22077499185933,27.62413899455125,1.1749745634023394,1.166357027134398,9.394334093129274,77.42566510172144,-0.008617536267941484,0.992665767807783,0.3866974486952101
ANXA1,CD37,83.14881146206447,62.16716356533361,73.94171279713449,81.91631541071246,64.88928687723869,51.25938110414311,1.337482188526961,1.2658760133953437,18.259524584825783,78.03994517329157,-0.07160617513161727,0.9464619598332887,0.38661941710987696
CTSC,CD63,60.485183979159885,40.74226380178884,69.96906545099316,68.3149994859669,46.75187235428199,31.4382646242418,1.4845443966740897,1.4870536226929791,13.733311624877892,77.29475100942126,0.0025092260188894766,1.0016902330603996,0.3865992163480508
IL3RA,RSL1D1,33.46629762292413,11.833042047907885,73.04623901009442,75.12079777937699,26.27808531422989,9.7049449984579,2.827968456377132,2.7074216182355255,7.18821230869424,78.52104110921915,-0.12054683814160638,0.957373344151074,0.3865778636390155
S100A10,CD44,43.70726147834581,28.48771460882081,64.75903614457832,80.45646139611391,34.56528817974601,25.465199958877353,1.5341956307433038,1.3573005880563964,9.141973298599801,79.08362823617061,-0.17689504268690737,0.8846985096671125,0.3865733890465077
CD99,CD37,89.77531748616086,78.35920633288784,73.94171279713449,81.91631541071246,70.42494301530446,68.29443816181762,1.145674848082707,1.0311807773813713,19.350374470856394,78.44577439245558,-0.11449407070133577,0.9000640793564229,0.3865041684272111
S100A10,PLP2,43.70726147834581,28.48771460882081,58.83262780853142,35.468284157499745,31.284597850862912,14.886398684075255,1.5341956307433038,2.1014146604623014,12.422663627482901,71.57757496740548,0.5672190297189976,1.369717536898593,0.3862488263229773
CTSC,CD52,60.485183979159885,40.74226380178884,71.27971344838815,64.01768273876837,45.24584825789645,26.174565642027346,1.4845443966740897,1.7285528372785173,15.239335721263437,74.80484522207267,0.2440084406044276,1.1643658762587996,0.3862246481405847
IL2RG,CD63,44.51318788668186,16.305130050375244,69.96906545099316,68.3149994859669,34.33734939759036,12.552688393132518,2.729843791823401,2.7352399009979065,10.175838489091504,77.13972201901974,0.0053961091745056144,1.0019767098728023,0.38596841555382405
VDAC1,CD52,49.86160859654836,34.40937596381207,71.27971344838815,64.01768273876837,37.68316509280365,23.40906754394983,1.4490283003296942,1.609699118640202,12.17844350374471,75.57551020408162,0.1606708183105079,1.1108817669564843,0.38591109193593354
PLP2,TMEM123,58.83262780853142,35.468284157499745,70.73428850537285,64.9018196771872,45.39238033213937,27.356841780610672,1.6586922799819646,1.6592091107241622,13.440247476392052,77.15511277155113,0.0005168307421976603,1.0003115892853878,0.38580140539486557
ANXA1,EMP3,83.14881146206447,62.16716356533361,70.35981764897427,68.28415749974299,63.537935525887335,45.00873856276344,1.337482188526961,1.4116486243813084,19.610875936177138,76.41472488740945,0.07416643585434746,1.055452279283084,0.3857819462297645
ANXA1,TPI1,83.14881146206447,62.16716356533361,72.5415174210355,71.95435386038861,63.79843699120808,46.26297933586923,1.337482188526961,1.3790088510986362,19.350374470856394,76.72802036420599,0.041526662571675255,1.0310483854872197,0.3857164349496137
TGFB1,SSR4,53.80983393031586,34.67667317775265,68.5281667209378,68.7776292793256,41.566265060240966,26.96617662177444,1.5517140857316054,1.5413651063003238,12.243568870074895,77.24659606656581,-0.010348979431281657,0.9933306144950007,0.38571553136126496
CTSC,EMP3,60.485183979159885,40.74226380178884,70.35981764897427,68.28415749974299,46.27157277759687,30.060655906240363,1.4845443966740897,1.5392223542812744,14.213611201563012,76.5006729475101,0.054677957607184746,1.036831473501017,0.38523726261790964
TYROBP,GLS,72.33800065125367,18.926698879407834,49.40573103223706,31.427983962167165,36.65744057310322,5.6749254651999586,3.8218063966535802,6.458407672520733,35.68056007815044,50.67521944632005,2.6366012758671524,1.6898835268515413,0.38520616102495786
VIM,EMP3,89.62064474112667,80.15832219594942,70.35981764897427,68.28415749974299,68.18625854770433,56.73897398992495,1.118031468904503,1.201732284188425,21.43438619342234,76.0832046507403,0.08370081528392204,1.0748644538296726,0.3846010640178976
CD99,SNRPD2,89.77531748616086,78.35920633288784,75.92803647020514,79.92186696823275,70.00976880494953,67.37945923717487,1.145674848082707,1.039021841013574,19.765548681211328,77.98331519767864,-0.10665300706913294,0.9069081360670375,0.38458392563493654
CD99,SPN,89.77531748616086,78.35920633288784,74.0882448713774,59.78204996401768,67.37219146857701,50.63226071759021,1.145674848082707,1.3305916015235342,22.403126017583844,75.04533913674284,0.18491675344082714,1.1614042184397138,0.38447253335575554
CTSC,TIMP1,60.485183979159885,40.74226380178884,52.92250081406708,28.82697645728385,36.90166069684142,12.018093965251362,1.4845443966740897,3.07025311587783,23.583523282318467,61.00942126514132,1.5857087192037405,2.068145030055211,0.38433254228589353
TGFB1,SSR2,53.80983393031586,34.67667317775265,66.68023445131878,68.37668345841472,41.46857701074568,27.079263904595457,1.5517140857316054,1.53132100768444,12.341256919570178,77.06505295007562,-0.020393078047165503,0.9868577090105163,0.38430561084801995
CTSA,SSR4,36.144578313253014,24.046468592577362,68.5281667209378,68.7776292793256,27.963204168023445,19.255680065796238,1.5030512743619766,1.4521300697980517,8.181374145229569,77.36486486486486,-0.050921204563924904,0.9661214454672944,0.38427826409612803
PLP2,CD52,58.83262780853142,35.468284157499745,71.27971344838815,64.01768273876837,44.74112666883751,25.80446180734039,1.6586922799819646,1.7337851576874646,14.09150113969391,76.04815276048153,0.0750928777055,1.0452723381013846,0.38399540768768264
CAPNS1,CALR,43.14555519374797,22.524930605530997,69.55389124063822,75.65539220725815,33.77564311299251,19.142592782975225,1.9153728185220478,1.7643314656708462,9.369912080755455,78.28301886792453,-0.15104135285120157,0.9211425831093557,0.38386302669706257
SLC9A3R1,SSR4,41.6151090849886,35.416880847126556,68.5281667209378,68.7776292793256,32.20449365027678,28.919502415955588,1.1749745634023394,1.1135523576696025,9.410615434711822,77.3865414710485,-0.061422205732736934,0.9477246506895618,0.3838615970686057
CTSA,TMEM123,36.144578313253014,24.046468592577362,70.73428850537285,64.9018196771872,27.74340605665907,18.464069086049143,1.5030512743619766,1.5024804904531852,8.401172256593945,76.75675675675674,-0.0005707839087913946,0.9996202498753519,0.3837552445883442
CD63,RSL1D1,69.96906545099316,68.3149994859669,73.04623901009442,75.12079777937699,54.0703353956366,55.875398375655394,1.0241973472900125,0.9676775341195636,15.898730055356559,77.27748691099477,-0.05651981317044896,0.9448155052148902,0.38356144389645136
S100A10,HCST,43.70726147834581,28.48771460882081,65.81732334744383,32.03454302457078,31.25203516769782,15.215379870463657,1.5341956307433038,2.0538416780959046,12.455226310647994,71.50307319798846,0.5196460473526008,1.3387091169728056,0.3834976683575723
TAGLN2,RSL1D1,88.04135460761967,83.7051506116994,73.04623901009442,75.12079777937699,67.9501790947574,67.72900174771256,1.0517907461308387,1.0032508097056454,20.091175512862264,77.17984281091077,-0.048539936425193275,0.9538501963401425,0.38347221723329417
IL2RG,TMEM123,44.51318788668186,16.305130050375244,70.73428850537285,64.9018196771872,34.198957994138716,12.604091703505706,2.729843791823401,2.7131066396468473,10.314229892543146,76.82882223847842,-0.016737152176553582,0.9938688242064672,0.38330725358356443
EMP3,SSR4,70.35981764897427,68.28415749974299,68.5281667209378,68.7776292793256,53.67958319765549,50.313560193276444,1.030382300124871,1.0668797062212763,16.680234451318782,76.2929538354738,0.03649740609640517,1.0354212277248767,0.38328963948218925
SLC9A3R1,PLP2,41.6151090849886,35.416880847126556,58.83262780853142,35.468284157499745,29.70530771735591,17.44628354066002,1.1749745634023394,1.7025749394241905,11.909801367632692,71.3810641627543,0.5276003760218511,1.4490313173198355,0.38328533961486405
HCST,CD52,65.81732334744383,32.03454302457078,71.27971344838815,64.01768273876837,50.097688049495275,23.779171378636786,2.0545093709497273,2.1067000423092477,15.719635297948557,76.11626468769325,0.05219067135952038,1.0254029853051458,0.3831908570064423
S100A10,SSR2,43.70726147834581,28.48771460882081,66.68023445131878,68.37668345841472,32.99413871703028,20.119255680065795,1.5341956307433038,1.639846890699273,10.713122761315532,75.48891786179922,0.10565125995596913,1.0688642685710048,0.38272715230679455
HCST,CD63,65.81732334744383,32.03454302457078,69.96906545099316,68.3149994859669,50.7896450667535,25.506322607175903,2.0545093709497273,1.9911789978484449,15.027678280690331,77.16759431045145,-0.06333037310128242,0.9691749407441218,0.3826714528971931
EMP3,PLP2,70.35981764897427,68.28415749974299,58.83262780853142,35.468284157499745,48.86844676001302,28.117610774133855,1.030382300124871,1.7379395857268602,21.49137088896125,69.45505032974661,0.7075572856019892,1.6866939440984583,0.38265311592883255
SLC9A3R1,SSR2,41.6151090849886,35.416880847126556,66.68023445131878,68.37668345841472,32.09866492999023,28.8680991055824,1.1749745634023394,1.1118692970846231,9.516444154998375,77.13223787167448,-0.06310526631771629,0.9462922276930114,0.38250592604248657
IL3RA,TMEM123,33.46629762292413,11.833042047907885,70.73428850537285,64.9018196771872,25.439596222728753,8.851650046262979,2.827968456377132,2.8736701541102625,8.026701400195378,76.01556798832401,0.0457016977331306,1.0161606108547896,0.38236292482827655
PLP2,SSR2,58.83262780853142,35.468284157499745,66.68023445131878,68.37668345841472,45.21328557473136,27.911997532641102,1.6586922799819646,1.6197932709254719,13.619342233800062,76.850698768507,-0.038899009056492684,0.9765483872289346,0.3823085433897103
CTSA,SSR2,36.144578313253014,24.046468592577362,66.68023445131878,68.37668345841472,27.767828069032888,18.957540865631746,1.5030512743619766,1.4646606121133887,8.376750244220126,76.82432432432432,-0.03839066224858789,0.9744581818974312,0.38220208850919224
EMP3,RSL1D1,70.35981764897427,68.28415749974299,73.04623901009442,75.12079777937699,54.03777271247151,54.734244885370614,1.030382300124871,0.9872573480878767,16.322044936502763,76.80203632997802,-0.0431249520369944,0.9581466490333073,0.38185393404804036
IL2RG,TIMP1,44.51318788668186,16.305130050375244,52.92250081406708,28.82697645728385,27.23868446760013,6.415133134573867,2.729843791823401,4.245342778319579,17.274503419081732,61.19239209948793,1.5154989864961785,1.5551595996208634,0.38173690982224856
CD9,CD44,38.18788668186259,11.29844762002673,64.75903614457832,80.45646139611391,29.355258873331163,8.831088722113703,3.379624205185019,3.3237051615923803,8.832627808531424,76.87060328288212,-0.05591904359263866,0.9834540646540383,0.38155706423477864
S100A10,CANX,43.70726147834581,28.48771460882081,66.68023445131878,62.77372262773723,32.408010420058616,18.51547239642233,1.5341956307433038,1.7502259461861833,11.299251058287197,74.1478860122928,0.21603031544287954,1.1408101490539475,0.38154094583360804
ANXA1,RSL1D1,83.14881146206447,62.16716356533361,73.04623901009442,75.12079777937699,63.52979485509606,48.08265652308009,1.337482188526961,1.3212346865634448,19.619016606968415,76.40493440375954,-0.01624750196351621,0.9878521732080706,0.3812122969206219
S100A10,SSR4,43.70726147834581,28.48771460882081,68.5281667209378,68.7776292793256,32.96971670465646,20.468798190603476,1.5341956307433038,1.6106517708509207,10.73754477368935,75.43304153473646,0.07645614010761692,1.0498346746500475,0.3809880146790631
VDAC1,CALR,49.86160859654836,34.40937596381207,69.55389124063822,75.65539220725815,38.879843699120805,30.656934306569344,1.4490283003296942,1.2681821061502399,10.981764897427553,77.97551020408162,-0.18084619417945436,0.8751948501362555,0.38083524131143537
CTSA,CALR,36.144578313253014,24.046468592577362,69.55389124063822,75.65539220725815,28.093454900683817,20.900585997738254,1.5030512743619766,1.3440824492325028,8.051123412569197,77.72522522522523,-0.15896882512947386,0.8942359267171682,0.3806776848696524
TGFB1,MYADM,53.80983393031586,34.67667317775265,66.15923152067731,71.18330420479079,41.582546401823514,29.063431685000513,1.5517140857316054,1.4307022016633242,12.227287528492347,77.2768532526475,-0.12101188406828123,0.9220140584009545,0.38033367205982344
CD99,LTB,89.77531748616086,78.35920633288784,29.01335070009769,5.54127685822967,26.799088244871378,4.646859257736198,1.145674848082707,5.765899257871296,62.97622924128948,29.851287631483498,4.620224409788589,5.0327536364445455,0.3802676586468469
VDAC1,IL2RG,49.86160859654836,34.40937596381207,44.51318788668186,16.305130050375244,25.96873982416151,6.754394983036907,1.4490283003296942,3.8441482532657454,23.892868772386848,52.08163265306121,2.395119952936051,2.652914544450992,0.3801641609121087
CAPNS1,CD52,43.14555519374797,22.524930605530997,71.27971344838815,64.01768273876837,32.56268316509281,16.521023953942635,1.9153728185220478,1.970865267830725,10.58287202865516,75.47169811320755,0.05549244930867725,1.0289721399259997,0.3801331130314716
TYROBP,TPI1,72.33800065125367,18.926698879407834,72.5415174210355,71.95435386038861,56.41484858352328,15.564922381001336,3.8218063966535802,3.624253494439832,15.923152067730385,77.98784604996624,-0.1975529022137481,0.9483090241340514,0.3800615851391438
TGFB1,PPIB,53.80983393031586,34.67667317775265,63.521654184304786,65.83735992597923,40.83360468902637,26.112881669579522,1.5517140857316054,1.5636742635850298,12.976229241289488,75.88502269288955,0.011960177853424403,1.0077077201034657,0.38002312235711894
EMB,RSL1D1,59.703679583197655,16.82944381618176,73.04623901009442,75.12079777937699,46.2634321068056,13.611596586820191,3.5473621631887737,3.398575122074665,13.440247476392052,77.48841014453231,-0.14878704111410856,0.9580569915702202,0.38000269866695613
CYBA,CD63,80.75545424943016,58.918474349748124,69.96906545099316,68.3149994859669,61.095734288505376,43.52832322401563,1.3706071742945782,1.4035535074617966,19.659719960924782,75.65524193548387,0.0329463331672184,1.0240377650030725,0.3799235263357803
CTSC,RSL1D1,60.485183979159885,40.74226380178884,73.04623901009442,75.12079777937699,46.914685770107454,35.42716150920119,1.4845443966740897,1.3242201619161935,13.570498209052431,77.56393001345894,-0.16032423475789614,0.8920044189199866,0.3798034383293999
IL2RG,CD52,44.51318788668186,16.305130050375244,71.27971344838815,64.01768273876837,33.588407684793225,12.090058599773826,2.729843791823401,2.7779542550080376,10.924780201888638,75.4572055596196,0.04811046318463674,1.01762388871068,0.3796915509573298
HCST,RSL1D1,65.81732334744383,32.03454302457078,73.04623901009442,75.12079777937699,50.63497232171931,25.98951372468387,2.0545093709497273,1.948209752915732,15.182351025724522,76.9325912183055,-0.10629961803399524,0.9482603391656196,0.37934797518982777
TYROBP,HNRNPU,72.33800065125367,18.926698879407834,78.23184630413546,78.74987149172406,56.54509931618365,15.76025496041945,3.8218063966535802,3.5876013336617474,15.792901335070013,78.16790456898491,-0.23420506299183286,0.9387187526827875,0.37912926969533295
CD99,EMP3,89.77531748616086,78.35920633288784,70.35981764897427,68.28415749974299,67.51872354281993,56.05016963092423,1.145674848082707,1.2045908049270908,22.25659394334093,75.20856002901705,0.05891595684438378,1.0514246751100278,0.37898859798730444
TYROBP,SNRPD2,72.33800065125367,18.926698879407834,75.92803647020514,79.92186696823275,57.741777922500816,16.89112778862959,3.8218063966535802,3.418265516637158,14.59622272875285,79.82219221246906,-0.4035408800164224,0.8944109569836485,0.3789339170615242
CD9,ATRX,38.18788668186259,11.29844762002673,61.282969716704656,60.52225763339159,26.090849886030608,6.322607175902128,3.379624205185019,4.125944126551231,12.097036795831979,68.3223193348966,0.7463199213662124,1.2208292626799182,0.37892759274279364
VIM,TPI1,89.62064474112667,80.15832219594942,72.5415174210355,71.95435386038861,67.60013025073266,58.72314177033001,1.118031468904503,1.1511471809178009,22.020514490394007,75.42919429557635,0.03311571201329788,1.029619660031346,0.37880175707854663
CYBA,CD52,80.75545424943016,58.918474349748124,71.27971344838815,64.01768273876837,60.037447085639855,39.703916932250436,1.3706071742945782,1.5120909883298173,20.718007163790304,74.34475806451613,0.14148381403523902,1.1032271074372988,0.3787979810243426
VDAC1,SSR4,49.86160859654836,34.40937596381207,68.5281667209378,68.7776292793256,38.32627808531423,28.683047188238923,1.4490283003296942,1.3361530830638442,11.535330511234129,76.86530612244897,-0.11287521726585004,0.922102820738444,0.3786827697489524
TGFB1,CALR,53.80983393031586,34.67667317775265,69.55389124063822,75.65539220725815,41.63953109736242,30.070936568315,1.5517140857316054,1.3846641037822454,12.170302832953439,77.38275340393342,-0.16704998194936005,0.8923448697892055,0.3785612679221992
CTSA,PPIB,36.144578313253014,24.046468592577362,63.521654184304786,65.83735992597923,27.425919895799414,18.505191734347694,1.5030512743619766,1.4819861530396123,8.7186584174536,75.87837837837837,-0.021065121322364266,0.985985094665978,0.37833863582577365
SLC9A3R1,CD63,41.6151090849886,35.416880847126556,69.96906545099316,68.3149994859669,31.602084011722567,27.61385833247661,1.1749745634023394,1.144386968466058,10.013025073266036,75.93896713615024,-0.030587594936281493,0.9739674407523258,0.37816545593393713
IL3RA,PPIB,33.46629762292413,11.833042047907885,63.521654184304786,65.83735992597923,25.43145555193748,9.10866659812892,2.827968456377132,2.7916999242498046,8.034842070986652,75.99124300656773,-0.03626853212732728,0.9871750577537239,0.37814278842647236
TIMP1,TMEM123,52.92250081406708,28.82697645728385,70.73428850537285,64.9018196771872,39.38456528817974,20.129536342140433,1.8358035255261687,1.9564588155425209,13.537935525887335,74.41932010459928,0.12065529001635222,1.0657234221084582,0.37812936502381406
CAPNS1,CTSC,43.14555519374797,22.524930605530997,60.485183979159885,40.74226380178884,29.159882774340605,10.733011205921661,1.9153728185220478,2.7165876963361,13.985672419407361,67.58490566037736,0.8012148778140522,1.4183075326464594,0.3779852721925894
CD99,TPI1,89.77531748616086,78.35920633288784,72.5415174210355,71.95435386038861,67.99088244871378,60.15215379870464,1.145674848082707,1.1302962214788799,21.784435037447082,75.73449401523395,-0.015378626603827161,0.9865767965234086,0.37790353874597843
TIMP1,IL2RG,52.92250081406708,28.82697645728385,44.51318788668186,16.305130050375244,27.23868446760013,6.415133134573867,1.8358035255261687,4.245342778319579,25.683816346466948,51.46900476849715,2.4095392527934107,2.3125256702526493,0.37782198648215637
EMB,CD37,59.703679583197655,16.82944381618176,73.94171279713449,81.91631541071246,46.377401497883426,13.92001644905932,3.5473621631887737,3.331466611478451,13.326278085314229,77.67930188164712,-0.21589555171032293,0.9391391288009197,0.37760173182271944
TIMP1,PPIB,52.92250081406708,28.82697645728385,63.521654184304786,65.83735992597923,40.09280364702052,22.16510743291868,1.8358035255261687,1.8087435409375967,12.829697167046561,75.75757575757576,-0.02705998458857195,0.9852598689280673,0.37743487955845023
PLP2,SSR4,58.83262780853142,35.468284157499745,68.5281667209378,68.7776292793256,44.96906545099316,28.755011822761386,1.6586922799819646,1.5638144026425311,13.863562357538257,76.4355887643559,-0.09487787733943343,0.9427995906869084,0.37743404995480784
CYBA,RSL1D1,80.75545424943016,58.918474349748124,73.04623901009442,75.12079777937699,61.5434711820254,47.50693944690038,1.3706071742945782,1.2954354976984959,19.21198306740476,76.20967741935483,-0.07517167659608237,0.9451544702188126,0.3772898032669701
TGFB1,IL2RG,53.80983393031586,34.67667317775265,44.51318788668186,16.305130050375244,28.386519049169653,7.43291867996299,1.5517140857316054,3.8185135284949037,25.423314881146208,52.75340393343419,2.2667994427632983,2.460835770975516,0.3771069918053359
CAPNS1,TGFB1,43.14555519374797,22.524930605530997,53.80983393031586,34.67667317775265,28.427222403126017,9.910558239950653,1.9153728185220478,2.8680881164118093,14.71833279062195,65.88679245283018,0.9527152978897615,1.4974046246646133,0.37706972715863896
CYBA,CD9,80.75545424943016,58.918474349748124,38.18788668186259,11.29844762002673,34.060566590687074,7.25814742469415,1.3706071742945782,4.692089111569758,46.694887658743085,42.177419354838705,3.3214819372751796,3.423365351917609,0.37696119363795255
CD63,SSR4,69.96906545099316,68.3149994859669,68.5281667209378,68.7776292793256,52.792250081406706,52.07155340803948,1.0241973472900125,1.013821036731725,17.17681536958645,75.45084351367073,-0.010376310558287472,0.9898688367180966,0.3767354020404393
TAGLN2,CD52,88.04135460761967,83.7051506116994,71.27971344838815,64.01768273876837,65.34516444154998,56.2866248586409,1.0517907461308387,1.1609152918719865,22.696190166069684,74.22098936662044,0.10912454574114783,1.1037511939923201,0.37656117412015955
VDAC1,SSR2,49.86160859654836,34.40937596381207,66.68023445131878,68.37668345841472,38.057635949202215,28.27182070525342,1.4490283003296942,1.3460855691038518,11.803972647346143,76.3265306122449,-0.10294273122584241,0.928957404625969,0.3764855164999324
CD9,NKTR,38.18788668186259,11.29844762002673,57.26961901660697,56.35858949316336,25.293064148485836,5.901100030841986,3.379624205185019,4.28543467855755,12.89482253337675,66.23321253464081,0.9058104733725312,1.2680210634019122,0.3764565863418306
TYROBP,CD52,72.33800065125367,18.926698879407834,71.27971344838815,64.01768273876837,55.4379680885705,15.040608615194818,3.8218063966535802,3.6856409116088726,16.900032562683165,76.63740715732614,-0.1361654850447076,0.9643714330574318,0.37637876153439526
TIMP1,RSL1D1,52.92250081406708,28.82697645728385,73.04623901009442,75.12079777937699,40.4021491370889,23.388506219800554,1.8358035255261687,1.7273622092494696,12.52035167697818,76.34210121519767,-0.10844131627669906,0.9409297810093168,0.37628844026215336
EMB,TMEM123,59.703679583197655,16.82944381618176,70.73428850537285,64.9018196771872,44.309671116900034,12.141461910147013,3.5473621631887737,3.649150513692125,15.39400846629762,74.21598036542133,0.10178835050335122,1.02869409601298,0.3761693193522742
CD63,CALR,69.96906545099316,68.3149994859669,69.55389124063822,75.65539220725815,53.04461087593618,55.19687467872931,1.0241973472900125,0.9609900958084733,16.924454575056977,75.81151832460733,-0.06320725148153927,0.9382860621063086,0.3758972290489597
S100A10,YWHAQ,43.70726147834581,28.48771460882081,62.86225985021166,68.02714094787704,32.82318463041354,21.39405777732086,1.5341956307433038,1.5341479781001899,10.88407684793227,75.09778357235984,-4.76526431139046e-05,0.9999689396566129,0.37548653522964354
ANXA1,CD63,83.14881146206447,62.16716356533361,69.96906545099316,68.3149994859669,62.01563008791924,44.77228333504678,1.337482188526961,1.3851034694919466,21.13318137414523,74.58390444487958,0.047621280964985635,1.035605170202254,0.3753005862726471
IL2RG,SSR4,44.51318788668186,16.305130050375244,68.5281667209378,68.7776292793256,33.99544122435689,13.087282821013673,2.729843791823401,2.597395066201968,10.517746662324974,76.37161667885883,-0.13244872562143284,0.9514812070865917,0.37523564711322244
SLC9A3R1,PPIB,41.6151090849886,35.416880847126556,63.521654184304786,65.83735992597923,31.58580267014002,29.00174771255269,1.1749745634023394,1.089062422056975,10.029306414848584,75.8998435054773,-0.08591214134536451,0.9268817010841569,0.3752036104601183
CAPNS1,SSR2,43.14555519374797,22.524930605530997,66.68023445131878,68.37668345841472,32.741777922500816,17.898632671944075,1.9153728185220478,1.8291871415786287,10.40377727124715,75.88679245283019,-0.08618567694341905,0.9550031847011788,0.37512467841698
TAGLN2,EMP3,88.04135460761967,83.7051506116994,70.35981764897427,68.28415749974299,65.7684793226962,61.12881669579521,1.0517907461308387,1.0758821615642118,22.272875284923472,74.70180305131761,0.02409141543337312,1.0229051410862824,0.3747135860282567
S100A10,PPIB,43.70726147834581,28.48771460882081,63.521654184304786,65.83735992597923,32.66037121458808,20.993111956409994,1.5341956307433038,1.5556919617462601,11.046890263757732,74.72527472527473,0.021496331002956337,1.014011466707503,0.3747011901765214
CAPNS1,MYADM,43.14555519374797,22.524930605530997,66.15923152067731,71.18330420479079,32.72549658091827,17.95003598231726,1.9153728185220478,1.8230422251481557,10.420058612829699,75.84905660377358,-0.09233059337389204,0.9517949756407544,0.3746287533501733
HCST,SSR4,65.81732334744383,32.03454302457078,68.5281667209378,68.7776292793256,49.910452621295995,25.413796648504164,2.0545093709497273,1.9638344273053063,15.906870726147837,75.83178726035868,-0.09067494364442097,0.9558654027445467,0.3746251891195724
TIMP1,SSR2,52.92250081406708,28.82697645728385,66.68023445131878,68.37668345841472,39.71833279062195,21.784722936157088,1.8358035255261687,1.8231358631988597,13.204168023445128,75.04999230887557,-0.012667662327308982,0.9930996633620266,0.3746165784280124
PLP2,PPIB,58.83262780853142,35.468284157499745,63.521654184304786,65.83735992597923,44.65971996092478,28.744731160686747,1.6586922799819646,1.5536122463290247,14.172907847606638,75.90978275909784,-0.10508003365293983,0.9366488679539267,0.37429491211284216
VIM,RSL1D1,89.62064474112667,80.15832219594942,73.04623901009442,75.12079777937699,67.03842396613481,60.33720571604811,1.118031468904503,1.111044373470732,22.582220774991853,74.80243437187755,-0.006987095433770962,0.993750537772772,0.3736628170876993
CTSA,CTSC,36.144578313253014,24.046468592577362,60.485183979159885,40.74226380178884,25.43145555193748,13.107844145162948,1.5030512743619766,1.9400227259030667,10.713122761315535,70.36036036036035,0.4369714515410901,1.2907229174377821,0.3736503743788563
PLP2,CTSC,58.83262780853142,35.468284157499745,60.485183979159885,40.74226380178884,40.41843047867144,17.878071347794798,1.6586922799819646,2.2606560314250683,18.41419732985998,68.70070568700706,0.6019637514431038,1.3629146639843583,0.3736017160071905
SLC9A3R1,CALR,41.6151090849886,35.416880847126556,69.55389124063822,75.65539220725815,31.862585477043307,32.18875295569035,1.1749745634023394,0.9898362848855228,9.752523607945296,76.56494522691706,-0.18513827851681663,0.842432096588783,0.37356781220874447
IL2RG,TGFB1,44.51318788668186,16.305130050375244,53.80983393031586,34.67667317775265,28.386519049169653,7.43291867996299,2.729843791823401,3.8185135284949037,16.12666883751221,63.77103145574251,1.0886697366715028,1.3988029424732487,0.3732886441122876
SLC9A3R1,MYADM,41.6151090849886,35.416880847126556,66.15923152067731,71.18330420479079,31.667209378052753,30.80086357561427,1.1749745634023394,1.0280939430925724,9.94789970693585,76.09546165884194,-0.146880620309767,0.874992510574485,0.37313327727872136
EMB,TGFB1,59.703679583197655,16.82944381618176,53.80983393031586,34.67667317775265,35.330511234125694,6.939446900380385,3.5473621631887737,5.090523959226506,24.37316834907196,59.1764385055904,1.5431617960377326,1.4350167039754866,0.37304028232983866
CTSC,PLP2,60.485183979159885,40.74226380178884,58.83262780853142,35.468284157499745,40.41843047867144,17.878071347794798,1.4845443966740897,2.2606560314250683,20.066753500488446,66.82368775235531,0.7761116347509787,1.5227944927007546,0.3729240204993255
SLC9A3R1,TGFB1,41.6151090849886,35.416880847126556,53.80983393031586,34.67667317775265,28.30511234125692,15.472396422329599,1.1749745634023394,1.8292759759201878,13.309996743731684,68.01643192488262,0.6543014125178483,1.556864321065136,0.37279723025030553
CAPNS1,CANX,43.14555519374797,22.524930605530997,66.68023445131878,62.77372262773723,32.03353956366004,16.459339981494807,1.9153728185220478,1.9461043696347144,11.112015630087924,74.24528301886791,0.030731551112666677,1.0160446837375399,0.3727629926499729
EMP3,MYADM,70.35981764897427,68.28415749974299,66.15923152067731,71.18330420479079,52.57245197004233,51.94818546314383,1.030382300124871,1.0119976184677755,17.78736567893194,74.71942612518802,-0.018384681657095614,0.982157417053003,0.3726778965430853
ANXA1,TMEM123,83.14881146206447,62.16716356533361,70.73428850537285,64.9018196771872,60.8433734939759,41.317980877968544,1.337482188526961,1.4725284167504202,22.30543796808857,73.17407479929508,0.13504622822345924,1.1009704872198656,0.37262268540764837
HCST,TMEM123,65.81732334744383,32.03454302457078,70.73428850537285,64.9018196771872,48.71377401497883,23.213734964531717,2.0545093709497273,2.098398887146695,17.103549332465,74.01360544217687,0.043889516196967904,1.021362529087263,0.37226250302073266
EMP3,SSR2,70.35981764897427,68.28415749974299,66.68023445131878,68.37668345841472,52.26310647997395,49.99485966896268,1.030382300124871,1.0453486913921148,18.096711169000322,74.27976397084346,0.01496639126724375,1.0145250857525696,0.3721471394175795
EMP3,TMEM123,70.35981764897427,68.28415749974299,70.73428850537285,64.9018196771872,51.839791598827745,46.982625681093865,1.030382300124871,1.1033586882097095,18.520026050146527,73.67812102279302,0.07297638808483842,1.0708245746030327,0.37203942451820704
CD63,TMEM123,69.96906545099316,68.3149994859669,70.73428850537285,64.9018196771872,51.74210354933246,48.42191837154313,1.0241973472900125,1.0685457483648886,18.226961901660694,73.9499709133217,0.04434840107487603,1.043300640440263,0.3719672746203523
CD99,RSL1D1,89.77531748616086,78.35920633288784,73.04623901009442,75.12079777937699,67.44545750569847,63.215791096946646,1.145674848082707,1.0668915067559648,22.329859980462388,75.12694958287994,-0.07878334132674225,0.931234118075834,0.3716955808480626
TIMP1,RNASET2,52.92250081406708,28.82697645728385,51.25366330185607,43.18906137555258,33.20579615760339,11.092834378533977,1.8358035255261687,2.993175760930321,19.71670465646369,62.744193201045995,1.1573722354041522,1.6304444998123817,0.3715895777754376
TYROBP,TGFB1,72.33800065125367,18.926698879407834,53.80983393031586,34.67667317775265,42.99902311950505,8.101161714814435,3.8218063966535802,5.307105021229494,29.33897753174862,59.441818591042086,1.4852986245759134,1.388637850906435,0.37147402418400616
EMB,EMP3,59.703679583197655,16.82944381618176,70.35981764897427,68.28415749974299,43.91891891891892,12.131181248072377,3.5473621631887737,3.620034849536804,15.784760664278735,73.56149440959912,0.07267268634803026,1.0204864017275033,0.3714411063653971
PLP2,MYADM,58.83262780853142,35.468284157499745,66.15923152067731,71.18330420479079,44.83881471833279,30.615811658270793,1.6586922799819646,1.4645161363894035,13.993813090198628,76.21419676214197,-0.19417614359256108,0.8829341970563266,0.3713621766310818
TAGLN2,TMEM123,88.04135460761967,83.7051506116994,70.73428850537285,64.9018196771872,64.94627157277759,58.96987766012131,1.0517907461308387,1.101327878263835,23.095083034842077,73.76791493296348,0.049537132132996264,1.047097896910793,0.37131643127146713
CAPNS1,TIMP1,43.14555519374797,22.524930605530997,52.92250081406708,28.82697645728385,26.921198306740475,8.687159453068778,1.9153728185220478,3.0986077606151134,16.22435688700749,62.39622641509433,1.1832349420930657,1.6177569873869677,0.37114287918012495
EMP3,PPIB,70.35981764897427,68.28415749974299,63.521654184304786,65.83735992597923,51.95376098990557,48.74061889585689,1.030382300124871,1.0659014240153135,18.406056659068703,73.8401018164989,0.03551912389044243,1.0344717915730286,0.37097646527701666
CAPNS1,PPIB,43.14555519374797,22.524930605530997,63.521654184304786,65.83735992597923,32.19635297948551,17.240670299167267,1.9153728185220478,1.8673569567700479,10.949202214262456,74.62264150943396,-0.0480158617519999,0.9749313234020673,0.3707124144595698
ANXA1,CD52,83.14881146206447,62.16716356533361,71.27971344838815,64.01768273876837,60.4200586128297,40.76282512593811,1.337482188526961,1.482197964154848,22.728752849234773,72.66496964950069,0.14471577562788696,1.1082001516500717,0.3705606370288978
EMP3,CD52,70.35981764897427,68.28415749974299,71.27971344838815,64.01768273876837,51.59557147508955,46.55083787395908,1.030382300124871,1.1083466052357926,18.76424617388472,73.33101932199469,0.07796430511092156,1.0756654157408112,0.3705533118655195
CD99,CD9,89.77531748616086,78.35920633288784,38.18788668186259,11.29844762002673,37.31683490719635,8.481546211576026,1.145674848082707,4.399249232060832,52.45848257896451,41.566920565832426,3.2535743839781253,3.8398758944765166,0.37051332202806836
TIMP1,GNPTAB,52.92250081406708,28.82697645728385,49.0882448713774,23.511874164696206,28.53305112341257,7.402076693739077,1.8358035255261687,3.8542152545229627,24.38944969065451,53.91478234117828,2.018411728996794,2.09947045036766,0.3704944981557311
CD63,CD9,69.96906545099316,68.3149994859669,38.18788668186259,11.29844762002673,32.06610224682514,8.32733628045646,1.0241973472900125,3.8502410525944395,37.90296320416802,45.82897033158814,2.8260437053044267,3.759276532771767,0.37044703692316205
CYBA,TSPAN2,80.75545424943016,58.918474349748124,34.08498860306089,9.499331756965148,29.47736893520026,5.746890099722422,1.3706071742945782,5.128380749072392,51.2780853142299,36.502016129032256,3.757773574777813,3.7416853240330203,0.3703987593840519
ANXA1,PLP2,83.14881146206447,62.16716356533361,58.83262780853142,35.468284157499745,53.769130576359494,23.62496144751722,1.337482188526961,2.2758494165751686,29.37968088570498,64.66614450753868,0.9383672280482076,1.7015923173389549,0.37024908394010375
TIMP1,CD52,52.92250081406708,28.82697645728385,71.27971344838815,64.01768273876837,39.514816020840115,22.401562660635346,1.8358035255261687,1.763852493994964,13.407684793226963,74.66543608675588,-0.07195103153120463,0.9608067908516613,0.3697296288572192
VIM,CD63,89.62064474112667,80.15832219594942,69.96906545099316,68.3149994859669,65.78476066427874,56.42027346561119,1.118031468904503,1.1659566795204401,23.835884076847933,73.40357888999908,0.04792521061593713,1.0428657081208066,0.3694141549807923
IL2RG,SSR2,44.51318788668186,16.305130050375244,66.68023445131878,68.37668345841472,33.4744382937154,12.89195024159556,2.729843791823401,2.596336576691294,11.038749592966461,75.20117044623262,-0.13350721513210706,0.9510934598045514,0.36933049147455776
TYROBP,IL3RA,72.33800065125367,18.926698879407834,33.46629762292413,11.833042047907885,27.596873982416152,3.7318803330934514,3.8218063966535802,7.3929168684458,44.74112666883751,38.149898717083055,3.57111047179222,1.934403813578607,0.3693050171750263
TYROBP,TMEM123,72.33800065125367,18.926698879407834,70.73428850537285,64.9018196771872,52.295669163139046,13.148966793461499,3.8218063966535802,3.976867013013432,20.04233148811462,72.29349538600044,0.1550606163598518,1.040572598469568,0.36922050774799486
PLP2,CALR,58.83262780853142,35.468284157499745,69.55389124063822,75.65539220725815,44.806252035167695,31.458825948391077,1.6586922799819646,1.424237124155456,14.026375773363725,76.15884876158849,-0.23445515582650867,0.8586506016480296,0.36907148601661705
CD99,CD63,89.77531748616086,78.35920633288784,69.96906545099316,68.3149994859669,66.15109084988603,57.16048113498509,1.145674848082707,1.1572669135999512,23.624226636274827,73.68516503445774,0.011592065517244121,1.0101181112046262,0.36900542844815093
CYBA,SSR4,80.75545424943016,58.918474349748124,68.5281667209378,68.7776292793256,59.80950830348421,44.5872314177033,1.3706071742945782,1.3413743133964595,20.94594594594595,74.0625,-0.029232860898118718,0.9786715979265436,0.36885085695509406
EMP3,CALR,70.35981764897427,68.28415749974299,69.55389124063822,75.65539220725815,52.31195050472159,54.158527809190915,1.030382300124871,0.9658863845530834,18.047867144252685,74.34918431100313,-0.06449591557178769,0.9374058390133725,0.36852112577642626
PLP2,IL2RG,58.83262780853142,35.468284157499745,44.51318788668186,16.305130050375244,31.040377727124714,8.275932970083273,1.6586922799819646,3.750227027247802,27.792250081406706,52.76048152760482,2.0915347472658374,2.2609540494687654,0.36837914500131597
TYROBP,EMP3,72.33800065125367,18.926698879407834,70.35981764897427,68.28415749974299,55.62520351676978,15.904184229464377,3.8218063966535802,3.4973001704515947,16.712797134483885,76.89624127841547,-0.32450622620198555,0.9150908778408746,0.3682558950819781
CD99,CD52,89.77531748616086,78.35920633288784,71.27971344838815,64.01768273876837,65.04395962227288,51.45471368356122,1.145674848082707,1.264076522624401,24.73135786388798,72.4519405150526,0.11840167454169404,1.1033466648411108,0.36817978630234766
CYBA,TMEM123,80.75545424943016,58.918474349748124,70.73428850537285,64.9018196771872,58.95473787040052,41.12264829855042,1.3706071742945782,1.4335969766689847,21.800716379029637,73.00403225806451,0.06298980237440643,1.0459575898592723,0.3681696514090429
VIM,CD52,89.62064474112667,80.15832219594942,71.27971344838815,64.01768273876837,64.99511559752524,53.0070936568315,1.118031468904503,1.2261356920001008,24.625529143601426,72.52248160595876,0.10810422309559775,1.0966915745238577,0.3680176191845737
CTSC,SSR4,60.485183979159885,40.74226380178884,68.5281667209378,68.7776292793256,45.20514490394009,33.12429320448237,1.4845443966740897,1.3646715404113956,15.280039075219797,74.73755047106326,-0.11987285626269406,0.919252764328738,0.36769410954218157
TGFB1,TIMP1,53.80983393031586,34.67667317775265,52.92250081406708,28.82697645728385,33.05926408336047,11.976971316952811,1.5517140857316054,2.7600052804075945,20.750569846955393,61.437216338880475,1.208291194675989,1.778681592044904,0.36760064142820187
PLP2,TIMP1,58.83262780853142,35.468284157499745,52.92250081406708,28.82697645728385,37.37381960273527,14.063945718104247,1.6586922799819646,2.657231698706671,21.458808205796153,63.525667635256674,0.9985394187247065,1.6020040189344609,0.36755530911251877
TYROBP,VDAC1,72.33800065125367,18.926698879407834,49.86160859654836,34.40937596381207,38.4890915011397,6.579623727768069,3.8218063966535802,5.84885158206636,33.84890915011397,53.20729237002026,2.02704518541278,1.5303892910922137,0.36738872112074034
SLC9A3R1,YWHAQ,41.6151090849886,35.416880847126556,62.86225985021166,68.02714094787704,30.983393031585802,29.063431685000513,1.1749745634023394,1.0660243891015293,10.631716053402801,74.45226917057903,-0.10895017430081011,0.907274440065046,0.36681383713785465
HCST,PLP2,65.81732334744383,32.03454302457078,58.83262780853142,35.468284157499745,44.58645392380332,17.045337719749153,2.0545093709497273,2.6156031082352293,21.230869423640513,67.74273345701917,0.561093737285502,1.2731035181534014,0.3667683541493709
CTSC,IL2RG,60.485183979159885,40.74226380178884,44.51318788668186,16.305130050375244,30.030934549006837,7.792741852575306,1.4845443966740897,3.8532113479077625,30.454249430153048,49.650067294751004,2.368666951233673,2.5955514409271516,0.3666836840354387
VDAC1,YWHAQ,49.86160859654836,34.40937596381207,62.86225985021166,68.02714094787704,37.251709540866166,28.40546931222371,1.4490283003296942,1.3113811903697663,12.609899055682192,74.71020408163265,-0.1376471099599279,0.9050073004587906,0.36666866491016686
IL3RA,CALR,33.46629762292413,11.833042047907885,69.55389124063822,75.65539220725815,25.691957017258222,10.35262670916007,2.827968456377132,2.4814451726879443,7.774340605665909,76.76964242276819,-0.3465232836891876,0.8774656475012054,0.36652204792938153
EMB,CD63,59.703679583197655,16.82944381618176,69.96906545099316,68.3149994859669,43.71540214913709,12.295671841266577,3.5473621631887737,3.5550596708966364,15.988277434060564,73.2206163076084,0.007697507707862705,1.0021699243983995,0.36648795692343517
VIM,TMEM123,89.62064474112667,80.15832219594942,70.73428850537285,64.9018196771872,64.53109736242267,52.0509920838902,1.118031468904503,1.2397430872274855,25.089547378703998,72.00472340812064,0.1217116183229825,1.1088624262448006,0.3661091979567523
VDAC1,CANX,49.86160859654836,34.40937596381207,66.68023445131878,62.77372262773723,36.909801367632696,27.01757993214763,1.4490283003296942,1.3660896116792633,12.951807228915662,74.02448979591837,-0.08293868865043086,0.9427625474039671,0.3659755145470703
CTSC,TMEM123,60.485183979159885,40.74226380178884,70.73428850537285,64.9018196771872,44.85509605991534,32.34296288680991,1.4845443966740897,1.3868150979794613,15.630087919244545,74.15881561238223,-0.09772929869462832,0.9341688272081475,0.36590761312717973
IL3RA,MYADM,33.46629762292413,11.833042047907885,66.15923152067731,71.18330420479079,25.40703353956366,9.951680888249204,2.827968456377132,2.55278289586888,8.059264083360471,75.91826806129895,-0.2751855605082518,0.9026914321170372,0.36583206228108217
S100A10,TGFB1,43.70726147834581,28.48771460882081,53.80983393031586,34.67667317775265,28.22370563334419,11.791919399609334,1.5341956307433038,2.393275547552641,15.483555845001625,64.57440864220526,0.8590799168093373,1.5599546104776227,0.36582603905149313
TYROBP,RSL1D1,72.33800065125367,18.926698879407834,73.04623901009442,75.12079777937699,54.729729729729726,15.349028477433947,3.8218063966535802,3.5654480908740864,17.60827092152394,75.65833896016204,-0.2563583057794938,0.9329222155251077,0.3654737795118356
CD63,PLP2,69.96906545099316,68.3149994859669,58.83262780853142,35.468284157499745,46.75187235428199,28.31294335355197,1.0241973472900125,1.6511960828097438,23.217193096711163,66.81791739383362,0.6269987355197313,1.6121854710703423,0.3654395237451547
ANXA1,CD9,83.14881146206447,62.16716356533361,38.18788668186259,11.29844762002673,35.68056007815044,8.20396833556081,1.337482188526961,4.348652989129625,47.46825138391403,42.91168983747797,3.011170800602664,3.251372636161251,0.36511698921752306
EMB,LAMP2,59.703679583197655,16.82944381618176,51.212959947899705,32.795312018093966,34.07684793226962,6.631027038141256,3.5473621631887737,5.138225121262513,25.626831650928033,57.076629397327515,1.5908629580737395,1.4484636428110544,0.3649262948903246
TAGLN2,CD63,88.04135460761967,83.7051506116994,69.96906545099316,68.3149994859669,64.22175187235428,60.90264213015318,1.0517907461308387,1.0544813023679303,23.81960273526539,72.94498381877021,0.002690556237091579,1.00255807179041,0.36485944690570565
PLP2,TGFB1,58.83262780853142,35.468284157499745,53.80983393031586,34.67667317775265,38.52979485509606,16.01727151228539,1.6586922799819646,2.40536532456359,20.302832953435363,65.49052165490521,0.7466730445816254,1.4501576655253645,0.3647862605036073
VIM,LTB,89.62064474112667,80.15832219594942,29.01335070009769,5.54127685822967,26.864213611201563,4.965559782049964,1.118031468904503,5.409018473570708,62.756431129925105,29.975474611681353,4.290987004666205,4.837984103319296,0.364426723291717
CD63,SSR2,69.96906545099316,68.3149994859669,66.68023445131878,68.37668345841472,51.212959947899705,51.773414207874985,1.0241973472900125,0.98915575833034,18.75610550309345,73.19371727748691,-0.035041588959672576,0.9657862920145309,0.36421650693945096
IL2RG,CALR,44.51318788668186,16.305130050375244,69.55389124063822,75.65539220725815,34.14197329859981,14.577978821836126,2.729843791823401,2.341863152133988,10.371214588082054,76.70080468178494,-0.38798063968941277,0.8578744172646374,0.36410499142445407
S100A10,VDAC2,43.70726147834581,28.48771460882081,61.11201563008792,67.31777526472705,31.960273526538586,21.25012850827593,1.5341956307433038,1.503933003562241,11.746987951807228,73.12348668280872,-0.030262627181062873,0.9802745969453707,0.3641043020549905
CD99,TMEM123,89.77531748616086,78.35920633288784,70.73428850537285,64.9018196771872,65.21491370888961,56.10157294129742,1.145674848082707,1.1624228674347403,24.560403777271247,72.6423648893725,0.016748019352033294,1.0146184751983176,0.36404922541446416
CTSA,CANX,36.144578313253014,24.046468592577362,66.68023445131878,62.77372262773723,26.538586779550634,18.412665775675954,1.5030512743619766,1.4412440794166863,9.60599153370238,73.42342342342342,-0.0618071949452903,0.9588788513076332,0.36402675736985257
CYBA,PLP2,80.75545424943016,58.918474349748124,58.83262780853142,35.468284157499745,52.26310647997395,24.01562660635345,1.3706071742945782,2.1761218732587557,28.49234776945621,64.71774193548386,0.8055146989641775,1.5877064662081304,0.36386444462562817
TIMP1,CALR,52.92250081406708,28.82697645728385,69.55389124063822,75.65539220725815,39.490394008466296,23.995065282204173,1.8358035255261687,1.6457028910382627,13.432106805600782,74.61928934010153,-0.19010063448790593,0.8964482681046054,0.3635914149761123
CD9,ICAM3,38.18788668186259,11.29844762002673,58.36046890263758,65.49809807751619,26.44903940084663,7.114218155649223,3.379624205185019,3.7172492567704416,11.738847281015957,69.2602856533788,0.33762505158542266,1.0999001756075242,0.3631826808461652
S100A10,ATRX,43.70726147834581,28.48771460882081,61.282969716704656,60.52225763339159,30.46239010094432,16.819163154107123,1.5341956307433038,1.8110638893241684,13.244871377401495,69.69640528962563,0.2768682585808646,1.1804647680079263,0.36232543937717143
EMB,TM9SF2,59.703679583197655,16.82944381618176,46.48323021816998,27.75778760152154,30.4379680885705,5.345944278811555,3.5473621631887737,5.692591226205153,29.265711494627155,50.98172893373331,2.145229063016379,1.6047392299770153,0.3621700978194854
SLC9A3R1,CANX,41.6151090849886,35.416880847126556,66.68023445131878,62.77372262773723,30.42168674698795,27.480209725506324,1.1749745634023394,1.1069995480858494,11.193422338000651,73.10250391236308,-0.06797501531648997,0.9421476707379463,0.3621137687959908
HCST,SSR2,65.81732334744383,32.03454302457078,66.68023445131878,68.37668345841472,48.176489742754804,24.385730441040405,2.0545093709497273,1.975520656991338,17.64083360468903,73.19727891156462,-0.07898871395838936,0.9615534905436447,0.36203695885990367
TGFB1,CANX,53.80983393031586,34.67667317775265,66.68023445131878,62.77372262773723,39.01009443178118,25.331551351907063,1.5517140857316054,1.5399196823830559,14.799739498534684,72.49621785173977,-0.011794403348549531,0.9923991130473055,0.36189136909127145
CAPNS1,YWHAQ,43.14555519374797,22.524930605530997,62.86225985021166,68.02714094787704,31.732334744382936,17.713580754600596,1.9153728185220478,1.79131164231148,11.413220449365031,73.54716981132074,-0.12406117621056767,0.9352287058629679,0.3615327902460753
CTSA,MYADM,36.144578313253014,24.046468592577362,66.15923152067731,71.18330420479079,26.709540866167373,19.944484424796958,1.5030512743619766,1.339127207808555,9.43503744708564,73.8963963963964,-0.16392406655342162,0.8909391387043633,0.36128577865431094
EMB,TNFRSF1A,59.703679583197655,16.82944381618176,46.32041680234451,26.904492649326617,29.949527841094106,5.202015009766629,3.5473621631887737,5.75618709245996,29.75415174210355,50.16362148895554,2.2088249292711866,1.6226668796866353,0.3612593539083371
TYROBP,TM2D1,72.33800065125367,18.926698879407834,33.108108108108105,24.48853706178678,25.773363725170952,3.4440217950035983,3.8218063966535802,7.481335462826595,46.56463692608271,35.629079450821514,3.659529066173015,1.9575391022887352,0.3611218505627583
CD63,PPIB,69.96906545099316,68.3149994859669,63.521654184304786,65.83735992597923,50.59426896776294,50.46777012439601,1.0241973472900125,1.0024866633971385,19.374796483230213,72.30948225712625,-0.021710683892874005,0.9788022455337151,0.3604618770909875
PLP2,YWHAQ,58.83262780853142,35.468284157499745,62.86225985021166,68.02714094787704,43.30836860957343,28.755011822761386,1.6586922799819646,1.5060631104377744,15.524259198957992,73.6128407361284,-0.15262916954419015,0.9079822270916642,0.36043274520343255
S100A10,CTSC,43.70726147834581,28.48771460882081,60.485183979159885,40.74226380178884,27.043308368609573,10.589081936876735,1.5341956307433038,2.55364486599858,16.66395310973624,61.87371950083814,1.0194492352552764,1.6644845121618308,0.3603410592669546
TGFB1,YWHAQ,53.80983393031586,34.67667317775265,62.86225985021166,68.02714094787704,39.31943992184956,27.16150920119256,1.5517140857316054,1.4475628753813088,14.490394008466303,73.07110438729197,-0.10415121035029662,0.9328798962979116,0.36014796141894506
CTSC,SSR2,60.485183979159885,40.74226380178884,66.68023445131878,68.37668345841472,44.44806252035168,33.22709982522874,1.4845443966740897,1.3376648906840012,16.03712145880821,73.48586810228802,-0.14687950599008848,0.9010608868827695,0.3600853652119357
CD9,TFPI,38.18788668186259,11.29844762002673,55.356561380657766,54.394983036907576,25.284923477694562,6.384291148349954,3.379624205185019,3.959870096797157,12.902963204168024,66.21189511831166,0.580245891612138,1.1716894708949963,0.3600717701721652
VDAC1,MYADM,49.86160859654836,34.40937596381207,66.15923152067731,71.18330420479079,36.82025398892869,29.104554333299063,1.4490283003296942,1.2650593617728627,13.041354607619667,73.84489795918367,-0.1839689385568315,0.8730397891366418,0.3600260428680768
EMP3,TIMP1,70.35981764897427,68.28415749974299,52.92250081406708,28.82697645728385,44.2282644089873,22.751105171173023,1.030382300124871,1.9439196538623873,26.13155323998697,62.86011801457827,0.9135373537375162,1.8866003944621383,0.35997745775976714
VDAC1,PPIB,49.86160859654836,34.40937596381207,63.521654184304786,65.83735992597923,36.600455877564315,27.994242829238203,1.4490283003296942,1.3073812611955211,13.261152718984043,73.40408163265306,-0.1416470391341731,0.9022468787518197,0.35993805620655667
CD63,CANX,69.96906545099316,68.3149994859669,66.68023445131878,62.77372262773723,50.065125366330186,46.9106610465714,1.0241973472900125,1.0672213315283847,19.90394008466297,71.55322862129145,0.04302398423837217,1.042007513837262,0.35991734231837585
CD9,APLP2,38.18788668186259,11.29844762002673,55.503093454900686,60.08018916418217,25.07326603712146,6.250642541379665,3.379624205185019,4.010668535694633,13.114620644741127,65.657642293754,0.6310443305096145,1.186720265981486,0.3598404279942507
CAPNS1,VDAC2,43.14555519374797,22.524930605530997,61.11201563008792,67.31777526472705,31.5613806577662,17.600493471779583,1.9153728185220478,1.7931081080346083,11.584174535981766,73.15094339622641,-0.12226471048743948,0.9361666254709712,0.35964148145676006
VDAC1,VDAC2,49.86160859654836,34.40937596381207,61.11201563008792,67.31777526472705,36.755128622598505,28.96062506425414,1.4490283003296942,1.2690975917633673,13.106479973949853,73.71428571428572,-0.17993070856632687,0.8758266429127798,0.3595748931431122
IL2RG,CANX,44.51318788668186,16.305130050375244,66.68023445131878,62.77372262773723,32.36730706610225,12.233987868818751,2.729843791823401,2.6454711204570414,12.145880820579613,72.71397220190198,-0.08437267136635951,0.9690924910725376,0.35935122744119197
IL2RG,PPIB,44.51318788668186,16.305130050375244,63.521654184304786,65.83735992597923,32.73363725170954,12.809704944998458,2.729843791823401,2.5551784536642046,11.779550634972324,73.53694220921726,-0.17466533815919627,0.9360163615653156,0.35895144413812646
HCST,IL2RG,65.81732334744383,32.03454302457078,44.51318788668186,16.305130050375244,33.254640182351025,7.957232445769508,2.0545093709497273,4.178646503348713,32.56268316509281,50.52566481137909,2.1241371323989853,2.033890213611959,0.3588351806768448
ANXA1,SSR4,83.14881146206447,62.16716356533361,68.5281667209378,68.7776292793256,59.394334093129274,43.39467461704534,1.337482188526961,1.368669449599934,23.7544773689352,71.43136870961425,0.031187261072973094,1.0233178888963907,0.35871620660172
TIMP1,TGFB1,52.92250081406708,28.82697645728385,53.80983393031586,34.67667317775265,33.05926408336047,11.976971316952811,1.8358035255261687,2.7600052804075945,19.86323673070661,62.467312721119825,0.9242017548814259,1.5034317354938818,0.35854665134967045
CD63,MYADM,69.96906545099316,68.3149994859669,66.15923152067731,71.18330420479079,50.46401823510257,51.41359103526267,1.0241973472900125,0.9815116140959257,19.505047215890585,72.12332751599769,-0.04268573319408686,0.9583227457998874,0.3584823509202841
TYROBP,SYPL1,72.33800065125367,18.926698879407834,56.56952132855747,59.62784003289812,44.39921849560404,9.14978924642747,3.8218063966535802,4.851955093702742,27.938782155649626,61.37744767049291,1.0301486970491616,1.2695449717053098,0.35839467320492263
CYBA,CALR,80.75545424943016,58.918474349748124,69.55389124063822,75.65539220725815,58.97915988277434,47.81535930913951,1.3706071742945782,1.2334514951559936,21.77629436665582,73.03427419354837,-0.13715567913858462,0.8999307155902087,0.3583135870108127
ANXA1,CALR,83.14881146206447,62.16716356533361,69.55389124063822,75.65539220725815,60.15141647671768,47.50693944690038,1.337482188526961,1.266133980488649,22.997394985346794,72.34188368905423,-0.0713482080383121,0.9466548349949305,0.35814200804335555
TIMP1,CANX,52.92250081406708,28.82697645728385,66.68023445131878,62.77372262773723,37.47150765223054,19.564099928035365,1.8358035255261687,1.9152218894898971,15.450993161836536,70.80449161667435,0.07941836396372848,1.043260818959897,0.3579933762815582
CD63,CD52,69.96906545099316,68.3149994859669,71.27971344838815,64.01768273876837,50.056984695538915,48.648092937185154,1.0241973472900125,1.028939732960111,19.91208075545424,71.54159394997093,0.004742385670098548,1.004630343637041,0.3579450890333596
PLP2,CANX,58.83262780853142,35.468284157499745,66.68023445131878,62.77372262773723,42.51058287202866,26.89421198725198,1.6586922799819646,1.5806004017435589,16.322044936502763,72.25681472256815,-0.07809187823840569,0.9529196107193223,0.3573794797009205
VDAC1,TIMP1,49.86160859654836,34.40937596381207,52.92250081406708,28.82697645728385,29.24943015304461,10.712449881772386,1.4490283003296942,2.7301597968744793,20.612178443503748,58.66122448979591,1.281131496544785,1.8841314529559512,0.35736269727621883
CD63,CTSC,69.96906545099316,68.3149994859669,60.485183979159885,40.74226380178884,46.75187235428199,31.4382646242418,1.0241973472900125,1.4870536226929791,23.217193096711163,66.81791739383362,0.4628562754029666,1.4519209863486435,0.35723240073931645
VIM,PLP2,89.62064474112667,80.15832219594942,58.83262780853142,35.468284157499745,57.408010420058616,30.96535416880847,1.118031468904503,1.853883415112654,32.21263432106805,64.05668089744755,0.735851946208151,1.6581674726286295,0.3570760017976453
TYROBP,PLP2,72.33800065125367,18.926698879407834,58.83262780853142,35.468284157499745,47.647346141322046,10.897501799115863,3.8218063966535802,4.371917078105857,24.69065450993162,65.86765698852128,0.5501106814522765,1.1439399656492175,0.3568438190152201
TYROBP,SSR4,72.33800065125367,18.926698879407834,68.5281667209378,68.7776292793256,53.34581569521328,14.927521332373805,3.8218063966535802,3.5734159135726467,18.992184956040383,73.74521719558857,-0.2483904830809336,0.9350070471130021,0.3563065618238961
ANXA1,CTSC,83.14881146206447,62.16716356533361,60.485183979159885,40.74226380178884,52.963204168023445,25.30070936568315,1.337482188526961,2.0932658502455856,30.185607294041027,63.69688662619934,0.7557836617186247,1.565079421768606,0.3562736162169279
VIM,SSR4,89.62064474112667,80.15832219594942,68.5281667209378,68.7776292793256,63.64376424617389,55.83427572735684,1.118031468904503,1.1398486604945919,25.97688049495278,71.01462439821964,0.02181719159008888,1.0195139333702892,0.35616398157060264
TAGLN2,SSR4,88.04135460761967,83.7051506116994,68.5281667209378,68.7776292793256,63.01693259524585,62.228847537781434,1.0517907461308387,1.0126480312680592,25.02442201237382,71.57651410078594,-0.039142714862779426,0.9627846936220237,0.35592543476079075
TAGLN2,CALR,88.04135460761967,83.7051506116994,69.55389124063822,75.65539220725815,63.61934223380006,67.48226585792125,1.0517907461308387,0.942742492157148,24.422012373819605,72.26074895977808,-0.10904825397369067,0.8963213411271775,0.35585133210020586
S100A10,TFPI,43.70726147834581,28.48771460882081,55.356561380657766,54.394983036907576,29.428524910452623,15.349028477433947,1.5341956307433038,1.9171641898720548,14.27873656789319,67.33097411063514,0.38296855912875105,1.24962172454057,0.35580329850961323
CTSC,CALR,60.485183979159885,40.74226380178884,69.55389124063822,75.65539220725815,44.5620319114295,36.157088516500465,1.4845443966740897,1.2324222252814598,15.923152067730385,73.6742934051144,-0.2521221713926298,0.8301686551392645,0.3557653584559405
CYBA,SSR2,80.75545424943016,58.918474349748124,66.68023445131878,68.37668345841472,57.88016932595246,43.908707720777215,1.3706071742945782,1.3181633932526655,22.8752849234777,71.67338709677419,-0.05244378104191272,0.961736825820349,0.3557447464317753
PLP2,VDAC2,58.83262780853142,35.468284157499745,61.11201563008792,67.31777526472705,42.94203842396613,29.12511565744834,1.6586922799819646,1.4743482766121847,15.890589384565288,72.99017572990175,-0.18434400336977985,0.8888618427935384,0.35573367848101983
TIMP1,MYADM,52.92250081406708,28.82697645728385,66.15923152067731,71.18330420479079,38.30185607294041,22.370720674411434,1.8358035255261687,1.712065720396273,14.620644741126668,72.37348100292263,-0.12373780512989563,0.9325974684058684,0.35568051475811835
CD99,SSR4,89.77531748616086,78.35920633288784,68.5281667209378,68.7776292793256,64.39270595897102,59.29885884650972,1.145674848082707,1.0858829550613858,25.382611527189837,71.72651432716721,-0.05979189302132126,0.9478107657496512,0.35564297698477
CTSA,YWHAQ,36.144578313253014,24.046468592577362,62.86225985021166,68.02714094787704,26.21295994789971,19.23511874164696,1.5030512743619766,1.3626948502427159,9.931618365353305,72.52252252252252,-0.14035642411926075,0.9066190046119085,0.35559479140664957
SLC9A3R1,VDAC2,41.6151090849886,35.416880847126556,61.11201563008792,67.31777526472705,30.250732660371213,29.844762002672972,1.1749745634023394,1.0135687826520217,11.36437642461739,72.69170579029733,-0.16140578075031775,0.8626304042847194,0.3553882399139708
TYROBP,SSR2,72.33800065125367,18.926698879407834,66.68023445131878,68.37668345841472,52.2793878215565,14.156471676775984,3.8218063966535802,3.6927065096881653,20.058612829697168,72.27098807112311,-0.12909988696541497,0.9662201918238307,0.3548999460073448
CYBA,CTSC,80.75545424943016,58.918474349748124,60.485183979159885,40.74226380178884,52.74340605665907,27.24375449778966,1.3706071742945782,1.9359104909878373,28.01204819277109,65.3125,0.5653033166932591,1.412447364420231,0.3548276658346629
TYROBP,M6PR,72.33800065125367,18.926698879407834,47.199609247802016,39.405777732085944,36.950504721589056,6.363729824200679,3.8218063966535802,5.805510326784299,35.38749592966461,51.08035111411208,1.9837039301307189,1.5190487754344841,0.3545869520770964
EMB,SSR4,59.703679583197655,16.82944381618176,68.5281667209378,68.7776292793256,43.11299251058287,12.63493368972962,3.5473621631887737,3.411935640784879,16.590687072614784,72.21161712571585,-0.13542652240389463,0.9618233165451148,0.3542867595083845
EMP3,CTSC,70.35981764897427,68.28415749974299,60.485183979159885,40.74226380178884,46.27157277759687,30.060655906240363,1.030382300124871,1.5392223542812744,24.0882448713774,65.76420224459099,0.5088400541564033,1.4938361752669251,0.3542630139307752
TGFB1,CTSC,53.80983393031586,34.67667317775265,60.485183979159885,40.74226380178884,35.15141647671768,16.726637195435387,1.5517140857316054,2.101397589272784,18.658417453598183,65.32526475037821,0.5496835035411785,1.3542427748743497,0.35411049892894997
ANXA1,MYADM,83.14881146206447,62.16716356533361,66.15923152067731,71.18330420479079,59.18267665255617,45.471368356122134,1.337482188526961,1.3015085598590372,23.966134809508304,71.17681613471706,-0.03597362866792375,0.9731034708525402,0.35408539924018906
EMP3,CANX,70.35981764897427,68.28415749974299,66.68023445131878,62.77372262773723,49.41387170302833,45.44052636989822,1.030382300124871,1.0874166351894707,20.945945945945944,70.23024412819623,0.05703433506459965,1.0553525958837684,0.3540029373942111
CTSA,VDAC2,36.144578313253014,24.046468592577362,61.11201563008792,67.31777526472705,26.082709215239337,19.23511874164696,1.5030512743619766,1.3559236957073484,10.061869098013677,72.16216216216216,-0.14712757865462822,0.9021140654585574,0.3534544318780794
CAPNS1,IL18,43.14555519374797,22.524930605530997,50.18723542819929,32.8878379767657,26.872354281992838,9.756348308831088,1.9153728185220478,2.7540632384386097,16.27320091175513,62.28301886792453,0.8386904199165619,1.4378731972210599,0.3533496153354508
HCST,PPIB,65.81732334744383,32.03454302457078,63.521654184304786,65.83735992597923,47.834581569521326,25.886707103937493,2.0545093709497273,1.8477720478475954,17.982741777922506,72.6777983920841,-0.2067373231021319,0.8993738719202996,0.3530521258053139
CAPNS1,CD44,43.14555519374797,22.524930605530997,64.75903614457832,80.45646139611391,31.707912732009117,19.492135293512902,1.9153728185220478,1.6266194357436772,11.43764246173885,73.49056603773583,-0.2887533827783706,0.8492442933375339,0.3530151610497607
TGFB1,VDAC2,53.80983393031586,34.67667317775265,61.11201563008792,67.31777526472705,38.67632692933898,27.27459648401357,1.5517140857316054,1.4179828093588147,15.133507000976884,71.87594553706505,-0.1337312763727907,0.9138170635927825,0.3526931638666857
VIM,CALR,89.62064474112667,80.15832219594942,69.55389124063822,75.65539220725815,63.95310973624227,61.910147013467665,1.118031468904503,1.0329821497626335,25.6675350048844,71.35979653011174,-0.08504931914186953,0.923929404934188,0.35254651669346515
EMP3,IL2RG,70.35981764897427,68.28415749974299,44.51318788668186,16.305130050375244,35.998046239010094,12.151742572221652,1.030382300124871,2.9621335287141908,34.36177140996418,51.162790697674424,1.9317512285893197,2.8747907726629354,0.3524015149178381
CD9,CD52,38.18788668186259,11.29844762002673,71.27971344838815,64.01768273876837,27.653858677955064,8.697440115143415,3.379624205185019,3.179174462535128,10.534028003907522,72.41526327009167,-0.2004497426498908,0.9406887480737175,0.3520538292179638
IL2RG,MYADM,44.51318788668186,16.305130050375244,66.15923152067731,71.18330420479079,33.00227938782156,14.012542407731058,2.729843791823401,2.35502761740063,11.510908498860303,74.14045354791516,-0.37481617442277093,0.8626968416487991,0.3519614590184372
CD99,CALR,89.77531748616086,78.35920633288784,69.55389124063822,75.65539220725815,64.61250407033539,65.6111853603372,1.145674848082707,0.9847637861090643,25.162813415825468,71.97134566557853,-0.1609110619736427,0.8595491013502407,0.35181117522921046
HCST,CALR,65.81732334744383,32.03454302457078,69.55389124063822,75.65539220725815,48.461413220449366,28.097049449984578,2.0545093709497273,1.7247251737780667,17.355910126994466,73.63017934446505,-0.32978419717166063,0.8394827486139851,0.3516616868637422
VIM,SSR2,89.62064474112667,80.15832219594942,66.68023445131878,68.37668345841472,62.83783783783784,55.1660326925054,1.118031468904503,1.139046904844214,26.78280690328883,70.1153601598692,0.021015435939711002,1.0187968196998094,0.35162757259633154
TAGLN2,SSR2,88.04135460761967,83.7051506116994,66.68023445131878,68.37668345841472,62.21914685770108,61.84846304101984,1.0517907461308387,1.0059771548289118,25.82220774991859,70.67036523347203,-0.04581359130192686,0.9564422947525839,0.35106114660226384
CAPNS1,ATRX,43.14555519374797,22.524930605530997,61.282969716704656,60.52225763339159,30.169325952458482,15.534080394777424,1.9153728185220478,1.942012862875225,12.976229241289484,69.9245283018868,0.026640044353177128,1.013908542553994,0.3509546437270928
ANXA1,SSR2,83.14881146206447,62.16716356533361,66.68023445131878,68.37668345841472,58.31976554868121,43.49748123779171,1.337482188526961,1.3407310758705915,24.82904591338326,70.13902486782847,0.003248887343630491,1.002429106997835,0.3508575687063239
VDAC1,CTSC,49.86160859654836,34.40937596381207,60.485183979159885,40.74226380178884,33.68609573428851,19.718309859154928,1.4490283003296942,1.7082796494852648,16.17551286225985,67.55918367346939,0.2592513491555706,1.1789139308711802,0.3507584858251254
EMB,CANX,59.703679583197655,16.82944381618176,66.68023445131878,62.77372262773723,42.02214262455227,11.925568006579624,3.5473621631887737,3.5234061132565193,17.68153695864539,70.38451049904555,-0.02395604993225442,0.9932467989367288,0.350724749998615
HCST,TIMP1,65.81732334744383,32.03454302457078,52.92250081406708,28.82697645728385,40.955714750895474,14.392926904492649,2.0545093709497273,2.845346862093091,24.861608596548358,62.22634508348794,0.7908374911433635,1.3849276631811065,0.3506735999746079
EMP3,TGFB1,70.35981764897427,68.28415749974299,53.80983393031586,34.67667317775265,44.44806252035168,25.85586511771358,1.030382300124871,1.7190043076761827,25.911755128622595,63.172509545296776,0.6886220075513116,1.668316999882333,0.35029364810404945
VIM,CTSC,89.62064474112667,80.15832219594942,60.485183979159885,40.74226380178884,56.626506024096386,31.44854528631644,1.118031468904503,1.8005508667476453,32.99413871703028,63.184667090562264,0.6825193978431423,1.6104652836935844,0.3500493053449685
VIM,MYADM,89.62064474112667,80.15832219594942,66.15923152067731,71.18330420479079,63.29371540214914,59.91569857098797,1.118031468904503,1.0563618642499162,26.32692933897753,70.62403488055227,-0.06166960465458682,0.9448409044201471,0.350036694170032
TAGLN2,PLP2,88.04135460761967,83.7051506116994,58.83262780853142,35.468284157499745,55.96711169000326,33.01120592166136,1.0517907461308387,1.6953460130115015,32.07424291761641,63.56911696717522,0.6435552668806628,1.6118662569033546,0.35002334817990927
S100A10,SYPL1,43.70726147834581,28.48771460882081,56.56952132855747,59.62784003289812,28.370237707587105,13.889174462835406,1.5341956307433038,2.042468061397976,15.337023770758709,64.90966660458186,0.5082724306546722,1.3312957099274354,0.34996195455564294
CD99,SSR2,89.77531748616086,78.35920633288784,66.68023445131878,68.37668345841472,63.35070009768805,58.260511976971316,1.145674848082707,1.0873507732296461,26.42461738847281,70.5658324265506,-0.0583240748530609,0.949091947902438,0.3499129583900999
CD63,TIMP1,69.96906545099316,68.3149994859669,52.92250081406708,28.82697645728385,43.15369586453924,23.29598026112882,1.0241973472900125,1.852330017918309,26.81536958645392,61.675392670157066,0.8281326706282965,1.808567482448089,0.3497835968822002
CYBA,PPIB,80.75545424943016,58.918474349748124,63.521654184304786,65.83735992597923,56.83816346466949,42.849799527089544,1.3706071742945782,1.326420138992678,23.917290784760667,70.38306451612904,-0.04418703530190027,0.9677609776669654,0.34970597081555016
VIM,CD9,89.62064474112667,80.15832219594942,38.18788668186259,11.29844762002673,37.67502442201237,9.643261026010075,1.118031468904503,3.906470834873172,51.9456203191143,42.03833227359433,2.788439365968669,3.4940616105384814,0.3496136296664051
SLC9A3R1,CD44,41.6151090849886,35.416880847126556,64.75903614457832,80.45646139611391,30.144903940084664,32.68222473527295,1.1749745634023394,0.9223356686572963,11.47020514490394,72.43740219092332,-0.2526388947450431,0.7849835199721397,0.34955506621736443
EMB,SSR2,59.703679583197655,16.82944381618176,66.68023445131878,68.37668345841472,42.33962878541192,12.295671841266577,3.5473621631887737,3.44317790471758,17.364050797785737,70.91628033815108,-0.10418425847119384,0.9706304984722673,0.34937218876719567
CD9,SYPL1,38.18788668186259,11.29844762002673,56.56952132855747,59.62784003289812,26.090849886030608,7.381515369589802,3.379624205185019,3.534140950590436,12.097036795831979,68.3223193348966,0.15451674540541704,1.0457200966806774,0.3493374339447539
S100A10,VDAC1,43.70726147834581,28.48771460882081,49.86160859654836,34.40937596381207,25.667535004884403,9.7049449984579,1.5341956307433038,2.644516840860165,18.03972647346141,58.7260197429689,1.1103212101168611,1.7237155339693677,0.34914615922068754
VDAC1,TGFB1,49.86160859654836,34.40937596381207,53.80983393031586,34.67667317775265,31.51253663301856,14.94808265652308,1.4490283003296942,2.1079913301080024,18.3490719635298,63.19999999999999,0.6589630297783082,1.4547620150885776,0.34894815148891534
ANXA1,CANX,83.14881146206447,62.16716356533361,66.68023445131878,62.77372262773723,57.09866492999023,39.59082964942942,1.337482188526961,1.4421830320946813,26.050146532074244,68.67045232034462,0.10470084356772036,1.0782820470177872,0.3485873037801091
CTSC,PPIB,60.485183979159885,40.74226380178884,63.521654184304786,65.83735992597923,43.015304461087595,32.06538501079469,1.4845443966740897,1.341445393567348,17.46987951807229,71.1170928667564,-0.14309900310674162,0.9036074613683939,0.3484305141784449
TGFB1,CD44,53.80983393031586,34.67667317775265,64.75903614457832,80.45646139611391,39.034516444154995,30.862547548062096,1.5517140857316054,1.2647449676149087,14.775317486160866,72.54160363086231,-0.2869691181166967,0.8150631480660976,0.3483595622484768
TIMP1,TM9SF2,52.92250081406708,28.82697645728385,46.48323021816998,27.75778760152154,27.857375447736892,7.874987149172407,1.8358035255261687,3.537001130158534,25.065125366330186,52.63805568374096,1.7011976046323651,1.9266773818536909,0.34825015865032305
IL2RG,RNASET2,44.51318788668186,16.305130050375244,51.25366330185607,43.18906137555258,26.229241289482253,6.898324252081834,2.729843791823401,3.8017116359718446,18.28394659719961,58.92465252377469,1.0718678441484437,1.3926480509100811,0.34821665482629566
CD99,PLP2,89.77531748616086,78.35920633288784,58.83262780853142,35.468284157499745,57.0172582220775,32.56913745245194,1.145674848082707,1.7505992507804151,32.75805926408336,63.51106274936525,0.6049244026977081,1.528007055151863,0.3478015338817117
CYBA,TIMP1,80.75545424943016,58.918474349748124,52.92250081406708,28.82697645728385,47.56593943340931,19.553819265960726,1.3706071742945782,2.4324407598186206,33.189514816020846,58.90120967741935,1.0618335855240424,1.7747176619519338,0.34759772766329883
IL2RG,VDAC1,44.51318788668186,16.305130050375244,49.86160859654836,34.40937596381207,25.96873982416151,6.754394983036907,2.729843791823401,3.8441482532657454,18.544448062520352,58.339429407461594,1.1143044614423445,1.4081934888655456,0.3474123701094252
S100A10,NKTR,43.70726147834581,28.48771460882081,57.26961901660697,56.35858949316336,28.972647346141322,15.636887015523799,1.5341956307433038,1.8527213630191885,14.734614132204491,66.2879493387968,0.31852573227588477,1.2076174158582123,0.34736603330777827
CYBA,IL2RG,80.75545424943016,58.918474349748124,44.51318788668186,16.305130050375244,39.28687723868447,11.390973578698468,1.3706071742945782,3.4486453964522794,41.46857701074569,48.649193548387096,2.0780382221577014,2.5161442761506208,0.34714787884982057
IL2RG,YWHAQ,44.51318788668186,16.305130050375244,62.86225985021166,68.02714094787704,32.17193096711169,13.19008944176005,2.729843791823401,2.4389138675129085,12.34125691957017,72.27505486466715,-0.29092992431049236,0.8934261640970432,0.3468287781078112
EMP3,CD44,70.35981764897427,68.28415749974299,64.75903614457832,80.45646139611391,49.96743731683491,57.76704019738871,1.030382300124871,0.86496680770371,20.39238033213936,71.01700798333913,-0.16541549242116105,0.8394620206489237,0.3468142652956375
ANXA1,IL2RG,83.14881146206447,62.16716356533361,44.51318788668186,16.305130050375244,39.77531748616086,11.401254240773106,1.337482188526961,3.488373145016277,43.373493975903614,47.8363031133738,2.1508909564893157,2.6081641871120578,0.3467260633913348
EMB,CAPNS1,59.703679583197655,16.82944381618176,43.14555519374797,22.524930605530997,28.565613806577662,5.016963092423152,3.5473621631887737,5.692671165658863,31.138065776619992,47.8456503954186,2.1453090024700896,1.6047617648776074,0.3464937021005975
TYROBP,CD63,72.33800065125367,18.926698879407834,69.96906545099316,68.3149994859669,53.476066427873654,15.924745553613652,3.8218063966535802,3.357837549761656,18.86193422338001,73.92527571460724,-0.4639688468919241,0.878599594344135,0.34642793622844
SLC9A3R1,ICAM3,41.6151090849886,35.416880847126556,58.36046890263758,65.49809807751619,29.436665581243894,28.662485864089646,1.1749745634023394,1.0269743785114045,12.17844350374471,70.73552425665102,-0.14800018489093492,0.874039669027068,0.3462776120387083
TAGLN2,MYADM,88.04135460761967,83.7051506116994,66.15923152067731,71.18330420479079,61.771409964181046,64.38778657345533,1.0517907461308387,0.9593504281015086,26.26994464343862,70.16181229773463,-0.09244031802933006,0.9121114933085456,0.34618704558720664
CTSC,CANX,60.485183979159885,40.74226380178884,66.68023445131878,62.77372262773723,42.714099641810485,31.726123162331653,1.4845443966740897,1.3462960200729208,17.7710843373494,70.61911170928667,-0.13824837660116884,0.9068748789791032,0.34618313971637493
TAGLN2,CANX,88.04135460761967,83.7051506116994,66.68023445131878,62.77372262773723,60.77824812764572,56.91374524519379,1.0517907461308387,1.0678822836825081,27.26310647997395,69.03374942209894,0.016091537551669477,1.0152991815252839,0.3459733239880782
IL2RG,LAMP2,44.51318788668186,16.305130050375244,51.212959947899705,32.795312018093966,25.512862259850213,6.517939755320243,2.729843791823401,3.913652099488821,19.00032562683165,57.31528895391368,1.1838083076654202,1.4336542300373512,0.3457668601528395
PLP2,IL18,58.83262780853142,35.468284157499745,50.18723542819929,32.8878379767657,36.29111038749593,15.092011925568007,1.6586922799819646,2.4044975626115894,22.541517421035493,61.685346616853465,0.7458052826296249,1.4496345052246424,0.34571699721574856
CTSA,CD44,36.144578313253014,24.046468592577362,64.75903614457832,80.45646139611391,26.009443178117877,21.332373804873033,1.5030512743619766,1.2191903360441152,10.135135135135137,71.95945945945945,-0.2838609383178614,0.8111435430315866,0.3456042503814042
CYBA,SCN9A,80.75545424943016,58.918474349748124,33.86519049169652,10.064768171070217,30.006512536633018,6.569343065693431,1.3706071742945782,4.566962826235032,50.74894171279714,37.15725806451612,3.1963556519404532,3.3320727571600144,0.3456040729196033
EMP3,YWHAQ,70.35981764897427,68.28415749974299,62.86225985021166,68.02714094787704,48.98241615109085,50.375244165724276,1.030382300124871,0.9723316408812038,21.37740149788342,69.6170311234525,-0.05805065924366726,0.9436610477134243,0.3451826226550792
HCST,CANX,65.81732334744383,32.03454302457078,66.68023445131878,62.77372262773723,45.587756431129925,22.46324663308317,2.0545093709497273,2.0293472189711754,20.229566916313907,69.26406926406926,-0.025162151978551872,0.987752719781015,0.3450622387214187
CYBA,CANX,80.75545424943016,58.918474349748124,66.68023445131878,62.77372262773723,55.60078150439596,40.27963400843014,1.3706071742945782,1.3803353118215453,25.154672745034198,68.8508064516129,0.009728137526967107,1.0070976846680917,0.3447404391344129
S100A10,TIMP1,43.70726147834581,28.48771460882081,52.92250081406708,28.82697645728385,27.425919895799414,12.768582296699908,1.5341956307433038,2.1477538778137797,16.2813415825464,62.74911529148818,0.6135582470704759,1.3999217797102006,0.3444234888109647
TAGLN2,CD9,88.04135460761967,83.7051506116994,38.18788668186259,11.29844762002673,36.38879843699121,9.561015729412974,1.0517907461308387,3.8055572660331918,51.65255617062846,41.33148404993066,2.753766519902353,3.6181695646519745,0.34434574624477093
VIM,CANX,89.62064474112667,80.15832219594942,66.68023445131878,62.77372262773723,60.93292087267991,50.57057674514239,1.118031468904503,1.2048847355453036,28.68772386844676,67.98982650558634,0.08685326664080062,1.0776840983965357,0.3442917958599717
PLP2,SYPL1,58.83262780853142,35.468284157499745,56.56952132855747,59.62784003289812,39.685770107456854,22.103423460470854,1.6586922799819646,1.7953768474634304,19.146857701074566,67.45537567455376,0.13668456748146585,1.0824050181767,0.34411110674684203
CAPNS1,GLS,43.14555519374797,22.524930605530997,49.40573103223706,31.427983962167165,25.317486160859655,8.646036804770228,1.9153728185220478,2.927880004730985,17.828069032888312,58.679245283018865,1.0125071862089372,1.5286214654493293,0.3440215857255412
TYROBP,SSR1,72.33800065125367,18.926698879407834,42.58384890915011,33.25794181145266,32.23705633344188,5.160892361468078,3.8218063966535802,6.245201192896133,40.10094431781179,44.564483457123565,2.4233947962425524,1.634096692696026,0.34399215709774544
TGFB1,ICAM3,53.80983393031586,34.67667317775265,58.36046890263758,65.49809807751619,37.49592966460436,25.85586511771358,1.5517140857316054,1.4501344031422156,16.3139042657115,69.6822995461422,-0.10157968258938976,0.9345371138127571,0.3433325136012415
CYBA,MYADM,80.75545424943016,58.918474349748124,66.15923152067731,71.18330420479079,56.29273852165419,44.546108769404746,1.3706071742945782,1.263667611136111,24.462715727775972,69.70766129032258,-0.10693956315846731,0.921976504162466,0.34319132829368953
HCST,TGFB1,65.81732334744383,32.03454302457078,53.80983393031586,34.67667317775265,40.13350700097688,14.228436311298447,2.0545093709497273,2.8204565608203396,25.683816346466955,60.97711811997526,0.7659471898706123,1.3728127020012286,0.34318295009340694
CD63,CD44,69.96906545099316,68.3149994859669,64.75903614457832,80.45646139611391,49.20221426245523,57.6539529145677,1.0241973472900125,0.8533909365143769,20.766851188537927,70.31995346131474,-0.17080641077563563,0.8332290049104473,0.3430594467677918
TYROBP,GLIPR1,72.33800065125367,18.926698879407834,57.123086942364054,46.80785442582502,44.806252035167695,9.992803536547754,3.8218063966535802,4.483403328003135,27.53174861608597,61.94013054242629,0.6615969313495547,1.1731110534350606,0.3427804992796092
HCST,GNPTAB,65.81732334744383,32.03454302457078,49.0882448713774,23.511874164696206,34.89905568218821,9.684383674308625,2.0545093709497273,3.6032703355635958,30.91826766525562,53.02411873840445,1.5487609646138685,1.7538349479019075,0.3425586419227157
PLP2,GNPTAB,58.83262780853142,35.468284157499745,49.0882448713774,23.511874164696206,31.81374145229567,10.26010075048833,1.6586922799819646,3.1004218968205377,27.01888635623575,54.074996540749964,1.4417296168385731,1.869196555767565,0.34246146354567847
CD63,YWHAQ,69.96906545099316,68.3149994859669,62.86225985021166,68.02714094787704,48.38000651253663,50.80703197285905,1.0241973472900125,0.9522117790033782,21.589058938456525,69.14485165794066,-0.07198556828663438,0.929715138906476,0.3421249798753716
ANXA1,TIMP1,83.14881146206447,62.16716356533361,52.92250081406708,28.82697645728385,47.53337675024422,19.307083376169427,1.337482188526961,2.461838175450974,35.61543471182025,57.16663403172117,1.124355986924013,1.8406511851663048,0.3420509695048065
VDAC1,IL18,49.86160859654836,34.40937596381207,50.18723542819929,32.8878379767657,30.49495278410941,14.053665056029608,1.4490283003296942,2.1697388491678598,19.366655812438946,61.159183673469386,0.7207105488381655,1.4973750676050868,0.34183144580925523
CD99,CANX,89.77531748616086,78.35920633288784,66.68023445131878,62.77372262773723,61.57603386519049,54.96041945101265,1.145674848082707,1.1203501379740288,28.19928362097037,68.58904606456294,-0.025324710108678206,0.9778953774266239,0.34167899481738073
TIMP1,GLS,52.92250081406708,28.82697645728385,49.40573103223706,31.427983962167165,28.874959296646043,8.995579315307905,1.8358035255261687,3.2095486834106577,24.047541517421035,54.56083679433933,1.373745157884489,1.7483072882163428,0.3414914418659212
CTSC,GNPTAB,60.485183979159885,40.74226380178884,49.0882448713774,23.511874164696206,33.48257896450667,12.090058599773826,1.4845443966740897,2.7692016119360296,27.002605014653213,55.35666218034992,1.28465721526194,1.865354527719098,0.34101617166484666
CTSA,ICAM3,36.144578313253014,24.046468592577362,58.36046890263758,65.49809807751619,25.268642136112014,18.967821527706384,1.5030512743619766,1.3321144963699478,10.875936177141,69.90990990990991,-0.17093677799202878,0.8862734885311289,0.3410027106499481
EMB,GLS,59.703679583197655,16.82944381618176,49.40573103223706,31.427983962167165,32.106805600781506,6.435694458723142,3.5473621631887737,4.988089120382232,27.59687398241615,53.77692937005727,1.440726957193458,1.4061403631532137,0.34092099470995924
CD99,MYADM,89.77531748616086,78.35920633288784,66.15923152067731,71.18330420479079,62.544773689352006,62.77372262773723,1.145674848082707,0.9963369182887697,27.230543796808853,69.66811751904244,-0.14933792979393734,0.8696506866290595,0.34087369110551535
TGFB1,GNPTAB,53.80983393031586,34.67667317775265,49.0882448713774,23.511874164696206,29.127320091175513,9.859154929577464,1.5517140857316054,2.954042842045252,24.68251383914035,54.13010590015128,1.4023287563136466,1.9037288307223645,0.34076696731643874
EMP3,VDAC2,70.35981764897427,68.28415749974299,61.11201563008792,67.31777526472705,48.420709866493,50.30327953120181,1.030382300124871,0.9625564726845853,21.939107782481273,68.81869721161634,-0.06782582744028576,0.9341741143728245,0.34070219468606744
HCST,RNASET2,65.81732334744383,32.03454302457078,51.25366330185607,43.18906137555258,39.6125040703354,13.899455124910045,2.0545093709497273,2.849727128671389,26.204819277108435,60.18552875695733,0.7952177577216619,1.3870596887830504,0.34068853167086977
TIMP1,CD44,52.92250081406708,28.82697645728385,64.75903614457832,80.45646139611391,37.699446434386196,24.714711627428805,1.8358035255261687,1.5253231225010897,15.223054379680882,71.2351945854484,-0.31048040302507895,0.8308749282219127,0.3406519527759881
TGFB1,IL18,53.80983393031586,34.67667317775265,50.18723542819929,32.8878379767657,32.432432432432435,13.87889380076077,1.5517140857316054,2.3366484569683657,21.377401497883426,60.27231467473525,0.7849343712367602,1.5058498717350224,0.3406082919355143
ANXA1,PPIB,83.14881146206447,62.16716356533361,63.521654184304786,65.83735992597923,56.504395962227285,41.74976868510332,1.337482188526961,1.3533737878792174,26.644415499837187,67.9557470139025,0.01589159935225637,1.0118817278380048,0.34057331503712523
EMB,ITGB2,59.703679583197655,16.82944381618176,40.752197981113646,22.617456564202733,27.596873982416152,4.8113498509304,3.5473621631887737,5.734594291202807,32.1068056007815,46.22307062994274,2.1872321280140334,1.6165798774963251,0.34047695955041535
SLC9A3R1,CTSC,41.6151090849886,35.416880847126556,60.485183979159885,40.74226380178884,27.18169977206122,18.72108563791508,1.1749745634023394,1.4518521225548784,14.433409312927385,65.3169014084507,0.276877559152539,1.2356455771695964,0.34042838499988043
TIMP1,YWHAQ,52.92250081406708,28.82697645728385,62.86225985021166,68.02714094787704,36.779550634972324,21.723038963709264,1.8358035255261687,1.6930346468450823,16.142950179094754,69.49700046146748,-0.14276887868108634,0.9222308505807196,0.34034655837328304
EMB,TM9SF3,59.703679583197655,16.82944381618176,41.76164115923152,21.846406908604916,27.254965809182675,4.7085432301840235,3.5473621631887737,5.787178177811884,32.448713774014976,45.65039541859831,2.2398160146231105,1.6314032544705581,0.3402427778241471
EMB,IL18,59.703679583197655,16.82944381618176,50.18723542819929,32.8878379767657,33.45815695213285,7.062814845276036,3.5473621631887737,4.736556334642346,26.2455226310648,56.0403599672757,1.1891941714535723,1.3352333696835141,0.3396615084090571
VDAC1,ATRX,49.86160859654836,34.40937596381207,61.282969716704656,60.52225763339159,34.369912080755455,25.475480620951988,1.4490283003296942,1.3490839881741539,15.491696515792903,68.93061224489796,-0.09994431215554034,0.9310266665372925,0.3396558456167128
PLP2,CD44,58.83262780853142,35.468284157499745,64.75903614457832,80.45646139611391,42.09540866167372,32.4766114937802,1.6586922799819646,1.2961362220166788,16.737219146857697,71.55112771551129,-0.3625560579652858,0.7814205429537371,0.33962783567929217
ANXA1,TSPAN2,83.14881146206447,62.16716356533361,34.08498860306089,9.499331756965148,31.26017583848909,7.155340803947774,1.337482188526961,4.368178751526829,51.88863562357538,37.59545721558645,3.030696562999868,3.2659715314323043,0.3395121142279256
TIMP1,TNFRSF1A,52.92250081406708,28.82697645728385,46.32041680234451,26.904492649326617,27.360794529469228,7.916109797470957,1.8358035255261687,3.455906919240827,25.56170628459785,51.699738501768955,1.6201033937146585,1.8825036945336036,0.33950386219457773
VIM,PPIB,89.62064474112667,80.15832219594942,63.521654184304786,65.83735992597923,60.818951481602085,54.4566670093554,1.118031468904503,1.116811549623561,28.801693259524583,67.86265782541557,-0.0012199192809418946,0.9989088685650885,0.33925229316303074
TIMP1,VDAC2,52.92250081406708,28.82697645728385,61.11201563008792,67.31777526472705,36.763269293389776,22.03145882594839,1.8358035255261687,1.6685958468735407,16.159231520677302,69.4662359636979,-0.16720767865262798,0.9089185327690752,0.3389707958858581
EMB,CALR,59.703679583197655,16.82944381618176,69.55389124063822,75.65539220725815,43.1048518397916,13.87889380076077,3.5473621631887737,3.105560637461721,16.598827743406055,72.19798200163622,-0.4418015257270529,0.8754563234868832,0.33889983372182847
CAPNS1,VDAC1,43.14555519374797,22.524930605530997,49.86160859654836,34.40937596381207,26.01758384890915,9.776909632980363,1.9153728185220478,2.660853375158351,17.127971344838816,60.301886792452834,0.7454805566363032,1.3892091134568443,0.3387834617940793
PLP2,ICAM3,58.83262780853142,35.468284157499745,58.36046890263758,65.49809807751619,40.88244871377402,27.57273568417806,1.6586922799819646,1.482659048524664,17.950179094757402,69.48941469489415,-0.17603323145730054,0.8938722790346534,0.33864541190160574
CD63,VDAC2,69.96906545099316,68.3149994859669,61.11201563008792,67.31777526472705,47.997394985346794,51.22853911791919,1.0241973472900125,0.9369085846130158,21.971670465646362,68.59802210587553,-0.0872887626769967,0.9147734927180201,0.3386256723955277
TIMP1,TM9SF3,52.92250081406708,28.82697645728385,41.76164115923152,21.846406908604916,25.53728427222403,6.754394983036907,1.8358035255261687,3.78027995940271,27.385216541843047,48.25411475157668,1.9444764338765412,2.059196371964274,0.33849439545171045
S100A10,CD52,43.70726147834581,28.48771460882081,71.27971344838815,64.01768273876837,29.78671442526864,20.047291045543332,1.5341956307433038,1.485748304311959,13.920547053077172,68.1504935742224,-0.04844732643134475,0.9684216761796718,0.3383301015495447
EMP3,SCN9A,70.35981764897427,68.28415749974299,33.86519049169652,10.064768171070217,27.33637251709541,6.990850210753573,1.030382300124871,3.9097480199234886,43.02344513187886,38.852250376026845,2.8793657197986176,3.794463491317417,0.33822953787006516
VDAC1,CD44,49.86160859654836,34.40937596381207,64.75903614457832,80.45646139611391,35.306089221751876,31.212090058599774,1.4490283003296942,1.1311308542495428,14.555519374796482,70.80816326530612,-0.31789744608015136,0.7806133627563928,0.33814594402252307
EMB,GLIPR1,59.703679583197655,16.82944381618176,57.123086942364054,46.80785442582502,37.886681862585476,9.561015729412974,3.5473621631887737,3.9622066031584953,21.81699772061218,63.45786746659394,0.41484443996972153,1.1169444846299008,0.3380315593314558
TYROBP,CANX,72.33800065125367,18.926698879407834,66.68023445131878,62.77372262773723,49.112666883751224,12.953634214043385,3.8218063966535802,3.791127257804853,23.22533376750244,67.89331532748143,-0.030679138848727305,0.9919726078025327,0.33793261969497085
TIMP1,LAMP2,52.92250081406708,28.82697645728385,51.212959947899705,32.795312018093966,29.607619667860632,9.87971625372674,1.8358035255261687,2.9965054058397276,23.314881146206446,55.94523919397017,1.160701880313559,1.6322582259890173,0.3377612899855288
EMB,VDAC1,59.703679583197655,16.82944381618176,49.86160859654836,34.40937596381207,32.82318463041354,6.846920941708646,3.5473621631887737,4.793160567975793,26.88049495278411,54.97682028906462,1.2457984047870192,1.3511900808197022,0.33717402168467414
SLC9A3R1,PHB2,41.6151090849886,35.416880847126556,56.29273852165419,56.47167677598437,28.492347769456202,26.59607278708749,1.1749745634023394,1.071258780901966,13.1227613155324,68.46635367762129,-0.10371578250037339,0.9117293380377133,0.33714597926308776
CD99,CTSC,89.77531748616086,78.35920633288784,60.485183979159885,40.74226380178884,56.976554868121134,36.96926082039683,1.145674848082707,1.541145601999287,32.798762618039724,63.46572361262241,0.39547075391658004,1.3451858566838597,0.3371021557589411
IL2RG,VDAC2,44.51318788668186,16.305130050375244,61.11201563008792,67.31777526472705,31.545099316183652,13.2312120900586,2.729843791823401,2.3839626436976156,12.96808857049821,70.86686174103876,-0.3458811481257853,0.8732963588752624,0.3370402512989046
VDAC1,GNPTAB,49.86160859654836,34.40937596381207,49.0882448713774,23.511874164696206,27.580592640833604,10.383468695383982,1.4490283003296942,2.6559464378850217,22.281015955714754,55.31428571428572,1.2069181375553275,1.8329155043284662,0.33691733544919494
CAPNS1,NKTR,43.14555519374797,22.524930605530997,57.26961901660697,56.35858949316336,28.638879843699122,14.207874987149172,1.9153728185220478,2.0155627992786744,14.506675350048845,66.37735849056604,0.10018998075662666,1.0523083442491035,0.3368962914906615
CD99,PPIB,89.77531748616086,78.35920633288784,63.521654184304786,65.83735992597923,61.23412569195702,57.82872416983654,1.145674848082707,1.0588694061919144,28.54119179420384,68.2081973159231,-0.08680544189079265,0.9242320436412984,0.33670071448507594
IL2RG,IL18,44.51318788668186,16.305130050375244,50.18723542819929,32.8878379767657,26.465320742429178,7.5254446386347285,2.729843791823401,3.5163110888476417,18.047867144252685,59.45501097293343,0.7864672970242408,1.2880997437948343,0.3365984197158792
TYROBP,CHST12,72.33800065125367,18.926698879407834,35.25724519700423,34.75891847434975,27.80039075219798,4.143106816078956,3.8218063966535802,6.708415585315914,44.53760989905568,38.43124015304974,2.886609188662334,1.755299690531128,0.3364866601983654
TGFB1,TNFRSF1A,53.80983393031586,34.67667317775265,46.32041680234451,26.904492649326617,29.9820905242592,11.08255371645934,1.5517140857316054,2.7050972360728567,23.827743406056662,55.718608169440245,1.1533831503412513,1.74329617868839,0.33626219836426374
HCST,MYADM,65.81732334744383,32.03454302457078,66.15923152067731,71.18330420479079,46.42624552263106,26.986737945923718,2.0545093709497273,1.7202718366265808,19.39107782481277,70.53803339517624,-0.3342375343231465,0.8373151570641704,0.3359782902597239
HCST,TNFRSF1A,65.81732334744383,32.03454302457078,46.32041680234451,26.904492649326617,33.97101921198307,9.417086460368047,2.0545093709497273,3.60699801970766,31.846304135460763,51.614100185528756,1.5524886487579326,1.755649339306869,0.33569493336554046
S100A10,CCT4,43.70726147834581,28.48771460882081,56.8951481602084,69.02436516911689,29.80299576685119,20.931427983962166,1.5341956307433038,1.4237715658061931,13.904265711494624,68.18774445893091,-0.11042406493711066,0.9280247820262588,0.335417519047799
CTSC,MYADM,60.485183979159885,40.74226380178884,66.15923152067731,71.18330420479079,42.14425268642136,34.460779274185256,1.4845443966740897,1.2229273581933398,18.340931292738524,69.67698519515477,-0.2616170384807499,0.8237728429901688,0.33530407405173634
TIMP1,ATRX,52.92250081406708,28.82697645728385,61.282969716704656,60.52225763339159,34.79322696190166,17.734142078749873,1.8358035255261687,1.961823976791856,18.12927385216542,65.74373173357945,0.12602045126568728,1.0686459359694105,0.3350196812311816
TYROBP,CALCRL,72.33800065125367,18.926698879407834,31.626506024096386,17.99115863061581,25.854770433083686,3.7215996710188137,3.8218063966535802,6.945353440599124,46.48323021816998,35.741616025208195,3.123547043945544,1.817295990367424,0.33488543232331813
S100A10,IL18,43.70726147834581,28.48771460882081,50.18723542819929,32.8878379767657,25.512862259850213,10.671327233473836,1.5341956307433038,2.3905622177540553,18.1943992184956,58.372136338238036,0.8563665870107515,1.5581860421515148,0.33467901104172776
IL2RG,SYPL1,44.51318788668186,16.305130050375244,56.56952132855747,59.62784003289812,29.029632041680234,10.01336486069703,2.729843791823401,2.898799119613831,15.483555845001629,65.21580102414045,0.16895532779043032,1.061891939859891,0.33452677151022375
CAPNS1,ICAM3,43.14555519374797,22.524930605530997,58.36046890263758,65.49809807751619,29.70530771735591,17.292073609540456,1.9153728185220478,1.7177575477946105,13.440247476392056,68.84905660377359,-0.19761527072743723,0.896826733251899,0.33436451948249607
SLC9A3R1,SYPL1,41.6151090849886,35.416880847126556,56.56952132855747,59.62784003289812,27.751546727450343,23.33710290942737,1.1749745634023394,1.189108936366896,13.86356235753826,66.68622848200313,0.014134372964556663,1.0120295140037996,0.33413786105824356
TAGLN2,YWHAQ,88.04135460761967,83.7051506116994,62.86225985021166,68.02714094787704,59.65483555845002,62.228847537781434,1.0517907461308387,0.9586209498943725,28.38651904916965,67.75774387424873,-0.09316979623646615,0.9114179350035124,0.33413022955942034
PLP2,TNFRSF1A,58.83262780853142,35.468284157499745,46.32041680234451,26.904492649326617,32.57896450667535,11.658270792639046,1.6586922799819646,2.7942540392186213,26.253663301856072,55.375674553756745,1.1355617592366567,1.6846126752630717,0.3336564607306165
TAGLN2,CTSC,88.04135460761967,83.7051506116994,60.485183979159885,40.74226380178884,55.06349723217193,37.52441657242726,1.0517907461308387,1.4673653822308588,32.97785737544773,62.542764678687014,0.4155746361000201,1.3951115158873286,0.33349255519843607
TAGLN2,PPIB,88.04135460761967,83.7051506116994,63.521654184304786,65.83735992597923,59.28036470205145,60.09046982625681,1.0517907461308387,0.9865021586832455,28.760989905568216,67.332408691632,-0.06528858744759314,0.937926257967408,0.33339761408578034
CD63,ATRX,69.96906545099316,68.3149994859669,61.282969716704656,60.52225763339159,46.35297948550961,43.4666392515678,1.0241973472900125,1.0663790415955876,23.61608596548355,66.2478184991274,0.04218169430557506,1.0411851235674319,0.3333481772109158
VDAC1,PHB2,49.86160859654836,34.40937596381207,56.29273852165419,56.47167677598437,33.86519049169652,25.72221651074329,1.4490283003296942,1.3165223904853707,15.996418104851841,67.91836734693878,-0.13250590984432353,0.908555333381567,0.33296654124247765
TIMP1,GLIPR1,52.92250081406708,28.82697645728385,57.123086942364054,46.80785442582502,33.11624877889938,14.804153387478154,1.8358035255261687,2.236805517118676,19.806252035167695,62.57498846331334,0.40100199159250716,1.2184340459187069,0.33292504189619204
ANXA1,YWHAQ,83.14881146206447,62.16716356533361,62.86225985021166,68.02714094787704,55.861282969716704,43.78533977588157,1.337482188526961,1.2757696408432446,27.287528492347768,67.18229880556099,-0.06171254768371637,0.9538591629757076,0.33282586664361913
CYBA,TGFB1,80.75545424943016,58.918474349748124,53.80983393031586,34.67667317775265,48.0869423640508,23.20345430245708,1.3706071742945782,2.072315157135971,32.66851188537936,59.546370967741936,0.7017079828413928,1.5119687070093928,0.3328172539807793
CAPNS1,LAMP2,43.14555519374797,22.524930605530997,51.212959947899705,32.795312018093966,25.048844024747638,9.077824611905006,1.9153728185220478,2.7590404149785255,18.09671116900033,58.056603773584904,0.8436675964564777,1.440471739129865,0.3324663986907484
SLC9A3R1,ATRX,41.6151090849886,35.416880847126556,61.282969716704656,60.52225763339159,27.930641484858352,25.2595867173846,1.1749745634023394,1.1057004256213967,13.684467600130251,67.11658841940532,-0.06927413778094271,0.9410420106624712,0.3321192352079795
TIMP1,STT3B,52.92250081406708,28.82697645728385,47.818300227938785,31.09900277577876,27.7027027027027,8.574072170247764,1.8358035255261687,3.2306086937461047,25.219798111364376,52.34579295493001,1.394805168219936,1.7597791097062874,0.3314692231856468
CTSC,YWHAQ,60.485183979159885,40.74226380178884,62.86225985021166,68.02714094787704,41.50113969391078,33.22709982522874,1.4845443966740897,1.2489772184445125,18.984044285249105,68.61372812920592,-0.23556717822957718,0.8413202200235089,0.3312902817345507
TIMP1,ICAM3,52.92250081406708,28.82697645728385,58.36046890263758,65.49809807751619,35.98990556821882,21.671635653336075,1.8358035255261687,1.660615079028419,16.932595245848255,68.00492231964313,-0.17518844649774956,0.9045712441109198,0.3312651892733282
TGFB1,ATRX,53.80983393031586,34.67667317775265,61.282969716704656,60.52225763339159,35.851514164767174,23.70720674411432,1.5517140857316054,1.512198478430575,17.958319765548687,66.62632375189106,-0.03951560730103032,0.9745342214365481,0.33115583839440377
HCST,SYPL1,65.81732334744383,32.03454302457078,56.56952132855747,59.62784003289812,41.256919570172585,17.13786367842089,2.0545093709497273,2.407214407225733,24.560403777271247,62.683982683982684,0.3527050362760056,1.1716736079490173,0.3310551652337137
CD63,IL2RG,69.96906545099316,68.3149994859669,44.51318788668186,16.305130050375244,34.33734939759036,12.552688393132518,1.0241973472900125,2.7352399009979065,35.6317160534028,49.075043630017454,1.711042553707894,2.670618029069542,0.330927345835482
S100A10,PHB2,43.70726147834581,28.48771460882081,56.29273852165419,56.47167677598437,28.443503744708565,17.322915595764368,1.5341956307433038,1.6418634452169054,15.263757733637249,65.07729558577017,0.10766781447360163,1.0701786736424466,0.33076986865253094
TIMP1,SYPL1,52.92250081406708,28.82697645728385,56.56952132855747,59.62784003289812,33.897753174861606,16.58270792639046,1.8358035255261687,2.0440394467463134,19.024747639205472,64.05168435625288,0.20823592122014478,1.1134303961860303,0.33067021784227163
ANXA1,CD44,83.14881146206447,62.16716356533361,64.75903614457832,80.45646139611391,56.91142950179095,51.44443302148658,1.337482188526961,1.1062484298270256,26.237381960273524,68.4452711963971,-0.23123375869993534,0.8271126444273585,0.33066466804698874
HCST,GLIPR1,65.81732334744383,32.03454302457078,57.123086942364054,46.80785442582502,41.256919570172585,17.281792947465817,2.0545093709497273,2.387167380618426,24.560403777271247,62.683982683982684,0.33265800966869863,1.1619160342475938,0.33005281390334834
CAPNS1,TFPI,43.14555519374797,22.524930605530997,55.356561380657766,54.394983036907576,27.87365678931944,13.560193276447004,1.9153728185220478,2.0553985347093486,15.271898404428526,64.60377358490565,0.14002571618730086,1.0731062458614968,0.3300201537338933
TYROBP,CAPNS1,72.33800065125367,18.926698879407834,43.14555519374797,22.524930605530997,33.31162487788994,5.726328775573147,3.8218063966535802,5.816258535735338,39.026375773363725,46.04996623902768,1.994452139081758,1.5218611128047,0.32997243814922633
TGFB1,CAPNS1,53.80983393031586,34.67667317775265,43.14555519374797,22.524930605530997,28.427222403126017,9.910558239950653,1.5517140857316054,2.8680881164118093,25.382611527189844,52.829046898638424,1.3163740306802039,1.848335426471016,0.3299639360272023
TIMP1,TFPI,52.92250081406708,28.82697645728385,55.356561380657766,54.394983036907576,33.067404754151745,15.12285391179192,1.8358035255261687,2.1864403707555926,19.855096059915333,62.48269497000463,0.35063684522942395,1.1909991131152917,0.32994531711149433
EMB,LAMP1,59.703679583197655,16.82944381618176,38.43210680560078,21.91837154312738,25.4558775643113,4.328158733422432,3.5473621631887737,5.880097989427859,34.247802018886354,42.637032997000276,2.332735826239085,1.6575973128557464,0.32982195629695565
TAGLN2,CD44,88.04135460761967,83.7051506116994,64.75903614457832,80.45646139611391,59.858352328231845,70.90572632877557,1.0517907461308387,0.8441844015007072,28.18300227938782,67.98890429958391,-0.2076063446301315,0.8026163042469798,0.329564204266413
CD9,CCT4,38.18788668186259,11.29844762002673,56.8951481602084,69.02436516911689,25.439596222728753,7.68993523182893,3.379624205185019,3.3077376750550442,12.748290459133834,66.61692602856533,-0.0718865301299747,0.9787294309172936,0.329490303636328
TYROBP,ATP8B4,72.33800065125367,18.926698879407834,54.233148811462065,49.43970391693225,41.97329859980462,9.10866659812892,3.8218063966535802,4.607555956924453,30.364702051449044,58.02385775376997,0.7857495602708728,1.2055963800151899,0.3294067667823935
HCST,YWHAQ,65.81732334744383,32.03454302457078,62.86225985021166,68.02714094787704,45.05861282969717,25.26986737945924,2.0545093709497273,1.7830259703045206,20.758710517746664,68.46011131725417,-0.2714834006452067,0.8678597408783248,0.32872638655401054
EMP3,ICAM3,70.35981764897427,68.28415749974299,58.36046890263758,65.49809807751619,46.68674698795181,48.20602446797574,1.030382300124871,0.9684635694320055,23.673070661022464,66.35427513594817,-0.061918730692865576,0.9399070318993623,0.32867543914509756
TGFB1,SYPL1,53.80983393031586,34.67667317775265,56.56952132855747,59.62784003289812,35.20840117225659,22.278194715739694,1.5517140857316054,1.5803264714672445,18.601432758059268,65.43116490166415,0.028612385735639068,1.018439212480403,0.32858644379510266
ANXA1,GNPTAB,83.14881146206447,62.16716356533361,49.0882448713774,23.511874164696206,42.64083360468903,15.338747815359309,1.337482188526961,2.7797610572185434,40.507977857375444,51.2825533581359,1.4422788686915824,2.0783537015024023,0.3285267102252586
S100A10,ICAM3,43.70726147834581,28.48771460882081,58.36046890263758,65.49809807751619,28.71214588082058,18.72108563791508,1.5341956307433038,1.533597614929936,14.995115597525235,65.6919351834606,-0.0005980158133678248,0.9996102088929311,0.3284297751266347
CD63,TGFB1,69.96906545099316,68.3149994859669,53.80983393031586,34.67667317775265,41.8593292087268,25.999794386758506,1.0241973472900125,1.6099250117544335,28.109736242266358,59.825479930191975,0.5857276644644209,1.5718894566698831,0.32841378287418094
PLP2,ATRX,58.83262780853142,35.468284157499745,61.282969716704656,60.52225763339159,38.96125040703354,24.282923820294027,1.6586922799819646,1.6044050663045524,19.87137740149788,66.22388266223884,-0.05428721367741218,0.9672710759357953,0.32840505262732356
CD99,TSPAN2,89.77531748616086,78.35920633288784,34.08498860306089,9.499331756965148,32.62780853142299,7.998355094068058,1.145674848082707,4.078804872110031,57.147508954737866,36.34385201305768,2.9331300240273244,3.560176675726043,0.3283757612666546
CD99,TIMP1,89.77531748616086,78.35920633288784,52.92250081406708,28.82697645728385,50.93617714099642,24.99228950344402,1.145674848082707,2.037994123741796,38.83914034516444,56.73739571998549,0.8923192756590888,1.7788590952768055,0.32830294238288193
ANXA1,TGFB1,83.14881146206447,62.16716356533361,53.80983393031586,34.67667317775265,48.176489742754804,22.843631129844763,1.337482188526961,2.108875799697895,34.97232171930967,57.940082240062665,0.7713936111709339,1.5767505674378437,0.32827009175886
VDAC1,SYPL1,49.86160859654836,34.40937596381207,56.56952132855747,59.62784003289812,33.3848909150114,25.331551351907063,1.4490283003296942,1.3178653208374191,16.47671768153696,66.95510204081633,-0.13116297949227507,0.9094821133152252,0.3282173612294678
CYBA,YWHAQ,80.75545424943016,58.918474349748124,62.86225985021166,68.02714094787704,53.923803321393684,42.91148349953737,1.3706071742945782,1.2565994536758758,26.831650928036474,66.77419354838709,-0.11400772061870246,0.9168195506656531,0.32817058171100033
VDAC1,ICAM3,49.86160859654836,34.40937596381207,58.36046890263758,65.49809807751619,33.81634646694888,27.521332373804874,1.4490283003296942,1.2286875257394427,16.04526212959948,67.82040816326531,-0.22034077459025148,0.8479389432627935,0.32808500208681396
VIM,IL2RG,89.62064474112667,80.15832219594942,44.51318788668186,16.305130050375244,42.29892543145555,14.310681607895548,1.118031468904503,2.955552435439861,47.32171930967112,47.19774729766554,1.837520966535358,2.6435324207250113,0.3278647848150956
CTSC,IL18,60.485183979159885,40.74226380178884,50.18723542819929,32.8878379767657,34.95604037772713,15.46211576025496,1.4845443966740897,2.2606078179648037,25.529143601432757,57.79273216689098,0.776063421290714,1.5227620157601036,0.3277668318989906
TIMP1,IL18,52.92250081406708,28.82697645728385,50.18723542819929,32.8878379767657,31.243894496906545,12.562969055207155,1.8358035255261687,2.4867853748778113,21.678606317160533,59.03707121981234,0.6509818493516426,1.3546032243102166,0.32773444856664385
EMP3,ATRX,70.35981764897427,68.28415749974299,61.282969716704656,60.52225763339159,45.8075545424943,42.77783489256708,1.030382300124871,1.0707994889887353,24.55226310647997,65.10470901307417,0.04041718886386425,1.0392254300748045,0.32754440450856404
ANXA1,VDAC2,83.14881146206447,62.16716356533361,61.11201563008792,67.31777526472705,54.884402474763924,42.65446694767143,1.337482188526961,1.2866909308974304,28.26440898730055,66.00744076757393,-0.05079125762953063,0.9620247222241743,0.32749764095639305
VIM,CD44,89.62064474112667,80.15832219594942,64.75903614457832,80.45646139611391,60.501465320742426,66.14577978821836,1.118031468904503,0.9146547347346236,29.119179420384242,67.50840221636842,-0.20337673416987945,0.8180939089584329,0.3273731743733481
SLC9A3R1,TMED2,41.6151090849886,35.416880847126556,53.32953435363074,51.78369486994963,27.08401172256594,22.319317364038245,1.1749745634023394,1.2134241319616181,14.531097362422663,65.08215962441315,0.038449568559278724,1.0327237454808735,0.3273332765500297
IL2RG,GLIPR1,44.51318788668186,16.305130050375244,57.123086942364054,46.80785442582502,27.9469228264409,9.32456050169631,2.729843791823401,2.996808912596448,16.566265060240962,62.78346744696416,0.266965120773047,1.0977950172726652,0.32726559327347315
CTSC,VDAC2,60.485183979159885,40.74226380178884,61.11201563008792,67.31777526472705,41.15109084988603,33.57664233576642,1.4845443966740897,1.2255503360952917,19.334093129273853,68.03499327052491,-0.2589940605787979,0.825539700153773,0.32722526332368457
TIMP1,NKTR,52.92250081406708,28.82697645728385,57.26961901660697,56.35858949316336,33.36046890263758,16.06867482265858,1.8358035255261687,2.0759890458765606,19.5620319114295,63.03645592985695,0.24018552035039198,1.1308340010304487,0.32719155566680436
EMP3,TSPAN2,70.35981764897427,68.28415749974299,34.08498860306089,9.499331756965148,27.450341908173232,7.47404132826154,1.030382300124871,3.6722662394372767,42.90947574080104,39.01423116973273,2.6418839393124056,3.563984201778542,0.32716535281428394
EMB,PPIB,59.703679583197655,16.82944381618176,63.521654184304786,65.83735992597923,40.117225659394336,11.905006682430349,3.5473621631887737,3.369494636568211,19.58645392380332,67.19389146441233,-0.1778675266205627,0.9498592141320369,0.32707608099103347
CAPNS1,RNASET2,43.14555519374797,22.524930605530997,51.25366330185607,43.18906137555258,25.895473787040054,10.56852061272746,1.9153728185220478,2.4500140295726944,17.250081406707913,60.01886792452831,0.5346412110506467,1.279131668717733,0.3268264001751739
SLC9A3R1,IL18,41.6151090849886,35.416880847126556,50.18723542819929,32.8878379767657,25.358189514816022,15.729412974195538,1.1749745634023394,1.6120485556491153,16.25691957017258,60.93505477308294,0.4370739922467759,1.371985918555678,0.3265289734777535
PLP2,VDAC1,58.83262780853142,35.468284157499745,49.86160859654836,34.40937596381207,34.858352328231845,15.400431787807134,1.6586922799819646,2.2633189438808015,23.974275480299575,59.25003459250034,0.6046266638988369,1.3645200928441117,0.3264815061574436
TAGLN2,TSPAN2,88.04135460761967,83.7051506116994,34.08498860306089,9.499331756965148,33.12438944969065,8.67687879099414,1.0517907461308387,3.817106720143059,54.91696515792901,37.62367082755432,2.7653159740122204,3.6291503173847337,0.3263841528383826
VIM,YWHAQ,89.62064474112667,80.15832219594942,62.86225985021166,68.02714094787704,59.011722565939436,55.78287241698365,1.118031468904503,1.057863500848913,30.60892217518723,65.84612589699337,-0.06016796805558999,0.946184012052411,0.32622223108218734
HCST,VDAC2,65.81732334744383,32.03454302457078,61.11201563008792,67.31777526472705,44.87951807228916,25.526883931325177,2.0545093709497273,1.758058685671853,20.937805275154673,68.18800247371676,-0.2964506852778743,0.8557073092634103,0.32611747810469005
TYROBP,CLTC,72.33800065125367,18.926698879407834,39.669488765874306,26.225968952400535,29.542494301530446,4.718823892258661,3.8218063966535802,6.259236568123932,42.79550634972322,40.839522844924595,2.437430171470352,1.6377691380716186,0.3260691227981406
HCST,CD44,65.81732334744383,32.03454302457078,64.75903614457832,80.45646139611391,45.79127320091175,28.467153284671532,2.0545093709497273,1.6085087340585498,20.02605014653208,69.57328385899814,-0.4460006368911775,0.7829162313895861,0.32556638745043187
VIM,TIMP1,89.62064474112667,80.15832219594942,52.92250081406708,28.82697645728385,50.92803647020514,26.164284979952708,1.118031468904503,1.9463971636167974,38.692608270921525,56.82623308202379,0.8283656947122944,1.7409144713287579,0.32554945014573367
TAGLN2,VDAC2,88.04135460761967,83.7051506116994,61.11201563008792,67.31777526472705,58.254640182351025,62.1363215791097,1.0517907461308387,0.9375145033920482,29.78671442526864,66.16736014794267,-0.11427624273879045,0.8913507813610533,0.32512298860277383
CAPNS1,GLIPR1,43.14555519374797,22.524930605530997,57.123086942364054,46.80785442582502,26.80722891566265,12.162023234296289,1.9153728185220478,2.203993891919391,16.338326278085315,62.13207547169811,0.2886210733973431,1.150686629050135,0.3250914310283577
SLC9A3R1,TMEM219,41.6151090849886,35.416880847126556,51.367632692933896,46.09848874267503,26.660696841419732,20.993111956409994,1.1749745634023394,1.2699130545162018,14.954412243568871,64.06494522691706,0.09493849111386243,1.0808004650236442,0.32507165069027844
IL2RG,CD44,44.51318788668186,16.305130050375244,64.75903614457832,80.45646139611391,31.479973949853466,14.598540145985401,2.729843791823401,2.156230513774769,13.033213936828396,70.7205559619605,-0.573613278048632,0.7898732228683727,0.32492211590737086
CD99,CD44,89.77531748616086,78.35920633288784,64.75903614457832,80.45646139611391,60.61543471182026,68.16078955484733,1.145674848082707,0.8892876068496588,29.159882774340602,67.51904243743199,-0.25638724123304824,0.7762129092193011,0.3247758501255076
CYBA,CD44,80.75545424943016,58.918474349748124,64.75903614457832,80.45646139611391,54.59947899706936,49.40886193070834,1.3706071742945782,1.1050320090681263,26.155975252360797,67.61088709677419,-0.26557516522645197,0.8062353895359275,0.32477567722254835
TGFB1,PHB2,53.80983393031586,34.67667317775265,56.29273852165419,56.47167677598437,35.28980788016933,23.70720674411432,1.5517140857316054,1.4885059954578892,18.520026050146534,65.58245083207261,-0.06320809027371621,0.9592656334985097,0.32475184964667725
CAPNS1,CCT4,43.14555519374797,22.524930605530997,56.8951481602084,69.02436516911689,29.14360143275806,17.641616120078133,1.9153728185220478,1.6518866155904883,14.001953760989906,67.54716981132076,-0.26348620293155944,0.862436074907405,0.3245615389100258
IL2RG,ATRX,44.51318788668186,16.305130050375244,61.282969716704656,60.52225763339159,29.680885704982092,11.63770946848977,2.729843791823401,2.55018701045327,14.83230218169977,66.67885881492319,-0.17965678137013086,0.9341878894652323,0.3244114550061094
CD99,YWHAQ,89.77531748616086,78.35920633288784,62.86225985021166,68.02714094787704,59.394334093129274,58.661457797882186,1.145674848082707,1.0124760591819852,30.380983393031585,66.1588683351469,-0.1331987889007218,0.8837377034822483,0.32413440223069845
PLP2,CAPNS1,58.83262780853142,35.468284157499745,43.14555519374797,22.524930605530997,30.169325952458482,10.01336486069703,1.6586922799819646,3.012605030086612,28.663301856072938,51.279922512799224,1.3539127501046475,1.8162531208738544,0.3240952500692285
PLP2,RNASET2,58.83262780853142,35.468284157499745,51.25366330185607,43.18906137555258,35.20026050146532,16.377094684897706,1.6586922799819646,2.149228049946713,23.632367307066097,59.83118859831189,0.49053576996474835,1.29573645207421,0.32368273148979687
TAGLN2,IL2RG,88.04135460761967,83.7051506116994,44.51318788668186,16.305130050375244,41.66395310973624,14.958363318597717,1.0517907461308387,2.7851421362257414,46.377401497883426,47.32316227461858,1.7333513900949027,2.6480002286303446,0.32328338087783803
VDAC1,CCT4,49.86160859654836,34.40937596381207,56.8951481602084,69.02436516911689,33.69423640507978,29.197080291970803,1.4490283003296942,1.1539880727824896,16.16737219146858,67.57551020408162,-0.2950402275472046,0.7963875326105951,0.32312553964304797
TYROBP,IL18,72.33800065125367,18.926698879407834,50.18723542819929,32.8878379767657,40.16606968414197,8.491826873650663,3.8218063966535802,4.729411099708017,32.17193096711169,55.52554580238578,0.9076047030544365,1.2374805547055303,0.3230079641646507
IL2RG,ICAM3,44.51318788668186,16.305130050375244,58.36046890263758,65.49809807751619,30.30771735591013,12.727459648401357,2.729843791823401,2.3810985926892307,14.205470530771734,68.08705193855158,-0.3487451991341701,0.8722471959096144,0.32299799973604937
CYBA,GNPTAB,80.75545424943016,58.918474349748124,49.0882448713774,23.511874164696206,41.289482253337674,15.20509920838902,1.3706071742945782,2.715323745261294,39.465971996092485,51.12903225806451,1.344716570966716,1.9811101212561597,0.3228809898386583
CAPNS1,SYPL1,43.14555519374797,22.524930605530997,56.56952132855747,59.62784003289812,27.81667209378053,14.444330214865838,1.9153728185220478,1.9256515205968852,15.328883099967438,64.47169811320754,0.010278702074837387,1.0053664236933093,0.3228724256697796
CAPNS1,TGOLN2,43.14555519374797,22.524930605530997,50.903614457831324,41.09180631232651,25.846629762292412,10.876940474966588,1.9153728185220478,2.3760591282672747,17.298925431455555,59.90566037735848,0.46068630974522695,1.2405204382615729,0.32256261737405384
HCST,IL3RA,65.81732334744383,32.03454302457078,33.46629762292413,11.833042047907885,25.71637902963204,5.592680168602858,2.0545093709497273,4.5973988956281815,40.100944317811795,39.072356215213354,2.542889524678454,2.237711329349141,0.32250625730998944
EMB,MYADM,59.703679583197655,16.82944381618176,66.15923152067731,71.18330420479079,41.36274829045913,13.477947979849903,3.5473621631887737,3.0686926273692565,18.340931292738524,69.28006544859558,-0.4786695358195172,0.8650632459277193,0.322466850452002
PLP2,PHB2,58.83262780853142,35.468284157499745,56.29273852165419,56.47167677598437,38.66004558775643,25.1773414207875,1.6586922799819646,1.5354484611062702,20.17258222077499,65.71191365711914,-0.12324381887569436,0.9256982019129947,0.32239737734181095
CAPNS1,SSR3,43.14555519374797,22.524930605530997,50.569846955389124,39.26184846304102,25.88733311624878,10.95918577156369,1.9153728185220478,2.361942913724485,17.258222077499187,60.0,0.4465700952024372,1.2331504816628975,0.32232850476012187
CYBA,VDAC2,80.75545424943016,58.918474349748124,61.11201563008792,67.31777526472705,53.21556496255292,43.353551968746785,1.3706071742945782,1.2274504647381592,27.53988928687724,65.89717741935483,-0.14315670955641902,0.8955523418808174,0.3223280516189532
CD99,SCN9A,89.77531748616086,78.35920633288784,33.86519049169652,10.064768171070217,32.53012048192771,8.20396833556081,1.145674848082707,3.9646856820812184,57.24519700423315,36.235038084874866,2.8190108339985116,3.4605679689277817,0.32212573212429985
S100A10,APLP2,43.70726147834581,28.48771460882081,55.503093454900686,60.08018916418217,27.906219472484533,17.559370823481032,1.5341956307433038,1.5891588937956505,15.80104200586128,63.848016390389276,0.05496326305234667,1.0358254592510587,0.32198824510456375
EMB,SLC38A1,59.703679583197655,16.82944381618176,45.888961250407036,26.524108152565024,29.599478997069358,5.890819368767349,3.5473621631887737,5.023826622040856,30.104200586128297,49.5773111535315,1.476464458852082,1.4162147508290688,0.32170977871026163
VIM,TGFB1,89.62064474112667,80.15832219594942,53.80983393031586,34.67667317775265,51.78280690328883,29.248483602343992,1.118031468904503,1.770383628213493,37.83783783783784,57.77999818330457,0.65235215930899,1.5834828244576995,0.32151759888197234
VDAC1,CAPNS1,49.86160859654836,34.40937596381207,43.14555519374797,22.524930605530997,26.01758384890915,9.776909632980363,1.4490283003296942,2.660853375158351,23.844024747639207,52.179591836734694,1.2118250748286568,1.8363018683299235,0.3214892129251063
CD99,IL2RG,89.77531748616086,78.35920633288784,44.51318788668186,16.305130050375244,42.33148811462065,14.804153387478154,1.145674848082707,2.8592400907121713,47.44382937154021,47.152702212549876,1.7135652426294643,2.495681995198834,0.3214417731942226
CTSC,TGFB1,60.485183979159885,40.74226380178884,53.80983393031586,34.67667317775265,35.15141647671768,16.726637195435387,1.4845443966740897,2.101397589272784,25.333767502442207,58.11574697173619,0.6168531925986942,1.4155168373412517,0.32142139448861573
CAPNS1,PHB2,43.14555519374797,22.524930605530997,56.29273852165419,56.47167677598437,28.23184630413546,15.688290325896988,1.9153728185220478,1.7994342457628905,14.913708889612508,65.43396226415094,-0.11593857275915731,0.9394694486431009,0.3213728826827968
HCST,LAMP2,65.81732334744383,32.03454302457078,51.212959947899705,32.795312018093966,35.42819928362097,11.452657551146293,2.0545093709497273,3.0931778015377525,30.389124063822862,53.82807668521954,1.0386684305880252,1.5055554602352021,0.321073804955499
TIMP1,VDAC1,52.92250081406708,28.82697645728385,49.86160859654836,34.40937596381207,29.24943015304461,10.712449881772386,1.8358035255261687,2.7301597968744793,23.673070661022468,55.26842024303953,0.8943562713483106,1.487174285762402,0.3210599147826132
EMB,YWHAQ,59.703679583197655,16.82944381618176,62.86225985021166,68.02714094787704,40.3695864539238,12.593811041431069,3.5473621631887737,3.2052554279001604,19.334093129273853,67.61658031088082,-0.34210673528861335,0.9035602457401506,0.32097756478997347
SLC9A3R1,VDAC1,41.6151090849886,35.416880847126556,49.86160859654836,34.40937596381207,25.02442201237382,15.883622905315102,1.1749745634023394,1.5753865963038052,16.590687072614784,60.13302034428795,0.40041203290146576,1.3407835755541841,0.32068570336651303
TGFB1,VDAC1,53.80983393031586,34.67667317775265,49.86160859654836,34.40937596381207,31.51253663301856,14.94808265652308,1.5517140857316054,2.1079913301080024,22.297297297297302,58.56278366111951,0.556277244376397,1.3584921020512115,0.3206277805244174
S100A10,RNF130,43.70726147834581,28.48771460882081,54.892543145555194,57.66423357664234,27.653858677955064,17.117302354271615,1.5341956307433038,1.6154556746133448,16.05340280039075,63.27062767740734,0.08126004387004104,1.0529658944672338,0.32041614058053874
SLC9A3R1,GLIPR1,41.6151090849886,35.416880847126556,57.123086942364054,46.80785442582502,26.13969391077825,20.10897501799116,1.1749745634023394,1.2998372144864758,15.475415174210355,62.81298904538342,0.12486265108413641,1.106268386544961,0.3203080777811239
TAGLN2,TGFB1,88.04135460761967,83.7051506116994,53.80983393031586,34.67667317775265,51.25366330185607,31.427983962167165,1.0517907461308387,1.6307769720953431,36.787691305763595,58.21544151641239,0.5789862259645044,1.5504766305411863,0.32002651888028716
HCST,LAMP1,65.81732334744383,32.03454302457078,38.43210680560078,21.91837154312738,29.086616737219146,7.206744114320962,2.0545093709497273,4.035467446663009,36.730706610224686,44.192949907235615,1.980958075713282,1.9642000682613363,0.32001265332184214
HCST,IL18,65.81732334744383,32.03454302457078,50.18723542819929,32.8878379767657,37.92738521654184,14.125629690552072,2.0545093709497273,2.6848148530365865,27.88993813090199,57.6252319109462,0.6303054820868592,1.306791242230008,0.31964143365907394
TGFB1,NKTR,53.80983393031586,34.67667317775265,57.26961901660697,56.35858949316336,34.345490068381636,21.99033617764984,1.5517140857316054,1.5617736817323327,19.464343861934225,63.827534039334346,0.010059596000727256,1.0064828927527485,0.3196406499967081
PLP2,TMED2,58.83262780853142,35.468284157499745,53.32953435363074,51.78369486994963,37.30869423640508,21.836126246530277,1.6586922799819646,1.7084983534558764,21.52393357212634,63.41497163414972,0.04980607347391186,1.0300273137308227,0.31956516184444417
ANXA1,ATRX,83.14881146206447,62.16716356533361,61.282969716704656,60.52225763339159,52.808531422989255,38.38799218669682,1.337482188526961,1.3756165091848733,30.340280039075218,63.510867436851385,0.038134320657912335,1.028512021307672,0.3194610532171525
VIM,VDAC2,89.62064474112667,80.15832219594942,61.11201563008792,67.31777526472705,57.83946597199609,55.07350673383366,1.118031468904503,1.050203976433689,31.781178769130577,64.53810518666545,-0.06782749247081399,0.9393331097046183,0.31929915130978653
TGFB1,TMEM219,53.80983393031586,34.67667317775265,51.367632692933896,46.09848874267503,33.32790621947248,19.11175079675131,1.5517140857316054,1.743752460014149,20.48192771084338,61.93645990922844,0.19203837428254356,1.1237588651468617,0.3192842182602693
SLC9A3R1,CD82,41.6151090849886,35.416880847126556,55.96711169000326,64.53171584250026,27.39335721263432,28.107330112059216,1.1749745634023394,0.9745636650567814,14.221751872354282,65.82550860719874,-0.20041089834555803,0.8294338408780237,0.31910699811871585
TGFB1,RNASET2,53.80983393031586,34.67667317775265,51.25366330185607,43.18906137555258,31.81374145229567,15.739693636270175,1.5517140857316054,2.021114328722433,21.99609247802019,59.122541603630864,0.4694002429908277,1.3025043384648494,0.3190827201676957
CAPNS1,ACTN4,43.14555519374797,22.524930605530997,46.92282644089873,37.51413591035263,25.146532074242916,10.188136115965868,1.9153728185220478,2.467974888944663,17.99902311950505,58.28301886792452,0.5526020704226153,1.2885088819674373,0.3190451978607534
HCST,VDAC1,65.81732334744383,32.03454302457078,49.86160859654836,34.40937596381207,36.50276782806903,12.655495013878895,2.0545093709497273,2.88411347596951,29.3145555193748,55.460729746444024,0.8296041050197829,1.4037967004435157,0.3187838539832093
HCST,ATRX,65.81732334744383,32.03454302457078,61.282969716704656,60.52225763339159,42.070986649299904,20.643569445872313,2.0545093709497273,2.0378718364461506,23.746336698143928,63.920841063698205,-0.016637534503576745,0.9919019427514776,0.3187723285933122
TYROBP,CALR,72.33800065125367,18.926698879407834,69.55389124063822,75.65539220725815,51.42461738847281,16.65467256091292,3.8218063966535802,3.0875137104432935,20.913383262780854,71.08935404006303,-0.7342926862102868,0.8078676390166591,0.31873213588980076
TGFB1,CD82,53.80983393031586,34.67667317775265,55.96711169000326,64.53171584250026,35.20840117225659,25.465199958877353,1.5517140857316054,1.382554178837474,18.601432758059268,65.43116490166415,-0.1691599068941314,0.8909851315718542,0.3186978291636141
TAGLN2,TIMP1,88.04135460761967,83.7051506116994,52.92250081406708,28.82697645728385,48.73819602735266,25.81474246941503,1.0517907461308387,1.887925403853668,39.30315858026701,55.358298659269536,0.8361346577228292,1.7949629342135487,0.3185982261824891
EMP3,SYPL1,70.35981764897427,68.28415749974299,56.56952132855747,59.62784003289812,44.643438619342234,42.294643775059114,1.030382300124871,1.0555091407703687,25.716379029632037,63.45019090593544,0.02512684064549764,1.0243859397065076,0.3185072965619521
CTSC,GLIPR1,60.485183979159885,40.74226380178884,57.123086942364054,46.80785442582502,37.886681862585476,23.84085535108461,1.4845443966740897,1.5890827833942855,22.59850211657441,62.637954239569304,0.10453838672019589,1.0704178244546942,0.3184166905338563
TYROBP,PBXIP1,72.33800065125367,18.926698879407834,42.380332139368285,33.04204790788527,32.53826115271898,5.716048113498509,3.8218063966535802,5.691444344484869,39.799739498534684,44.980868782354264,1.8696379478312886,1.4892026842250214,0.3183862413033357
HCST,ICAM3,65.81732334744383,32.03454302457078,58.36046890263758,65.49809807751619,43.64213611201563,24.40629176518968,2.0545093709497273,1.7880777815037712,22.175187235428204,66.30797773654916,-0.26643158944595613,0.8703186302222636,0.31821830921044797
EMP3,IL18,70.35981764897427,68.28415749974299,50.18723542819929,32.8878379767657,40.12536633018561,23.79973270278606,1.030382300124871,1.6858878603131668,30.234451318788665,57.02880944116626,0.6555055601882958,1.6361770384728616,0.3179193252152461
CD63,ICAM3,69.96906545099316,68.3149994859669,58.36046890263758,65.49809807751619,45.36795831976555,50.580857407217025,1.0241973472900125,0.8969215573584778,24.601107131227607,64.84002326934265,-0.12727578993153477,0.8757311857248004,0.31783632685013646
EMP3,NKTR,70.35981764897427,68.28415749974299,57.26961901660697,56.35858949316336,44.12243568870075,39.58054898735479,1.030382300124871,1.1147223091950407,26.237381960273524,62.70970727756566,0.08434000907016959,1.0818531229233543,0.3177655368413368
TYROBP,PPIB,72.33800065125367,18.926698879407834,63.521654184304786,65.83735992597923,50.16281341582546,15.472396422329599,3.8218063966535802,3.241874766643715,22.175187235428204,69.34503713706954,-0.5799316300098654,0.8482571931122256,0.31772860418485444
CTSC,ATRX,60.485183979159885,40.74226380178884,61.282969716704656,60.52225763339159,39.46597199609248,30.050375244165725,1.4845443966740897,1.313283391373396,21.019211983067407,65.24899057873486,-0.17126100530069377,0.8846373300223425,0.3176819026286396
CD63,NKTR,69.96906545099316,68.3149994859669,57.26961901660697,56.35858949316336,43.91077824812765,39.86840752544464,1.0241973472900125,1.1013652063955004,26.058287202865507,62.75741710296685,0.07716785910548785,1.075344716825982,0.31764547847010866
ANXA1,SCN9A,83.14881146206447,62.16716356533361,33.86519049169652,10.064768171070217,30.226310647997394,7.453480004112265,1.337482188526961,4.054784590115346,52.92250081406708,36.352065792050126,2.717302401588385,3.031655019332326,0.3176254490396699
TGFB1,GLIPR1,53.80983393031586,34.67667317775265,57.123086942364054,46.80785442582502,33.29534353630739,19.399609334841163,1.5517140857316054,1.7162009172831987,20.51449039400847,61.87594553706505,0.16448683155159327,1.1060033114760577,0.31760406926290496
TAGLN2,ATRX,88.04135460761967,83.7051506116994,61.282969716704656,60.52225763339159,55.99967437316835,53.76786265035468,1.0517907461308387,1.0414889140824881,32.04168023445132,63.606102635228844,-0.010301832048350557,0.9902054357425683,0.3175154215737267
TIMP1,CAPNS1,52.92250081406708,28.82697645728385,43.14555519374797,22.524930605530997,26.921198306740475,8.687159453068778,1.8358035255261687,3.0986077606151134,26.001302507326603,50.869097061990466,1.2628042350889448,1.6878754820601003,0.31748569706439955
TYROBP,ATRX,72.33800065125367,18.926698879407834,61.282969716704656,60.52225763339159,44.85509605991534,11.29844762002673,3.8218063966535802,3.9696715776102014,27.482904591338325,62.007652487058294,0.14786518095662116,1.0386898669399092,0.31743152148312254
TYROBP,CLDND1,72.33800065125367,18.926698879407834,35.4200586128297,25.927829752236043,27.865516118528166,4.410404030019533,3.8218063966535802,6.316700063948751,44.4724845327255,38.52126941255908,2.494893667295171,1.6528048279681906,0.31735103042755397
PLP2,TM9SF2,58.83262780853142,35.468284157499745,46.48323021816998,27.75778760152154,31.593943340931293,11.997532641102087,1.6586922799819646,2.6331505931569756,27.238684467600127,53.70139753701398,0.9744583131750111,1.5874858917083805,0.3172299033438204
CD63,GNPTAB,69.96906545099316,68.3149994859669,49.0882448713774,23.511874164696206,36.83653533051123,17.507967513107843,1.0241973472900125,2.1038667929981636,33.132530120481924,52.646887725421756,1.079669445708151,2.054161532994511,0.3172179109125164
VDAC1,S100A10,49.86160859654836,34.40937596381207,43.70726147834581,28.48771460882081,25.667535004884403,9.7049449984579,1.4490283003296942,2.644516840860165,24.194073591663955,51.477551020408164,1.1954885405304707,1.8250277377318744,0.31716218212856434
PLP2,NKTR,58.83262780853142,35.468284157499745,57.26961901660697,56.35858949316336,37.17030283295343,22.08286213632158,1.6586922799819646,1.6831432203074213,21.662324975577988,63.17974263179742,0.024450940325456694,1.0147410949098543,0.31712126017525993
VIM,TSPAN2,89.62064474112667,80.15832219594942,34.08498860306089,9.499331756965148,33.279062194724844,8.882492032486892,1.118031468904503,3.7461689697050953,56.341582546401824,37.13325460986466,2.6281375008005923,3.35068294041469,0.3170731480893529
TGFB1,LAMP2,53.80983393031586,34.67667317775265,51.212959947899705,32.795312018093966,30.26701400195376,13.354580034954251,1.5517140857316054,2.266244814732035,23.5428199283621,56.248108925869886,0.7145307290004297,1.4604783417065788,0.31696708107937094
TIMP1,APLP2,52.92250081406708,28.82697645728385,55.503093454900686,60.08018916418217,33.67795506349723,18.607998355094068,1.8358035255261687,1.809767211585472,19.24454575056985,63.63636363636363,-0.02603631394069672,0.9858174834187475,0.3168800024847833
S100A10,ATP8B4,43.70726147834581,28.48771460882081,54.233148811462065,49.43970391693225,26.26994464343862,14.13591035262671,1.5341956307433038,1.8582521914738983,17.437316834907193,60.104302477183836,0.3240565607305945,1.2112224505381963,0.3167243404224489
VDAC1,NKTR,49.86160859654836,34.40937596381207,57.26961901660697,56.35858949316336,31.846304135460763,22.81278914362085,1.4490283003296942,1.3959234888591738,18.015304461087595,63.86938775510204,-0.053104811470520374,0.963351432502431,0.31669169820198423
HCST,GLS,65.81732334744383,32.03454302457078,49.40573103223706,31.427983962167165,34.30478671442527,10.815256502518762,2.0545093709497273,3.171595154611651,31.512536633018563,52.121212121212125,1.1170857836619237,1.5437238688015982,0.3164603497891568
TGFB1,TMED2,53.80983393031586,34.67667317775265,53.32953435363074,51.78369486994963,33.5965483555845,20.57160481134985,1.5517140857316054,1.633072168724564,20.21328557473136,62.4357034795764,0.08135808299295855,1.0524311042485637,0.3162464215475299
CD99,TGFB1,89.77531748616086,78.35920633288784,53.80983393031586,34.67667317775265,51.70954086616737,30.255988485658477,1.145674848082707,1.7090114864100636,38.065776619993485,57.59883931809938,0.5633366383273566,1.4917072581894448,0.3161610285068648
EMB,RNASET2,59.703679583197655,16.82944381618176,51.25366330185607,43.18906137555258,33.18951481602084,7.700215893903567,3.5473621631887737,4.3096460706022155,26.514164767176815,55.59040087264794,0.7622839074134418,1.214887533988978,0.31606619973391176
VDAC1,GLS,49.86160859654836,34.40937596381207,49.40573103223706,31.427983962167165,27.474763920547055,12.162023234296289,1.4490283003296942,2.258876217803809,22.386844676001303,55.102040816326536,0.8098479174741149,1.5588903386426973,0.31600259995533836
VIM,ATRX,89.62064474112667,80.15832219594942,61.282969716704656,60.52225763339159,56.26831650928037,48.58640896473733,1.118031468904503,1.1580843207777867,33.3523282318463,62.784994095739854,0.04005285187328367,1.0358244405343342,0.31592761307236344
SLC9A3R1,RNF130,41.6151090849886,35.416880847126556,54.892543145555194,57.66423357664234,26.799088244871378,25.526883931325177,1.1749745634023394,1.049796697484444,14.816020840117226,64.39749608763692,-0.12517786591789548,0.8934633397037791,0.3157285871422899
PLP2,LAMP2,58.83262780853142,35.468284157499745,51.212959947899705,32.795312018093966,32.611527189840444,13.426544669476714,1.6586922799819646,2.4287036828089996,26.221100618690976,55.431022554310225,0.7700114028270351,1.4642280018542122,0.3156556829129029
SLC9A3R1,CCT4,41.6151090849886,35.416880847126556,56.8951481602084,69.02436516911689,27.352653858677954,29.927007299270073,1.1749745634023394,0.9139483823684134,14.26245522631065,65.72769953051643,-0.26102618103392605,0.7778452494511199,0.3155871886008858
CD99,VDAC2,89.77531748616086,78.35920633288784,61.11201563008792,67.31777526472705,58.11624877889938,59.1035262670916,1.145674848082707,0.9832791572725543,31.659068707261476,64.73521944142185,-0.1623956908101527,0.8582532460392905,0.31555631266660156
CTSC,ICAM3,60.485183979159885,40.74226380178884,58.36046890263758,65.49809807751619,39.71833279062195,32.43548884548165,1.4845443966740897,1.2244954433825734,20.766851188537935,65.66621803499328,-0.2600489532915162,0.824829116681105,0.31532864251039056
TGFB1,GLS,53.80983393031586,34.67667317775265,49.40573103223706,31.427983962167165,30.144903940084664,13.364860697028888,1.5517140857316054,2.25536571294549,23.664929990231197,56.02118003025719,0.7036516272138846,1.4534673195817034,0.31528848151198013
HCST,TM9SF2,65.81732334744383,32.03454302457078,46.48323021816998,27.75778760152154,33.401172256593945,10.177855453891231,2.0545093709497273,3.281427112104746,32.41615109084989,50.7482993197279,1.2269177411550185,1.5971828400996086,0.31508738365639033
HCST,CAPNS1,65.81732334744383,32.03454302457078,43.14555519374797,22.524930605530997,32.25333767502442,9.334841163770946,2.0545093709497273,3.454786463183207,33.56398567241941,49.004329004328994,1.4002770922334795,1.6815627672635929,0.31503549963331895
TIMP1,RNF130,52.92250081406708,28.82697645728385,54.892543145555194,57.66423357664234,33.35232823184631,18.227613858332475,1.8358035255261687,1.829668920031494,19.57017258222077,63.021073680972165,-0.006134605494674705,0.9966583540071825,0.3147986381301271
TIMP1,CD53,52.92250081406708,28.82697645728385,44.928362097036796,33.30934512182584,29.200586128296973,11.175079675131078,1.8358035255261687,2.6127754075764047,23.721914685770106,55.17612674973081,0.776971882050236,1.4232325906594738,0.31472922785116586
EMP3,GNPTAB,70.35981764897427,68.28415749974299,49.0882448713774,23.511874164696206,36.1771409964181,16.603269250539736,1.030382300124871,2.1787854948956658,34.18267665255617,51.417331944926524,1.1484031947707947,2.1145408792752174,0.3145068194631724
SLC9A3R1,NKTR,41.6151090849886,35.416880847126556,57.26961901660697,56.35858949316336,26.19667860631716,22.54549192968027,1.1749745634023394,1.1618959919805427,15.418430478671443,62.94992175273866,-0.013078571421796692,0.9888690599531572,0.3140956801926035
TIMP1,CTSD,52.92250081406708,28.82697645728385,50.37447085639857,48.1957438059011,32.18007163790296,15.81165827079264,1.8358035255261687,2.035082975096121,20.742429176164116,60.80602984156284,0.19927944956995214,1.108551621564642,0.3139941216863118
IL2RG,TMED2,44.51318788668186,16.305130050375244,53.32953435363074,51.78369486994963,27.629436665581245,9.869435591652103,2.729843791823401,2.7992114845416527,16.883751221100617,62.07022677395757,0.06936769271825183,1.0254108652392588,0.31381951850570045
VIM,GNPTAB,89.62064474112667,80.15832219594942,49.0882448713774,23.511874164696206,45.21328557473136,19.27624138994551,1.118031468904503,2.3454230125641,44.40735916639531,50.44963211917523,1.2273915436595968,2.0978148449276204,0.31361773777885593
PLP2,ATP8B4,58.83262780853142,35.468284157499745,54.233148811462065,49.43970391693225,36.43764246173885,20.972550632260717,1.6586922799819646,1.7373139675116263,22.394985346792573,61.93441261934412,0.0786216875296617,1.0473998031331746,0.3136031474732037
PLP2,TMEM219,58.83262780853142,35.468284157499745,51.367632692933896,46.09848874267503,36.39693910778248,20.88002467358898,1.6586922799819646,1.7430628849272203,22.43568870074894,61.86522761865228,0.08437060494525572,1.0508657367996992,0.31354466834052414
CTSC,CD44,60.485183979159885,40.74226380178884,64.75903614457832,80.45646139611391,40.25561706284598,36.59915698570988,1.4845443966740897,1.0998755300028722,20.229566916313907,66.55450874831763,-0.38466886667121747,0.7408842284993206,0.3135391004080273
CYBA,ATRX,80.75545424943016,58.918474349748124,61.282969716704656,60.52225763339159,50.93617714099642,38.25434357972654,1.3706071742945782,1.3314787523693843,29.819277108433738,63.074596774193544,-0.039128421925193946,0.9714517604613208,0.31341656277470803
EMB,STT3B,59.703679583197655,16.82944381618176,47.818300227938785,31.09900277577876,30.7717355910127,6.600185051917343,3.5473621631887737,4.661547184179439,28.931943992184955,51.54076902099809,1.1141850209906656,1.314088319640053,0.31341309615452373
VDAC1,LAMP2,49.86160859654836,34.40937596381207,51.212959947899705,32.795312018093966,28.492347769456202,14.25927829752236,1.4490283003296942,1.9980218600927713,21.369260827092155,57.14285714285714,0.5489935597630771,1.37887014328027,0.31316396370243954
PLP2,STT3B,58.83262780853142,35.468284157499745,47.818300227938785,31.09900277577876,31.553239986974926,12.347075151639766,1.6586922799819646,2.5553164845117426,27.279387821556494,53.63221253632213,0.8966242045297781,1.5405609077408422,0.31299227290809956
VDAC1,TMED2,49.86160859654836,34.40937596381207,53.32953435363074,51.78369486994963,31.51253663301856,22.699701860799834,1.4490283003296942,1.3881745518818178,18.3490719635298,63.19999999999999,-0.06085374844787639,0.9580037543545351,0.3129573125776061
TGFB1,RNF130,53.80983393031586,34.67667317775265,54.892543145555194,57.66423357664234,34.060566590687074,23.038963709262877,1.5517140857316054,1.4783255312591281,19.749267339628787,63.29803328290468,-0.07338855447247727,0.9527048474024286,0.31282073869089955
TIMP1,LY6E,52.92250081406708,28.82697645728385,53.264408987300556,55.30996196155032,33.87333116248779,20.05757170761797,1.8358035255261687,1.6887209945074584,19.04916965157929,64.00553760959852,-0.14708253101871027,0.919881115286259,0.3126735614970571
CYBA,ICAM3,80.75545424943016,58.918474349748124,58.36046890263758,65.49809807751619,51.79094757408011,42.798396216716355,1.3706071742945782,1.2100859393397676,28.96450667535005,64.13306451612904,-0.16052123495481063,0.8828831207326582,0.31263926083290466
PLP2,GLIPR1,58.83262780853142,35.468284157499745,57.123086942364054,46.80785442582502,35.98990556821882,20.088413693841883,1.6586922799819646,1.7914861088878369,22.842722240312597,61.173377611733784,0.13279382890587232,1.0800593518813002,0.31250657950396254
S100A10,PA2G4,43.70726147834581,28.48771460882081,53.66330185607294,60.162434460779274,27.31195050472159,17.806106713272335,1.5341956307433038,1.5337668799595008,16.395310973624223,62.4883590985286,-0.00042875078380300025,0.999720537084573,0.3124203579534528
VDAC1,RNF130,49.86160859654836,34.40937596381207,54.892543145555194,57.66423357664234,32.09866492999023,25.537164593399815,1.4490283003296942,1.2568900483273544,17.76294366655813,64.37551020408162,-0.1921382520023398,0.8674020017699978,0.3122706384202912
PLP2,RNF130,58.83262780853142,35.468284157499745,54.892543145555194,57.66423357664234,37.68316509280365,25.156780096638222,1.6586922799819646,1.4978732204531497,21.149462715727772,64.05147364051474,-0.1608190595288148,0.9030446687009579,0.3122164152261329
EMP3,RNASET2,70.35981764897427,68.28415749974299,51.25366330185607,43.18906137555258,41.5255617062846,30.266269147733112,1.030382300124871,1.371962614255032,28.834255942689673,59.01885919241005,0.341580314130161,1.3315083285968374,0.3121733116685583
CAPNS1,APLP2,43.14555519374797,22.524930605530997,55.503093454900686,60.08018916418217,27.62129599478997,15.729412974195538,1.9153728185220478,1.7559167734566448,15.524259198957996,64.0188679245283,-0.159456045065403,0.9167493432487762,0.31212153736937137
CD99,ATRX,89.77531748616086,78.35920633288784,61.282969716704656,60.52225763339159,56.61022468251384,52.33885062198006,1.145674848082707,1.0815893436795643,33.16509280364702,63.057671381936885,-0.06408550440314276,0.9440630956414988,0.3120840816895273
VDAC1,TNFRSF1A,49.86160859654836,34.40937596381207,46.32041680234451,26.904492649326617,27.54802995766851,12.737740310475994,1.4490283003296942,2.162539567198317,22.313578638879846,55.248979591836736,0.7135112668686228,1.4924067160774424,0.3119204613026148
TGFB1,TM9SF3,53.80983393031586,34.67667317775265,41.76164115923152,21.846406908604916,26.335070009768806,9.098385936054282,1.5517140857316054,2.8941590338994176,27.474763920547055,48.940998487140696,1.3424449481678122,1.865136793248141,0.3118272398440941
TYROBP,TIMP1,72.33800065125367,18.926698879407834,52.92250081406708,28.82697645728385,43.495604037772715,10.753572530070937,3.8218063966535802,4.044382416516728,28.84239661348095,60.128291694800815,0.22257601986314812,1.0582384340708724,0.3117702594671614
EMB,VDAC2,59.703679583197655,16.82944381618176,61.11201563008792,67.31777526472705,39.2787365678932,12.264829855042665,3.5473621631887737,3.2022893707224487,20.424943015304457,65.78947368421053,-0.34507279246632505,0.9027241153871546,0.3116937287977364
CD63,TFPI,69.96906545099316,68.3149994859669,55.356561380657766,54.394983036907576,43.16183653533051,39.71419759432507,1.0241973472900125,1.0867838799698666,26.807228915662648,61.68702734147761,0.06258653267985403,1.0611078839888188,0.31156446334138066
TIMP1,ITGB2,52.92250081406708,28.82697645728385,40.752197981113646,22.617456564202733,27.01074568544448,9.118947260203557,1.8358035255261687,2.961721698031136,25.911755128622598,51.038301799723115,1.1259181725049672,1.6133108237616345,0.31148741762386395
ANXA1,IL3RA,83.14881146206447,62.16716356533361,33.46629762292413,11.833042047907885,30.503093454900682,7.823583838799219,1.337482188526961,3.8983662368913623,52.645718007163794,36.68494223614647,2.560884048364401,2.9147051604364442,0.31146891359895235
S100A10,CD82,43.70726147834581,28.48771460882081,55.96711169000326,64.53171584250026,27.906219472484533,20.252904287036085,1.5341956307433038,1.377819262745626,15.80104200586128,63.848016390389276,-0.15637636799767773,0.8980727327961984,0.3114212635520625
TYROBP,GALNT1,72.33800065125367,18.926698879407834,38.26115271898404,25.588567903773004,27.368935200260502,4.369281381720983,3.8218063966535802,6.262510994082223,44.96906545099316,37.834796308800364,2.4407045974286423,1.6386259124914733,0.3112092114154339
CAPNS1,MYH9,43.14555519374797,22.524930605530997,50.46401823510257,48.26770844042356,26.22110061869098,12.727459648401357,1.9153728185220478,2.0600372191920524,16.924454575056988,60.77358490566037,0.14466440067000463,1.0755280639210656,0.3111011445618021
TYROBP,MYADM,72.33800065125367,18.926698879407834,66.15923152067731,71.18330420479079,49.86974926733963,15.832219594941915,3.8218063966535802,3.1496910005133154,22.468251383914037,68.93990546927752,-0.6721153961402648,0.8241367232184296,0.3110937575393743
S100A10,MYH9,43.70726147834581,28.48771460882081,50.46401823510257,48.26770844042356,26.595571475089546,15.924745553613652,1.5341956307433038,1.6699734015940524,17.111690003256268,60.84932017135407,0.1357777708507486,1.0885009500287557,0.3110354893993078
EMP3,GLIPR1,70.35981764897427,68.28415749974299,57.123086942364054,46.80785442582502,42.225659394334095,33.79253623933381,1.030382300124871,1.24951881612158,28.134158254640177,60.01388406803194,0.2191365159967089,1.212674961487743,0.31102624613999513
CYBA,IL3RA,80.75545424943016,58.918474349748124,33.46629762292413,11.833042047907885,30.250732660371213,7.874987149172407,1.3706071742945782,3.8408814142808625,50.504721589058946,37.45967741935484,2.470274239986284,2.802321107255024,0.31081209909608837
CD63,SYPL1,69.96906545099316,68.3149994859669,56.56952132855747,59.62784003289812,43.73982416151091,44.340495527912,1.0241973472900125,0.9864309636100942,26.229241289482246,62.513089005235614,-0.03776638367991836,0.9631258723918327,0.31067712584218216
TGFB1,TM9SF2,53.80983393031586,34.67667317775265,46.48323021816998,27.75778760152154,28.085314229892543,11.031150406086152,1.5517140857316054,2.545769700021367,25.72451970042332,52.193645990922846,0.9940556142897616,1.640617768073609,0.3106710106691023
TGFB1,STT3B,53.80983393031586,34.67667317775265,47.818300227938785,31.09900277577876,29.26571149462716,12.58353037935643,1.5517140857316054,2.3255306803211675,24.544122435688703,54.387291981845685,0.7738165945895621,1.4986850359257526,0.31062728963870656
TGFB1,ATP8B4,53.80983393031586,34.67667317775265,54.233148811462065,49.43970391693225,32.912732009117555,20.00616839724478,1.5517140857316054,1.6450469829428744,20.897101921198306,61.16490166414523,0.09333289721126903,1.060148256737171,0.3104911531812896
EMB,SSR3,59.703679583197655,16.82944381618176,50.569846955389124,39.26184846304102,33.20579615760339,7.916109797470957,3.5473621631887737,4.194181589879005,26.497883425594267,55.6176711208072,0.646819426690231,1.182338142240542,0.3104293269385475
CYBA,GLIPR1,80.75545424943016,58.918474349748124,57.123086942364054,46.80785442582502,48.2985998046239,30.32795312018094,1.3706071742945782,1.5924914919824886,32.45685444480626,59.80846774193548,0.2218843176879104,1.1618876085353262,0.3101365545940729
VDAC1,TMEM219,49.86160859654836,34.40937596381207,51.367632692933896,46.09848874267503,30.38912406382286,19.666906548781743,1.4490283003296942,1.5451122867830183,19.4724845327255,60.946938775510205,0.09608398645332406,1.0663092545752642,0.3095388932002172
CD63,GLS,69.96906545099316,68.3149994859669,49.40573103223706,31.427983962167165,38.14718332790622,21.69219697748535,1.0241973472900125,1.7584860068111636,31.821882123086937,54.52006980802793,0.7342886595211511,1.7169405988641262,0.30931478201619717
PLP2,GLS,58.83262780853142,35.468284157499745,49.40573103223706,31.427983962167165,31.268316509280364,12.357355813714403,1.6586922799819646,2.530135641068132,27.564311299251056,53.14791753147917,0.8714433610861674,1.5253797654955281,0.3093117557117043
CAPNS1,RNF130,43.14555519374797,22.524930605530997,54.892543145555194,57.66423357664234,27.189840442852493,15.12285391179192,1.9153728185220478,1.7978116293263613,15.955714750895474,63.0188679245283,-0.11756118919568648,0.9386222942819039,0.30921628016285724
IL2RG,TFPI,44.51318788668186,16.305130050375244,55.356561380657766,54.394983036907576,27.580592640833604,10.147013467667318,2.729843791823401,2.717831694716251,16.93259524584826,61.96049743964886,-0.012012097107149788,0.9955997126490793,0.3092018823428868
EMP3,IL3RA,70.35981764897427,68.28415749974299,33.46629762292413,11.833042047907885,28.55747313578639,9.06754394983037,1.030382300124871,3.149069276586631,41.80234451318788,40.58775888001851,2.1186869764617597,3.0562144518641268,0.30887314322318055
TGFB1,CCT4,53.80983393031586,34.67667317775265,56.8951481602084,69.02436516911689,34.76880494952784,27.44936773928241,1.5517140857316054,1.266606162793677,19.04102898078802,64.6142208774584,-0.2851079229379283,0.816262592729185,0.3088157082403955
ANXA1,IL18,83.14881146206447,62.16716356533361,50.18723542819929,32.8878379767657,45.29469228264409,21.94921352935129,1.337482188526961,2.0635194378440618,37.85411917942038,54.474251028000786,0.7260372493171008,1.542838817253128,0.30867311760585897
CTSC,LAMP2,60.485183979159885,40.74226380178884,51.212959947899705,32.795312018093966,34.15011396939108,16.993934409375964,1.4845443966740897,2.009428994945149,26.335070009768806,56.460296096904436,0.5248845982710595,1.3535661172862117,0.30854571039807516
SLC9A3R1,TFPI,41.6151090849886,35.416880847126556,55.356561380657766,54.394983036907576,25.667535004884403,21.815564922381,1.1749745634023394,1.1765158766379762,15.9475740801042,61.67840375586855,0.0015413132356367765,1.0013117843429509,0.3084690844411246
EMP3,TFPI,70.35981764897427,68.28415749974299,55.356561380657766,54.394983036907576,42.90133507000977,38.99455124910044,1.030382300124871,1.1001597283741291,27.4584825789645,60.974198773573995,0.06977742824925803,1.0677199406868711,0.3083598652803329
ANXA1,GLIPR1,83.14881146206447,62.16716356533361,57.123086942364054,46.80785442582502,49.19407359166395,31.00647681710702,1.337482188526961,1.5865229499913152,33.95473787040052,59.16389269629919,0.24904076146435417,1.186201179799363,0.3082715015547137
TIMP1,TGOLN2,52.92250081406708,28.82697645728385,50.903614457831324,41.09180631232651,29.90068381634647,12.717178986326719,1.8358035255261687,2.3510192652967548,23.02181699772061,56.4990001538225,0.5152157397705861,1.2806486274847508,0.3082557877576418
IL2RG,NKTR,44.51318788668186,16.305130050375244,57.26961901660697,56.35858949316336,27.8248127645718,10.527397964428909,2.729843791823401,2.642834442484061,16.688375122110063,62.50914411119239,-0.08700934933933979,0.9681266196989162,0.308195253088995
TIMP1,ATP8B4,52.92250081406708,28.82697645728385,54.233148811462065,49.43970391693225,30.958971019211983,14.403207566567287,1.8358035255261687,2.1493005343153295,21.963529794855095,58.4986925088448,0.31349700878916087,1.1707682790833012,0.308168312983682
EMB,ATRX,59.703679583197655,16.82944381618176,61.282969716704656,60.52225763339159,38.46466948876587,11.771358075460059,3.5473621631887737,3.2673716890201447,21.239010094431784,64.4259612762476,-0.279990474168629,0.921070795343619,0.3081302826728066
CD63,APLP2,69.96906545099316,68.3149994859669,55.503093454900686,60.08018916418217,43.43047867144253,44.463863472807645,1.0241973472900125,0.9767370296324492,26.538586779550627,62.070971495055275,-0.04746031765756331,0.9536609640874959,0.30798184159239816
TAGLN2,SCN9A,88.04135460761967,83.7051506116994,33.86519049169652,10.064768171070217,31.496255291436015,8.666598128919503,1.0517907461308387,3.633792755844152,56.54509931618365,35.77438742487286,2.582002009713313,3.4548628319954076,0.30797203761003
TAGLN2,GNPTAB,88.04135460761967,83.7051506116994,49.0882448713774,23.511874164696206,44.58645392380332,20.766937390767964,1.0517907461308387,2.146888883805258,43.45490068381635,50.64262598243181,1.0950981376744193,2.0411749121228655,0.30796803679588003
HCST,TM9SF3,65.81732334744383,32.03454302457078,41.76164115923152,21.846406908604916,29.672745034190818,8.008635756142695,2.0545093709497273,3.704631014142485,36.144578313253014,45.083487940630796,1.6501216431927577,1.803170657931808,0.30792352186279187
TGFB1,TFPI,53.80983393031586,34.67667317775265,55.356561380657766,54.394983036907576,33.00227938782156,20.951989308111443,1.5517140857316054,1.5750630567565613,20.8075545424943,61.33131618759455,0.023348971024955922,1.0150472121376326,0.30782402948922055
VDAC1,GLIPR1,49.86160859654836,34.40937596381207,57.123086942364054,46.80785442582502,30.356561380657766,20.01644905931942,1.4490283003296942,1.5165049897566651,19.505047215890592,60.881632653061224,0.06747668942697094,1.046566854085333,0.30778199773665466
PLP2,LAMP1,58.83262780853142,35.468284157499745,38.43210680560078,21.91837154312738,26.896776294366656,8.296494294232549,1.6586922799819646,3.2415540572365518,31.935851514164764,45.717448457174484,1.5828617772545872,1.9542829591464657,0.3077303311486018
CTSC,SYPL1,60.485183979159885,40.74226380178884,56.56952132855747,59.62784003289812,38.220449365027676,28.98118638840341,1.4845443966740897,1.3187565925088645,22.26473461413221,63.18977119784657,-0.1657878041652252,0.8883241184725433,0.3076594657809716
CTSC,GLS,60.485183979159885,40.74226380178884,49.40573103223706,31.427983962167165,32.51383914034516,14.382646242418012,1.4845443966740897,2.260472664049565,27.971344838814723,53.755047106325705,0.7759282673754755,1.5226709750909655,0.3075716489004023
SLC9A3R1,ATP8B4,41.6151090849886,35.416880847126556,54.233148811462065,49.43970391693225,25.398892868772386,20.818340701141153,1.1749745634023394,1.2199662435698655,16.216216216216218,61.03286384976525,0.04499168016752608,1.0382916205753807,0.3074139032572026
TYROBP,LAIR1,72.33800065125367,18.926698879407834,37.91924454575057,31.62331654158528,30.275154672745035,5.2328569959905415,3.8218063966535802,5.784482590169674,42.06284597850863,41.85235201440468,1.9626761935160935,1.5135467341398132,0.3073955697478281
PLP2,TFPI,58.83262780853142,35.468284157499745,55.356561380657766,54.394983036907576,36.128296971670466,21.702477639559987,1.6586922799819646,1.6646317042674146,22.704330836860954,61.40860661408607,0.005939424285450023,1.0035807873209095,0.3073400042847029
VIM,ICAM3,89.62064474112667,80.15832219594942,58.36046890263758,65.49809807751619,55.682188212308695,52.96597100853295,1.118031468904503,1.0512624594549371,33.93845652881797,62.13098374057589,-0.06676900944956587,0.94027984783381,0.3073164682304012
IL2RG,RNF130,44.51318788668186,16.305130050375244,54.892543145555194,57.66423357664234,28.134158254640184,11.010589081936876,2.729843791823401,2.554958965985275,16.37902963204168,63.2040965618142,-0.17488482583812592,0.935935958547536,0.30727624151716465
CD63,TSPAN2,69.96906545099316,68.3149994859669,34.08498860306089,9.499331756965148,25.928036470205146,7.484321990336178,1.0241973472900125,3.46385052021532,44.04102898078801,37.056428155904605,2.4396531729253077,3.3820147351294527,0.3072647994257884
VDAC1,SLC38A1,49.86160859654836,34.40937596381207,45.888961250407036,26.524108152565024,25.879192445457505,10.763853192145573,1.4490283003296942,2.4040450885423965,23.982416151090852,51.90204081632652,0.9550167882127023,1.65907393802827,0.30726104349226774
CD63,LAMP2,69.96906545099316,68.3149994859669,51.212959947899705,32.795312018093966,38.9124063822859,24.200678523696926,1.0241973472900125,1.6078391564529317,31.056659068707255,55.61372891215824,0.5836418091629192,1.5698528810948529,0.3072507350189371
S100A10,TMED2,43.70726147834581,28.48771460882081,53.32953435363074,51.78369486994963,26.001302507326603,15.050889277269457,1.5341956307433038,1.7274444442394588,17.70595897101921,59.48966287949339,0.19324881349615497,1.12596099846962,0.3071107550722747
CD63,GLIPR1,69.96906545099316,68.3149994859669,57.123086942364054,46.80785442582502,41.69651579290134,34.63555052945409,1.0241973472900125,1.2038299182663592,28.27254965809182,59.592786503781284,0.17963257097634666,1.1753886313527835,0.30694556106772375
CYBA,IL18,80.75545424943016,58.918474349748124,50.18723542819929,32.8878379767657,44.138717030283296,21.681916315410714,1.3706071742945782,2.035644854604385,36.61673721914686,54.65725806451612,0.6650376803098068,1.48521392035766,0.30653817433807096
TYROBP,TFPI,72.33800065125367,18.926698879407834,55.356561380657766,54.394983036907576,40.02767828069033,9.057263287755731,3.8218063966535802,4.41891309725968,32.310322370563334,55.334233625928434,0.5971067006060999,1.15623677356575,0.3065265031599472
TIMP1,ACTN4,52.92250081406708,28.82697645728385,46.92282644089873,37.51413591035263,29.159882774340605,11.874164696206435,1.8358035255261687,2.455535019540052,23.762618039726473,55.09921550530687,0.6197314940138834,1.3375805119647861,0.30648265222722854
CD99,GNPTAB,89.77531748616086,78.35920633288784,49.0882448713774,23.511874164696206,45.72614783458157,20.96226997018608,1.145674848082707,2.181250725655549,44.04916965157929,50.933986216902426,1.0355758775728419,1.9039003337691174,0.30644872496315423
PLP2,TM9SF3,58.83262780853142,35.468284157499745,41.76164115923152,21.846406908604916,27.80039075219798,9.077824611905006,1.6586922799819646,3.0621134277385975,31.03223705633344,47.253355472533556,1.403421147756633,1.8461009704415414,0.3064378347504994
HCST,STT3B,65.81732334744383,32.03454302457078,47.818300227938785,31.09900277577876,33.64539238033214,10.95918577156369,2.0545093709497273,3.0697830384978917,32.17193096711169,51.11935683364255,1.0152736675481644,1.494168428678833,0.30636046754562096
S100A10,ITM2C,43.70726147834581,28.48771460882081,50.10582872028655,50.580857407217025,26.335070009768806,16.19204276755423,1.5341956307433038,1.6263200429838924,17.372191468577007,60.25330601601788,0.09212441224058865,1.0600473697060102,0.30587275069211883
ANXA1,IL1RAP,83.14881146206447,62.16716356533361,31.773038098339303,10.157294129741956,28.728427222403127,7.186182790171687,1.337482188526961,3.997174979560644,54.420384239661345,34.550616800469946,2.6596927910336827,2.9885818397050516,0.30573772355403384
CD63,CCT4,69.96906545099316,68.3149994859669,56.8951481602084,69.02436516911689,44.00032562683165,52.040711421815566,1.0241973472900125,0.8454819110423604,25.968739824161503,62.885398487492736,-0.17871543624765218,0.8255068354545865,0.3054912206250811
EMP3,RNF130,70.35981764897427,68.28415749974299,54.892543145555194,57.66423357664234,43.11299251058287,42.59278297522361,1.030382300124871,1.0121897962353164,27.2468251383914,61.27502024759921,-0.018192503889554734,0.9823439281834034,0.3054654760435183
CD63,IL18,69.96906545099316,68.3149994859669,50.18723542819929,32.8878379767657,39.09150113969391,25.280148041533874,1.0241973472900125,1.5462708052447338,30.877564311299246,55.86969168121001,0.5220734579547213,1.5097391233594852,0.3054521313037861
IL2RG,TGOLN2,44.51318788668186,16.305130050375244,50.903614457831324,41.09180631232651,25.765223054379682,8.450704225352112,2.729843791823401,3.0485239860965745,18.74796483230218,57.882223847842,0.3186801942731736,1.1167393516170063,0.3053451289528686
TIMP1,SSR3,52.92250081406708,28.82697645728385,50.569846955389124,39.26184846304102,30.030934549006837,13.241492752133237,1.8358035255261687,2.2677705105157897,22.89156626506024,56.74511613597908,0.43196698498962105,1.2353013157362867,0.30532392992937646
CAPNS1,PA2G4,43.14555519374797,22.524930605530997,53.66330185607294,60.162434460779274,27.16541843047867,15.76025496041945,1.9153728185220478,1.7235568169348188,15.980136763269297,62.96226415094339,-0.191816001587229,0.899854482776236,0.3052205206753555
ANXA1,ICAM3,83.14881146206447,62.16716356533361,58.36046890263758,65.49809807751619,51.4571800716379,41.0609643261026,1.337482188526961,1.25315924155453,31.691631390426572,61.885647150969255,-0.08432294697243092,0.9369539664185732,0.30521208840622477
VIM,GLIPR1,89.62064474112667,80.15832219594942,57.123086942364054,46.80785442582502,52.36079452946923,37.99732702786059,1.118031468904503,1.377976311722303,37.25985021165744,58.42492506131347,0.25994484281779995,1.2325022595942718,0.30512186744745734
EMP3,PHB2,70.35981764897427,68.28415749974299,56.29273852165419,56.47167677598437,42.9827417779225,42.31520509920839,1.030382300124871,1.0157513339665372,27.377075871051773,61.08989934050677,-0.014630966158333925,0.9858004488658619,0.30471794839461713
HCST,RNF130,65.81732334744383,32.03454302457078,54.892543145555194,57.66423357664234,41.102246825138394,21.599671018813613,2.0545093709497273,1.902822684968417,24.715076522305438,62.44897959183674,-0.1516866859813102,0.926168900407015,0.3046605636601181
IL2RG,SSR3,44.51318788668186,16.305130050375244,50.569846955389124,39.26184846304102,25.301204819277107,8.060039066515884,2.729843791823401,3.1387026672992806,19.211983067404756,56.83979517190929,0.40885887547587974,1.1497737257716063,0.3046419196333404
VIM,SYPL1,89.62064474112667,80.15832219594942,56.56952132855747,59.62784003289812,54.078476066427875,46.06764675645112,1.118031468904503,1.1738672584050913,35.54216867469879,60.341538741030064,0.05583578950058832,1.049941160918573,0.3044994831801798
CAPNS1,LY6E,43.14555519374797,22.524930605530997,53.264408987300556,55.30996196155032,26.579290133507,14.413488228641924,1.9153728185220478,1.8439288105070102,16.566265060240966,61.60377358490566,-0.07144400801503759,0.9626996857613519,0.30444666752377636
TGFB1,S100A10,53.80983393031586,34.67667317775265,43.70726147834581,28.48771460882081,28.22370563334419,11.791919399609334,1.5517140857316054,2.393275547552641,25.586128296971673,52.450832072617246,0.8415614618210356,1.542343122073455,0.304332233454138
CYBA,SYPL1,80.75545424943016,58.918474349748124,56.56952132855747,59.62784003289812,49.430153044610876,37.02066413077002,1.3706071742945782,1.33516831847458,31.325301204819283,61.20967741935483,-0.03543885581999828,0.9741436813664441,0.3042764443057743
PLP2,CCT4,58.83262780853142,35.468284157499745,56.8951481602084,69.02436516911689,37.84597850862911,28.919502415955588,1.6586922799819646,1.3086210593543939,20.98664929990231,64.32821364328214,-0.3500712206275707,0.7889474588792461,0.3041375071850322
EMP3,ATP8B4,70.35981764897427,68.28415749974299,54.233148811462065,49.43970391693225,41.81862585477043,35.756142695589595,1.030382300124871,1.1695181074948833,28.54119179420384,59.43538123336805,0.1391358073700122,1.1350331885098865,0.30413369653534084
TAGLN2,ICAM3,88.04135460761967,83.7051506116994,58.36046890263758,65.49809807751619,54.67274503419082,59.17549090161406,1.0517907461308387,0.9238929886040201,33.36860957342885,62.09893666204346,-0.12789775752681853,0.8783999973404324,0.3040997954338764
EMP3,GLS,70.35981764897427,68.28415749974299,49.40573103223706,31.427983962167165,37.756431129925105,21.640793667112163,1.030382300124871,1.744607295988662,32.60338651904917,53.661922943422425,0.714224995863791,1.6931650473588635,0.3040208645103017
CAPNS1,CD82,43.14555519374797,22.524930605530997,55.96711169000326,64.53171584250026,27.31195050472159,16.438778657345534,1.9153728185220478,1.6613332255856261,15.833604689026377,63.301886792452834,-0.25403959293642164,0.8673680703412898,0.3038074543154431
CAPNS1,TMEM219,43.14555519374797,22.524930605530997,51.367632692933896,46.09848874267503,25.88733311624878,13.035879510640486,1.9153728185220478,1.9857001129081515,17.258222077499187,60.0,0.07032729438610374,1.036717287468019,0.30351636471930515
TGFB1,TGOLN2,53.80983393031586,34.67667317775265,50.903614457831324,41.09180631232651,31.17876913057636,17.076179705973065,1.5517140857316054,1.8257563407657411,22.6310647997395,57.94251134644478,0.2740422550341357,1.176606152869283,0.30341466948393064
CD99,ICAM3,89.77531748616086,78.35920633288784,58.36046890263758,65.49809807751619,55.828720286551615,56.4511154518351,1.145674848082707,0.9889570982363741,33.94659719960924,62.18715995647444,-0.1567177498463329,0.8632092254546734,0.3030999122900555
CD63,RNF130,69.96906545099316,68.3149994859669,54.892543145555194,57.66423357664234,42.75480299576685,43.83674308625476,1.0241973472900125,0.9752966276489846,27.214262455226304,61.10529377545085,-0.048900719641027934,0.9522545925641993,0.30308143289520284
TYROBP,CTSA,72.33800065125367,18.926698879407834,36.144578313253014,24.046468592577362,29.306414848583522,5.02724375449779,3.8218063966535802,5.8283600158343125,43.03158580267014,40.51316677920324,2.0065536191807323,1.52502754219515,0.3028935148550528
SLC9A3R1,LY6E,41.6151090849886,35.416880847126556,53.264408987300556,55.30996196155032,25.757082383588408,24.69415030327953,1.1749745634023394,1.0430016447467358,15.858026701400195,61.893583724569645,-0.13197291865560357,0.8876801909026409,0.30286927269006797
VDAC1,SSR3,49.86160859654836,34.40937596381207,50.569846955389124,39.26184846304102,29.241289482253336,17.816387375346974,1.4490283003296942,1.6411659502174287,20.62031911429502,58.64489795918367,0.19213764988773452,1.132597582700088,0.30283137229030505
HCST,NKTR,65.81732334744383,32.03454302457078,57.26961901660697,56.35858949316336,39.685770107456854,19.080908810527397,2.0545093709497273,2.079758922522594,26.131553239986978,60.29684601113172,0.02524955157286657,1.012289820591665,0.30274670763430195
SLC9A3R1,RALY,41.6151090849886,35.416880847126556,48.38000651253663,49.645317158425,25.488440247476394,23.06980569548679,1.1749745634023394,1.1047919428519375,16.12666883751221,61.24804381846636,-0.07018262055040192,0.9402688170991752,0.3027310880648117
CTSC,CAPNS1,60.485183979159885,40.74226380178884,43.14555519374797,22.524930605530997,29.159882774340605,10.733011205921661,1.4845443966740897,2.7165876963361,31.32530120481928,48.20995962314939,1.2320432996620103,1.8299134080612394,0.30265196309884745
CAPNS1,TMED2,43.14555519374797,22.524930605530997,53.32953435363074,51.78369486994963,25.976880494952784,13.354580034954251,1.9153728185220478,1.945020764876257,17.168674698795183,60.20754716981131,0.029647946354209198,1.0154789428290447,0.302520133166767
TAGLN2,GLIPR1,88.04135460761967,83.7051506116994,57.123086942364054,46.80785442582502,51.693259524584825,42.058188547342446,1.0517907461308387,1.2290598394783134,36.34809508303484,58.71474803513639,0.17726909334747476,1.1685402671582577,0.3024371948430557
S100A10,SLC38A2,43.70726147834581,28.48771460882081,49.299902311950504,50.395805489873545,25.683816346466948,15.061169939344094,1.5341956307433038,1.7051869982808991,18.023445131878866,58.763270627677414,0.17099136753759536,1.111453431434133,0.3023659215152668
VIM,SCN9A,89.62064474112667,80.15832219594942,33.86519049169652,10.064768171070217,32.741777922500816,9.32456050169631,1.118031468904503,3.5109715835895465,56.87886681862585,36.533745117631035,2.3929401146850435,3.140315528890929,0.30231573132240736
TGFB1,SLC38A1,53.80983393031586,34.67667317775265,45.888961250407036,26.524108152565024,27.759687398241613,11.38069291662383,1.5517140857316054,2.4389770134894846,26.050146532074248,51.58850226928895,0.8872629277578792,1.5717953686935506,0.3023056577343387
EMB,TMEM219,59.703679583197655,16.82944381618176,51.367632692933896,46.09848874267503,33.759361771409964,8.574072170247764,3.5473621631887737,3.9369186755701135,25.94431781178769,56.54485955822198,0.3895565123813398,1.1098158277786787,0.3022021234101768
ANXA1,LAMP2,83.14881146206447,62.16716356533361,51.212959947899705,32.795312018093966,44.19570172582221,21.4043384393955,1.337482188526961,2.0647046460373706,38.95310973624226,53.152535735265324,0.7272224575104096,1.5437249660209216,0.3021238015518471
ANXA1,SYPL1,83.14881146206447,62.16716356533361,56.56952132855747,59.62784003289812,50.3337675024422,37.9459237174874,1.337482188526961,1.3264255062458847,32.81504395962227,60.53456040728412,-0.011056682281076258,0.9917332115702763,0.3021199679223668
TYROBP,TMED2,72.33800065125367,18.926698879407834,53.32953435363074,51.78369486994963,42.34776945620319,10.56852061272746,3.8218063966535802,4.006593203972699,29.990231195050477,58.541525995948675,0.18478680731911856,1.048350645778635,0.30194697034569934
IL2RG,PHB2,44.51318788668186,16.305130050375244,56.29273852165419,56.47167677598437,28.313253012048193,11.771358075460059,2.729843791823401,2.4050621660131353,16.19993487463367,63.606437454279444,-0.3247816258102656,0.8810255638864495,0.301793105980884
VDAC1,PA2G4,49.86160859654836,34.40937596381207,53.66330185607294,60.162434460779274,31.30901986323673,25.98951372468387,1.4490283003296942,1.2046325899861585,18.552588733311627,62.791836734693874,-0.2443957103435357,0.8313382076195966,0.3017393981562926
EMP3,TNFRSF1A,70.35981764897427,68.28415749974299,46.32041680234451,26.904492649326617,36.49462715727776,19.430451321065078,1.030382300124871,1.878121533707314,33.86519049169651,51.86856415596437,0.847739233582443,1.8227424262622778,0.301729782458944
TIMP1,M6PR,52.92250081406708,28.82697645728385,47.199609247802016,39.405777732085944,28.565613806577662,11.55546417189267,1.8358035255261687,2.471829911094624,24.356887007489416,53.97631133671743,0.6360263855684551,1.3464566750879077,0.30168287596200993
TYROBP,SSR3,72.33800065125367,18.926698879407834,50.569846955389124,39.26184846304102,38.570498209052424,8.532949521949213,3.8218063966535802,4.519653896457857,33.76750244220124,53.319828944406936,0.697847499804277,1.182596245695575,0.30149151971224847
PLP2,LY6E,58.83262780853142,35.468284157499745,53.264408987300556,55.30996196155032,36.57603386519049,24.879202220623007,1.6586922799819646,1.4700858755429607,22.25659394334093,62.169641621696414,-0.1886064044390039,0.8862921069114431,0.3014178878865319
EMP3,CAPNS1,70.35981764897427,68.28415749974299,43.14555519374797,22.524930605530997,35.15141647671768,17.045337719749153,1.030382300124871,2.062109589439423,35.20840117225659,49.95950480157352,1.031727289314552,2.0013053302541377,0.30138388847359526
TGFB1,CTSD,53.80983393031586,34.67667317775265,50.37447085639857,48.1957438059011,32.07424291761641,19.821116479901306,1.5517140857316054,1.6181038462839314,21.73559101269945,59.606656580937965,0.06638976055232604,1.0427847895194071,0.3013527709323061
SLC9A3R1,ITM2C,41.6151090849886,35.416880847126556,50.10582872028655,50.580857407217025,25.138391403451646,21.651074329186798,1.1749745634023394,1.1610153845428715,16.476717681536957,60.40688575899844,-0.013959178859467958,0.9881195905900747,0.3013364698520188
EMP3,VDAC1,70.35981764897427,68.28415749974299,49.86160859654836,34.40937596381207,38.993813090198636,25.742777834892568,1.030382300124871,1.514688844049425,31.366004558775636,55.42057156080066,0.48430654392455397,1.4700260707757318,0.301318185000231
TIMP1,PHB2,52.92250081406708,28.82697645728385,56.29273852165419,56.47167677598437,32.456854444806254,18.793050272437544,1.8358035255261687,1.7269749720956065,20.465646369260824,61.3290263036456,-0.10882855343056219,0.9407188449540806,0.30120370384669987
TAGLN2,PHB2,88.04135460761967,83.7051506116994,56.29273852165419,56.47167677598437,53.36209703679583,52.647270484219185,1.0517907461308387,1.013558404597367,34.679257570823836,60.61026352288488,-0.03823234153347177,0.9636502396754156,0.3011397005377508
TIMP1,BSG,52.92250081406708,28.82697645728385,49.763920547053075,53.81926596072787,31.984695538912405,17.662177444227407,1.8358035255261687,1.8108121055742146,20.937805275154673,60.436855868327946,-0.024991419951954086,0.9863866587004232,0.300934708344042
VDAC1,TFPI,49.86160859654836,34.40937596381207,55.356561380657766,54.394983036907576,30.649625529143602,23.213734964531717,1.4490283003296942,1.3202660110473443,19.211983067404756,61.46938775510205,-0.1287622892823499,0.9111388719923187,0.3009088243113927
ANXA1,PHB2,83.14881146206447,62.16716356533361,56.29273852165419,56.47167677598437,49.576685118853796,35.601932764470035,1.337482188526961,1.3924887999206874,33.57212634321068,59.62404542784414,0.05500661139372642,1.0411269861128454,0.300870557708907
TIMP1,CCT4,52.92250081406708,28.82697645728385,56.8951481602084,69.02436516911689,33.39303158580267,21.640793667112163,1.8358035255261687,1.542988169069748,19.52946922826441,63.09798492539609,-0.29281535645642065,0.8404974430079627,0.3008491568041594
ANXA1,NKTR,83.14881146206447,62.16716356533361,57.26961901660697,56.35858949316336,49.69879518072289,36.085123881978,1.337482188526961,1.3772273060765965,33.45001628134158,59.77090268259252,0.0397451175496355,1.0297163714706428,0.30084176929044437
TYROBP,YWHAQ,72.33800065125367,18.926698879407834,62.86225985021166,68.02714094787704,48.29045913383263,15.266783180836846,3.8218063966535802,3.16289919511326,24.04754151742104,66.75669592617601,-0.6589072015403201,0.8275927315111338,0.300838119553864
ANXA1,VDAC1,83.14881146206447,62.16716356533361,49.86160859654836,34.40937596381207,44.53760989905568,22.339878688187518,1.337482188526961,1.993547815225568,38.61120156300879,53.5637360485608,0.6560656266986069,1.4905228886981787,0.3006219615777343
SLC9A3R1,PA2G4,41.6151090849886,35.416880847126556,53.66330185607294,60.162434460779274,25.81406707912732,26.277372262773724,1.1749745634023394,0.9823312806819414,15.801042005861284,62.03051643192487,-0.192643282720398,0.8360447206937259,0.30052041802360446
EMB,SYPL1,59.703679583197655,16.82944381618176,56.56952132855747,59.62784003289812,36.43764246173885,10.547959288578184,3.5473621631887737,3.454145709064539,23.266037121458808,61.03081538041996,-0.09321645412423463,0.9737223182082877,0.3004932541958881
IL2RG,ATP8B4,44.51318788668186,16.305130050375244,54.233148811462065,49.43970391693225,26.668837512211006,9.7049449984579,2.729843791823401,2.747680675755756,17.844350374470856,59.91221653255303,0.017836883932355274,1.0065340309895319,0.3004529268593829
TIMP1,TMED2,52.92250081406708,28.82697645728385,53.32953435363074,51.78369486994963,31.439270595897103,16.510743291867996,1.8358035255261687,1.904055195151979,21.483230218169975,59.406245193047226,0.06825166962581042,1.037178090507397,0.30044380944652666
TGFB1,ACTN4,53.80983393031586,34.67667317775265,46.92282644089873,37.51413591035263,30.657766199934876,16.469620643569446,1.5517140857316054,1.8613607139269797,23.152067730380985,56.97428139183056,0.30964662819537425,1.1995513419918344,0.30035373836892154
HCST,TMEM219,65.81732334744383,32.03454302457078,51.367632692933896,46.09848874267503,38.95310973624227,18.186491210033925,2.0545093709497273,2.1417527731780885,26.864213611201563,59.183673469387756,0.08724340222836124,1.0424643486478875,0.3002805374583568
CTSC,NKTR,60.485183979159885,40.74226380178884,57.26961901660697,56.35858949316336,36.89352002605015,26.575511462938213,1.4845443966740897,1.3882002563616873,23.591663953109737,60.99596231493943,-0.09634414031240235,0.9351018800594663,0.30016260455907706
EMP3,CD82,70.35981764897427,68.28415749974299,55.96711169000326,64.53171584250026,43.13741452295669,47.81535930913951,1.030382300124871,0.9021476152976687,27.222403126017582,61.30973041767904,-0.12823468482720235,0.8755464987979106,0.3001369178470351
EMP3,CCT4,70.35981764897427,68.28415749974299,56.8951481602084,69.02436516911689,43.4386193422338,50.65282204173949,1.030382300124871,0.8575585729037336,26.92119830674047,61.73782251533033,-0.17282372722113748,0.8322722282785786,0.3000479262155948
CYBA,NKTR,80.75545424943016,58.918474349748124,57.26961901660697,56.35858949316336,48.22533376750244,34.4710599362599,1.3706071742945782,1.3989687258804044,32.53012048192772,59.71774193548387,0.028361551585826206,1.0206926916170735,0.30000678725671065
TGFB1,APLP2,53.80983393031586,34.67667317775265,55.503093454900686,60.08018916418217,33.14881146206447,23.861416675233887,1.5517140857316054,1.3891640529631966,20.66102246825139,61.603630862329794,-0.16255003276840885,0.8952448558255051,0.2998906526732285
CD99,SYPL1,89.77531748616086,78.35920633288784,56.56952132855747,59.62784003289812,54.20058612829697,49.24437133751414,1.145674848082707,1.1006229551366598,35.57473135786389,60.37359448676097,-0.04505189294604728,0.9606765453379361,0.29961537778650243
CD63,RNASET2,69.96906545099316,68.3149994859669,51.25366330185607,43.18906137555258,40.10094431781179,31.284054693122236,1.0241973472900125,1.2817923673512917,29.86812113318137,57.31239092495638,0.2575950200612791,1.2515091654385415,0.2994417056278458
CD99,GLIPR1,89.77531748616086,78.35920633288784,57.123086942364054,46.80785442582502,52.53988928687724,40.9787190295055,1.145674848082707,1.2820949125846468,37.23542819928362,58.523757707653246,0.13642006450193978,1.119073980484288,0.29943979176336327
EMP3,APLP2,70.35981764897427,68.28415749974299,55.503093454900686,60.08018916418217,42.526864213611205,43.631129844762,1.030382300124871,0.9746685381831417,27.832953435363066,60.44197616568322,-0.05571376194172939,0.9459290382463116,0.29942419273132964
VIM,ATP8B4,89.62064474112667,80.15832219594942,54.233148811462065,49.43970391693225,51.970042331488116,39.7758815667729,1.118031468904503,1.3065388809891174,37.65060240963855,57.98891815787084,0.1885074120846144,1.1686065350819888,0.2993699613935849
IL2RG,TMEM219,44.51318788668186,16.305130050375244,51.367632692933896,46.09848874267503,26.538586779550634,9.632980363935438,2.729843791823401,2.7546855792749136,17.974601107131228,59.61960497439649,0.024841787451512776,1.0091000765413467,0.2993401142445581
EMP3,LAMP2,70.35981764897427,68.28415749974299,51.212959947899705,32.795312018093966,37.99251058287203,23.542716150920118,1.030382300124871,1.6137006723718605,32.36730706610224,53.997454587527486,0.5833183722469895,1.5661183933150808,0.2991531915499869
HCST,TFPI,65.81732334744383,32.03454302457078,55.356561380657766,54.394983036907576,38.871703028329534,18.237894520407114,2.0545093709497273,2.1312532393252677,26.945620319114298,59.0599876314162,0.07674386837554037,1.037353866310215,0.29913713157585803
HCST,TMED2,65.81732334744383,32.03454302457078,53.32953435363074,51.78369486994963,39.06707912732009,18.618279017168707,2.0545093709497273,2.0982057947193664,26.75024422012374,59.356833642547926,0.043696423769639114,1.0212685443967773,0.29896898940122163
CTSC,RNASET2,60.485183979159885,40.74226380178884,51.25366330185607,43.18906137555258,35.54216867469879,22.401562660635346,1.4845443966740897,1.5865224533955529,24.943015304461092,58.76177658142664,0.1019780567214632,1.0686931673784432,0.2989077857432064
EMP3,TMED2,70.35981764897427,68.28415749974299,53.32953435363074,51.78369486994963,41.69651579290134,38.55248277989102,1.030382300124871,1.081523971023694,28.663301856072934,59.26183038296888,0.05114167089882282,1.0496336853735018,0.2988662354597856
TYROBP,TGOLN2,72.33800065125367,18.926698879407834,50.903614457831324,41.09180631232651,38.244871377401495,8.481546211576026,3.8218063966535802,4.508654644900041,34.09312927385217,52.86968264686023,0.6868482482464606,1.179718221427405,0.2986908256466242
EMP3,TMEM219,70.35981764897427,68.28415749974299,51.367632692933896,46.09848874267503,40.98013676326929,34.74863781227511,1.030382300124871,1.1792968025926673,29.37968088570498,58.243665393960434,0.14891450246779625,1.144523544755912,0.29866405209319197
VDAC1,ATP8B4,49.86160859654836,34.40937596381207,54.233148811462065,49.43970391693225,29.96580918267665,21.229567184126658,1.4490283003296942,1.4114464735111278,19.895799413871707,60.09795918367347,-0.037581826818566366,0.9740641181334999,0.298610704577439
S100A10,ITGA4,43.70726147834581,28.48771460882081,52.76782806903289,56.01932764470032,25.805926408336045,16.10979747095713,1.5341956307433038,1.6017783387108109,17.901335070009768,59.04265226299125,0.0675827079675071,1.044050906294632,0.2985923967133316
TAGLN2,SYPL1,88.04135460761967,83.7051506116994,56.56952132855747,59.62784003289812,53.0364702051449,53.13046160172715,1.0517907461308387,0.9982121441097499,35.004884402474765,60.24040684234859,-0.05357860202108877,0.949059637367808,0.2985231041106885
VIM,NKTR,89.62064474112667,80.15832219594942,57.26961901660697,56.35858949316336,53.109736242266365,45.7078235838388,1.118031468904503,1.161914310589352,36.5109084988603,59.26060495957854,0.043882841684848906,1.039250095283854,0.29849716688213507
IL2RG,CTSD,44.51318788668186,16.305130050375244,50.37447085639857,48.1957438059011,26.538586779550634,9.694664336383264,2.729843791823401,2.7371602253147125,17.974601107131228,59.61960497439649,0.007316433491311614,1.0026801656245776,0.298463846546548
PLP2,SSR3,58.83262780853142,35.468284157499745,50.569846955389124,39.26184846304102,33.64539238033214,17.631335458003495,1.6586922799819646,1.908164262214065,25.18723542819928,57.188321571883215,0.24947198223210054,1.1504028114454197,0.29841520697102114
TAGLN2,IL18,88.04135460761967,83.7051506116994,50.18723542819929,32.8878379767657,47.76945620319114,29.998971933792536,1.0517907461308387,1.5923166964493962,40.271898404428526,54.25797503467407,0.5405259503185575,1.513910159703305,0.2983161726892982
EMB,ICAM3,59.703679583197655,16.82944381618176,58.36046890263758,65.49809807751619,37.552914360143276,11.64799013056441,3.5473621631887737,3.2237055692589713,22.15076522305438,62.898827379329155,-0.3236565939298024,0.9087613333399083,0.29831130720015564
VIM,IL18,89.62064474112667,80.15832219594942,50.18723542819929,32.8878379767657,48.160208401172255,28.199856070730956,1.118031468904503,1.7077569659722729,41.46043633995441,53.73785084930511,0.5897254970677699,1.5274677086196948,0.29817552909991407
CD63,PHB2,69.96906545099316,68.3149994859669,56.29273852165419,56.47167677598437,42.11983067404754,43.5488845481649,1.0241973472900125,0.9671628549890698,27.849234776945615,60.1977894124491,-0.05703449230094271,0.9443129857230603,0.2981372224471984
TGFB1,LY6E,53.80983393031586,34.67667317775265,53.264408987300556,55.30996196155032,32.57082383588408,22.38100133648607,1.5517140857316054,1.4552239250736114,21.239010094431784,60.529500756429655,-0.09649016065799398,0.9378170491940204,0.29782299574924853
CTSC,LY6E,60.485183979159885,40.74226380178884,53.264408987300556,55.30996196155032,36.85281667209378,27.336280456461395,1.4845443966740897,1.3480791087023913,23.632367307066104,60.928667563930006,-0.13646528797169832,0.908075980565196,0.2978200734210651
CD63,SCN9A,69.96906545099316,68.3149994859669,33.86519049169652,10.064768171070217,25.895473787040054,7.895548473321682,1.0241973472900125,3.279340825238691,44.0735916639531,37.00988947062246,2.2551434779486783,3.201864205092605,0.29780662125054624
CD63,CAPNS1,69.96906545099316,68.3149994859669,43.14555519374797,22.524930605530997,35.06186909801367,17.806106713272335,1.0241973472900125,1.9689818038705122,34.90719635297948,50.110529377545085,0.9447844565804997,1.922463291943065,0.29779186971675037
CYBA,LAMP2,80.75545424943016,58.918474349748124,51.212959947899705,32.795312018093966,43.047867144252685,21.568829032589697,1.3706071742945782,1.9957444761945944,37.707587105177474,53.30645161290322,0.6251373019000162,1.456102458548534,0.2977891231595169
TGFB1,SSR3,53.80983393031586,34.67667317775265,50.569846955389124,39.26184846304102,30.323998697492673,16.212604091703504,1.5517140857316054,1.870281186464239,23.485835232823188,56.35400907715582,0.3185671007326336,1.2053001282014109,0.2976984004224108
TIMP1,TMEM219,52.92250081406708,28.82697645728385,51.367632692933896,46.09848874267503,31.064799739498536,16.181762105479592,1.8358035255261687,1.9196228392296382,21.857701074568542,58.69866174434703,0.08381931370346951,1.0456581069477169,0.2976842744069086
CYBA,RNASET2,80.75545424943016,58.918474349748124,51.25366330185607,43.18906137555258,46.02735265385868,28.364346663925158,1.3706071742945782,1.6226613832432348,34.72810159557148,56.99596774193548,0.2520542089486566,1.1838996713835117,0.29758254915711024
PLP2,CD82,58.83262780853142,35.468284157499745,55.96711169000326,64.53171584250026,36.942364050797785,27.778348925670812,1.6586922799819646,1.3298498877581488,21.890263757733635,62.79230662792307,-0.3288423922238157,0.8017459921936869,0.29751941352842454
CD63,TM9SF3,69.96906545099316,68.3149994859669,41.76164115923152,21.846406908604916,33.64539238033214,15.534080394777424,1.0241973472900125,2.165768797156855,36.323673070661016,48.08609656777196,1.1415714498668426,2.114601060906277,0.29750905533220195
VDAC1,CD82,49.86160859654836,34.40937596381207,55.96711169000326,64.53171584250026,31.064799739498536,26.575511462938213,1.4490283003296942,1.1688817692577667,18.79680885704982,62.30204081632653,-0.28014653107192755,0.8066659353663511,0.2975028775280363
VDAC1,STT3B,49.86160859654836,34.40937596381207,47.818300227938785,31.09900277577876,26.970042331488116,13.57047393852164,1.4490283003296942,1.987259633969131,22.89156626506024,54.089795918367344,0.5382313336394369,1.3714429411192137,0.29736054627380865
CD63,VDAC1,69.96906545099316,68.3149994859669,49.86160859654836,34.40937596381207,38.717030283295344,26.93533463555053,1.0241973472900125,1.4373533298846337,31.252035167697812,55.334496800465395,0.41315598259462116,1.4033948961963398,0.297330283132058
PLP2,CTSD,58.83262780853142,35.468284157499745,50.37447085639857,48.1957438059011,35.06186909801367,21.35293512902231,1.6586922799819646,1.6419394779541499,23.770758710517747,59.59595959595959,-0.016752802027814706,0.9898999939711561,0.2971421578784072
TYROBP,ITGB1,72.33800065125367,18.926698879407834,43.53630739172908,31.82892978307803,31.577661999348745,5.849696720468798,3.8218063966535802,5.397248141212577,40.76033865190492,43.65293720459149,1.5754417445589968,1.412224372730778,0.29703677325090727
ANXA1,TNFRSF1A,83.14881146206447,62.16716356533361,46.32041680234451,26.904492649326617,40.784760664278735,17.189266988794078,1.337482188526961,2.3725495765054343,42.36405079778574,49.05032308596044,1.0350673879784733,1.7738924651538328,0.2970049848287259
CAPNS1,CTSD,43.14555519374797,22.524930605530997,50.37447085639857,48.1957438059011,25.317486160859655,12.748020972550632,1.9153728185220478,1.9858376745453352,17.828069032888312,58.679245283018865,0.07046485602328745,1.0367891072390074,0.2969194692162587
CTSC,TMEM219,60.485183979159885,40.74226380178884,51.367632692933896,46.09848874267503,35.65613806577662,23.347383571502004,1.4845443966740897,1.5271351850368309,24.82904591338327,58.95020188425302,0.042590788362741216,1.028689467595688,0.2968805488394021
PLP2,M6PR,58.83262780853142,35.468284157499745,47.199609247802016,39.405777732085944,32.82318463041354,16.28456872622597,1.6586922799819646,2.015476719431708,26.009443178117877,55.79078455790785,0.3567844394497435,1.2150998372366109,0.2967931447620264
PLP2,CREG1,58.83262780853142,35.468284157499745,51.30250732660371,51.09489051094891,35.52588733311625,22.833350467770124,1.6586922799819646,1.5558089722438035,23.306740475415168,60.38466860384669,-0.10288330773816101,0.9379732401363322,0.2967791776323254
EMP3,LY6E,70.35981764897427,68.28415749974299,53.264408987300556,55.30996196155032,42.01400195376099,42.30492443713375,1.030382300124871,0.9930997256942925,28.345815695213282,59.713062594006715,-0.037282574430578586,0.9638167557555479,0.2967011842485046
CTSC,RNF130,60.485183979159885,40.74226380178884,54.892543145555194,57.66423357664234,37.398241615109086,30.41019841677804,1.4845443966740897,1.2297523136896917,23.0869423640508,61.83041722745626,-0.2547920829843979,0.8283701830977751,0.2964124819880614
CYBA,TNFRSF1A,80.75545424943016,58.918474349748124,46.32041680234451,26.904492649326617,40.288179746011075,17.456564202734658,1.3706071742945782,2.307777836480767,40.467274503419084,49.88911290322581,0.9371706621861888,1.683763137799516,0.29630409762543847
CYBA,GLS,80.75545424943016,58.918474349748124,49.40573103223706,31.427983962167165,41.900032562683165,19.88280045234913,1.3706071742945782,2.1072446720180684,38.85542168674699,51.88508064516129,0.7366374977234902,1.5374534086344773,0.29625727811198094
CD99,NKTR,89.77531748616086,78.35920633288784,57.26961901660697,56.35858949316336,53.32953435363074,47.270484219183714,1.145674848082707,1.128154430403701,36.44578313253012,59.40333696046428,-0.01752041767900603,0.9847073384666456,0.29614066391837107
CD63,TGOLN2,69.96906545099316,68.3149994859669,50.903614457831324,41.09180631232651,39.43340931292739,30.081217230389637,1.0241973472900125,1.3108544829299016,30.535656138065768,56.35834787667249,0.28665713563988904,1.2798846691005137,0.2961245961653569
VDAC1,TM9SF2,49.86160859654836,34.40937596381207,46.48323021816998,27.75778760152154,26.090849886030608,12.20314588259484,1.4490283003296942,2.1378677489623046,23.77075871051775,52.326530612244895,0.6888394486326104,1.475380258947241,0.29607462549285496
TGFB1,PA2G4,53.80983393031586,34.67667317775265,53.66330185607294,60.162434460779274,32.85574731357864,24.077310578801274,1.5517140857316054,1.3645370677503048,20.95408661673722,61.059001512859304,-0.1871770179813006,0.8793740292090924,0.2959361566652315
CTSC,TM9SF2,60.485183979159885,40.74226380178884,46.48323021816998,27.75778760152154,31.64278736567893,14.577978821836126,1.4845443966740897,2.1704392161051054,28.842396613480954,52.31493943472408,0.6858948194310157,1.4620237838407968,0.29586943814517125
VIM,PHB2,89.62064474112667,80.15832219594942,56.29273852165419,56.47167677598437,52.77596873982416,46.0368047702272,1.118031468904503,1.146361539244255,36.84467600130251,58.88818239622127,0.02833007033975199,1.0253392423448608,0.2958574154980939
TAGLN2,NKTR,88.04135460761967,83.7051506116994,57.26961901660697,56.35858949316336,51.98632367307066,48.89482882697646,1.0517907461308387,1.0632056950508044,36.05503093454901,59.04761904761905,0.01141494891996575,1.0108528706512747,0.29580884268409346
HCST,ATP8B4,65.81732334744383,32.03454302457078,54.233148811462065,49.43970391693225,38.0006512536633,17.31263493368973,2.0545093709497273,2.1948395815900996,27.816672093780532,57.736549165120586,0.14033021064037232,1.0683035145152453,0.29569925635762156
EMB,TMED2,59.703679583197655,16.82944381618176,53.32953435363074,51.78369486994963,34.394334093129274,9.293718515472396,3.5473621631887737,3.700416966460572,25.30934549006838,57.60839923643305,0.15305480327179843,1.0431460889051756,0.29569473634575516
TYROBP,NKTR,72.33800065125367,18.926698879407834,57.26961901660697,56.35858949316336,41.54184304786715,10.404030019533257,3.8218063966535802,3.9924770010159576,30.79615760338652,57.427413909520595,0.17067060436237735,1.0446570513126512,0.29567059976572185
CD63,LY6E,69.96906545099316,68.3149994859669,53.264408987300556,55.30996196155032,41.82676652556171,43.68253315513519,1.0241973472900125,0.957495044574818,28.142298925431447,59.778941244909845,-0.0667023027151945,0.9348735837954606,0.29555959108878943
S100A10,LY6E,43.70726147834581,28.48771460882081,53.264408987300556,55.30996196155032,25.976880494952784,17.40516089236147,1.5341956307433038,1.4923957474363283,17.73038098339303,59.433786552430625,-0.04179988330697548,0.9727545285168595,0.29507893859680434
HCST,PHB2,65.81732334744383,32.03454302457078,56.29273852165419,56.47167677598437,40.42657114946272,22.288475377814333,2.0545093709497273,1.813706714232539,25.390752197981115,61.42238713667285,-0.24080265671718837,0.8827931086019463,0.29507180284750484
IL2RG,APLP2,44.51318788668186,16.305130050375244,55.503093454900686,60.08018916418217,27.56431129925106,11.319008944176005,2.729843791823401,2.435007908137081,16.948876587430803,61.9239209948793,-0.2948358836863201,0.8919953278757448,0.2948778107900805
VDAC1,LY6E,49.86160859654836,34.40937596381207,53.264408987300556,55.30996196155032,30.242591989579942,23.62496144751722,1.4490283003296942,1.2800576203749814,19.619016606968415,60.65306122448979,-0.16897067995471282,0.8833903520612625,0.2948167721247133
CTSC,APLP2,60.485183979159885,40.74226380178884,55.503093454900686,60.08018916418217,37.300553565613804,30.852266885987458,1.4845443966740897,1.208966094366963,23.18463041354608,61.66890982503364,-0.27557830230712677,0.8143684332213165,0.29456563400981184
CYBA,IL1RAP,80.75545424943016,58.918474349748124,31.773038098339303,10.157294129741956,26.440898730055356,6.631027038141256,1.3706071742945782,3.9868502613140566,54.31455551937481,32.74193548387097,2.6162430870194786,2.908820511147552,0.29452183177032876
PLP2,TGOLN2,58.83262780853142,35.468284157499745,50.903614457831324,41.09180631232651,33.18137414522957,17.38459956821219,1.6586922799819646,1.9085550667978313,25.65125366330185,56.39961256399613,0.2498627868158667,1.1506384215031034,0.29449120216077396
VDAC1,CREG1,49.86160859654836,34.40937596381207,51.30250732660371,51.09489051094891,29.925105828720287,22.38100133648607,1.4490283003296942,1.3370165330093966,19.93650276782807,60.01632653061224,-0.1120117673202976,0.9226987027825393,0.2944810442870463
CD63,IL3RA,69.96906545099316,68.3149994859669,33.46629762292413,11.833042047907885,27.450341908173232,9.180631232651383,1.0241973472900125,2.989702070646807,42.51872354281993,39.232111692844676,1.9655047233567944,2.9190683597818774,0.2944357946320631
TYROBP,ICAM3,72.33800065125367,18.926698879407834,58.36046890263758,65.49809807751619,46.45066753500488,14.13591035262671,3.8218063966535802,3.2857722356833166,25.887333116248783,64.21336934503714,-0.5360341609702637,0.8597432456443577,0.2942651386766725
ANXA1,ATP8B4,83.14881146206447,62.16716356533361,54.233148811462065,49.43970391693225,47.834581569521326,32.54857612830266,1.337482188526961,1.4695915357228868,35.314229892543146,57.528881926767184,0.13210934719592582,1.0987746590789556,0.29424987699363214
CTSC,SSR3,60.485183979159885,40.74226380178884,50.569846955389124,39.26184846304102,34.63855421686747,21.08563791508173,1.4845443966740897,1.6426779060920396,25.846629762292416,57.267833109017495,0.1581335094179499,1.1065198924142825,0.29424584101598494
ANXA1,TFPI,83.14881146206447,62.16716356533361,55.356561380657766,54.394983036907576,48.632367307066104,35.4580034954251,1.337482188526961,1.3715097017134343,34.51644415499837,58.488349324456635,0.034027513186473346,1.0254414701581556,0.29414312228160683
CD99,IL18,89.77531748616086,78.35920633288784,50.18723542819929,32.8878379767657,48.24161510908499,29.155957643672252,1.145674848082707,1.654548999886981,41.53370237707587,53.73594486760972,0.5088741518042739,1.444169785743204,0.2941234319282623
EMB,CD44,59.703679583197655,16.82944381618176,64.75903614457832,80.45646139611391,39.824161510908496,14.4340495527912,3.5473621631887737,2.7588517355112225,19.87951807228916,66.70302699754568,-0.7885104276775512,0.7777192202532971,0.2940896136038508
CTSC,PHB2,60.485183979159885,40.74226380178884,56.29273852165419,56.47167677598437,37.07261478345816,29.998971933792536,1.4845443966740897,1.2357549822137954,23.412569195701728,61.29205921938089,-0.24878941446029423,0.8324136246664825,0.2940208253738897
TYROBP,CTSD,72.33800065125367,18.926698879407834,50.37447085639857,48.1957438059011,41.12666883751221,10.239539426339057,3.8218063966535802,4.016064693987981,31.211331813741452,56.853477380148554,0.1942582973344007,1.0508289215027993,0.29398030176746276
CYBA,VDAC1,80.75545424943016,58.918474349748124,49.86160859654836,34.40937596381207,43.56887007489417,23.522154826770844,1.3706071742945782,1.8521695068431054,37.18658417453599,53.9516129032258,0.4815623325485272,1.3513496365553295,0.2938361811435554
EMP3,BSG,70.35981764897427,68.28415749974299,49.763920547053075,53.81926596072787,41.31390426571149,40.05345944278812,1.030382300124871,1.03144331094325,29.04591338326278,58.71803771838482,0.001061010818378838,1.001029725392459,0.293643239132843
TIMP1,TMED9,52.92250081406708,28.82697645728385,46.1738847281016,40.8964737329084,29.01335070009769,13.035879510640486,1.8358035255261687,2.2254827680517772,23.90915011396939,54.82233502538071,0.3896792425256086,1.2122663112404257,0.29359563725318405
EMB,TGOLN2,59.703679583197655,16.82944381618176,50.903614457831324,41.09180631232651,32.408010420058616,8.12172303896371,3.5473621631887737,3.989796311483397,27.29566916313904,54.281428961003556,0.44243414829462324,1.1247220125663495,0.29352885221974895
TAGLN2,CCT4,88.04135460761967,83.7051506116994,56.8951481602084,69.02436516911689,53.4923477694562,63.267194407319835,1.0517907461308387,0.8454856072716909,34.549006838163464,60.7582061950994,-0.2063051388591478,0.8038534379408923,0.2934757740325396
VDAC1,TGOLN2,49.86160859654836,34.40937596381207,50.903614457831324,41.09180631232651,28.524910452621295,17.857510023645524,1.4490283003296942,1.5972726960341563,21.336698143927062,57.20816326530612,0.14824439570446213,1.1023060734360621,0.29345303611175366
TYROBP,SERINC3,72.33800065125367,18.926698879407834,45.35981764897428,40.783386450087384,34.45131878866819,6.990850210753573,3.8218063966535802,4.927353668944671,37.886681862585476,47.62547828044114,1.105547272291091,1.2892734894313647,0.2934047550167603
HCST,CTSD,65.81732334744383,32.03454302457078,50.37447085639857,48.1957438059011,37.94366655812439,17.600493471779583,2.0545093709497273,2.1557072198992286,27.87365678931944,57.64996907854051,0.10119784894950135,1.0492564552785277,0.2933097378401776
VIM,LAMP2,89.62064474112667,80.15832219594942,51.212959947899705,32.795312018093966,46.703028329534355,26.349336897296187,1.118031468904503,1.7723882814692422,42.91761641159231,52.11190843855028,0.6543568125647392,1.5852758448793103,0.29327738282098836
PLP2,ITGB2,58.83262780853142,35.468284157499745,40.752197981113646,22.617456564202733,28.695864539238034,10.846098488742674,1.6586922799819646,2.645487599197071,30.136763269293386,48.77542548775426,0.9867953192151067,1.5949236824239854,0.2932168933995266
CAPNS1,BSG,43.14555519374797,22.524930605530997,49.763920547053075,53.81926596072787,25.781504395962227,14.290120283746273,1.9153728185220478,1.8040226297223403,17.36405079778574,59.75471698113207,-0.11135018879970748,0.9418650052235636,0.293206075465675
CD63,CD82,69.96906545099316,68.3149994859669,55.96711169000326,64.53171584250026,42.11169000325627,48.442479695692406,1.0241973472900125,0.8692953162693812,27.857375447736885,60.186154741128576,-0.15490203102063138,0.8487576330572459,0.2931856721546113
TGFB1,MYH9,53.80983393031586,34.67667317775265,50.46401823510257,48.26770844042356,31.569521328557475,20.396833556081013,1.5517140857316054,1.5476899172532932,22.240312601758387,58.66868381240544,-0.004024168478312218,0.9974066301805755,0.2931422106381116
ANXA1,GLS,83.14881146206447,62.16716356533361,49.40573103223706,31.427983962167165,42.67339628785412,20.633288783797678,1.337482188526961,2.0680817611393443,40.475415174210355,51.32171529273546,0.7305995726123833,1.5462499455166807,0.2931385550942965
ANXA1,RNF130,83.14881146206447,62.16716356533361,54.892543145555194,57.66423357664234,48.72191468577011,36.35242109591858,1.337482188526961,1.340229150847103,34.42689677629436,58.59604464460545,0.0027469623201419324,1.0020538309546891,0.2931175713390343
CTSC,ATP8B4,60.485183979159885,40.74226380178884,54.233148811462065,49.43970391693225,35.827092152393355,25.16706075871286,1.4845443966740897,1.4235142109624188,24.65809182676653,59.23283983849259,-0.06103018571167085,0.9588896190316704,0.2931126899068794
PLP2,APLP2,58.83262780853142,35.468284157499745,55.503093454900686,60.08018916418217,35.818951481602085,25.0950961241904,1.6586922799819646,1.4272718475554376,23.013676326929335,60.88280060882801,-0.231420432426527,0.860480189593067,0.2928429814228137
VDAC1,RNASET2,49.86160859654836,34.40937596381207,51.25366330185607,43.18906137555258,28.801693259524583,18.844453582810733,1.4490283003296942,1.528309898881665,21.059915337023774,57.76326530612245,0.07928159855197081,1.0547136301850917,0.29278040645821074
IL2RG,CD82,44.51318788668186,16.305130050375244,55.96711169000326,64.53171584250026,28.23184630413546,12.593811041431069,2.729843791823401,2.2415458406851694,16.281341582546403,63.423555230431596,-0.4882979511382315,0.8211260466255205,0.2927028785952464
VIM,RNF130,89.62064474112667,80.15832219594942,54.892543145555194,57.66423357664234,52.28752849234777,45.96484013570474,1.118031468904503,1.1375301384240892,37.3331162487789,58.34317376691798,0.01949866951958623,1.0174401795136339,0.2926908023105692
ANXA1,CAPNS1,83.14881146206447,62.16716356533361,43.14555519374797,22.524930605530997,39.11592315206773,15.729412974195538,1.337482188526961,2.4866431171409307,44.03288830999674,47.04327393773252,1.1491609286139697,1.859197182939386,0.29267441611936107
ANXA1,CCT4,83.14881146206447,62.16716356533361,56.8951481602084,69.02436516911689,50.244220123738195,43.7956204379562,1.337482188526961,1.1472168313743725,32.90459133832628,60.426865087135305,-0.19026535715258852,0.8577436329360485,0.29262105757804713
VDAC1,APLP2,49.86160859654836,34.40937596381207,55.503093454900686,60.08018916418217,30.486812113318138,25.68109386244474,1.4490283003296942,1.1870843661193606,19.37479648323022,61.142857142857146,-0.2619439342103336,0.819227868668449,0.29261708900376904
TGFB1,CREG1,53.80983393031586,34.67667317775265,51.30250732660371,51.09489051094891,31.610224682513838,20.6949727562455,1.5517140857316054,1.5273611467706778,22.199609247802023,58.74432677760968,-0.024352938960927606,0.9843057821122726,0.292503986940002
EMP3,TGOLN2,70.35981764897427,68.28415749974299,50.903614457831324,41.09180631232651,39.07521979811136,29.46437750591138,1.030382300124871,1.3261401382104148,31.28459785086291,55.53627212773342,0.2957578380855437,1.2870369939872812,0.2924692525429443
CYBA,PHB2,80.75545424943016,58.918474349748124,56.29273852165419,56.47167677598437,47.92412894822533,37.2879613447106,1.3706071742945782,1.2852095424487686,32.83132530120483,59.34475806451612,-0.08539763184580962,0.9376935759221005,0.29245390873029015
HCST,M6PR,65.81732334744383,32.03454302457078,47.199609247802016,39.405777732085944,34.78508629111039,13.292896062506426,2.0545093709497273,2.6166209008671926,31.032237056333443,52.85095856524428,0.5621115299174653,1.27359891264824,0.29236036932209464
ANXA1,TM9SF2,83.14881146206447,62.16716356533361,46.48323021816998,27.75778760152154,40.53239986974927,17.579932147630306,1.337482188526961,2.305475018582137,42.6164115923152,48.74681809281379,0.9679928300551761,1.723742595122913,0.2921337319668278
VIM,TNFRSF1A,89.62064474112667,80.15832219594942,46.32041680234451,26.904492649326617,44.02474763920547,21.496864398067235,1.118031468904503,2.0478660960929456,45.595897101921196,49.1234444545372,0.9298346271884426,1.8316712481264377,0.29210895363210815
EMP3,TM9SF2,70.35981764897427,68.28415749974299,46.48323021816998,27.75778760152154,35.68056007815044,19.810835817826668,1.030382300124871,1.8009719243708406,34.67925757082383,50.71155848663659,0.7705896242459696,1.7478676838223857,0.2920872736454815
EMP3,STT3B,70.35981764897427,68.28415749974299,47.818300227938785,31.09900277577876,36.331813741452294,21.30153181864912,1.030382300124871,1.7055162292796537,34.02800390752198,51.63716302209881,0.6751339291547827,1.6552266368249569,0.2919425115682332
VDAC1,M6PR,49.86160859654836,34.40937596381207,47.199609247802016,39.405777732085944,28.370237707587105,17.754703402899146,1.4490283003296942,1.5978098453117222,21.491370888961253,56.897959183673464,0.148781544982028,1.1026767696311908,0.29192887316746874
CYBA,TM9SF2,80.75545424943016,58.918474349748124,46.48323021816998,27.75778760152154,40.05210029306415,17.806106713272335,1.3706071742945782,2.249219984918254,40.70335395636601,49.596774193548384,0.8786128106236759,1.6410391154386588,0.2919145114989257
HCST,LY6E,65.81732334744383,32.03454302457078,53.264408987300556,55.30996196155032,40.06024096385542,22.20623008121723,2.0545093709497273,1.8039278567090713,25.75708238358841,60.86580086580086,-0.250581514240656,0.8780334040896485,0.2917999286169715
EMP3,CTSD,70.35981764897427,68.28415749974299,50.37447085639857,48.1957438059011,40.304461087593616,35.49912614372366,1.030382300124871,1.1353328978161774,30.055356561380655,57.28335068841838,0.10495059769130632,1.101855978774662,0.29166428332665717
HCST,SSR3,65.81732334744383,32.03454302457078,50.569846955389124,39.26184846304102,35.89221751872354,14.763030739179603,2.0545093709497273,2.431058167840009,29.92510582872029,54.53308596165739,0.37654879689028187,1.1832791819860216,0.29149286965280097
S100A10,BSG,43.70726147834581,28.48771460882081,49.763920547053075,53.81926596072787,25.40703353956366,16.428497995270895,1.5341956307433038,1.546427866930376,18.300227938782154,58.1300055876327,0.012232236187072143,1.0079730615457076,0.2912616397475171
CYBA,RNF130,80.75545424943016,58.918474349748124,54.892543145555194,57.66423357664234,47.81015955714751,37.51413591035263,1.3706071742945782,1.2744232000490736,32.94529469228265,59.20362903225806,-0.09618397424550462,0.9298238211141654,0.29120894644901507
TGFB1,BSG,53.80983393031586,34.67667317775265,49.763920547053075,53.81926596072787,31.927710843373493,22.134265446694766,1.5517140857316054,1.4423911436824866,21.882123086942368,59.33434190620272,-0.10932294204911885,0.9295469809455426,0.29120556242855766
VIM,VDAC1,89.62064474112667,80.15832219594942,49.86160859654836,34.40937596381207,46.89840442852491,27.459648401357047,1.118031468904503,1.7078403882920439,42.722240312601755,52.329911890271596,0.5898089193875409,1.5275423239790038,0.29114000542073504
CTSC,TMED2,60.485183979159885,40.74226380178884,53.32953435363074,51.78369486994963,35.93292087267991,26.297933586922998,1.4845443966740897,1.366326157443409,24.552263106479977,59.40780619111708,-0.11821823923068076,0.9203673265039888,0.29112811899405144
CD99,PHB2,89.77531748616086,78.35920633288784,56.29273852165419,56.47167677598437,53.25626831650928,51.403310373188035,1.145674848082707,1.0360272889544921,36.51904916965158,59.32172651432717,-0.10964755912821489,0.9042943472908472,0.29112625461522507
CD63,SSR3,69.96906545099316,68.3149994859669,50.569846955389124,39.26184846304102,38.879843699120805,30.142901202837464,1.0241973472900125,1.2898079594110738,31.08922175187235,55.56719022687609,0.2656106121210613,1.2593353837752626,0.2911164817404335
ANXA1,RNASET2,83.14881146206447,62.16716356533361,51.25366330185607,43.18906137555258,45.50634972321719,26.986737945923718,1.337482188526961,1.6861861418100275,37.64246173884728,54.72880360289798,0.34870395328306647,1.2607167080610713,0.2910792156786432
CD63,STT3B,69.96906545099316,68.3149994859669,47.818300227938785,31.09900277577876,36.21784435037447,21.712758301634626,1.0241973472900125,1.6679675552825863,33.751221100618686,51.762652705061086,0.6437702079925738,1.6285607062896281,0.2910017739249341
TGFB1,M6PR,53.80983393031586,34.67667317775265,47.199609247802016,39.405777732085944,29.697167046564637,16.02755217436003,1.5517140857316054,1.8527666581183495,24.112666883751224,55.18910741301058,0.3010525723867441,1.1940129145923188,0.29099816568439013
TIMP1,CD82,52.92250081406708,28.82697645728385,55.96711169000326,64.53171584250026,32.32660371214588,20.951989308111443,1.8358035255261687,1.5428158358116193,20.595897101921196,61.082910321489,-0.29298768971454936,0.8404035695319985,0.29076516712171757
IL2RG,CCT4,44.51318788668186,16.305130050375244,56.8951481602084,69.02436516911689,28.410941061543472,13.138686131386862,2.729843791823401,2.162223722656362,16.10224682513839,63.82589612289685,-0.567620069167039,0.7920686630981559,0.2907484771561324
TAGLN2,LAMP2,88.04135460761967,83.7051506116994,51.212959947899705,32.795312018093966,46.45880820579616,29.248483602343992,1.0517907461308387,1.5883633652278581,41.58254640182351,52.76930189551548,0.5365726190970195,1.5101514926527715,0.2906751404324285
CD63,TM9SF2,69.96906545099316,68.3149994859669,46.48323021816998,27.75778760152154,35.664278736567894,20.499640176827388,1.0241973472900125,1.7396665874307922,34.30478671442526,50.97149505526469,0.7154692401407796,1.698565800852623,0.2906309372833624
EMB,ATP8B4,59.703679583197655,16.82944381618176,54.233148811462065,49.43970391693225,35.06186909801367,10.075048833144855,3.5473621631887737,3.4797240147029385,24.64181048518398,58.72647941096264,-0.06763814848583527,0.9809328325177167,0.29025048963052136
CAPNS1,CREG1,43.14555519374797,22.524930605530997,51.30250732660371,51.09489051094891,25.390752197981115,13.837771152462219,1.9153728185220478,1.8347548288970403,17.754802995766852,58.84905660377358,-0.08061798962500744,0.9579100273088273,0.2902143835376176
ANXA1,SEMA4D,83.14881146206447,62.16716356533361,27.95506349723217,9.160069908502107,25.09768804949528,6.086151948185464,1.337482188526961,4.123059234126186,58.0511234125692,30.184061092617974,2.785577045599225,3.082702161938415,0.2901991577430511
CTSC,CCT4,60.485183979159885,40.74226380178884,56.8951481602084,69.02436516911689,37.455226310647994,34.28600801891642,1.4845443966740897,1.092402880122513,23.02995766851189,61.92462987886944,-0.3921415165515767,0.7358505967015107,0.2900160735667684
VIM,TFPI,89.62064474112667,80.15832219594942,55.356561380657766,54.394983036907576,51.367632692933896,43.42551660326925,1.118031468904503,1.1828632989887755,38.25301204819277,57.31674084839676,0.06483183008427251,1.057987482362905,0.2898252957461974
PLP2,ACTN4,58.83262780853142,35.468284157499745,46.92282644089873,37.51413591035263,32.48127645718007,16.79860182995785,1.6586922799819646,1.9334551369698485,26.351351351351347,55.209630552096314,0.27476285698788394,1.165650289872255,0.28978629560987573
TGFB1,ITGB2,53.80983393031586,34.67667317775265,40.752197981113646,22.617456564202733,25.675675675675677,9.972242212398479,1.5517140857316054,2.574456242901264,28.134158254640184,47.71558245083207,1.0227421571696587,1.6591047710232352,0.2897150201126433
PLP2,BSG,58.83262780853142,35.468284157499745,49.763920547053075,53.81926596072787,35.11885379355259,23.676364757890408,1.6586922799819646,1.4832247656213235,23.71377401497883,59.69281859692819,-0.175467514360641,0.8942133411493608,0.2896907172666089
CD63,PA2G4,69.96906545099316,68.3149994859669,53.66330185607294,60.162434460779274,41.37088896125041,45.7078235838388,1.0241973472900125,0.9050963406522204,28.598176489742748,59.127399650959866,-0.1191010066377921,0.883712834296116,0.28968194792290974
CTSC,VDAC1,60.485183979159885,40.74226380178884,49.86160859654836,34.40937596381207,33.68609573428851,19.718309859154928,1.4845443966740897,1.7082796494852648,26.799088244871378,55.693135935397045,0.22373525281117512,1.1507097081855027,0.28965244231754395
TAGLN2,VDAC1,88.04135460761967,83.7051506116994,49.86160859654836,34.40937596381207,47.32171930967112,32.209314279839624,1.0517907461308387,1.4691480157115293,40.71963529794855,53.74942209893666,0.41735726958069064,1.3968063715296968,0.2896149739737178
TIMP1,ITGB1,52.92250081406708,28.82697645728385,43.53630739172908,31.82892978307803,26.17225659394334,9.756348308831088,1.8358035255261687,2.68231242398671,26.750244220123736,49.45393016459006,0.8465088984605416,1.4611108360399947,0.2895950957459774
TAGLN2,TFPI,88.04135460761967,83.7051506116994,55.356561380657766,54.394983036907576,51.025724519700425,48.781741544155445,1.0517907461308387,1.0459790266915352,37.01563008791924,57.95654184003699,-0.0058117194393034755,0.9944744527742969,0.28949212322821977
CTSC,TM9SF3,60.485183979159885,40.74226380178884,41.76164115923152,21.846406908604916,27.678280690328883,10.26010075048833,1.4845443966740897,2.6973987843372127,32.806903288831,45.76043068640646,1.212854387663123,1.816987616120037,0.28944487281518844
VIM,RNASET2,89.62064474112667,80.15832219594942,51.25366330185607,43.18906137555258,48.640507977857375,32.90839930091498,1.118031468904503,1.4780126350256726,40.98013676326929,54.273776001453356,0.3599811661211696,1.3219776689057734,0.28936793831332525
TGFB1,RALY,53.80983393031586,34.67667317775265,48.38000651253663,49.645317158425,31.243894496906545,20.407114218155648,1.5517140857316054,1.5309545097072748,22.565939433409316,58.06354009077156,-0.02075957602433065,0.9866215198951791,0.2892797216526412
TIMP1,CREG1,52.92250081406708,28.82697645728385,51.30250732660371,51.09489051094891,30.885704982090523,17.30235427161509,1.8358035255261687,1.7849547837528994,22.036795831976555,58.36025226888171,-0.05084874177326926,0.9723016428140395,0.28925882425574506
CTSC,TNFRSF1A,60.485183979159885,40.74226380178884,46.32041680234451,26.904492649326617,30.82872028655161,14.21815564922381,1.4845443966740897,2.1681118799929924,29.656463692608273,50.96904441453567,0.6835674833189027,1.4604560731564098,0.2890235962386235
EMP3,SSR3,70.35981764897427,68.28415749974299,50.569846955389124,39.26184846304102,38.55421686746988,29.04287036085124,1.030382300124871,1.3274476296877364,31.80560078150439,54.79578849936365,0.29706532956286535,1.2883059322028962,0.2888322089749616
CD63,ATP8B4,69.96906545099316,68.3149994859669,54.233148811462065,49.43970391693225,39.79159882774341,35.74586203351496,1.0241973472900125,1.1131494224706004,30.17746662324975,56.87027341477604,0.0889520751805879,1.0868505229152874,0.2887989708329096
CYBA,TFPI,80.75545424943016,58.918474349748124,55.356561380657766,54.394983036907576,46.678606317160536,34.224324046468595,1.3706071742945782,1.3638616322166535,34.07684793226962,57.802419354838705,-0.006745542077924771,0.995078427864354,0.2886748196702973
CD99,LAMP2,89.77531748616086,78.35920633288784,51.212959947899705,32.795312018093966,47.12634321068056,28.282101367328057,1.145674848082707,1.6662367609062756,42.6489742754803,52.493652520856,0.5205619128235686,1.454371424575421,0.28849635824545844
CYBA,APLP2,80.75545424943016,58.918474349748124,55.503093454900686,60.08018916418217,47.65548681211332,38.511360131592475,1.3706071742945782,1.2374075919855285,33.09996743731684,59.012096774193544,-0.1331995823090497,0.9028170982852146,0.28840050475551526
EMB,NKTR,59.703679583197655,16.82944381618176,57.26961901660697,56.35858949316336,36.128296971670466,11.072273054384702,3.5473621631887737,3.262657463085378,23.57538261152719,60.51268066539406,-0.28470470010339577,0.9197418569048865,0.2883281683218005
VIM,TMED2,89.62064474112667,80.15832219594942,53.32953435363074,51.78369486994963,50.716379029632044,41.45162948493883,1.118031468904503,1.2234779713566557,38.904265711494624,56.59006267599237,0.1054465024521527,1.0943144315566304,0.2882226385025695
HCST,APLP2,65.81732334744383,32.03454302457078,55.503093454900686,60.08018916418217,39.42526864213611,21.599671018813613,2.0545093709497273,1.8251872179247461,26.39205470530772,59.90105132962276,-0.22932215302498116,0.8883810625215237,0.2880391489968647
PLP2,S100A10,58.83262780853142,35.468284157499745,43.70726147834581,28.48771460882081,31.284597850862912,14.886398684075255,1.6586922799819646,2.1014146604623014,27.548029957668508,53.17559153175592,0.44272238048033685,1.2669104967951925,0.2880140766827965
CYBA,CAPNS1,80.75545424943016,58.918474349748124,43.14555519374797,22.524930605530997,38.13090198632367,15.842500257016551,1.3706071742945782,2.406722085887352,42.62455226310649,47.217741935483865,1.036114911592774,1.7559532235237567,0.28789445525705804
CYBA,ATP8B4,80.75545424943016,58.918474349748124,54.233148811462065,49.43970391693225,45.70172582220775,31.129844762002673,1.3706071742945782,1.46805286434083,35.05372842722241,56.59274193548387,0.0974456900462517,1.071096731342009,0.28783599417973194
EMP3,ACTN4,70.35981764897427,68.28415749974299,46.92282644089873,37.51413591035263,38.14718332790622,27.953120180939653,1.030382300124871,1.3646354484058005,32.21263432106805,54.217285664699766,0.33425314828092945,1.3243972147429373,0.2877990857375453
EMB,CTSD,59.703679583197655,16.82944381618176,50.37447085639857,48.1957438059011,33.3848909150114,8.995579315307905,3.5473621631887737,3.71084272643561,26.318788668186258,55.91764385055904,0.16348056324683613,1.0460851065457273,0.287762247415137
EMB,PHB2,59.703679583197655,16.82944381618176,56.29273852165419,56.47167677598437,35.76196678606317,10.794695178369487,3.5473621631887737,3.312613610813753,23.941712797134485,59.899100081810744,-0.23474855237502057,0.9338244753211209,0.2877580727903027
CTSC,SLC38A1,60.485183979159885,40.74226380178884,45.888961250407036,26.524108152565024,29.208726799088243,12.131181248072377,1.4845443966740897,2.407541249330501,31.27645718007164,48.290713324360695,0.9229968526564112,1.6217374534060782,0.287603409254624
CD99,TFPI,89.77531748616086,78.35920633288784,55.356561380657766,54.394983036907576,52.07587105177467,47.57890408142284,1.145674848082707,1.094492980958052,37.69944643438619,58.006891548784914,-0.05118186712465511,0.9553260096350127,0.2874753643876918
TGFB1,ITM2C,53.80983393031586,34.67667317775265,50.10582872028655,50.580857407217025,30.85314229892543,19.697748535005655,1.5517140857316054,1.566248853022204,22.95669163139043,57.33736762481089,0.01453476729059866,1.0093669107113543,0.28741357648858434
CTSC,ITGB2,60.485183979159885,40.74226380178884,40.752197981113646,22.617456564202733,28.671442526864215,11.504060861519482,1.4845443966740897,2.49207221691112,31.81374145229567,47.402422611036336,1.0075278202370304,1.6786781335029475,0.28738850406703326
IL2RG,CREG1,44.51318788668186,16.305130050375244,51.30250732660371,51.09489051094891,26.286225985021165,10.218978102189782,2.729843791823401,2.5720432785848097,18.226961901660697,59.052670080468175,-0.15780051323859112,0.9421943066078561,0.28737332474041133
CYBA,LY6E,80.75545424943016,58.918474349748124,53.264408987300556,55.30996196155032,47.069358515141644,36.527192351187416,1.3706071742945782,1.2885761787117718,33.686095734288514,58.28629032258063,-0.08203099558280647,0.9401498860349786,0.28732990183376284
EMB,M6PR,59.703679583197655,16.82944381618176,47.199609247802016,39.405777732085944,30.942689677629435,7.5254446386347285,3.5473621631887737,4.11119607773297,28.76098990556822,51.82710662667031,0.5638339145441962,1.1589445589726193,0.2873272288605613
TYROBP,TMEM219,72.33800065125367,18.926698879407834,51.367632692933896,46.09848874267503,42.079127320091175,11.216202323429629,3.8218063966535802,3.751303231127385,30.25887333116249,58.17015530047265,-0.0705031655261954,0.9815523974244408,0.28732561822605346
CYBA,TMED2,80.75545424943016,58.918474349748124,53.32953435363074,51.78369486994963,46.31227613155324,33.5149583633186,1.3706071742945782,1.3817977582356564,34.44317811787692,57.34879032258065,0.011190583941078192,1.0081646909128705,0.28730348080995716
VDAC1,ITM2C,49.86160859654836,34.40937596381207,50.10582872028655,50.580857407217025,28.76098990556822,20.160378328364345,1.4490283003296942,1.4265388723500803,21.100618690980138,57.68163265306122,-0.022489427979613952,0.9844796488967834,0.28728369186632546
TYROBP,ACTN4,72.33800065125367,18.926698879407834,46.92282644089873,37.51413591035263,36.25040703353957,7.957232445769508,3.8218063966535802,4.555082712218315,36.0875936177141,50.11253657438668,0.7332763155647348,1.191866421126617,0.28722649865017014
ANXA1,TMED2,83.14881146206447,62.16716356533361,53.32953435363074,51.78369486994963,47.12634321068056,33.32990644597512,1.337482188526961,1.413893237109107,36.02246825138391,56.67710984922655,0.07641104858214609,1.057130516755742,0.2872061016752401
TYROBP,TMED9,72.33800065125367,18.926698879407834,46.1738847281016,40.8964737329084,35.65613806577662,7.68993523182893,3.8218063966535802,4.636125125357149,36.68186258547705,49.29101958136394,0.8143187287035691,1.2130716850064924,0.28717103434199814
ANXA1,APLP2,83.14881146206447,62.16716356533361,55.503093454900686,60.08018916418217,48.282318463041356,37.98704636578596,1.337482188526961,1.2709871415374223,34.866492999023116,58.06735852751126,-0.06649504698953868,0.9502834149419417,0.28701204028807936
TAGLN2,TMED2,88.04135460761967,83.7051506116994,53.32953435363074,51.78369486994963,50.44773689352002,47.66114937801994,1.0517907461308387,1.0584444376061792,37.59361771409964,57.300046232085066,0.006653691475340562,1.0063260601025605,0.28683291573419234
EMP3,TM9SF3,70.35981764897427,68.28415749974299,41.76164115923152,21.846406908604916,33.03484207098665,15.945306877762928,1.030382300124871,2.071629645924702,37.32497557798762,46.9512900613213,1.0412473457998308,2.010544674218145,0.28681881759659805
CD99,RNF130,89.77531748616086,78.35920633288784,54.892543145555194,57.66423357664234,52.58059264083361,51.38274904903876,1.145674848082707,1.0232922590107745,37.19472484532725,58.569096844396086,-0.12238258907193256,0.8931786018723021,0.2867263547683838
VIM,CCT4,89.62064474112667,80.15832219594942,56.8951481602084,69.02436516911689,52.88179746011071,55.638943147938726,1.118031468904503,0.9504286753044572,36.73884728101596,59.006267599236985,-0.16760279360004582,0.8500911662493091,0.28665119831618263
TAGLN2,RNF130,88.04135460761967,83.7051506116994,54.892543145555194,57.66423357664234,51.26180397264734,53.39775881566773,1.0517907461308387,0.9599811888812408,36.779550634972324,58.22468793342579,-0.09180955724959783,0.9127111950857789,0.28653296180464904
CYBA,TMEM219,80.75545424943016,58.918474349748124,51.367632692933896,46.09848874267503,45.32725496580918,30.482163051300503,1.3706071742945782,1.4869603554436712,35.42819928362098,56.12903225806451,0.11635318114909299,1.084891705903245,0.2864628203477772
ANXA1,SSR3,83.14881146206447,62.16716356533361,50.569846955389124,39.26184846304102,44.317811787691305,25.526883931325177,1.337482188526961,1.7360550489384305,38.83099967437317,53.29939299001371,0.39857286041146955,1.2980023688019642,0.286425607970642
TAGLN2,CD82,88.04135460761967,83.7051506116994,55.96711169000326,64.53171584250026,51.88863562357538,58.54837051506117,1.0517907461308387,0.8862372928540301,36.152718984044284,58.93666204345816,-0.1655534532768086,0.8425984884485622,0.28640563755345033
TIMP1,CD46,52.92250081406708,28.82697645728385,45.86453923803322,42.160995168088824,28.069032888309998,12.429320448236867,1.8358035255261687,2.258110159363699,24.85346792575708,53.03799415474543,0.4223066338375303,1.2300391234494938,0.28630530246560365
CYBA,CD82,80.75545424943016,58.918474349748124,55.96711169000326,64.53171584250026,47.86714425268642,40.98899969158014,1.3706071742945782,1.1677761554733297,32.888309996743736,59.2741935483871,-0.20283101882124854,0.8520137479029021,0.28622941680087305
TAGLN2,ATP8B4,88.04135460761967,83.7051506116994,54.233148811462065,49.43970391693225,49.70693585151417,44.02179500359823,1.0517907461308387,1.129118127266825,38.3344187561055,56.458622283865,0.07732738113598625,1.0735197389979385,0.28615948047612433
VDAC1,ACTN4,49.86160859654836,34.40937596381207,46.92282644089873,37.51413591035263,27.596873982416152,16.860285802405674,1.4490283003296942,1.636700445376401,22.264734614132205,55.3469387755102,0.1876721450467067,1.1295158590097971,0.28611830112988634
HCST,TGOLN2,65.81732334744383,32.03454302457078,50.903614457831324,41.09180631232651,36.07131227613155,15.7191323121209,2.0545093709497273,2.2945934270743393,29.74601107131228,54.8051948051948,0.24008405612461203,1.116857123904784,0.2860301768322046
HCST,CD53,65.81732334744383,32.03454302457078,44.928362097036796,33.30934512182584,33.51514164767177,12.50128508275933,2.0545093709497273,2.680721278215708,32.30218169977206,50.92145949288807,0.6262119072659806,1.3047987593147385,0.2859178928277394
EMP3,S100A10,70.35981764897427,68.28415749974299,43.70726147834581,28.48771460882081,36.55975252360795,23.563277475069395,1.030382300124871,1.5514904949785768,33.800065125366324,51.96112460951059,0.5211081948537057,1.505742572238045,0.2858610327902382
CYBA,CCT4,80.75545424943016,58.918474349748124,56.8951481602084,69.02436516911689,48.339303158580265,43.94983036907577,1.3706071742945782,1.099849599032656,32.416151090849894,59.85887096774193,-0.27075757526192223,0.8024542842472168,0.28575647607561355
TAGLN2,GLS,88.04135460761967,83.7051506116994,49.40573103223706,31.427983962167165,44.81439270595897,26.791405366505604,1.0517907461308387,1.6726528317604312,43.226961901660694,50.90152565880721,0.6208620856295926,1.5902905001907668,0.28555073257551566
CTSC,CTSD,60.485183979159885,40.74226380178884,50.37447085639857,48.1957438059011,35.037447085639855,25.0950961241904,1.4845443966740897,1.3961313708815006,25.44773689352003,57.92732166890981,-0.08841302579258903,0.9404443370028772,0.28521595705491964
CD63,TMED2,69.96906545099316,68.3149994859669,53.32953435363074,51.78369486994963,40.04395962227287,39.93009149789246,1.0241973472900125,1.0028265724814052,29.925105828720284,57.230948225712616,-0.021370774808607385,0.9791341240385424,0.2850862023881327
EMB,RNF130,59.703679583197655,16.82944381618176,54.892543145555194,57.66423357664234,35.460761966786066,10.722730543847025,3.5473621631887737,3.3067561537279073,24.24291761641159,59.39460049086447,-0.2406060094608664,0.9321732604700891,0.284942701981279
CD99,ATP8B4,89.77531748616086,78.35920633288784,54.233148811462065,49.43970391693225,50.92803647020514,43.52832322401563,1.145674848082707,1.1699707851673549,38.847281015955716,56.72832789263692,0.024295937084647834,1.021206660096717,0.28485643631741697
CTSC,STT3B,60.485183979159885,40.74226380178884,47.818300227938785,31.09900277577876,31.040377727124714,15.143415235941195,1.4845443966740897,2.0496253730192717,29.44480625203517,51.31897711978465,0.5650809763451821,1.380642692539991,0.2848489344161824
CD99,GLS,89.77531748616086,78.35920633288784,49.40573103223706,31.427983962167165,45.79127320091175,26.28765292484836,1.145674848082707,1.741864572970541,43.984044285249105,51.006528835690965,0.5961897248878341,1.52038300909334,0.28484213042284656
VIM,CD82,89.62064474112667,80.15832219594942,55.96711169000326,64.53171584250026,52.06773038098339,51.907062814845276,1.118031468904503,1.0030759685004553,37.552914360143276,58.097919883731485,-0.11495550040404767,0.8971804429470253,0.2847418243984551
VDAC1,MYH9,49.86160859654836,34.40937596381207,50.46401823510257,48.26770844042356,28.704005210029308,20.70525341832014,1.4490283003296942,1.3862481362578634,21.15760338651905,57.56734693877551,-0.06278016407183085,0.9566743009383967,0.284697726490286
PLP2,CD53,58.83262780853142,35.468284157499745,44.928362097036796,33.30934512182584,30.332139368283947,13.817209828312944,1.6586922799819646,2.195084583687146,28.500488440247473,51.55666251556663,0.5363923037051817,1.3233826491982068,0.28460292776309226
TYROBP,VDAC2,72.33800065125367,18.926698879407834,61.11201563008792,67.31777526472705,46.97981113643764,15.564922381001336,3.8218063966535802,3.0181193241576145,25.358189514816026,64.94485707855053,-0.8036870724959657,0.7897101555956147,0.28453993176795433
CTSC,CREG1,60.485183979159885,40.74226380178884,51.30250732660371,51.09489051094891,35.338651904916965,26.616634111236763,1.4845443966740897,1.3276406068711637,25.14653207424292,58.42530282637954,-0.15690378980292596,0.8943084557427541,0.28428132464175143
TAGLN2,TNFRSF1A,88.04135460761967,83.7051506116994,46.32041680234451,26.904492649326617,43.69098013676327,24.62218566875707,1.0517907461308387,1.7743837342785511,44.350374470856394,49.62552011095701,0.7225929881477124,1.6870121179577526,0.28425724996217067
TYROBP,CD53,72.33800065125367,18.926698879407834,44.928362097036796,33.30934512182584,33.87333116248779,7.021692196977486,3.8218063966535802,4.823411052682419,38.46466948876588,46.82646860229574,1.0016046560288392,1.2620762414615916,0.2842125758129207
CD63,S100A10,69.96906545099316,68.3149994859669,43.70726147834581,28.48771460882081,35.61543471182026,22.03145882594839,1.0241973472900125,1.6164984123276664,34.3536307391729,50.90168702734148,0.5923010650376539,1.5783075562584301,0.2841234883885901
VIM,GLS,89.62064474112667,80.15832219594942,49.40573103223706,31.427983962167165,45.262129599478996,25.90726842808677,1.118031468904503,1.7470148468282423,44.35851514164767,50.50413298210555,0.6289833779237393,1.5625811038575195,0.2839698338067147
TIMP1,SLC38A1,52.92250081406708,28.82697645728385,45.888961250407036,26.524108152565024,26.155975252360793,10.167574791816593,1.8358035255261687,2.5722361085852907,26.766525561706285,49.42316566682049,0.7364325830591221,1.4011499993432301,0.28393745748705856
HCST,CCT4,65.81732334744383,32.03454302457078,56.8951481602084,69.02436516911689,40.2800390752198,25.023131489667936,2.0545093709497273,1.6096478350048145,25.537284272224035,61.199752628324056,-0.44486153594491284,0.7834706707912122,0.2837556863443746
CD63,TMEM219,69.96906545099316,68.3149994859669,51.367632692933896,46.09848874267503,39.28687723868447,36.2496144751722,1.0241973472900125,1.0837575530089782,30.682188212308688,56.14892379290286,0.0595602057189657,1.0581530560263213,0.2837226292504626
EMP3,MYH9,70.35981764897427,68.28415749974299,50.46401823510257,48.26770844042356,39.44969065450993,36.0028785853809,1.030382300124871,1.0957066906266089,30.910126994464342,56.068494735624206,0.06532439050173777,1.063398207144883,0.2836086932032079
CAPNS1,ITGA4,43.14555519374797,22.524930605530997,52.76782806903289,56.01932764470032,25.25236079452947,14.557417497686851,1.9153728185220478,1.7345539649856692,17.893194399218498,58.528301886792455,-0.1808188535363786,0.9055960010563879,0.28360056675714335
ANXA1,CD82,83.14881146206447,62.16716356533361,55.96711169000326,64.53171584250026,48.21719309671117,39.86840752544464,1.337482188526961,1.2093782197776324,34.9316183653533,57.98903465831212,-0.1281039687493286,0.9042200562757279,0.28353997485409416
CYBA,TGOLN2,80.75545424943016,58.918474349748124,50.903614457831324,41.09180631232651,43.60957342885054,26.606353449162125,1.3706071742945782,1.6390045523382868,37.14588082057962,54.002016129032256,0.26839737804370856,1.195823707242629,0.28342994954734674
TGFB1,DPP7,53.80983393031586,34.67667317775265,46.65418430478672,45.94427881155546,30.226310647997394,18.85473424488537,1.5517140857316054,1.6030301581173534,23.583523282318467,56.172465960665654,0.05131607238574798,1.0330705719936502,0.28342813342261564
EMP3,CREG1,70.35981764897427,68.28415749974299,51.30250732660371,51.09489051094891,39.840442852491044,38.43939549707001,1.030382300124871,1.036421252625451,30.519374796483227,56.62385745690154,0.006038952500579953,1.0058608853236786,0.2834212349095367
EMP3,PA2G4,70.35981764897427,68.28415749974299,53.66330185607294,60.162434460779274,40.630087919244545,43.98067235529968,1.030382300124871,0.9237958845907487,29.729729729729726,57.74615295614949,-0.1065864155341224,0.8965564378180746,0.2834014440040413
CTSC,CD53,60.485183979159885,40.74226380178884,44.928362097036796,33.30934512182584,30.934549006838164,15.184537884239745,1.4845443966740897,2.0371059123920445,29.55063497232172,51.14401076716016,0.5525615157179549,1.372209491986828,0.28334812962169853
CD63,CD53,69.96906545099316,68.3149994859669,44.928362097036796,33.30934512182584,36.453923803321395,24.632466330831704,1.0241973472900125,1.4798535989104784,33.51514164767176,52.100058173356615,0.45565625162046586,1.4448910679432192,0.28328310344780633
EMB,ITGB1,59.703679583197655,16.82944381618176,43.53630739172908,31.82892978307803,27.881797460110715,6.137555258558651,3.5473621631887737,4.542078108889979,31.82188212308694,46.70029997272975,0.9947159457012051,1.2804100342568465,0.28323729714870904
TYROBP,ITGB2,72.33800065125367,18.926698879407834,40.752197981113646,22.617456564202733,33.099967437316835,6.74411432096227,3.8218063966535802,4.907250768819399,39.23803321393683,45.75737114562233,1.0854443721658185,1.284013437498102,0.28305907433640254
CTSC,CD82,60.485183979159885,40.74226380178884,55.96711169000326,64.53171584250026,36.37251709540866,32.12706898324252,1.4845443966740897,1.1321102776011833,24.112666883751224,60.13458950201884,-0.35243411907290634,0.7625977910377859,0.2830512415564489
CD99,CCT4,89.77531748616086,78.35920633288784,56.8951481602084,69.02436516911689,53.142298925431454,60.15215379870464,1.145674848082707,0.8834499202363658,36.633018560729404,59.19477693144722,-0.2622249278463412,0.7711174961332389,0.2828626382649191
TAGLN2,TMEM219,88.04135460761967,83.7051506116994,51.367632692933896,46.09848874267503,48.98241615109085,42.76755423049244,1.0517907461308387,1.1452904366864978,39.058938456528814,55.63569116967175,0.0934996905556591,1.0888957151406884,0.28285344037614174
ANXA1,SLC38A1,83.14881146206447,62.16716356533361,45.888961250407036,26.524108152565024,39.27059589710192,17.292073609540456,1.337482188526961,2.2708858346289946,43.87821556496255,47.22929312708048,0.9334036461020336,1.69788117861221,0.28281664794050404
CD63,BSG,69.96906545099316,68.3149994859669,49.763920547053075,53.81926596072787,40.00325626831651,41.56471676775984,1.0241973472900125,0.9624098747491049,29.965809182676644,57.17277486910996,-0.06178747254090766,0.9396722978199514,0.2827745007185044
ANXA1,STT3B,83.14881146206447,62.16716356533361,47.818300227938785,31.09900277577876,41.427873656789316,20.6127274596484,1.337482188526961,2.009722585975042,41.720937805275156,49.82377129430194,0.6722403974480808,1.5026163362881522,0.2827308763439137
VDAC1,CD53,49.86160859654836,34.40937596381207,44.928362097036796,33.30934512182584,25.512862259850213,12.850827593297009,1.4490283003296942,1.985154412836715,24.348746336698145,51.167346938775516,0.5361261125070207,1.369990090866436,0.2826430403192286
CD63,TNFRSF1A,69.96906545099316,68.3149994859669,46.32041680234451,26.904492649326617,34.65483555845002,20.09869435591652,1.0241973472900125,1.7241473897462058,35.31422989254314,49.52879581151833,0.6999500424561933,1.6834132545922273,0.28264148118040133
IL2RG,LY6E,44.51318788668186,16.305130050375244,53.264408987300556,55.30996196155032,26.44903940084663,10.835817826668038,2.729843791823401,2.440664761915522,18.064148485835233,59.418434528163864,-0.2891790299078787,0.8940675540578381,0.2826332211454254
VIM,APLP2,89.62064474112667,80.15832219594942,55.503093454900686,60.08018916418217,51.13969391077825,48.05181453685617,1.118031468904503,1.0642393042670677,38.48095083034842,57.062403488055224,-0.0537921646374353,0.9518867168469388,0.28262240920840437
VIM,TM9SF2,89.62064474112667,80.15832219594942,46.48323021816998,27.75778760152154,43.349071963529795,22.47352729515781,1.118031468904503,1.9288090643343345,46.27157277759687,48.36951585066764,0.8107775954298315,1.7251831616370044,0.28238645902482973
CD99,FCER1G,89.77531748616086,78.35920633288784,26.872354281992838,7.371234707515164,25.911755128622598,6.631027038141256,1.145674848082707,3.9070641569466265,63.86356235753826,28.862894450489662,2.7613893088639196,3.410273135947009,0.2823839376956443
CYBA,SSR3,80.75545424943016,58.918474349748124,50.569846955389124,39.26184846304102,43.21068056007815,25.917549090161405,1.3706071742945782,1.667172047700802,37.544773689352006,53.508064516129025,0.29656487340622384,1.2163748147304565,0.2823685662509564
CD99,APLP2,89.77531748616086,78.35920633288784,55.503093454900686,60.08018916418217,52.0351676978183,52.28744731160687,1.145674848082707,0.995156107576131,37.740149788342556,57.961552412042074,-0.150518740506576,0.8686200183599475,0.28228182503488164
VDAC1,BSG,49.86160859654836,34.40937596381207,49.763920547053075,53.81926596072787,29.062194724845327,22.956718412665776,1.4490283003296942,1.2659008270095216,20.79941387170303,58.285714285714285,-0.18312747332017265,0.8736204991451816,0.28227219776256274
CTSC,TGOLN2,60.485183979159885,40.74226380178884,50.903614457831324,41.09180631232651,33.33604689026376,20.6127274596484,1.4845443966740897,1.6171770464861068,27.149137088896126,55.114401076716014,0.13263264981201717,1.0893423262444435,0.2822036378741809
TIMP1,MYH9,52.92250081406708,28.82697645728385,50.46401823510257,48.26770844042356,29.57505698469554,15.636887015523799,1.8358035255261687,1.8912438077686744,23.34744382937154,55.88371019843101,0.055440282242505745,1.0301994638705227,0.28219056510428037
VDAC1,RALY,49.86160859654836,34.40937596381207,48.38000651253663,49.645317158425,28.834255942689676,22.010897501799114,1.4490283003296942,1.3099395879129887,21.02735265385868,57.828571428571415,-0.1390887124167055,0.9040124251644643,0.2821884215220219
EMB,CREG1,59.703679583197655,16.82944381618176,51.30250732660371,51.09489051094891,34.00358189514816,9.735786984681814,3.5473621631887737,3.4922795321129594,25.700097688049496,56.953913280610855,-0.05508263107581435,0.9844722279423819,0.28201543484926356
ANXA1,TMEM219,83.14881146206447,62.16716356533361,51.367632692933896,46.09848874267503,45.62845978508629,30.646653644494705,1.337482188526961,1.488807603817417,37.52035167697818,54.875660857646366,0.15132541529045596,1.1131420041242706,0.28194457505275466
CD99,TNFRSF1A,89.77531748616086,78.35920633288784,46.32041680234451,26.904492649326617,44.27710843373494,23.902539323532434,1.145674848082707,1.852324370648544,45.49820905242592,49.31991294885745,0.7066495225658369,1.61679762259634,0.28193204087257906
CD63,CTSD,69.96906545099316,68.3149994859669,50.37447085639857,48.1957438059011,39.27059589710192,37.401048627531615,1.0241973472900125,1.0499584204110914,30.698469553891236,56.125654450261784,0.025761073121078892,1.0251524505401637,0.2819163259073629
CD99,TMED2,89.77531748616086,78.35920633288784,53.32953435363074,51.78369486994963,50.6675350048844,44.494705459031564,1.145674848082707,1.1387061848369933,39.10778248127646,56.43815741748277,-0.006968663245713769,0.9939174162220844,0.2818423539251282
CYBA,STT3B,80.75545424943016,58.918474349748124,47.818300227938785,31.09900277577876,40.53239986974927,20.386552894006375,1.3706071742945782,1.9880953874393217,40.22305437968089,50.19153225806452,0.6174882131447434,1.4505216554572256,0.28183207194755977
TIMP1,PA2G4,52.92250081406708,28.82697645728385,53.66330185607294,60.162434460779274,30.991533702377076,19.214557417497687,1.8358035255261687,1.6128355284742446,21.930967111690002,58.56022150438395,-0.22296799705192405,0.878544738610839,0.2816527076693235
CYBA,CTSD,80.75545424943016,58.918474349748124,50.37447085639857,48.1957438059011,44.93650276782807,31.232651382749047,1.3706071742945782,1.4387207636135482,35.81895148160209,55.64516129032258,0.06811358931896994,1.0496959235267584,0.2816314859175614
EMB,CLTC,59.703679583197655,16.82944381618176,39.669488765874306,26.225968952400535,26.180397264734616,5.459031561632569,3.5473621631887737,4.794916836873847,33.52328231846304,43.85055904008727,1.2475546736850736,1.3516851723320038,0.28163052888469003
PLP2,PA2G4,58.83262780853142,35.468284157499745,53.66330185607294,60.162434460779274,34.78508629111039,25.22874473116069,1.6586922799819646,1.3787331842540647,24.04754151742103,59.12550159125502,-0.2799590957278999,0.831216977912899,0.28162955316988014
CTSC,TFPI,60.485183979159885,40.74226380178884,55.356561380657766,54.394983036907576,35.10257245197004,26.729721394057776,1.4845443966740897,1.3131921108486553,25.382611527189844,58.03499327052489,-0.17135228582543438,0.8845758427910106,0.28160735206135273
IL2RG,BSG,44.51318788668186,16.305130050375244,49.763920547053075,53.81926596072787,26.343210680560077,10.784414516294849,2.729843791823401,2.442484768736534,18.169977206121786,59.18068763716167,-0.287359023086867,0.8947342613714445,0.28153548703146497
HCST,ACTN4,65.81732334744383,32.03454302457078,46.92282644089873,37.51413591035263,34.557147508954735,14.197594325074535,2.0545093709497273,2.433842866256645,31.260175838489097,52.50463821892393,0.3793334953069176,1.1846345899758857,0.2814898658599655
CD99,VDAC1,89.77531748616086,78.35920633288784,49.86160859654836,34.40937596381207,47.199609247802016,31.1092834378534,1.145674848082707,1.5171706597302148,42.57570823835884,52.57526296699311,0.3714958116475078,1.3242593762699844,0.2814511054173409
EMB,LY6E,59.703679583197655,16.82944381618176,53.264408987300556,55.30996196155032,34.13383262780853,9.869435591652103,3.5473621631887737,3.4581890850569086,25.569846955389124,57.172075265884914,-0.08917307813186515,0.9748621443118437,0.28140172242283135
CD99,RNASET2,89.77531748616086,78.35920633288784,51.25366330185607,43.18906137555258,48.819602735265384,36.59915698570988,1.145674848082707,1.3338632059509048,40.955714750895474,54.379760609357994,0.18818835786819776,1.1642598318215085,0.28130822094019986
ANXA1,TGOLN2,83.14881146206447,62.16716356533361,50.903614457831324,41.09180631232651,44.00032562683165,26.318494911072275,1.337482188526961,1.6717769765528927,39.14848583523282,52.917564127667916,0.3342947880259317,1.249943356923585,0.2813025600396361
EMB,ACTN4,59.703679583197655,16.82944381618176,46.92282644089873,37.51413591035263,30.885704982090523,7.7207772180528424,3.5473621631887737,3.999818190802298,28.81797460110713,51.731660758112895,0.4524560276135241,1.1275471764086262,0.28128110517124066
VIM,TMEM219,89.62064474112667,80.15832219594942,51.367632692933896,46.09848874267503,48.98241615109085,38.33658887632364,1.118031468904503,1.2776603220694769,40.638228590035816,54.65528204196567,0.15962885316497388,1.142776708531635,0.28125785286807703
VIM,FCER1G,89.62064474112667,80.15832219594942,26.872354281992838,7.371234707515164,26.237381960273527,6.877762927932559,1.118031468904503,3.814258789720971,63.383262780853144,29.27604687074212,2.696227320816468,3.4115844641281443,0.281191600394534
VIM,STT3B,89.62064474112667,80.15832219594942,47.818300227938785,31.09900277577876,44.472484532725495,25.00257016551866,1.118031468904503,1.7786453789729424,45.14816020840117,49.62303569806522,0.6606139100684394,1.5908723756369203,0.2811458739937481
VDAC1,CTSD,49.86160859654836,34.40937596381207,50.37447085639857,48.1957438059011,28.524910452621295,21.13704122545492,1.4490283003296942,1.349458549559026,21.336698143927062,57.20816326530612,-0.0995697507706681,0.9312851579586036,0.28106232878799714
CD63,ACTN4,69.96906545099316,68.3149994859669,46.92282644089873,37.51413591035263,37.23542819928362,28.169014084507044,1.0241973472900125,1.3218107767919922,32.73363725170954,53.21698662012798,0.29761342950197966,1.290582113192788,0.2809656045757389
PLP2,ITM2C,58.83262780853142,35.468284157499745,50.10582872028655,50.580857407217025,33.743080429827415,21.877248894828828,1.6586922799819646,1.542311754109488,25.089547378704005,57.35436557354365,-0.1163805258724766,0.9298359754385894,0.2809528015740944
ANXA1,LY6E,83.14881146206447,62.16716356533361,53.264408987300556,55.30996196155032,46.51579290133507,34.15235941194613,1.337482188526961,1.3619683012812152,36.633018560729404,55.942823575484624,0.024486112754254163,1.018307617824221,0.28093842351513587
TYROBP,TMEM179B,72.33800065125367,18.926698879407834,38.64376424617389,30.96535416880847,31.50439596222729,6.199239231006477,3.8218063966535802,5.081158127686183,40.83360468902637,43.55165428764348,1.2593517310326026,1.3295174062546198,0.2807258579898476
PLP2,MYH9,58.83262780853142,35.468284157499745,50.46401823510257,48.26770844042356,33.726799088244874,21.8978102189781,1.6586922799819646,1.5401201595425635,25.105828720286546,57.32669157326692,-0.11857212043940102,0.9285146968666844,0.2807048518443646
PLP2,SLC38A1,58.83262780853142,35.468284157499745,45.888961250407036,26.524108152565024,29.290133507000977,12.768582296699908,1.6586922799819646,2.2937424910578743,29.542494301530443,49.78552649785527,0.6350502110759098,1.3828619803323705,0.2806801430430718
CD63,MYH9,69.96906545099316,68.3149994859669,50.46401823510257,48.26770844042356,38.96125040703354,36.43466639251568,1.0241973472900125,1.0693162569694799,31.007815043959617,55.683536940081446,0.0451189096794673,1.044052945263772,0.2806736301843806
TAGLN2,CAPNS1,88.04135460761967,83.7051506116994,43.14555519374797,22.524930605530997,41.00455877564311,20.437956204379564,1.0517907461308387,2.0061963226310375,47.036795831976555,46.57420249653259,0.9544055765001989,1.9074101288788812,0.2805912913076729
CD63,SLC38A1,69.96906545099316,68.3149994859669,45.888961250407036,26.524108152565024,34.28850537284272,19.75943250745348,1.0241973472900125,1.735210267280808,35.680560078150435,49.005235602094245,0.7110129199907955,1.6942147642464696,0.280576824010011
PLP2,RALY,58.83262780853142,35.468284157499745,48.38000651253663,49.645317158425,33.83262780853142,22.267914053665056,1.6586922799819646,1.5192760512254608,25.0,57.50657257506573,-0.13941622875650372,0.9159481053604351,0.28056205143750346
PLP2,DPP7,58.83262780853142,35.468284157499745,46.65418430478672,45.94427881155546,32.84760664278737,19.512696617662176,1.6586922799819646,1.683310306928542,25.98502116574405,55.83229555832296,0.024618026946577443,1.0148418288573966,0.2803923791389437
TGFB1,CD53,53.80983393031586,34.67667317775265,44.928362097036796,33.30934512182584,27.092152393357214,12.768582296699908,1.5517140857316054,2.121616178499335,26.717681536958647,50.34795763993949,0.5699020927677294,1.367272616784316,0.2802348928380839
CYBA,TM9SF3,80.75545424943016,58.918474349748124,41.76164115923152,21.846406908604916,35.827092152393355,14.125629690552072,1.3706071742945782,2.536138692469203,44.9283620970368,44.364919354838705,1.1655315181746249,1.8503760523320611,0.2801011726829248
CD63,CREG1,69.96906545099316,68.3149994859669,51.30250732660371,51.09489051094891,39.44969065450993,39.95065282204174,1.0241973472900125,0.9874357596726293,30.519374796483227,56.381617219313554,-0.03676158761738324,0.9641069294754053,0.28007000671569865
VDAC1,ITGA4,49.86160859654836,34.40937596381207,52.76782806903289,56.01932764470032,29.054054054054053,23.75861005448751,1.4490283003296942,1.222833791776249,20.807554542494305,58.26938775510203,-0.22619450855344514,0.8438991781582322,0.28003721334783793
CD99,CD82,89.77531748616086,78.35920633288784,55.96711169000326,64.53171584250026,52.25496580918268,56.667009355402485,1.145674848082707,0.9221246061681345,37.52035167697818,58.2063837504534,-0.2235502419145725,0.8048746184061865,0.2798544066565383
ANXA1,TM9SF3,83.14881146206447,62.16716356533361,41.76164115923152,21.846406908604916,36.95864539238033,14.845276035776704,1.337482188526961,2.489421946844921,46.19016606968414,44.44879577051107,1.1519397583179598,1.8612748402927528,0.2798409667684533
CYBA,SLC38A1,80.75545424943016,58.918474349748124,45.888961250407036,26.524108152565024,38.391403451644415,17.35375758198828,1.3706071742945782,2.2121544060914524,42.364050797785744,47.54032258064515,0.8415472317968742,1.6139959337583363,0.2797789744930695
VIM,IL3RA,89.62064474112667,80.15832219594942,33.46629762292413,11.833042047907885,32.261478345815696,10.362907371234707,1.118031468904503,3.1128682638903418,57.35916639531097,35.99781996548278,1.9948367949858388,2.7842402923957663,0.2797309395767059
EMB,S100A10,59.703679583197655,16.82944381618176,43.70726147834581,28.48771460882081,25.911755128622598,5.3973475891847436,3.5473621631887737,4.799941963821522,33.79192445457505,43.400599945459504,1.252579800632748,1.353101753644118,0.27963198975893494
HCST,ITGB2,65.81732334744383,32.03454302457078,40.752197981113646,22.617456564202733,31.51253663301856,11.020869744011515,2.0545093709497273,2.8590917298891316,34.304786714425276,47.878787878787875,0.8045823589394043,1.3916177605787576,0.27962305734090953
TIMP1,SERINC3,52.92250081406708,28.82697645728385,45.35981764897428,40.783386450087384,27.075871051774666,11.791919399609334,1.8358035255261687,2.2959430260052156,25.846629762292412,51.16135979080142,0.46013950047904695,1.2506474653093196,0.27881377397795937
CD99,TMEM219,89.77531748616086,78.35920633288784,51.367632692933896,46.09848874267503,49.438293715402146,40.70114115349028,1.145674848082707,1.2146361914712864,40.33702377075871,55.06891548784911,0.0689613433885794,1.0601927706661158,0.27879264460867453
TAGLN2,APLP2,88.04135460761967,83.7051506116994,55.503093454900686,60.08018916418217,50.097688049495275,53.44916212604092,1.0517907461308387,0.9372785049998508,37.94366655812439,56.90245030050855,-0.1145122411309879,0.891126403657536,0.27878663944599336
TGFB1,P4HB,53.80983393031586,34.67667317775265,44.806252035167695,44.89565127994243,29.721589058938456,18.536033720571606,1.5517140857316054,1.603362733593925,24.088244871377405,55.23449319213313,0.051648647862319486,1.0332848998003186,0.2787548983537816
HCST,CREG1,65.81732334744383,32.03454302457078,51.30250732660371,51.09489051094891,37.902963204168024,20.304307597409274,2.0545093709497273,1.8666529931811529,27.914360143275808,57.58812615955473,-0.18785637776857445,0.9085638739716553,0.2785478119093449
CTSC,LAMP1,60.485183979159885,40.74226380178884,38.43210680560078,21.91837154312738,26.888635623575382,10.301223398786881,1.4845443966740897,2.60998374649317,33.5965483555845,44.45491251682368,1.1254393498190804,1.7581042051288376,0.27854653007507246
VIM,IL1RAP,89.62064474112667,80.15832219594942,31.773038098339303,10.157294129741956,30.30771735591013,9.170350570576746,1.118031468904503,3.3046078789248825,59.31292738521654,33.817785448269596,2.1865764100203795,2.9557378041987357,0.27841774774236694
EMP3,SLC38A1,70.35981764897427,68.28415749974299,45.888961250407036,26.524108152565024,34.12569195701726,19.574380590110003,1.030382300124871,1.7432964738503451,36.23412569195701,48.50167765822053,0.712914173725474,1.6918928766915704,0.27815409697737636
TIMP1,DPP7,52.92250081406708,28.82697645728385,46.65418430478672,45.94427881155546,29.037772712471508,15.20509920838902,1.8358035255261687,1.9096135251078543,23.88472810159557,54.86848177203507,0.07380999958168566,1.0402058273422972,0.27803290883925963
TAGLN2,LY6E,88.04135460761967,83.7051506116994,53.264408987300556,55.30996196155032,49.53598176489743,50.529454096843835,1.0517907461308387,0.9803193470210964,38.50537284272224,56.26444752658345,-0.07147139910974232,0.9320478913009456,0.2777486676774301
TAGLN2,STT3B,88.04135460761967,83.7051506116994,47.818300227938785,31.09900277577876,43.88635623575382,27.09982522874473,1.0517907461308387,1.6193734273894127,44.154998371865844,49.84743411927878,0.567582681258574,1.5396346025542698,0.2776163046593226
TAGLN2,FCER1G,88.04135460761967,83.7051506116994,26.872354281992838,7.371234707515164,25.350048844024748,6.805798293410096,1.0517907461308387,3.724225069011819,62.69130576359492,28.793342579750348,2.6724343228809806,3.5408422090723928,0.2775884290428008
CD63,M6PR,69.96906545099316,68.3149994859669,47.199609247802016,39.405777732085944,37.17844350374471,29.51578081628457,1.0241973472900125,1.2595697252741451,32.79062194724845,53.135543920884245,0.23537237798413257,1.2298115481424736,0.2774463385036278
TAGLN2,SSR3,88.04135460761967,83.7051506116994,50.569846955389124,39.26184846304102,46.69488765874308,36.03372057160481,1.0517907461308387,1.2958304357031265,41.34646694887659,53.0374479889043,0.24403968957228783,1.2320230430530241,0.27738922442313585
EMP3,CD53,70.35981764897427,68.28415749974299,44.928362097036796,33.30934512182584,35.78638879843699,23.995065282204173,1.030382300124871,1.491344034014472,34.57342885053728,50.8619692236492,0.4609617338896008,1.4473696159510283,0.277357932812726
VIM,SSR3,89.62064474112667,80.15832219594942,50.569846955389124,39.26184846304102,46.62162162162162,31.931736403824406,1.118031468904503,1.4599945658286275,42.99902311950505,52.021073666999726,0.3419630969241245,1.3058617815643376,0.2772035231812049
ANXA1,CREG1,83.14881146206447,62.16716356533361,51.30250732660371,51.09489051094891,45.54705307717356,32.45605016963093,1.337482188526961,1.403302297625018,37.601758384890914,54.777756021147454,0.06582010909805702,1.049211951876943,0.2771797855606401
VDAC1,LGALS9,49.86160859654836,34.40937596381207,45.66102246825138,43.44607792741853,27.72712471507652,19.37904801069189,1.4490283003296942,1.4307046453021985,22.134483881471837,55.60816326530612,-0.018323655027495667,0.9873545223213884,0.27712463357515577
IL2RG,MYH9,44.51318788668186,16.305130050375244,50.46401823510257,48.26770844042356,25.488440247476394,10.01336486069703,2.729843791823401,2.545187897787691,19.02474763920547,57.260424286759324,-0.1846558940357097,0.9323566078803474,0.2770693267320111
ANXA1,ITGB2,83.14881146206447,62.16716356533361,40.752197981113646,22.617456564202733,36.36437642461739,14.5162948493883,1.337482188526961,2.5049003138590686,46.78443503744708,43.73409046406893,1.1674181253321076,1.872847605258838,0.27704135858695006
CTSC,S100A10,60.485183979159885,40.74226380178884,43.70726147834581,28.48771460882081,27.043308368609573,10.589081936876735,1.4845443966740897,2.55364486599858,33.44187561055031,44.710632570659484,1.0691004693244905,1.7201539217821022,0.27700818631952195
TGFB1,SLC9A3R1,53.80983393031586,34.67667317775265,41.6151090849886,35.416880847126556,28.30511234125692,15.472396422329599,1.5517140857316054,1.8292759759201878,25.504721589058942,52.60211800302571,0.27756189018858235,1.1788743768847834,0.2768886845245577
VIM,LY6E,89.62064474112667,80.15832219594942,53.264408987300556,55.30996196155032,49.747639205470534,45.204071142181554,1.118031468904503,1.1004880193419326,39.873005535656134,55.50912889454084,-0.017543449562570368,0.9843086263217974,0.2766684719945756
CD63,ITM2C,69.96906545099316,68.3149994859669,50.10582872028655,50.580857407217025,38.863562357538264,38.80949933175697,1.0241973472900125,1.0013672337819648,31.105503093454892,55.543920884235035,-0.022830113508047756,0.9777092631918494,0.27657809874577277
TAGLN2,PA2G4,88.04135460761967,83.7051506116994,53.66330185607294,60.162434460779274,49.95115597525236,54.950138788938006,1.0517907461308387,0.909010387702972,38.090198632367304,56.73601479426722,-0.14278035842786663,0.8642502237701706,0.2765410560499428
ANXA1,CTSD,83.14881146206447,62.16716356533361,50.37447085639857,48.1957438059011,44.96906545099316,30.89338953428601,1.337482188526961,1.4555738478369138,38.17974601107131,54.082631682005086,0.1180916593099528,1.0882940052009316,0.27631774137552306
EMP3,ITM2C,70.35981764897427,68.28415749974299,50.10582872028655,50.580857407217025,38.66004558775643,36.4141050683664,1.030382300124871,1.0616486074988754,31.699772061217843,54.94619923637626,0.031266307374004265,1.0303443754519221,0.2762943115505815
HCST,BSG,65.81732334744383,32.03454302457078,49.763920547053075,53.81926596072787,37.60989905568219,20.170658990438984,2.0545093709497273,1.8644921111103767,28.20742429176164,57.14285714285715,-0.19001725983935058,0.9075120987394123,0.2762134227223182
EMB,TFPI,59.703679583197655,16.82944381618176,55.356561380657766,54.394983036907576,34.369912080755455,10.373188033309345,3.5473621631887737,3.3130218934147777,25.3337675024422,57.56749386419416,-0.23434026977399602,0.9339395700259304,0.276120455832271
TIMP1,ITM2C,52.92250081406708,28.82697645728385,50.10582872028655,50.580857407217025,30.21816997720612,18.34070114115349,1.8358035255261687,1.6475118498908072,22.704330836860958,57.09890786032917,-0.18829167563536142,0.8974336452582015,0.27607995551987785
CYBA,BSG,80.75545424943016,58.918474349748124,49.763920547053075,53.81926596072787,45.19700423314881,34.913128405469315,1.3706071742945782,1.2945190470820598,35.55845001628135,55.96774193548386,-0.07608812721251845,0.9444858245020646,0.2760343033167934
CTSC,BSG,60.485183979159885,40.74226380178884,49.763920547053075,53.81926596072787,34.64669488765875,27.130667214968643,1.4845443966740897,1.2769836299829018,25.83848909150114,57.28129205921938,-0.20756076669118784,0.8601855443621638,0.27602842196153754
TAGLN2,RNASET2,88.04135460761967,83.7051506116994,51.25366330185607,43.18906137555258,46.9635297948551,37.98704636578596,1.0517907461308387,1.2362712560326066,41.07782481276457,53.342579750346744,0.1844805099017679,1.1753965896547443,0.2759369242468221
TGFB1,SLC38A2,53.80983393031586,34.67667317775265,49.299902311950504,50.395805489873545,30.087919244545752,20.365991569857098,1.5517140857316054,1.477288343806039,23.72191468577011,55.915279878971255,-0.0744257419255665,0.9520364333803956,0.2758551122985779
VIM,CAPNS1,89.62064474112667,80.15832219594942,43.14555519374797,22.524930605530997,40.81732334744383,19.625783900483192,1.118031468904503,2.079674568915947,48.803321393682836,45.54455445544555,0.961643100011444,1.8601216752456036,0.2758049272778
VIM,TGOLN2,89.62064474112667,80.15832219594942,50.903614457831324,41.09180631232651,46.98795180722892,33.79253623933381,1.118031468904503,1.3904419908721342,42.63269293389775,52.42983013897721,0.27241052196763116,1.2436519271094857,0.2757696767932675
CD63,ITGA4,69.96906545099316,68.3149994859669,52.76782806903289,56.01932764470032,38.96125040703354,40.24879202220623,1.0241973472900125,0.9679863783032273,31.007815043959617,55.683536940081446,-0.05621096898678524,0.9451170527481668,0.275607136251068
TAGLN2,IL1RAP,88.04135460761967,83.7051506116994,31.773038098339303,10.157294129741956,29.70530771735591,9.31427983962167,1.0517907461308387,3.188879800583893,58.33604689026376,33.740175681923255,2.137089054453054,3.0318576316768704,0.275555331132269
IL2RG,PA2G4,44.51318788668186,16.305130050375244,53.66330185607294,60.162434460779274,26.54672745034191,11.658270792639046,2.729843791823401,2.2768771668895362,17.966460436339954,59.63789319678128,-0.45296662493386464,0.8340686649211876,0.27554113473721314
HCST,CD82,65.81732334744383,32.03454302457078,55.96711169000326,64.53171584250026,39.2787365678932,24.632466330831704,2.0545093709497273,1.5945273815862122,26.538586779550634,59.67841682127397,-0.4599819893635151,0.7761110288093348,0.2753929846381941
CD99,CAPNS1,89.77531748616086,78.35920633288784,43.14555519374797,22.524930605530997,40.8254640182351,19.399609334841163,1.145674848082707,2.1043392665465137,48.949853467925756,45.47515415306493,0.9586644184638067,1.8367683204952405,0.27530899168851497
TYROBP,PHB2,72.33800065125367,18.926698879407834,56.29273852165419,56.47167677598437,43.33279062194725,13.005037524416572,3.8218063966535802,3.3317442411339715,29.00521002930642,59.90321854602746,-0.49006215551960874,0.8717721138494318,0.2750129849541568
TAGLN2,TM9SF2,88.04135460761967,83.7051506116994,46.48323021816998,27.75778760152154,42.75480299576685,25.21846406908605,1.0517907461308387,1.695309736901807,45.286551611852815,48.56218215441517,0.6435189907709684,1.6118317670489537,0.27498686031062425
CTSC,M6PR,60.485183979159885,40.74226380178884,47.199609247802016,39.405777732085944,32.63594920221426,20.56132414927521,1.4845443966740897,1.5871721973298736,27.84923477694562,53.956931359353966,0.10262780065578392,1.0691308396607786,0.27491604682955906
EMP3,M6PR,70.35981764897427,68.28415749974299,47.199609247802016,39.405777732085944,36.934223380006515,28.878379767657037,1.030382300124871,1.278913317292581,33.42559426896776,52.49334721740138,0.24853101716770998,1.2412027236275223,0.2748932869453924
TIMP1,S100A10,52.92250081406708,28.82697645728385,43.70726147834581,28.48771460882081,27.425919895799414,12.768582296699908,1.8358035255261687,2.1477538778137797,25.496580918267664,51.82279649284725,0.31195035228761103,1.1699257834240193,0.27471150007861683
CD99,TM9SF2,89.77531748616086,78.35920633288784,46.48323021816998,27.75778760152154,43.66655812438945,24.591343682533154,1.145674848082707,1.7756159676397112,46.10875936177141,48.63982589771491,0.6299411195570042,1.5498428464334484,0.2746961854664247
HCST,TBXAS1,65.81732334744383,32.03454302457078,33.54770433083686,22.884753778143313,25.822207749918594,7.124498817723861,2.0545093709497273,3.6239158002087954,39.99511559752524,39.233147804576376,1.5694064292590681,1.7638838018702183,0.2746360604858353
CD99,STT3B,89.77531748616086,78.35920633288784,47.818300227938785,31.09900277577876,44.71670465646369,27.01757993214763,1.145674848082707,1.6550353411897205,45.05861282969717,49.80957562568008,0.5093604931070135,1.4445942877767028,0.2745159027837511
VIM,SEMA4D,89.62064474112667,80.15832219594942,27.95506349723217,9.160069908502107,26.644415499837187,7.330112059216614,1.118031468904503,3.63443025895915,62.97622924128948,29.730220728494867,2.516398790054647,3.2507405739843143,0.2744710431452067
CYBA,PA2G4,80.75545424943016,58.918474349748124,53.66330185607294,60.162434460779274,45.921523933572125,39.15904184229464,1.3706071742945782,1.172662790262261,34.833930315858034,56.864919354838705,-0.19794438403231718,0.8555790544915286,0.2744273775725777
CD99,LY6E,89.77531748616086,78.35920633288784,53.264408987300556,55.30996196155032,50.13025073266037,47.76395599876632,1.145674848082707,1.0495194580301748,39.64506675350049,55.83968081247733,-0.09615539005253226,0.9160709600865823,0.27439063455976004
HCST,SLC38A1,65.81732334744383,32.03454302457078,45.888961250407036,26.524108152565024,32.42429176164116,12.398478462012953,2.0545093709497273,2.6149722233057004,33.393031585802674,49.26406926406926,0.5604628523559732,1.2727964448742772,0.2743434889381449
TGFB1,LGALS9,53.80983393031586,34.67667317775265,45.66102246825138,43.44607792741853,29.0703353956366,17.836948699496247,1.5517140857316054,1.6296904921840907,24.73949853467926,54.02420574886535,0.07797640645248527,1.0502517874713504,0.27401984906695104
EMB,CCT4,59.703679583197655,16.82944381618176,56.8951481602084,69.02436516911689,36.478345815695214,12.50128508275933,3.5473621631887737,2.917734284110903,23.22533376750244,61.0989910008181,-0.6296278790778707,0.8225081482766087,0.274013561050197
TAGLN2,TGOLN2,88.04135460761967,83.7051506116994,50.903614457831324,41.09180631232651,46.32855747313579,36.53747301326205,1.0517907461308387,1.2679390694931427,41.71279713448388,52.62135922330098,0.21614832336230405,1.2055050628249357,0.2739142122846201
CD63,LAMP1,69.96906545099316,68.3149994859669,38.43210680560078,21.91837154312738,31.626506024096386,15.955587539837566,1.0241973472900125,1.98203443844976,38.34255942689677,45.20069808027924,0.9578370911597474,1.9352075493010679,0.27389534495938356
CD99,TGOLN2,89.77531748616086,78.35920633288784,50.903614457831324,41.09180631232651,47.549658091826764,35.889791302559885,1.145674848082707,1.3248428459262007,42.225659394334095,52.9651795429815,0.1791679978434937,1.1563864286130854,0.27378429760708217
PLP2,TMED9,58.83262780853142,35.468284157499745,46.1738847281016,40.8964737329084,31.35786388798437,17.39488023028683,1.6586922799819646,1.8026028848709386,27.47476392054705,53.300124533001245,0.143910604888974,1.0867614847104363,0.2736961529094549
CD99,IL3RA,89.77531748616086,78.35920633288784,33.46629762292413,11.833042047907885,32.17193096711169,10.599362598951373,1.145674848082707,3.0349840080276365,57.60338651904917,35.836053681537905,1.8893091599449294,2.649079721970591,0.273645726404936
ANXA1,S100A10,83.14881146206447,62.16716356533361,43.70726147834581,28.48771460882081,40.26375773363725,20.458517528528837,1.337482188526961,1.9679720050823923,42.88505372842722,48.423732132367334,0.6304898165554313,1.471400533004348,0.27364315148960827
ANXA1,PA2G4,83.14881146206447,62.16716356533361,53.66330185607294,60.162434460779274,46.54021491370889,38.41883417292074,1.337482188526961,1.2113590783406243,36.608596548355585,55.9721950264343,-0.1261231101863367,0.9057010917466926,0.27355481962285466
VIM,CTSD,89.62064474112667,80.15832219594942,50.37447085639857,48.1957438059011,48.07066102246825,39.29269044926493,1.118031468904503,1.223368445998625,41.54998371865842,53.63793260059951,0.10533697709412193,1.0942164688775136,0.2734565118577036
VIM,CREG1,89.62064474112667,80.15832219594942,51.30250732660371,51.09489051094891,48.56724194073592,41.65724272643158,1.118031468904503,1.1658495116962933,41.05340280039075,54.19202470705786,0.04781804279179025,1.0427698540888517,0.27335102567487884
VDAC1,TM7SF3,49.86160859654836,34.40937596381207,46.15760338651905,41.873136629998974,27.328231846304135,19.080908810527397,1.4490283003296942,1.4321539903401739,22.533376750244223,54.80816326530612,-0.01687430998952033,0.9883547409076269,0.27319710082705456
HCST,SSR1,65.81732334744383,32.03454302457078,42.58384890915011,33.25794181145266,30.47053077173559,10.558239950652823,2.0545093709497273,2.8856746237546913,35.34679257570824,46.29560915275201,0.831165252804964,1.4045565644807674,0.2730363084040082
TYROBP,RNF130,72.33800065125367,18.926698879407834,54.892543145555194,57.66423357664234,42.95831976554868,12.861108255371645,3.8218063966535802,3.3399127819972945,29.379680885704985,59.385550303848746,-0.4818936146562858,0.8739094646243102,0.2728330707864295
CD63,TMED9,69.96906545099316,68.3149994859669,46.1738847281016,40.8964737329084,37.097036795831976,31.499948596689627,1.0241973472900125,1.1776482438922626,32.87202865516118,53.01919720767888,0.1534508966022501,1.1498255165454934,0.27276853086850694
TGFB1,PBXIP1,53.80983393031586,34.67667317775265,42.380332139368285,33.04204790788527,26.644415499837187,12.963914876118022,1.5517140857316054,2.055116886954456,27.165418430478674,49.51588502269289,0.5034028012228506,1.3244172401679948,0.27274956517460697
TIMP1,PBXIP1,52.92250081406708,28.82697645728385,42.380332139368285,33.04204790788527,25.301204819277107,10.085329495219492,1.8358035255261687,2.508465029946607,27.62129599478997,47.80802953391785,0.6726615044204385,1.3664125790518045,0.27267322289061124
EMP3,DPP7,70.35981764897427,68.28415749974299,46.65418430478672,45.94427881155546,37.748290459133834,33.771974915184536,1.030382300124871,1.117706999573851,32.61152718984044,53.650352886729145,0.0873246994489798,1.084749805425032,0.2726179994060947
ANXA1,MYH9,83.14881146206447,62.16716356533361,50.46401823510257,48.26770844042356,44.439921849560406,30.780302251464995,1.337482188526961,1.4437310509644,38.708889612504066,53.4462502447621,0.10624886243743892,1.0794394597168104,0.27254369434568243
TGFB1,PTTG1IP,53.80983393031586,34.67667317775265,48.21719309671117,44.35077618998663,29.01335070009769,18.022000616839726,1.5517140857316054,1.6097958002059416,24.796483230218172,53.91830559757942,0.05808171447433619,1.037430680695891,0.2724956137116139
TAGLN2,SLC38A1,88.04135460761967,83.7051506116994,45.888961250407036,26.524108152565024,41.745359817648975,23.71748740618896,1.0517907461308387,1.760034655783159,46.29599478997069,47.41562644475266,0.7082439096523203,1.6733695958608648,0.2724903277063793
EMP3,ITGB2,70.35981764897427,68.28415749974299,40.752197981113646,22.617456564202733,32.08238358840769,16.70607587128611,1.030382300124871,1.920287178652645,38.277434060566584,45.59759342820781,0.8899048785277739,1.8636647566829585,0.27248321106742773
EMB,APLP2,59.703679583197655,16.82944381618176,55.503093454900686,60.08018916418217,35.338651904916965,11.483499537370207,3.5473621631887737,3.0770737366418173,24.36502767828069,59.190073629670025,-0.47028842654695646,0.8674258773386117,0.27243594682100236
CYBA,CREG1,80.75545424943016,58.918474349748124,51.30250732660371,51.09489051094891,44.309671116900034,33.32990644597512,1.3706071742945782,1.329386921676433,36.445783132530124,54.868951612903224,-0.041220252618145325,0.9699255531481071,0.27228374543360884
ANXA1,ACTN4,83.14881146206447,62.16716356533361,46.92282644089873,37.51413591035263,42.00586128296972,24.282923820294027,1.337482188526961,1.7297806398101736,41.142950179094754,50.518895633444295,0.3922984512832126,1.2933111593173972,0.2722094007313821
TGFB1,FLNA,53.80983393031586,34.67667317775265,41.256919570172585,33.86450087385628,27.7027027027027,15.030327953120182,1.5517140857316054,1.8429976904969474,26.10713122761316,51.482602118003015,0.291283604765342,1.1877173168973374,0.2719771908282822
CTSC,PA2G4,60.485183979159885,40.74226380178884,53.66330185607294,60.162434460779274,34.89905568218821,30.255988485658477,1.4845443966740897,1.1534213227707717,25.586128296971673,57.698519515477784,-0.33112307390331797,0.7769530674561488,0.2719364438822231
VDAC1,UQCRC2,49.86160859654836,34.40937596381207,46.48323021816998,53.31551351907063,28.410941061543472,23.88197799938316,1.4490283003296942,1.1895895504437202,21.450667535004886,56.97959183673469,-0.25943874988597404,0.8209567405778448,0.27192602168937474
TAGLN2,CREG1,88.04135460761967,83.7051506116994,51.30250732660371,51.09489051094891,48.14392705958971,47.136835612213424,1.0517907461308387,1.0213436071959912,39.89742754802996,54.683310217290796,-0.030447138934847517,0.9710520946805706,0.27189419413971166
CD99,SSR3,89.77531748616086,78.35920633288784,50.569846955389124,39.26184846304102,46.95538912406382,34.851444433021484,1.145674848082707,1.3472624341831019,42.81992836209704,52.303228146536085,0.20158758610039484,1.1759553213878726,0.2715955200377002
TGFB1,CLTC,53.80983393031586,34.67667317775265,39.669488765874306,26.225968952400535,25.529143601432757,11.421815564922381,1.5517140857316054,2.2349256587691593,28.280690328883104,47.44326777609682,0.6832115730375539,1.440294754890642,0.2713769175323618
HCST,TMED9,65.81732334744383,32.03454302457078,46.1738847281016,40.8964737329084,33.82448713774015,14.464891539015113,2.0545093709497273,2.338223471848527,31.992836209703682,51.39146567717996,0.2837141008987998,1.1380933593735076,0.2711430334308398
VDAC1,ITGB1,49.86160859654836,34.40937596381207,43.53630739172908,31.82892978307803,25.268642136112014,14.012542407731058,1.4490283003296942,1.8031587874720163,24.592966460436344,50.67755102040816,0.3541304871423221,1.244391698258583,0.27109427945915693
CYBA,ACTN4,80.75545424943016,58.918474349748124,46.92282644089873,37.51413591035263,41.256919570172585,24.509098385936053,1.3706071742945782,1.6832620955061484,39.498534679257574,51.08870967741935,0.3126549212115701,1.228114172372173,0.2710762944476753
VDAC1,SLC38A2,49.86160859654836,34.40937596381207,49.299902311950504,50.395805489873545,27.442201237381962,20.211781638737534,1.4490283003296942,1.3576657447676246,22.419407359166396,55.036734693877555,-0.09136255556206963,0.9369490881984278,0.27061554569128426
CD63,ITGB2,69.96906545099316,68.3149994859669,40.752197981113646,22.617456564202733,32.009117551286224,17.250950961241905,1.0241973472900125,1.8553911742038711,37.95994789970693,45.74752763234439,0.8311938269138586,1.8115563168691717,0.27029732950741486
EMB,CD82,59.703679583197655,16.82944381618176,55.96711169000326,64.53171584250026,35.159557147508956,11.473218875295569,3.5473621631887737,3.064222282111842,24.5441224356887,58.890100899918195,-0.48313988107693184,0.8638030573561086,0.2702935104457444
VDAC1,TMED9,49.86160859654836,34.40937596381207,46.1738847281016,40.8964737329084,26.80722891566265,18.16592988588465,1.4490283003296942,1.475605899513673,23.054379680885706,53.763265306122456,0.02657759918397873,1.0183416701923156,0.2701452064898112
CYBA,ITGB2,80.75545424943016,58.918474349748124,40.752197981113646,22.617456564202733,36.006186909801364,15.564922381001336,1.3706071742945782,2.3131418767543113,44.749267339628794,44.58669354838709,0.942534702459733,1.6876767611732626,0.2700602028649221
CTSC,TMED9,60.485183979159885,40.74226380178884,46.1738847281016,40.8964737329084,32.294041028980786,20.890305335663616,1.4845443966740897,1.5458125047768805,28.1911429501791,53.39165545087483,0.06126810810279082,1.0412706472369928,0.2700216826595137
CTSC,ITM2C,60.485183979159885,40.74226380178884,50.10582872028655,50.580857407217025,32.929013350700096,22.864192453994036,1.4845443966740897,1.4401371611874683,27.55617062845979,54.4414535666218,-0.0444072354866214,0.970086960291582,0.26998690605877795
TYROBP,ANTXR2,72.33800065125367,18.926698879407834,37.77271247150765,28.683047188238923,27.539889286877237,5.088927726945616,3.8218063966535802,5.4106641123966375,44.798111364376425,38.07112311501238,1.5888577157430572,1.415734747090873,0.2697985013622148
IL2RG,RALY,44.51318788668186,16.305130050375244,48.38000651253663,49.645317158425,25.17095408661674,10.188136115965868,2.729843791823401,2.470371756755228,19.342233800065124,56.54718361375275,-0.25947203506817296,0.9049498598251813,0.2697623163153551
EMP3,LAMP1,70.35981764897427,68.28415749974299,38.43210680560078,21.91837154312738,30.95083034842071,15.287344504986121,1.030382300124871,2.0244723251969137,39.40898730055356,43.98935554784219,0.9940900250720426,1.9647778547356352,0.2696512789928131
TAGLN2,IL3RA,88.04135460761967,83.7051506116994,33.46629762292413,11.833042047907885,31.211331813741452,10.774133854220212,1.0517907461308387,2.8966073401971855,56.830022793878214,35.45076282940361,1.8448165940663468,2.7539768255736856,0.2694946438503354
HCST,ITM2C,65.81732334744383,32.03454302457078,50.10582872028655,50.580857407217025,36.795831976554865,19.862239128199857,2.0545093709497273,1.8524587928016125,29.021491370888967,55.90599876314162,-0.20205057814811478,0.9016550710329864,0.2694274649083023
VDAC1,DPP7,49.86160859654836,34.40937596381207,46.65418430478672,45.94427881155546,27.254965809182675,19.903361776498407,1.4490283003296942,1.369296142987278,22.606642787365683,54.66122448979591,-0.07973215734241612,0.9449754312429406,0.26931951458185877
TIMP1,ATRAID,52.92250081406708,28.82697645728385,42.893194399218494,39.85812686337,27.002605014653206,12.737740310475994,1.8358035255261687,2.119723328722464,25.919895799413872,51.02291955083833,0.2839198031962953,1.1546569658727066,0.2693105879140064
EMP3,RALY,70.35981764897427,68.28415749974299,48.38000651253663,49.645317158425,38.01693259524585,37.51413591035263,1.030382300124871,1.0133758461142812,32.34288505372842,54.03216475760731,-0.017006454010589866,0.9834950056803878,0.2693105010875071
TYROBP,CD44,72.33800065125367,18.926698879407834,64.75903614457832,80.45646139611391,46.735591012699444,17.035057057674514,3.8218063966535802,2.7433337922313243,25.60240963855422,64.6072473553905,-1.078472604422256,0.7178107699629737,0.2691126065558397
CYBA,M6PR,80.75545424943016,58.918474349748124,47.199609247802016,39.405777732085944,41.444154998371864,25.578287241698366,1.3706071742945782,1.620223214461238,39.311299251058294,51.32056451612903,0.24961604016665984,1.1821207745356592,0.26908362458897817
PLP2,PBXIP1,58.83262780853142,35.468284157499745,42.380332139368285,33.04204790788527,28.476066427873658,12.953634214043385,1.6586922799819646,2.198137435405499,30.356561380657762,48.401826484018265,0.5394451554235347,1.3252231664268674,0.2689813901912681
TYROBP,SLC38A1,72.33800065125367,18.926698879407834,45.888961250407036,26.524108152565024,33.18951481602084,7.196463452246324,3.8218063966535802,4.611279381441306,39.148485835232826,45.88116137744767,0.7894729847877255,1.2065706377693537,0.2688794561266246
TAGLN2,MYH9,88.04135460761967,83.7051506116994,50.46401823510257,48.26770844042356,47.191468577010745,44.13488228641925,1.0517907461308387,1.0692313404037628,40.84988603060892,53.60147942672214,0.017440594272924104,1.0165818099627533,0.2688794268472569
HCST,DPP7,65.81732334744383,32.03454302457078,46.65418430478672,45.94427881155546,35.35493324649951,17.158425002570166,2.0545093709497273,2.0603798344760382,30.46239010094432,53.71675943104515,0.005870463526310932,1.0028573554393656,0.26887732033154127
TYROBP,HSD17B12,72.33800065125367,18.926698879407834,38.01693259524585,31.469106610465715,29.24943015304461,5.6749254651999586,3.8218063966535802,5.153244229928268,43.08857049820905,40.43439117713257,1.3314378332746881,1.348379194309924,0.26874384754939723
HCST,PA2G4,65.81732334744383,32.03454302457078,53.66330185607294,60.162434460779274,37.46336698143927,21.589390356738974,2.0545093709497273,1.7351871069689062,28.35395636600456,56.92022263450834,-0.3193222639808211,0.8445749294230721,0.2686349999735007
CD99,IL1RAP,89.77531748616086,78.35920633288784,31.773038098339303,10.157294129741956,29.843699120807553,9.345121825845585,1.145674848082707,3.1931639322610117,59.9316183653533,33.24265505984766,2.047489084178305,2.7871467525055547,0.26858772950815357
VIM,TM9SF3,89.62064474112667,80.15832219594942,41.76164115923152,21.846406908604916,39.11592315206773,18.443507761899866,1.118031468904503,2.1207355412795583,50.50472158905894,43.646107730039056,1.0027040723750553,1.8968478081905418,0.2683657422689481
TGFB1,METTL9,53.80983393031586,34.67667317775265,45.766851188537935,47.352729515780815,29.01335070009769,19.019224838079573,1.5517140857316054,1.5253947283531217,24.796483230218172,53.91830559757942,-0.026319357378483677,0.9830385264782368,0.2682755601189729
CYBA,MYH9,80.75545424943016,58.918474349748124,50.46401823510257,48.26770844042356,43.25138391403452,31.366299989719337,1.3706071742945782,1.3788685646584247,37.50407033539564,53.55846774193549,0.008261390363846433,1.0060275405811285,0.26820540822786976
EMP3,TMED9,70.35981764897427,68.28415749974299,46.1738847281016,40.8964737329084,36.20156300879192,29.0325896987766,1.030382300124871,1.246885534457951,34.15825464018235,51.45204211500636,0.21650323433307994,1.21011932591121,0.2680853722916858
TGFB1,ITGA4,53.80983393031586,34.67667317775265,52.76782806903289,56.01932764470032,29.941387170302832,22.237072067441144,1.5517140857316054,1.3464021107360356,23.86844676001303,55.642965204236006,-0.20531197499556986,0.8676869812013281,0.26794922727140147
TGFB1,ITGB1,53.80983393031586,34.67667317775265,43.53630739172908,31.82892978307803,26.440898730055356,13.262054076282512,1.5517140857316054,1.9935754297600248,27.368935200260506,49.137670196671706,0.44186134402841937,1.284756933053224,0.26778141818477946
PLP2,TM7SF3,58.83262780853142,35.468284157499745,46.15760338651905,41.873136629998974,31.40670791273201,18.741646962064358,1.6586922799819646,1.6756815606835076,27.42591989579941,53.38314653383147,0.01698928070154304,1.010242575374938,0.2677651967042345
CD99,CREG1,89.77531748616086,78.35920633288784,51.30250732660371,51.09489051094891,48.73005535656138,45.44052636989822,1.145674848082707,1.0723683654438505,41.04526212959948,54.280014508523756,-0.07330648263885653,0.9360145832287972,0.26773474841067596
VIM,PA2G4,89.62064474112667,80.15832219594942,53.66330185607294,60.162434460779274,49.01497883425594,48.84342551660327,1.118031468904503,1.0034917662731995,40.605665906870726,54.691615950585884,-0.11453970263130353,0.8975523446191236,0.26773109462136424
EMB,LNPEP,59.703679583197655,16.82944381618176,37.35753826115272,26.997018607998356,25.22793878215565,5.3973475891847436,3.5473621631887737,4.673270545360634,34.47574080104201,42.25524952277066,1.1259083821718598,1.3173931305507767,0.26757166672244626
CD63,ITGB1,69.96906545099316,68.3149994859669,43.53630739172908,31.82892978307803,34.35363073917291,23.532435488845483,1.0241973472900125,1.459779672009896,35.61543471182025,49.098312972658526,0.43558232471988334,1.4252914009906565,0.26727068109928676
CD99,CTSD,89.77531748616086,78.35920633288784,50.37447085639857,48.1957438059011,48.13578638879844,42.97316747198519,1.145674848082707,1.120109805970717,41.63953109736242,53.61806311207835,-0.025565042111989955,0.9776856041181552,0.26681206345479225
TGFB1,SERINC3,53.80983393031586,34.67667317775265,45.35981764897428,40.783386450087384,27.87365678931944,16.32569137452452,1.5517140857316054,1.7072446676374562,25.93617714099642,51.80030257186081,0.15553058190585078,1.100231468758319,0.2667780419545966
PLP2,SERINC3,58.83262780853142,35.468284157499745,45.35981764897428,40.783386450087384,30.486812113318138,16.82944381618176,1.6586922799819646,1.811408685729746,28.345815695213282,51.81956551819565,0.15271640574778145,1.0920703662703741,0.2667336478783674
CD63,SLC38A2,69.96906545099316,68.3149994859669,49.299902311950504,50.395805489873545,37.121458808205794,35.375758198828,1.0241973472900125,1.0493177073934263,32.84760664278736,53.054101221640494,0.025120360103413786,1.0245268747960354,0.26652652411337313
PLP2,SLC38A2,58.83262780853142,35.468284157499745,49.299902311950504,50.395805489873545,31.773038098339303,20.00616839724478,1.6586922799819646,1.588082704532782,27.059589710192117,54.00581154005811,-0.07060957544918245,0.957430575700304,0.2664985789278315
TAGLN2,CTSD,88.04135460761967,83.7051506116994,50.37447085639857,48.1957438059011,46.865841745359816,44.28909221753881,1.0517907461308387,1.0581563369787028,41.17551286225985,53.23162274618585,0.006365590847864144,1.006052145706055,0.26647639327332245
PLP2,ITGB1,58.83262780853142,35.468284157499745,43.53630739172908,31.82892978307803,28.671442526864215,13.560193276447004,1.6586922799819646,2.114227114265866,30.161185281667205,48.733914487339156,0.4555348342839016,1.2746349276363997,0.2664463141508908
CD99,PA2G4,89.77531748616086,78.35920633288784,53.66330185607294,60.162434460779274,49.59296646043634,52.25660532538296,1.145674848082707,0.949009548976552,40.18235102572452,55.24120420747188,-0.19666529910615504,0.8283410869713379,0.26637275608205174
PLP2,LGALS9,58.83262780853142,35.468284157499745,45.66102246825138,43.44607792741853,31.53695864539238,19.4098899969158,1.6586922799819646,1.6247044133681294,27.29566916313904,53.60453853604539,-0.03398786661383513,0.9795092392820417,0.2663232993495352
EMP3,SLC38A2,70.35981764897427,68.28415749974299,49.299902311950504,50.395805489873545,37.39010094431781,35.972036599156986,1.030382300124871,1.0393924027307173,32.96971670465646,53.14127039222492,0.009010102605846226,1.0087444268062002,0.2661568570914169
VIM,SLC38A1,89.62064474112667,80.15832219594942,45.888961250407036,26.524108152565024,41.34646694887659,22.63801788835201,1.118031468904503,1.8263365996167942,48.27417779225008,46.13498047052412,0.7083051307122912,1.6335287962925766,0.2660901588882352
VDAC1,P4HB,49.86160859654836,34.40937596381207,44.806252035167695,44.89565127994243,26.9130576359492,19.605222576333915,1.4490283003296942,1.372679389472766,22.948550960599157,53.97551020408162,-0.07634891085692819,0.9473102693442518,0.2660601054775617
CTSC,DPP7,60.485183979159885,40.74226380178884,46.65418430478672,45.94427881155546,32.54640182351026,22.864192453994036,1.4845443966740897,1.423403799858467,27.938782155649626,53.808882907133246,-0.06114059681562267,0.9588152453017913,0.26598738469488503
CD63,CD46,69.96906545099316,68.3149994859669,45.86453923803322,42.160995168088824,36.2097036795832,31.037318803330933,1.0241973472900125,1.1666129183419975,33.75936177140996,51.75101803374056,0.142415571051985,1.139050907941532,0.26587586872130203
CYBA,ITM2C,80.75545424943016,58.918474349748124,50.10582872028655,50.580857407217025,43.4386193422338,33.216819163154106,1.3706071742945782,1.3076902830037926,37.31683490719636,53.79032258064515,-0.06291689129078559,0.9540956063336181,0.2658057683386865
HCST,LNPEP,65.81732334744383,32.03454302457078,37.35753826115272,26.997018607998356,27.51546727450342,8.625475480620953,2.0545093709497273,3.1896534495827256,38.30185607294041,41.80581323438466,1.1351440786329983,1.5525134587769056,0.26578627010357325
TAGLN2,ITGA4,88.04135460761967,83.7051506116994,52.76782806903289,56.01932764470032,47.61478345815695,49.69672046879819,1.0517907461308387,0.9580878762447671,40.42657114946272,54.08229311141932,-0.09370286988607157,0.9109111101891979,0.265726322062793
PLP2,P4HB,58.83262780853142,35.468284157499745,44.806252035167695,44.89565127994243,31.748616085965484,20.13981700421507,1.6586922799819646,1.5763320861969565,27.084011722565936,53.964300539643006,-0.08236019378500803,0.9503463090900118,0.2657034930089646
TAGLN2,S100A10,88.04135460761967,83.7051506116994,43.70726147834581,28.48771460882081,41.95701725822208,26.236249614475174,1.0517907461308387,1.5991393105119622,46.084337349397586,47.65603328710125,0.5473485643811236,1.5203968245533845,0.26564759465456245
TIMP1,ANGPT1,52.92250081406708,28.82697645728385,48.62422663627483,45.11154518350982,27.40963855421687,13.92001644905932,1.8358035255261687,1.9689394560027986,25.51286225985021,51.79203199507768,0.13313593047662997,1.072521884082596,0.26561695649921996
CD63,PTPRA,69.96906545099316,68.3149994859669,32.04168023445132,13.683561221342654,25.667535004884403,9.6226997018608,1.0241973472900125,2.6671172002511088,44.30153044610876,36.684118673647475,1.6429198529610962,2.6041047726868265,0.2655665860162921
PLP2,SSR1,58.83262780853142,35.468284157499745,42.58384890915011,33.25794181145266,28.492347769456202,13.395702683252802,1.6586922799819646,2.126817952381256,30.340280039075218,48.429500484295005,0.4681256723992915,1.2822257497963285,0.2655537860414396
TIMP1,NR3C1,52.92250081406708,28.82697645728385,43.78866818625855,40.526369898221446,25.83848909150114,11.411534902847743,1.8358035255261687,2.264044693966607,27.08401172256594,48.823257960313796,0.42824116844043836,1.2332717867058776,0.2655283482235909
CD99,SLC38A1,89.77531748616086,78.35920633288784,45.888961250407036,26.524108152565024,42.070986649299904,23.768890716562147,1.145674848082707,1.7699276429565618,47.704330836860954,46.86253173739573,0.6242527948738548,1.5448778036094142,0.26552529843067135
TYROBP,NR3C1,72.33800065125367,18.926698879407834,43.78866818625855,40.526369898221446,32.96971670465646,7.206744114320962,3.8218063966535802,4.574207433245224,39.3682839465972,45.57731262660364,0.7524010365916438,1.1968705262648718,0.26550661496260036
CD99,TM9SF3,89.77531748616086,78.35920633288784,41.76164115923152,21.846406908604916,39.10778248127646,18.659401665467257,1.145674848082707,2.0957631664300616,50.6675350048844,43.56184258251723,0.9500883183473545,1.8292826886592932,0.26531362882995385
TGFB1,TM7SF3,53.80983393031586,34.67667317775265,46.15760338651905,41.873136629998974,28.23184630413546,17.53880949933176,1.5517140857316054,1.6095868261973454,25.577987626180402,52.46596066565809,0.05787274046573998,1.0372960076845947,0.26522344035157747
ANXA1,M6PR,83.14881146206447,62.16716356533361,47.199609247802016,39.405777732085944,41.68837512211006,25.629690552071555,1.337482188526961,1.626502221522887,41.46043633995441,50.137066771098496,0.28902003299592605,1.2160926219991302,0.26513633550528876
PLP2,UQCRC2,58.83262780853142,35.468284157499745,46.48323021816998,53.31551351907063,32.48127645718007,22.55577259175491,1.6586922799819646,1.4399788943677532,26.351351351351347,55.209630552096314,-0.2187133856142114,0.8681410721845347,0.265112483479771
TIMP1,ITGA4,52.92250081406708,28.82697645728385,52.76782806903289,56.01932764470032,28.671442526864215,16.69579520921147,1.8358035255261687,1.7171823794692311,24.251058287202863,54.17628057221966,-0.11862114605693752,0.93538461801192,0.2649503455582514
TIMP1,RALY,52.92250081406708,28.82697645728385,48.38000651253663,49.645317158425,28.476066427873658,16.253726740002055,1.8358035255261687,1.7518637429810189,24.44643438619342,53.807106598984774,-0.08393978254514978,0.9542762711924244,0.2648385438676664
TYROBP,TPP1,72.33800065125367,18.926698879407834,36.616737219146856,29.988691271717897,29.233148811462065,5.767451423871697,3.8218063966535802,5.067763713929521,43.1048518397916,40.41188386225523,1.2459573172759408,1.3260126725327888,0.26435728517507323
TAGLN2,ITM2C,88.04135460761967,83.7051506116994,50.10582872028655,50.580857407217025,46.67046564636926,45.070422535211264,1.0517907461308387,1.0354779818610955,41.37088896125041,53.00970873786408,-0.016312764269743152,0.9844904850800865,0.2642329054758332
TYROBP,ANGPT1,72.33800065125367,18.926698879407834,48.62422663627483,45.11154518350982,36.70628459785086,9.10866659812892,3.8218063966535802,4.029377387465547,35.631716053402805,50.74274139095205,0.20757099081196673,1.054312272592803,0.2640922564953586
VIM,ACTN4,89.62064474112667,80.15832219594942,46.92282644089873,37.51413591035263,44.44806252035168,30.89338953428601,1.118031468904503,1.4387098495998458,45.17258222077499,49.59578526660005,0.3206783806953428,1.286824109709146,0.2640128453677674
EMP3,PTPRA,70.35981764897427,68.28415749974299,32.04168023445132,13.683561221342654,25.268642136112014,9.303999177547034,1.030382300124871,2.7155985351492835,45.09117551286226,35.91345597593428,1.6852162350244124,2.635525217019142,0.26382809163089205
CD99,ITM2C,89.77531748616086,78.35920633288784,50.10582872028655,50.580857407217025,47.71247150765223,43.08625475480621,1.145674848082707,1.1073453572098393,42.062845978508626,53.146536089952846,-0.038329490872867744,0.9665441805438844,0.26381620590612087
TGFB1,TMED9,53.80983393031586,34.67667317775265,46.1738847281016,40.8964737329084,27.71898404428525,16.531304616017273,1.5517140857316054,1.6766557771642916,26.09084988603061,51.51285930408472,0.12494169143268619,1.0805185005289029,0.2638113810920579
VIM,M6PR,89.62064474112667,80.15832219594942,47.199609247802016,39.405777732085944,44.43178117876913,30.97563483088311,1.118031468904503,1.4343643659598393,45.18886356235754,49.57761831228994,0.3163328970553363,1.2829373822235015,0.2637047364142165
PLP2,CLTC,58.83262780853142,35.468284157499745,39.669488765874306,26.225968952400535,26.953760989905568,11.473218875295569,1.6586922799819646,2.349071538798867,31.878866818625852,45.81430745814308,0.6903792588169027,1.4162190100893273,0.2635905002315605
TAGLN2,TM9SF3,88.04135460761967,83.7051506116994,41.76164115923152,21.846406908604916,38.049495278410944,19.008944176004935,1.0517907461308387,2.001557444152753,49.99185932920872,43.21775312066575,0.9497666980219142,1.9029996712899078,0.26357710050442446
TYROBP,ATRAID,72.33800065125367,18.926698879407834,42.893194399218494,39.85812686337,34.23966134809508,7.854425825023132,3.8218063966535802,4.358727599339818,38.09833930315858,47.33288318703578,0.5369212026862376,1.1404888544737306,0.26351047606949085
VIM,MYH9,89.62064474112667,80.15832219594942,50.46401823510257,48.26770844042356,46.7193096711169,39.85812686337,1.118031468904503,1.1721107145990024,42.901335070009765,52.130075392860384,0.0540792456944994,1.0483700568352416,0.2633543392490269
EMB,MYH9,59.703679583197655,16.82944381618176,50.46401823510257,48.26770844042356,32.66037121458808,9.776909632980363,3.5473621631887737,3.340220194347717,27.043308368609573,54.70411780747205,-0.20714196884105673,0.9416067603723738,0.26316349059530736
CYBA,S100A10,80.75545424943016,58.918474349748124,43.70726147834581,28.48771460882081,36.950504721589056,17.970597306466537,1.3706071742945782,2.056050115717512,43.8049495278411,45.75604838709676,0.6854429414229337,1.5001016733884502,0.2630523890066305
TIMP1,UQCRC2,52.92250081406708,28.82697645728385,46.48323021816998,53.31551351907063,28.37837837837838,16.36681402282307,1.8358035255261687,1.733791594821882,24.5441224356887,53.62251961236733,-0.1020119307042866,0.9444319997832837,0.2630120015266223
ANXA1,BSG,83.14881146206447,62.16716356533361,49.763920547053075,53.81926596072787,44.38293715402149,35.23182892978308,1.337482188526961,1.2597040459758153,38.76587430804298,53.37771685921284,-0.07777814255114568,0.941847343300469,0.2629996771685069
VDAC1,METTL9,49.86160859654836,34.40937596381207,45.766851188537935,47.352729515780815,27.027027027027028,20.993111956409994,1.4490283003296942,1.2873622415248216,22.83458156952133,54.20408163265306,-0.16166605880487261,0.8884314000160735,0.2629371052230217
CTSC,ACTN4,60.485183979159885,40.74226380178884,46.92282644089873,37.51413591035263,31.186909801367634,19.656625886707104,1.4845443966740897,1.5865043917870505,29.29827417779225,51.56123822341857,0.10195999511296083,1.06868100094641,0.2629041908727409
VDAC1,SERINC3,49.86160859654836,34.40937596381207,45.35981764897428,40.783386450087384,26.237381960273527,18.155649223810013,1.4490283003296942,1.4450563888113626,23.62422663627483,52.62040816326531,-0.00397191151833165,0.9972589137717821,0.2629034452404099
TAGLN2,SEMA4D,88.04135460761967,83.7051506116994,27.95506349723217,9.160069908502107,25.96873982416151,7.73105788012748,1.0517907461308387,3.3585806297318297,62.07261478345816,29.496070272769302,2.306789883600991,3.1932023000647654,0.26281984554389604
VIM,BSG,89.62064474112667,80.15832219594942,49.763920547053075,53.81926596072787,47.45197004233149,43.960111031150404,1.118031468904503,1.0794078886838756,42.16867469879518,52.94758833681533,-0.038623580220627396,0.9654539417763683,0.2628067626730453
CYBA,CD53,80.75545424943016,58.918474349748124,44.928362097036796,33.30934512182584,38.89612504070335,21.537987046365785,1.3706071742945782,1.8058474596309388,41.859329208726805,48.16532258064516,0.4352402853363606,1.317552901735225,0.2625886271700438
PLP2,CD46,58.83262780853142,35.468284157499745,45.86453923803322,42.160995168088824,30.44610875936177,17.590212809704944,1.6586922799819646,1.7307566617899632,28.38651904916965,51.7503805175038,0.07206438180799868,1.04344650462157,0.26235512167791897
HCST,ATRAID,65.81732334744383,32.03454302457078,42.893194399218494,39.85812686337,32.48941712797134,13.734964531715843,2.0545093709497273,2.3652810876844113,33.32790621947249,49.3630179344465,0.31077171673468396,1.1512632266997278,0.2623536755089667
TYROBP,DPP7,72.33800065125367,18.926698879407834,46.65418430478672,45.94427881155546,38.13090198632367,10.044206846920941,3.8218063966535802,3.795929996007157,34.207098664929994,52.71213144271888,-0.02587640064642338,0.993229274860945,0.26226683718127325
TAGLN2,ACTN4,88.04135460761967,83.7051506116994,46.92282644089873,37.51413591035263,44.146857701074566,34.41965662588671,1.0517907461308387,1.2825687255446803,43.8944969065451,50.14331946370781,0.2307779794138416,1.219414346687106,0.26225549628923117
EMB,SSR1,59.703679583197655,16.82944381618176,42.58384890915011,33.25794181145266,27.8248127645718,6.733833658887632,3.5473621631887737,4.131477356957844,31.878866818625855,46.60485410417235,0.5841151937690703,1.1646618436173433,0.26223003020931523
PLP2,ATRAID,58.83262780853142,35.468284157499745,42.893194399218494,39.85812686337,29.8599804623901,16.36681402282307,1.6586922799819646,1.824310834712181,28.97264734614132,50.75411650754117,0.16561855473021647,1.0998488729519,0.2620515102742167
EMP3,ITGA4,70.35981764897427,68.28415749974299,52.76782806903289,56.01932764470032,37.40638228590036,39.23100647681711,1.030382300124871,0.9534659489823559,32.953435363073915,53.16441050561148,-0.07691635114251516,0.9253516378016259,0.2619762349709316
TGFB1,UQCRC2,53.80983393031586,34.67667317775265,46.48323021816998,53.31551351907063,29.15174210354933,21.229567184126658,1.5517140857316054,1.3731023693679296,24.65809182676653,54.175491679273826,-0.1786117163636758,0.8848939260099172,0.26194687257818533
CD99,S100A10,89.77531748616086,78.35920633288784,43.70726147834581,28.48771460882081,42.33148811462065,25.372674000205613,1.145674848082707,1.6683231649574128,47.44382937154021,47.152702212549876,0.5226483168747058,1.4561925381790135,0.26189592690648467
VDAC1,PTTG1IP,49.86160859654836,34.40937596381207,48.21719309671117,44.35077618998663,26.47346141322045,19.224838079572326,1.4490283003296942,1.3769730767341062,23.38814718332791,53.093877551020405,-0.07205522359558802,0.950273418690861,0.26186662657532256
TIMP1,SLC38A2,52.92250081406708,28.82697645728385,49.299902311950504,50.395805489873545,27.57245197004233,14.804153387478154,1.8358035255261687,1.8623550360081007,25.350048844024748,52.09967697277342,0.02655151048193205,1.0144631547508995,0.26182596038796374
TGFB1,HM13,53.80983393031586,34.67667317775265,42.91761641159231,41.10208697440115,27.857375447736892,17.333196257839006,1.5517140857316054,1.6070762689754945,25.95245848257897,51.77004538577912,0.055362183243889085,1.035678082549458,0.26161833609109003
EMP3,CD46,70.35981764897427,68.28415749974299,45.86453923803322,42.160995168088824,35.74568544448063,30.297111133957028,1.030382300124871,1.1797991395053717,34.61413220449364,50.80411894018282,0.14941683938050065,1.1450110695441809,0.2614914366699391
EMP3,PBXIP1,70.35981764897427,68.28415749974299,42.380332139368285,33.04204790788527,33.79192445457506,23.27541893697954,1.030382300124871,1.4517664657121891,36.56789319439921,48.02730533379614,0.42138416558731806,1.4089590490211747,0.26120573494834665
HCST,CD46,65.81732334744383,32.03454302457078,45.86453923803322,42.160995168088824,33.23835884076848,14.917240670299167,2.0545093709497273,2.2280347646450673,32.578964506675355,50.50092764378478,0.17352539369534004,1.0844607457862923,0.26118090790369086
ANXA1,ITGA4,83.14881146206447,62.16716356533361,52.76782806903289,56.01932764470032,43.959622272875286,34.50190192248381,1.337482188526961,1.2740847819594272,39.189189189189186,52.868611709418445,-0.06339740656753379,0.9525994386232861,0.2611731882187156
TAGLN2,M6PR,88.04135460761967,83.7051506116994,47.199609247802016,39.405777732085944,44.23640507977857,35.4580034954251,1.0517907461308387,1.2475366118364246,43.804949527841096,50.24503005085529,0.19574586570558594,1.1861072332359501,0.2610124435395557
ANXA1,CD53,83.14881146206447,62.16716356533361,44.928362097036796,33.30934512182584,39.93813090198633,22.792227819471574,1.337482188526961,1.7521928538733935,43.210680560078146,48.03211278637165,0.4147106653464325,1.3100681780317203,0.2608960971991799
EMB,CD53,59.703679583197655,16.82944381618176,44.928362097036796,33.30934512182584,28.6144578313253,7.2170247763956,3.5473621631887737,3.9643058478962776,31.089221751872355,47.92746113989637,0.41694368470750387,1.1175362608966621,0.26048448993485707
VIM,S100A10,89.62064474112667,80.15832219594942,43.70726147834581,28.48771460882081,42.551286225985024,26.93533463555053,1.118031468904503,1.5796984556995333,47.069358515141644,47.47933508947225,0.46166698679503027,1.412928436842115,0.2604800247871128
TGFB1,NR3C1,53.80983393031586,34.67667317775265,43.78866818625855,40.526369898221446,27.580592640833604,16.860285802405674,1.5517140857316054,1.6357348403938778,26.229241289482257,51.25567322239032,0.08402075466227243,1.054147059329334,0.2604794038450652
VIM,ITGB2,89.62064474112667,80.15832219594942,40.752197981113646,22.617456564202733,38.77401497883426,19.4098899969158,1.118031468904503,1.997539267132783,50.84662976229241,43.264601689526756,0.87950779822828,1.786657462414775,0.2602983983590477
TAGLN2,RALY,88.04135460761967,83.7051506116994,48.38000651253663,49.645317158425,46.31227613155324,46.46859257736198,1.0517907461308387,0.9966146368607205,41.72907847606643,52.60286638927416,-0.05517610927011818,0.9475407922411456,0.2602555264828649
HCST,CTSA,65.81732334744383,32.03454302457078,36.144578313253014,24.046468592577362,27.56431129925106,8.97501799115863,2.0545093709497273,3.070884141097075,38.25301204819277,41.880024737167595,1.0163747701473476,1.4947043729849299,0.2602188621932054
HCST,RALY,65.81732334744383,32.03454302457078,48.38000651253663,49.645317158425,35.6317160534028,19.31736403824406,2.0545093709497273,1.8444479037077681,30.185607294041034,54.13729128014842,-0.21006146724195918,0.8977558972413666,0.26018338303864413
EMB,ANGPT1,59.703679583197655,16.82944381618176,48.62422663627483,45.11154518350982,30.918267665255616,8.656317466844865,3.5473621631887737,3.5713450250223637,28.78541191794204,51.78620125443142,0.023982861833589997,1.006760759327723,0.26013014936383655
HCST,PBXIP1,65.81732334744383,32.03454302457078,42.380332139368285,33.04204790788527,30.06349723217193,11.185360337205717,2.0545093709497273,2.6875137512047647,35.753826115271906,45.67717996289424,0.6330043802550374,1.3081048883035378,0.2600361188272231
CYBA,PTPRA,80.75545424943016,58.918474349748124,32.04168023445132,13.683561221342654,27.930641484858352,8.97501799115863,1.3706071742945782,3.1116962457483943,52.8248127645718,34.586693548387096,1.741089071453816,2.270304945215187,0.25998792131462634
TYROBP,CD46,72.33800065125367,18.926698879407834,45.86453923803322,42.160995168088824,34.223380006512535,7.977793769918783,3.8218063966535802,4.2892924661794956,38.11462064474113,47.31037587215845,0.4674860695259153,1.1223207093732566,0.259926182837088
ANXA1,ITM2C,83.14881146206447,62.16716356533361,50.10582872028655,50.580857407217025,43.471182025398896,33.23738048730338,1.337482188526961,1.307861014528199,39.677629436665576,52.28118269042491,-0.029621173998761963,0.9778530329204718,0.25992485475218646
CD99,BSG,89.77531748616086,78.35920633288784,49.763920547053075,53.81926596072787,47.80201888635624,46.92094170864603,1.145674848082707,1.0187561969019718,41.97329859980462,53.246282190787085,-0.1269186511807352,0.8892193091319633,0.2598854783948987
TAGLN2,BSG,88.04135460761967,83.7051506116994,49.763920547053075,53.81926596072787,46.63790296320417,49.19296802714095,1.0517907461308387,0.9480410878316105,41.4034516444155,52.97272306981044,-0.10374965829922822,0.9013590310801972,0.2596761324340908
CD63,PTTG1IP,69.96906545099316,68.3149994859669,48.21719309671117,44.35077618998663,36.01432758059264,33.72057160481135,1.0241973472900125,1.0679907805795792,33.954737870400514,51.47178592204771,0.04379343328956664,1.0427587841400316,0.25954860127471685
CYBA,RALY,80.75545424943016,58.918474349748124,48.38000651253663,49.645317158425,42.36405079778574,32.21959494191426,1.3706071742945782,1.3148128044860008,38.39140345164442,52.45967741935483,-0.05579436980857744,0.9592922240194068,0.2595086686063453
TGFB1,CD46,53.80983393031586,34.67667317775265,45.86453923803322,42.160995168088824,27.56431129925106,17.035057057674514,1.5517140857316054,1.6179982965502986,26.2455226310648,51.22541603630862,0.06628421081869318,1.0427167681393066,0.2594412907224778
VIM,ITM2C,89.62064474112667,80.15832219594942,50.10582872028655,50.580857407217025,46.68674698795181,42.60306363729824,1.118031468904503,1.0958284962066231,42.93389775317486,52.09374148424016,-0.022202972697879853,0.9801410127394399,0.25935855878630687
EMB,TMEM179B,59.703679583197655,16.82944381618176,38.64376424617389,30.96535416880847,25.5779876261804,5.746890099722422,3.5473621631887737,4.449978545591123,34.12569195701725,42.841559858194714,0.9026163824023494,1.2544472035499683,0.25933861841109107
TYROBP,LRPAP1,72.33800065125367,18.926698879407834,37.69130576359492,29.978410609643262,30.06349723217193,6.199239231006477,3.8218063966535802,4.848764073784256,42.27450341908174,41.55975692099933,1.0269576771306759,1.2687100210073154,0.25914666846153034
CD99,SEMA4D,89.77531748616086,78.35920633288784,27.95506349723217,9.160069908502107,26.50602409638554,7.854425825023132,1.145674848082707,3.3742313512720985,63.269293389775314,29.524845846935072,2.2285565031893917,2.9451910870862643,0.25905205439414497
VIM,ITGA4,89.62064474112667,80.15832219594942,52.76782806903289,56.01932764470032,47.044936502767825,44.92649326616634,1.118031468904503,1.047130233241748,42.57570823835884,52.49341447906259,-0.07090123566275497,0.9365838640192953,0.2589220106121752
HCST,SERINC3,65.81732334744383,32.03454302457078,45.35981764897428,40.783386450087384,32.18007163790296,13.734964531715843,2.0545093709497273,2.3427602454563963,33.63725170954087,48.8930117501546,0.288250874506669,1.1403015623011838,0.25887760247610647
PLP2,METTL9,58.83262780853142,35.468284157499745,45.766851188537935,47.352729515780815,31.39042657114946,20.92114732188753,1.6586922799819646,1.5003444000373052,27.44220123738196,53.355472533554725,-0.15834787994465938,0.9045345047687923,0.2588599686705407
EMP3,P4HB,70.35981764897427,68.28415749974299,44.806252035167695,44.89565127994243,36.04689026375773,33.319625783900484,1.030382300124871,1.0818191260133685,34.31292738521654,51.232211037834084,0.051436825888497406,1.049920137294928,0.2587328964835953
TIMP1,FLT3,52.92250081406708,28.82697645728385,46.74373168349072,39.08707720777218,25.976880494952784,12.357355813714403,1.8358035255261687,2.101968974394275,26.945620319114294,49.084756191355176,0.2661654488681062,1.1449858033101985,0.2587320534001812
CD99,M6PR,89.77531748616086,78.35920633288784,47.199609247802016,39.405777732085944,44.90394008466298,34.10095610157294,1.145674848082707,1.3167555535792799,44.87137740149788,50.01813565469714,0.17108070549657284,1.1493274516612435,0.2586447135483143
TYROBP,CREG1,72.33800065125367,18.926698879407834,51.30250732660371,51.09489051094891,41.24877889938131,12.532127068983243,3.8218063966535802,3.291180139828235,31.08922175187236,57.02228224172856,-0.5306262568253453,0.8611582582283687,0.25858009836737555
TYROBP,TMCO3,72.33800065125367,18.926698879407834,31.94399218495604,17.31263493368973,25.88733311624878,4.780507864706487,3.8218063966535802,5.4140521878735575,46.45066753500488,35.78663065496286,1.5922457912199772,1.416621258631564,0.2585454428358132
EMP3,LGALS9,70.35981764897427,68.28415749974299,45.66102246825138,43.44607792741853,35.85965483555845,32.48689215585484,1.030382300124871,1.1037852090719886,34.50016281341582,50.966099733888704,0.07340290894711754,1.0712385188858755,0.2585006441167994
CYBA,TMED9,80.75545424943016,58.918474349748124,46.1738847281016,40.8964737329084,40.630087919244545,26.93533463555053,1.3706071742945782,1.508374783316696,40.125366330185614,50.31249999999999,0.13776760902211782,1.1005157506876642,0.25845088045110587
CD99,MYH9,89.77531748616086,78.35920633288784,50.46401823510257,48.26770844042356,46.93910778248128,43.29186799629896,1.145674848082707,1.0842226434731475,42.83620970367958,52.28509249183896,-0.06145220460955958,0.9463615661001896,0.2583528522287168
TIMP1,P4HB,52.92250081406708,28.82697645728385,44.806252035167695,44.89565127994243,27.32009117551286,14.855556697851341,1.8358035255261687,1.8389248418150677,25.602409638554217,51.62282725734503,0.003121316288899001,1.001700245285238,0.25827020210117
ANXA1,RALY,83.14881146206447,62.16716356533361,48.38000651253663,49.645317158425,42.80364702051449,31.602755217436002,1.337482188526961,1.3543848421183642,40.34516444154998,51.47836303113373,0.016902653591403194,1.0126376663079297,0.2582369478352388
CYBA,LAMP1,80.75545424943016,58.918474349748124,38.43210680560078,21.91837154312738,34.011722565939436,14.639662794283952,1.3706071742945782,2.323099919985753,46.74373168349072,42.11693548387097,0.9524927456911747,1.6949421858829843,0.25820931470391356
CTSC,MYH9,60.485183979159885,40.74226380178884,50.46401823510257,48.26770844042356,32.35916639531097,24.940886193070835,1.4845443966740897,1.2973824892321395,28.126017583848913,53.499327052489896,-0.18716190744195016,0.8739263656504583,0.25813853989035196
EMP3,ITGB1,70.35981764897427,68.28415749974299,43.53630739172908,31.82892978307803,33.45001628134158,23.24457695075563,1.030382300124871,1.4389841281291254,36.90980136763269,47.541362952678476,0.40860182800425426,1.3965536169970467,0.2581369061636051
CYBA,ITGA4,80.75545424943016,58.918474349748124,52.76782806903289,56.01932764470032,43.0722891566265,35.9206332887838,1.3706071742945782,1.1990626598283167,37.683165092803655,53.336693548387096,-0.1715445144662615,0.8748404957426611,0.2581062420186223
EMB,PA2G4,59.703679583197655,16.82944381618176,53.66330185607294,60.162434460779274,34.15011396939108,11.432096226997018,3.5473621631887737,2.9869523785474903,25.553565613806576,57.199345514044175,-0.5604097846412834,0.8420207019016285,0.2579762383381567
HCST,CLTC,65.81732334744383,32.03454302457078,39.669488765874306,26.225968952400535,28.12601758384891,9.571296391487612,2.0545093709497273,2.9382727439217855,37.691305763594926,42.733457019171304,0.8837633729720582,1.4301578690602543,0.2578554537444594
TIMP1,METTL9,52.92250081406708,28.82697645728385,45.766851188537935,47.352729515780815,27.499185932920874,15.307905829135397,1.8358035255261687,1.7962868306750797,25.423314881146204,51.96123673281035,-0.039516694851088996,0.9784744422256391,0.25783034892149725
HCST,MYH9,65.81732334744383,32.03454302457078,50.46401823510257,48.26770844042356,35.54216867469879,19.625783900483192,2.0545093709497273,1.8109013099096576,30.27515467274504,54.001236858379706,-0.2436080610400697,0.8814276223391192,0.2578257812398951
CTSC,FLT3,60.485183979159885,40.74226380178884,46.74373168349072,39.08707720777218,30.51937479648323,19.163154107124498,1.4845443966740897,1.5925239708408154,29.965809182676654,50.45760430686407,0.10797957416672577,1.072735833571996,0.25768700024265656
EMB,SERINC3,59.703679583197655,16.82944381618176,45.35981764897428,40.783386450087384,29.648323021817,7.936671121620233,3.5473621631887737,3.735141273498013,30.055356561380655,49.659121898009275,0.18777911030923944,1.052934857415416,0.25768456500550835
CTSC,ATRAID,60.485183979159885,40.74226380178884,42.893194399218494,39.85812686337,30.706610224682514,19.677187210856378,1.4845443966740897,1.5604389721295973,29.77857375447737,50.7671601615074,0.0758945754555076,1.0511231429828158,0.25763052958031235
VDAC1,CD46,49.86160859654836,34.40937596381207,45.86453923803322,42.160995168088824,25.976880494952784,18.710804975840443,1.4490283003296942,1.3882616096358726,23.884728101595574,52.09795918367347,-0.06076669069382157,0.9580638344468528,0.2574514613836762
CYBA,DPP7,80.75545424943016,58.918474349748124,46.65418430478672,45.94427881155546,41.6151090849886,30.471882389225865,1.3706071742945782,1.365644002869326,39.140345164441555,51.53225806451612,-0.004963171425252266,0.9963788520019919,0.257413131751318
TGFB1,SSR1,53.80983393031586,34.67667317775265,42.58384890915011,33.25794181145266,25.854770433083686,13.652719235118742,1.5517140857316054,1.8936064223865547,27.955063497232175,48.04841149773071,0.34189233665494934,1.2203320442849195,0.25733667432140106
CD63,DPP7,69.96906545099316,68.3149994859669,46.65418430478672,45.94427881155546,35.91663953109736,34.65611185360337,1.0241973472900125,1.0363425458767141,34.052425919895796,51.33216986620128,0.0121451985867016,1.0118582601476536,0.2572681092603415
VDAC1,SLC9A3R1,49.86160859654836,34.40937596381207,41.6151090849886,35.416880847126556,25.02442201237382,15.883622905315102,1.4490283003296942,1.5753865963038052,24.83718658417454,50.18775510204081,0.12635829597411097,1.0872020898041543,0.2572566903089096
TYROBP,APLP2,72.33800065125367,18.926698879407834,55.503093454900686,60.08018916418217,40.97199609247802,12.408759124087592,3.8218063966535802,3.3015947918723545,31.366004558775643,56.639657888813865,-0.5202116047812257,0.8638833183081358,0.25718770920500805
CD63,SERINC3,69.96906545099316,68.3149994859669,45.35981764897428,40.783386450087384,35.07000976880495,30.37935643055413,1.0241973472900125,1.1543646582610316,34.899055682188205,50.12216404886563,0.13016731097101908,1.1270920211963416,0.25711918579287907
CD99,ITGA4,89.77531748616086,78.35920633288784,52.76782806903289,56.01932764470032,47.79387821556496,49.63503649635037,1.145674848082707,0.9628866764790768,41.9814392705959,53.23721436343851,-0.18278817160363026,0.8404537099600927,0.25704666323701103
PLP2,NR3C1,58.83262780853142,35.468284157499745,43.78866818625855,40.526369898221446,29.63204168023445,16.8397244782564,1.6586922799819646,1.7595467296251612,29.20058612829697,50.36668050366681,0.10085444964319668,1.0608035926014519,0.25687612500049384
CD99,ACTN4,89.77531748616086,78.35920633288784,46.92282644089873,37.51413591035263,44.44806252035168,33.50467770124396,1.145674848082707,1.3265830023399723,45.32725496580918,49.51033732317737,0.18090815425726525,1.1579053206588379,0.2565970943287501
VIM,RALY,89.62064474112667,80.15832219594942,48.38000651253663,49.645317158425,45.82383588407685,40.34131798087797,1.118031468904503,1.1358751350330711,43.79680885704982,51.130892905804345,0.017843666128568136,1.0159598961432206,0.25654664783545017
CD63,UQCRC2,69.96906545099316,68.3149994859669,46.48323021816998,53.31551351907063,36.69814392705959,40.40300195332579,1.0241973472900125,0.908279926564028,33.270921523933566,52.449098312972666,-0.11591742072598454,0.886821205861646,0.25644962052856407
TIMP1,TM7SF3,52.92250081406708,28.82697645728385,46.15760338651905,41.873136629998974,26.563008791924453,13.652719235118742,1.8358035255261687,1.9454778829494106,26.359492022142625,50.19227811105984,0.10967435742324194,1.0597418819052586,0.2564451084264613
HCST,ITGB1,65.81732334744383,32.03454302457078,43.53630739172908,31.82892978307803,30.372842722240314,11.833042047907885,2.0545093709497273,2.566565388164213,35.44448062520352,46.14718614718615,0.5120560172144857,1.249235182109576,0.25633873159665505
HCST,ANGPT1,65.81732334744383,32.03454302457078,48.62422663627483,45.11154518350982,33.62097036795832,16.23316541585278,2.0545093709497273,2.071000849549506,32.19635297948551,51.082251082251084,0.01649147859977873,1.008026966843259,0.25623582934124434
EMB,DPP7,59.703679583197655,16.82944381618176,46.65418430478672,45.94427881155546,30.714750895473788,8.707720777218054,3.5473621631887737,3.526895818708913,28.988928687723867,51.44532315244069,-0.02046634447986051,0.9942305455326098,0.25620329853821044
TAGLN2,SLC38A2,88.04135460761967,83.7051506116994,49.299902311950504,50.395805489873545,45.310973624226634,44.05263698982215,1.0517907461308387,1.0285410404297601,42.73038098339303,51.46555709662506,-0.023249705701078538,0.9778951224028107,0.2561653001980714
EMP3,SERINC3,70.35981764897427,68.28415749974299,45.35981764897428,40.783386450087384,34.94789970693585,29.484938830060656,1.030382300124871,1.1852395105461853,35.41191794203842,49.67025338424158,0.15485721042131417,1.150291023441054,0.2560941274422736
CD63,PBXIP1,69.96906545099316,68.3149994859669,42.380332139368285,33.04204790788527,33.401172256593945,24.365169116891128,1.0241973472900125,1.370801133996873,36.56789319439921,47.73705642815591,0.34660378670686054,1.338415040445048,0.2560154714761226
CD63,RALY,69.96906545099316,68.3149994859669,48.38000651253663,49.645317158425,36.31553239986975,38.110414310681605,1.0241973472900125,0.952878109005036,33.653533051123404,51.90226876090751,-0.07131923828497655,0.930365726416218,0.2559453818902887
VDAC1,XRCC6,49.86160859654836,34.40937596381207,45.897101921198306,55.58753983756554,27.1572777596874,24.44741441348823,1.4490283003296942,1.110799142242316,22.704330836860958,54.46530612244898,-0.3382291580873782,0.766582089521356,0.25541507270787595
CTSC,ITGA4,60.485183979159885,40.74226380178884,52.76782806903289,56.01932764470032,32.88016932595246,28.44659196052226,1.4845443966740897,1.1558155562545134,27.605014653207427,54.3606998654105,-0.3287288404195763,0.7785658407009945,0.2553670573060737
ANXA1,SLC38A2,83.14881146206447,62.16716356533361,49.299902311950504,50.395805489873545,42.591989579941384,32.25043692813817,1.337482188526961,1.3206230058785837,40.55682188212309,51.22381045623654,-0.01685918264837727,0.9873948357645457,0.2552760931487638
CTSC,TM7SF3,60.485183979159885,40.74226380178884,46.15760338651905,41.873136629998974,31.50439596222729,22.833350467770124,1.4845443966740897,1.3796931078330703,28.980788016932596,52.086137281292054,-0.10485128884101935,0.9293714023804719,0.2551881219644093
VIM,CD53,89.62064474112667,80.15832219594942,44.928362097036796,33.30934512182584,42.282644089873,28.117610774133855,1.118031468904503,1.5037245057913229,47.338000651253665,47.17958034335543,0.3856930368868199,1.344975117082115,0.25518255356111813
PLP2,ITGA4,58.83262780853142,35.468284157499745,52.76782806903289,56.01932764470032,31.781178769130577,23.37822555772592,1.6586922799819646,1.3593768831503548,27.051449039400843,54.019648540196485,-0.2993153968316098,0.819547362434903,0.255132472859402
CD99,CD53,89.77531748616086,78.35920633288784,44.928362097036796,33.30934512182584,42.47802018886356,28.014804153387477,1.145674848082707,1.516216345470398,47.2972972972973,47.31592310482408,0.37054149738769104,1.3234264049767648,0.255106690393505
ANXA1,ITGB1,83.14881146206447,62.16716356533361,43.53630739172908,31.82892978307803,38.090198632367304,20.509920838902026,1.337482188526961,1.8570691648384479,45.05861282969717,45.80967299784609,0.5195869763114869,1.38848141737404,0.2550277138048048
TGFB1,ATRAID,53.80983393031586,34.67667317775265,42.893194399218494,39.85812686337,26.335070009768806,14.978924642746993,1.5517140857316054,1.7580241982405278,27.474763920547055,48.940998487140696,0.2063101125089224,1.1329562671409603,0.2550204980611496
EMP3,TM7SF3,70.35981764897427,68.28415749974299,46.15760338651905,41.873136629998974,35.06186909801367,30.574689009972243,1.030382300124871,1.1467237610435619,35.2979485509606,49.83223417794747,0.1163414609186908,1.112910966060453,0.25497824393567187
TIMP1,PSAP,52.92250081406708,28.82697645728385,45.6854444806252,55.86511771358075,28.345815695213286,17.9603166443919,1.8358035255261687,1.5781591214285373,24.576685118853792,53.560990616828185,-0.25764440409763134,0.8596557853195175,0.2549227328792593
ANXA1,LAMP1,83.14881146206447,62.16716356533361,38.43210680560078,21.91837154312738,34.35363073917291,14.927521332373805,1.337482188526961,2.301207867431187,48.795180722891565,41.315841002545525,0.9637256789042261,1.7205521592520252,0.25476548895793893
EMB,PBXIP1,59.703679583197655,16.82944381618176,42.380332139368285,33.04204790788527,26.847932269619015,6.476817107021692,3.5473621631887737,4.1445955984952,32.85574731357864,44.96863921461685,0.5972334353064261,1.1683598707524028,0.25470486783840557
CD63,XRCC6,69.96906545099316,68.3149994859669,45.897101921198306,55.58753983756554,36.70628459785086,42.11987251979028,1.0241973472900125,0.8714511927692049,33.262780853142296,52.46073298429319,-0.15274615452080764,0.8508625755329594,0.2546663571954256
PLP2,SLC9A3R1,58.83262780853142,35.468284157499745,41.6151090849886,35.416880847126556,29.70530771735591,17.44628354066002,1.6586922799819646,1.7025749394241905,29.12732009117551,50.49121350491214,0.04388265944222591,1.026456178745043,0.25465020049667203
ANXA1,PTPRA,83.14881146206447,62.16716356533361,32.04168023445132,13.683561221342654,28.541191794203844,9.519893081114423,1.337482188526961,2.9977431267259953,54.60761966786063,34.32543567652242,1.6602609381990343,2.241333120127429,0.2546402252925638
VIM,SLC38A2,89.62064474112667,80.15832219594942,49.299902311950504,50.395805489873545,45.66102246825138,41.00956101572941,1.118031468904503,1.1133966797171664,43.959622272875286,50.94922336270324,-0.004634789187336619,0.9958545091831109,0.2545143773541494
PLP2,CTSA,58.83262780853142,35.468284157499745,36.144578313253014,24.046468592577362,25.88733311624878,11.04143106816079,1.6586922799819646,2.344350891253563,32.945294692282644,44.00166044001661,0.6856586112715983,1.4133730044725679,0.2542912327636629
TAGLN2,ITGB2,88.04135460761967,83.7051506116994,40.752197981113646,22.617456564202733,37.756431129925105,20.427675542304925,1.0517907461308387,1.8482074891119016,50.28492347769456,42.88488210818308,0.7964167429810629,1.7572007511102326,0.25424524768996853
CTSC,PBXIP1,60.485183979159885,40.74226380178884,42.380332139368285,33.04204790788527,28.394659719960924,15.174257222165107,1.4845443966740897,1.8711155471214977,32.09052425919896,46.94481830417227,0.3865711504474081,1.2603971638123224,0.25405264904323177
CD63,FLT3,69.96906545099316,68.3149994859669,46.74373168349072,39.08707720777218,34.036144578313255,27.521332373804874,1.0241973472900125,1.236673698872559,35.9329208726799,48.64456079115766,0.21247635158254652,1.2074564556769756,0.2538466215349156
VDAC1,ATRAID,49.86160859654836,34.40937596381207,42.893194399218494,39.85812686337,25.146532074242916,16.983653747301325,1.4490283003296942,1.480544287117918,24.71507652230544,50.432653061224485,0.03151598678822376,1.0217497386221186,0.25373906464553364
TIMP1,LGALS9,52.92250081406708,28.82697645728385,45.66102246825138,43.44607792741853,26.872354281992838,14.660224118433227,1.8358035255261687,1.8328861263505845,26.05014653207424,50.77680356868175,-0.002917399175584201,0.9984108325673097,0.25373814788462956
EMP3,METTL9,70.35981764897427,68.28415749974299,45.766851188537935,47.352729515780815,35.827092152393355,35.36547753675337,1.030382300124871,1.013024045585578,34.532725496580916,50.919819507115584,-0.017358254539293183,0.9831535784949047,0.25373118480861323
CD63,TM7SF3,69.96906545099316,68.3149994859669,46.15760338651905,41.873136629998974,35.037447085639855,32.157910969466435,1.0241973472900125,1.0895097510890985,34.9316183653533,50.07562536358348,0.06531240379908598,1.0637693545798572,0.2536437470078717
VDAC1,HM13,49.86160859654836,34.40937596381207,42.91761641159231,41.10208697440115,25.512862259850213,18.155649223810013,1.4490283003296942,1.4051525667188365,24.348746336698145,51.167346938775516,-0.043875733610857726,0.9697205819921704,0.2536429480133347
PLP2,CLDND1,58.83262780853142,35.468284157499745,35.4200586128297,25.927829752236043,25.618690980136762,10.784414516294849,1.6586922799819646,2.375308889744707,33.21393682839466,43.54503943545039,0.7166166097627427,1.4320371044173033,0.2535560276653891
EMB,TMED9,59.703679583197655,16.82944381618176,46.1738847281016,40.8964737329084,29.65646369260827,8.12172303896371,3.5473621631887737,3.6510494756930454,30.047215890589385,49.672757022088895,0.10368731250427166,1.0292294126549135,0.25354815073565806
EMP3,UQCRC2,70.35981764897427,68.28415749974299,46.48323021816998,53.31551351907063,36.38879843699121,39.17960316644392,1.030382300124871,0.9287452335127975,33.97101921198306,51.718153418951765,-0.10163706661207361,0.9013598480876891,0.25350891376415513
ANXA1,PTTG1IP,83.14881146206447,62.16716356533361,48.21719309671117,44.35077618998663,40.97199609247802,27.726945615297627,1.337482188526961,1.4776426880278355,42.17681536958645,49.27550420990797,0.1401604995008745,1.1047942923675422,0.2533855460245836
ANXA1,DPP7,83.14881146206447,62.16716356533361,46.65418430478672,45.94427881155546,41.427873656789316,29.21764161612008,1.337482188526961,1.417857619839977,41.720937805275156,49.82377129430194,0.08037543131301605,1.060094580699828,0.25313762803716044
HCST,UQCRC2,65.81732334744383,32.03454302457078,46.48323021816998,53.31551351907063,34.63855421686747,18.67996298961653,2.0545093709497273,1.8542167358353352,31.178769130576363,52.62832405689548,-0.2002926351143921,0.9025107220504894,0.2531269885287578
PLP2,LNPEP,58.83262780853142,35.468284157499745,37.35753826115272,26.997018607998356,25.86291110387496,11.123676364757891,1.6586922799819646,2.3248236852810074,32.96971670465646,43.9601494396015,0.6661314052990428,1.4016003530843502,0.2531073174629596
TIMP1,LMAN2,52.92250081406708,28.82697645728385,40.21491370888961,38.34686953839827,25.618690980136762,12.460162434460779,1.8358035255261687,2.0558829174146256,27.303809833930316,48.407937240424545,0.22007939188845693,1.1198817786480604,0.2530436557965456
EMB,PTTG1IP,59.703679583197655,16.82944381618176,48.21719309671117,44.35077618998663,30.05535656138066,8.409581577053562,3.5473621631887737,3.57351703755899,29.648323021816996,50.340878101990725,0.02615487437021624,1.007373048808387,0.25301213422846447
CD99,ITGB2,89.77531748616086,78.35920633288784,40.752197981113646,22.617456564202733,38.879843699120805,20.78749871491724,1.145674848082707,1.8702574068622724,50.89547378704005,43.30794341675735,0.7245825587795653,1.6324504373925621,0.252768845022765
TIMP1,CLEC2B,52.92250081406708,28.82697645728385,45.31911429501791,50.00514033103732,27.596873982416152,16.459339981494807,1.8358035255261687,1.6765676780334646,25.325626831650926,52.14582371942779,-0.15923584749270403,0.9132609534306975,0.25276732622250375
ANXA1,TMED9,83.14881146206447,62.16716356533361,46.1738847281016,40.8964737329084,40.50797785737545,26.647476097460675,1.337482188526961,1.520086090822861,42.64083360468902,48.717446641864115,0.18260390229590007,1.1365281002336272,0.2527174283241156
TIMP1,PTTG1IP,52.92250081406708,28.82697645728385,48.21719309671117,44.35077618998663,26.685118853793554,14.47517220108975,1.8358035255261687,1.8433822479525859,26.237381960273524,50.42301184433165,0.007578722426417217,1.004128286235993,0.25249399534297906
CTSC,RALY,60.485183979159885,40.74226380178884,48.38000651253663,49.645317158425,31.952132855747312,25.526883931325177,1.4845443966740897,1.2516561475171453,28.533051123412573,52.826379542395685,-0.2328882491569444,0.8431247663062841,0.2524874852541312
ANXA1,TM7SF3,83.14881146206447,62.16716356533361,46.15760338651905,41.873136629998974,40.467274503419084,26.63719543538604,1.337482188526961,1.5191447409257521,42.68153695864539,48.66849422361465,0.18166255239879114,1.135824277853648,0.25242559873801285
VIM,DPP7,89.62064474112667,80.15832219594942,46.65418430478672,45.94427881155546,44.57017258222078,37.401048627531615,1.118031468904503,1.1916505704292548,45.05047215890589,49.73203742392588,0.07361910152475182,1.0658470745880588,0.252341142195867
EMP3,CLTC,70.35981764897427,68.28415749974299,39.669488765874306,26.225968952400535,31.422989254314555,19.50241595558754,1.030382300124871,1.611153109069192,38.93682839465971,44.660418836052294,0.5807708089443209,1.5636459485706788,0.2523406346274776
EMP3,SLC9A3R1,70.35981764897427,68.28415749974299,41.6151090849886,35.416880847126556,33.9303158580267,27.05870258044618,1.030382300124871,1.2539057204030524,36.42950179094757,48.22399629758186,0.22352342027818128,1.2169325116037928,0.25229615250181836
TYROBP,CD82,72.33800065125367,18.926698879407834,55.96711169000326,64.53171584250026,42.6489742754803,14.372365580343374,3.8218063966535802,2.9672225365091864,29.689026375773366,58.95791132117938,-0.8545838601443938,0.7763926867429293,0.25206036359867723
TIMP1,ASAH1,52.92250081406708,28.82697645728385,43.28394659719961,51.22853911791919,27.4910452621296,16.377094684897706,1.8358035255261687,1.6785252369727217,25.43145555193748,51.945854483925544,-0.15727828855344694,0.9143272761128571,0.25186535799195536
EMP3,PTTG1IP,70.35981764897427,68.28415749974299,48.21719309671117,44.35077618998663,35.20026050146532,33.07288989410918,1.030382300124871,1.064291518601653,35.15955714750895,50.028925141733204,0.033909218476781966,1.0329093565297778,0.2518400866325051
TYROBP,LY6E,72.33800065125367,18.926698879407834,53.264408987300556,55.30996196155032,42.25008140670791,14.002261745656421,3.8218063966535802,3.017160014152645,30.087919244545752,58.40648210668468,-0.8046463825009353,0.789459146019146,0.25180009140837656
CD63,METTL9,69.96906545099316,68.3149994859669,45.766851188537935,47.352729515780815,35.55030934549007,36.32157910969467,1.0241973472900125,0.9787385757527755,34.418756105503086,50.80860965677721,-0.0454587715372371,0.9556152223421401,0.2517701097070242
PLP2,GALNT1,58.83262780853142,35.468284157499745,38.26115271898404,25.588567903773004,25.276782806903288,10.547959288578184,1.6586922799819646,2.3961399523336446,33.55584500162813,42.96388542963886,0.7374476723516801,1.4445958308551954,0.2516918107657783
EMB,BSG,59.703679583197655,16.82944381618176,49.763920547053075,53.81926596072787,31.99283620970368,9.931119564099928,3.5473621631887737,3.221148920250936,27.710843373493976,53.586037632942464,-0.32621324293783793,0.9080406149890824,0.25161952601782034
VIM,LAMP1,89.62064474112667,80.15832219594942,38.43210680560078,21.91837154312738,36.462064474112665,17.52852883725712,1.118031468904503,2.0800367661118466,53.158580267014,40.684894177491145,0.9620052972073436,1.8604456349962664,0.25152473574782286
EMP3,FLNA,70.35981764897427,68.28415749974299,41.256919570172585,33.86450087385628,33.734939759036145,26.657756759535314,1.030382300124871,1.2654355963906614,36.624877889938126,47.946314936943196,0.2350532962657903,1.2281224126591697,0.25148423949800547
TAGLN2,PTTG1IP,88.04135460761967,83.7051506116994,48.21719309671117,44.35077618998663,43.91891891891892,40.228230698056954,1.0517907461308387,1.0917165990211237,44.12243568870075,49.88441978733241,0.03992585289028505,1.0379598822647547,0.2514183915811763
CD63,CLTC,69.96906545099316,68.3149994859669,39.669488765874306,26.225968952400535,31.032237056333443,19.20427675542305,1.0241973472900125,1.6158182697143784,38.93682839465971,44.35136707388017,0.5916209224243658,1.5776434824692451,0.25133788149061914
CYBA,SLC38A2,80.75545424943016,58.918474349748124,49.299902311950504,50.395805489873545,40.99641810485184,31.05788012748021,1.3706071742945782,1.319958026064794,39.75903614457832,50.766129032258064,-0.05064914822978417,0.9630461964743091,0.25129818774980106
CD99,RALY,89.77531748616086,78.35920633288784,48.38000651253663,49.645317158425,46.076196678606316,44.340495527912,1.145674848082707,1.039121394757702,43.69912080755454,51.32390279289082,-0.10655345332500499,0.9069950313535095,0.2512918412982039
TGFB1,XRCC6,53.80983393031586,34.67667317775265,45.897101921198306,55.58753983756554,28.524910452621295,22.38100133648607,1.5517140857316054,1.274457543978489,25.284923477694566,53.01059001512859,-0.2772565417531163,0.8213224044928388,0.25119012298798715
ANXA1,CD46,83.14881146206447,62.16716356533361,45.86453923803322,42.160995168088824,40.26375773363725,26.534388814639662,1.337482188526961,1.5173607598100691,42.88505372842722,48.423732132367334,0.17987857128310814,1.1344904424343907,0.2511125892259921
TAGLN2,CD53,88.04135460761967,83.7051506116994,44.928362097036796,33.30934512182584,40.97199609247802,28.8680991055824,1.0517907461308387,1.4192336221726882,47.069358515141644,46.53721682847897,0.36744287604184955,1.3493497897690583,0.2510582279444873
CTSC,ITGB1,60.485183979159885,40.74226380178884,43.53630739172908,31.82892978307803,28.78541191794204,16.490181967718723,1.4845443966740897,1.7455032619426012,31.699772061217846,47.59084791386272,0.26095886526851153,1.1757838067040316,0.2510021828327392
CTSC,CD46,60.485183979159885,40.74226380178884,45.86453923803322,42.160995168088824,30.893845652881797,22.216510743291867,1.4845443966740897,1.390517867183189,29.591338326278088,51.07671601615073,-0.09402652949090062,0.9366630397167282,0.25068225360620866
CD63,CLEC2B,69.96906545099316,68.3149994859669,45.31911429501791,50.00514033103732,35.672419407359165,38.038449676159146,1.0241973472900125,0.9377743293094092,34.29664604363399,50.98312972658523,-0.08642301798060337,0.9156187836169705,0.25059449773389597
HCST,GALNT1,65.81732334744383,32.03454302457078,38.26115271898404,25.588567903773004,26.310647997394984,8.574072170247764,2.0545093709497273,3.068271318891393,39.50667535004885,39.97526283240568,1.0137619479416657,1.49343262302719,0.2505644115591117
CYBA,LGALS9,80.75545424943016,58.918474349748124,45.66102246825138,43.44607792741853,40.174210354933244,28.693327850313562,1.3706071742945782,1.4000749752531398,40.581243894496914,49.74798387096774,0.029467800958561607,1.021499815199587,0.25021330940276676
ANXA1,ANGPT1,83.14881146206447,62.16716356533361,48.62422663627483,45.11154518350982,40.54868121133181,27.685822966999076,1.337482188526961,1.464548000312757,42.60013025073266,48.76639906011357,0.1270658117857959,1.0950037412653248,0.2501852858898576
ANXA1,CLTC,83.14881146206447,62.16716356533361,39.669488765874306,26.225968952400535,35.59101269944644,17.281792947465817,1.337482188526961,2.0593322391601734,47.557798762618035,42.803994517329166,0.7218500506332124,1.5397081597237743,0.2501124751183064
CD63,P4HB,69.96906545099316,68.3149994859669,44.806252035167695,44.89565127994243,34.9641810485184,34.008430142901204,1.0241973472900125,1.0280731227075994,35.00488440247476,49.97091332169867,0.0038757754175868797,1.0037842076313144,0.25004835537937264
VIM,TMED9,89.62064474112667,80.15832219594942,46.1738847281016,40.8964737329084,43.047867144252685,32.75418936979541,1.118031468904503,1.3142304463044405,46.57277759687398,48.0334271959306,0.19619897739993752,1.1754860957466449,0.24997708484964987
HCST,LGALS9,65.81732334744383,32.03454302457078,45.66102246825138,43.44607792741853,33.44187561055031,16.952811761077413,2.0545093709497273,1.9725284249838269,32.37544773689352,50.810142238713674,-0.08198094596590044,0.9600970688549337,0.24995166389527335
CD63,ANGPT1,69.96906545099316,68.3149994859669,48.62422663627483,45.11154518350982,34.9316183653533,33.91590418422946,1.0241973472900125,1.0299176533215453,35.037447085639855,49.924374636416516,0.005720306031532729,1.005585159975925,0.24990788848365925
HCST,TM7SF3,65.81732334744383,32.03454302457078,46.15760338651905,41.873136629998974,33.18137414522957,16.500462629793358,2.0545093709497273,2.0108141253685394,32.63594920221426,50.4143475572047,-0.04369524558118787,0.9787320290678504,0.24988697550696415
CD99,LAMP1,89.77531748616086,78.35920633288784,38.43210680560078,21.91837154312738,36.68186258547704,17.847229361570886,1.145674848082707,2.0552101747670806,53.09345490068382,40.859630032644176,0.9095353266843735,1.7938860909851393,0.24977491649743958
VIM,ANGPT1,89.62064474112667,80.15832219594942,48.62422663627483,45.11154518350982,43.78866818625855,35.673897398992494,1.118031468904503,1.227436415486235,45.83197655486812,48.8600236170406,0.10940494658173194,1.0978549795999317,0.24977036541428962
PLP2,ANGPT1,58.83262780853142,35.468284157499745,48.62422663627483,45.11154518350982,29.9820905242592,19.2453994037216,1.6586922799819646,1.5578025736316,28.85053728427222,50.961671509616714,-0.10088970635036465,0.9391751516734246,0.2497638722305654
TYROBP,BSG,72.33800065125367,18.926698879407834,49.763920547053075,53.81926596072787,39.58808205796158,11.843322709982523,3.8218063966535802,3.342367734087177,32.74991859329209,54.726536124240376,-0.4794386625664031,0.8745518184840013,0.24966074749288178
CYBA,PBXIP1,80.75545424943016,58.918474349748124,42.380332139368285,33.04204790788527,37.05633344187561,20.88002467358898,1.3706071742945782,1.7746415236387176,43.69912080755455,45.887096774193544,0.4040343493441394,1.294784936867186,0.2496372013381747
TGFB1,APH1A,53.80983393031586,34.67667317775265,41.9814392705959,44.24796956924026,27.222403126017586,18.330420479078853,1.5517140857316054,1.4850132949100026,26.587430804298275,50.590015128593045,-0.06670079082160285,0.9570147674530166,0.2496150361018851
TAGLN2,DPP7,88.04135460761967,83.7051506116994,46.65418430478672,45.94427881155546,43.861934223380004,41.43106816078956,1.0517907461308387,1.058646989408316,44.17942038423966,49.81969486823856,0.0068562432774772475,1.0065186381442306,0.2494412865050666
EMP3,NR3C1,70.35981764897427,68.28415749974299,43.78866818625855,40.526369898221446,34.044285249104526,28.837257119358487,1.030382300124871,1.180525061143565,36.315532399869745,48.38597709128775,0.15014276101869384,1.145715586341592,0.24943702350737343
CD99,SLC38A2,89.77531748616086,78.35920633288784,49.299902311950504,50.395805489873545,45.52263106479974,42.86008018916418,1.145674848082707,1.0620971488326707,44.25268642136112,50.70729053318826,-0.08357769925003633,0.9270493723503627,0.24935756770343945
PLP2,FLNA,58.83262780853142,35.468284157499745,41.256919570172585,33.86450087385628,28.76098990556822,16.377094684897706,1.6586922799819646,1.7560644543158503,30.0716379029632,48.886121488861214,0.09737217433388579,1.0587041825111434,0.2492992161610004
EMP3,HM13,70.35981764897427,68.28415749974299,42.91761641159231,41.10208697440115,34.394334093129274,30.564408347897604,1.030382300124871,1.1252699032072653,35.965483555845,48.883489529098696,0.09488760308239419,1.0920897059964003,0.2491618277996132
EMB,LGALS9,59.703679583197655,16.82944381618176,45.66102246825138,43.44607792741853,29.8599804623901,8.46098488742675,3.5473621631887737,3.52872060865502,29.843699120807553,50.013635124079634,-0.018641554533753713,0.9947449531014345,0.2491360978937105
VDAC1,NR3C1,49.86160859654836,34.40937596381207,43.78866818625855,40.526369898221446,25.122110061869098,18.03228127891436,1.4490283003296942,1.3930970006686159,24.73949853467926,50.38367346938776,-0.05593129966107835,0.9614008231251574,0.24912180236388481
TIMP1,BST2,52.92250081406708,28.82697645728385,45.05861282969717,68.51033206538501,29.078476066427875,21.980055515575202,1.8358035255261687,1.3228880681286495,23.844024747639203,54.94539301645901,-0.5129154573975192,0.7206043837122984,0.2490811922124191
HCST,ITGA4,65.81732334744383,32.03454302457078,52.76782806903289,56.01932764470032,35.04558775643113,20.479078852678114,2.0545093709497273,1.7112037511441676,30.7717355910127,53.24675324675325,-0.34330561980555974,0.8329014096212851,0.2490684852434883
TAGLN2,ANGPT1,88.04135460761967,83.7051506116994,48.62422663627483,45.11154518350982,43.62585477043309,40.495527911997534,1.0517907461308387,1.0772739545779295,44.41549983718658,49.55154877484975,0.025483208447090844,1.0242284014580223,0.2490319042966033
CTSC,ANGPT1,60.485183979159885,40.74226380178884,48.62422663627483,45.11154518350982,31.186909801367634,23.84085535108461,1.4845443966740897,1.308073945677591,29.29827417779225,51.56123822341857,-0.17647045099649872,0.8811282091718808,0.24898266856726792
ANXA1,SERINC3,83.14881146206447,62.16716356533361,45.35981764897428,40.783386450087384,39.970693585151416,26.51382749049039,1.337482188526961,1.5074845800707928,43.178117876913056,48.07127472097122,0.1700023915438318,1.1271062844814885,0.24885649318204767
TAGLN2,LGALS9,88.04135460761967,83.7051506116994,45.66102246825138,43.44607792741853,43.54444806252035,40.34131798087797,1.0517907461308387,1.0793739735817902,44.496906545099314,49.45908460471568,0.027583227450951542,1.0262250143884801,0.24867458439612594
TGFB1,RAB5C,53.80983393031586,34.67667317775265,39.669488765874306,40.32075665672869,26.611852816672094,16.85000514033104,1.5517140857316054,1.579244240628681,27.197981113643767,49.4553706505295,0.027530154897075665,1.0177417703107952,0.24865336099750127
TYROBP,CCT4,72.33800065125367,18.926698879407834,56.8951481602084,69.02436516911689,42.46987951807229,14.526575511462939,3.8218063966535802,2.9233976092267815,29.868121133181376,58.71033085752869,-0.8984087874267987,0.7649256152238753,0.24863121491630358
HCST,TMEM179B,65.81732334744383,32.03454302457078,38.64376424617389,30.96535416880847,29.39596222728753,11.483499537370207,2.0545093709497273,2.559620654921355,36.421361120156305,44.66295609152752,0.5051112839716279,1.2458549428461028,0.24857034465621897
ANXA1,FLT3,83.14881146206447,62.16716356533361,46.74373168349072,39.08707720777218,39.16476717681537,24.498817723861418,1.337482188526961,1.5985738187215626,43.984044285249105,47.10201683963188,0.2610916301946016,1.1952112950993055,0.24856466570788946
CTSC,LGALS9,60.485183979159885,40.74226380178884,45.66102246825138,43.44607792741853,30.84500162813416,22.76138583324766,1.4845443966740897,1.3550864946274963,29.640182351025725,50.99596231493943,-0.12945790204659335,0.9127962071483848,0.2485069164723675
VIM,CD46,89.62064474112667,80.15832219594942,45.86453923803322,42.160995168088824,43.11299251058287,33.80281690140845,1.118031468904503,1.2753882982009217,46.5076522305438,48.10609501317104,0.1573568292964187,1.140744544024869,0.24839831653067612
VDAC1,CLEC2B,49.86160859654836,34.40937596381207,45.31911429501791,50.00514033103732,25.748941712797134,20.592166135499127,1.4490283003296942,1.2503634236413177,24.112666883751224,51.640816326530604,-0.1986648766883765,0.8628978629035922,0.24827083779823425
VDAC1,ANGPT1,49.86160859654836,34.40937596381207,48.62422663627483,45.11154518350982,25.594268967762943,19.97532641102087,1.4490283003296942,1.281230014025135,24.267339628785415,51.33061224489796,-0.16779828630455929,0.8841994416076067,0.24826314690926182
CYBA,TM7SF3,80.75545424943016,58.918474349748124,46.15760338651905,41.873136629998974,39.74275480299577,28.117610774133855,1.3706071742945782,1.4133968111808317,41.01269944643439,49.21370967741935,0.04278963688625348,1.0312194753454988,0.24820803023140947
PLP2,HM13,58.83262780853142,35.468284157499745,42.91761641159231,41.10208697440115,29.599478997069358,18.607998355094068,1.6586922799819646,1.5906003338952808,29.233148811462062,50.31133250311333,-0.06809194608668379,0.9589484156232859,0.24815206521123245
CD99,DPP7,89.77531748616086,78.35920633288784,46.65418430478672,45.94427881155546,44.74926733962879,39.82728487714609,1.145674848082707,1.1235549679746921,45.02605014653207,49.845846935074356,-0.02211988010801491,0.9806927068836043,0.24812324066997105
CYBA,CD46,80.75545424943016,58.918474349748124,45.86453923803322,42.160995168088824,39.31943992184956,26.863370001028066,1.3706071742945782,1.4636278431373917,41.4360143275806,48.68951612903225,0.09302066884281346,1.0678682197112306,0.24809861408730194
VIM,TM7SF3,89.62064474112667,80.15832219594942,46.15760338651905,41.873136629998974,43.06414848583523,33.80281690140845,1.118031468904503,1.2739433718812077,46.556496255291435,48.05159415024071,0.15591190297670465,1.1394521597227258,0.24805356590003882
ANXA1,LGALS9,83.14881146206447,62.16716356533361,45.66102246825138,43.44607792741853,40.38586779550635,28.086768787909943,1.337482188526961,1.437845351849022,42.76294366655812,48.570589387115724,0.10036316332206097,1.0750388784112304,0.24787110510168167
EMB,TM7SF3,59.703679583197655,16.82944381618176,46.15760338651905,41.873136629998974,29.88440247476392,8.543230184023852,3.5473621631887737,3.4976120529433175,29.819277108433734,50.05454049631851,-0.04975011024545628,0.9859754634692458,0.2477851969693198
CYBA,ANGPT1,80.75545424943016,58.918474349748124,48.62422663627483,45.11154518350982,39.9137088896125,28.85781844350776,1.3706071742945782,1.3830680201874899,40.84174535981766,49.42540322580645,0.012460845892911632,1.0090914786720893,0.24775005842367778
CD99,PTPRA,89.77531748616086,78.35920633288784,32.04168023445132,13.683561221342654,30.16118528166721,11.010589081936876,1.145674848082707,2.7390402109303946,59.61413220449365,33.596300326441785,1.5933653628476876,2.3907657705100127,0.2476497697745933
CYBA,ITGB1,80.75545424943016,58.918474349748124,43.53630739172908,31.82892978307803,36.72256593943341,20.67441143209623,1.3706071742945782,1.7761468041417445,44.03288830999675,45.47379032258064,0.4055396298471663,1.2958831950196734,0.24764593310526153
CD63,LGALS9,69.96906545099316,68.3149994859669,45.66102246825138,43.44607792741853,34.6304135460762,33.71029094273671,1.0241973472900125,1.0272645329691095,35.33865190491696,49.49389179755673,0.0030671856790969176,1.002994721366163,0.24762281827173846
EMB,ATRAID,59.703679583197655,16.82944381618176,42.893194399218494,39.85812686337,28.117876913057636,7.422638017888352,3.5473621631887737,3.7876142189723496,31.58580267014002,47.095718571038994,0.2402520557835759,1.0677269601273556,0.24749119564437375
CD63,GALNT1,69.96906545099316,68.3149994859669,38.26115271898404,25.588567903773004,30.706610224682514,19.36876734861725,1.0241973472900125,1.5852854436516794,39.26245522631064,43.88598022105876,0.5610880963616669,1.5478320148419489,0.24748430592337717
PLP2,APH1A,58.83262780853142,35.468284157499745,41.9814392705959,44.24796956924026,30.128622598502115,20.27346561118536,1.6586922799819646,1.4860378160537184,28.704005210029305,51.21073751210737,-0.17265446392824613,0.8959092858802457,0.24742096436412456
HCST,LRPAP1,65.81732334744383,32.03454302457078,37.69130576359492,29.978410609643262,28.74470856398567,10.9077824611905,2.0545093709497273,2.6350061215583813,37.072614783458164,43.6734693877551,0.580496750608654,1.2825476285563548,0.24739218446920816
TYROBP,TM7SF3,72.33800065125367,18.926698879407834,46.15760338651905,41.873136629998974,35.810810810810814,9.375963812069497,3.8218063966535802,3.819019837179831,36.52718984044285,49.50483907269863,-0.0027865594737490618,0.9992708789549913,0.24738486738980567
CTSC,UQCRC2,60.485183979159885,40.74226380178884,46.48323021816998,53.31551351907063,31.935851514164767,27.71666495322299,1.4845443966740897,1.1521840518694664,28.549332464995118,52.79946164199192,-0.3323603448046233,0.7761196326972576,0.24737929096972844
CTSC,CLEC2B,60.485183979159885,40.74226380178884,45.31911429501791,50.00514033103732,30.92640833604689,23.470751516397655,1.4845443966740897,1.3176012158462618,29.558775643112995,51.13055181695828,-0.1669431808278279,0.8875458482738271,0.24730560004339996
TIMP1,XRCC6,52.92250081406708,28.82697645728385,45.897101921198306,55.58753983756554,27.54802995766851,17.507967513107843,1.8358035255261687,1.573366901106251,25.374470856398567,52.05353022611906,-0.26243662441991766,0.8570453641847652,0.2471458199095994
TGFB1,ANGPT1,53.80983393031586,34.67667317775265,48.62422663627483,45.11154518350982,27.018886356235754,18.34070114115349,1.5517140857316054,1.4730850834557083,26.790947574080107,50.21180030257186,-0.07862900227589709,0.9493276480513323,0.24712755139906445
TIMP1,HM13,52.92250081406708,28.82697645728385,42.91761641159231,41.10208697440115,26.237381960273527,14.423768890716563,1.8358035255261687,1.8189117731487041,26.68511885379355,49.57698815566836,-0.01689175237746454,0.9907987144906353,0.2470403531594686
TAGLN2,TM7SF3,88.04135460761967,83.7051506116994,46.15760338651905,41.873136629998974,42.94203842396613,38.54220211781639,1.0517907461308387,1.1141274223325728,45.099316183653535,48.77484974572353,0.06233667620173411,1.0592671844956314,0.24699108253870433
HCST,LAIR1,65.81732334744383,32.03454302457078,37.91924454575057,31.62331654158528,28.012048192771083,10.229258764264419,2.0545093709497273,2.7381563690862536,37.80527515467275,42.56029684601113,0.6836469981365263,1.332754383018706,0.24698383413688194
CD99,TMED9,89.77531748616086,78.35920633288784,46.1738847281016,40.8964737329084,43.45490068381635,34.9645317158425,1.145674848082707,1.2427925031132134,46.32041680234451,48.40406238665216,0.0971176550305064,1.084768950975081,0.2468761946847861
CYBA,PTTG1IP,80.75545424943016,58.918474349748124,48.21719309671117,44.35077618998663,39.88114620644741,29.186799629896164,1.3706071742945782,1.3663635735527793,40.87430804298275,49.38508064516129,-0.00424360074179897,0.9969038534006047,0.24671322318871647
TGFB1,SPINT2,53.80983393031586,34.67667317775265,45.16444154998372,59.17549090161406,28.2806903288831,22.997841060964326,1.5517140857316054,1.2296571924610409,25.52914360143276,52.55673222390318,-0.3220568932705645,0.7924508798160967,0.24668081645598766
CD63,ATRAID,69.96906545099316,68.3149994859669,42.893194399218494,39.85812686337,33.881471833279065,30.41019841677804,1.0241973472900125,1.1141116955978443,36.08759361771409,48.42350203606749,0.08991434830783174,1.0877900616963534,0.24661322759572904
HCST,FLT3,65.81732334744383,32.03454302457078,46.74373168349072,39.08707720777218,32.277759687398245,15.523799732702786,2.0545093709497273,2.079109569407557,33.53956366004559,49.04143475572047,0.02460019845782968,1.0119737582148178,0.24643718370149384
PLP2,PTTG1IP,58.83262780853142,35.468284157499745,48.21719309671117,44.35077618998663,29.746011071312275,19.440731983139713,1.6586922799819646,1.5300082882074832,29.086616737219146,50.560398505603985,-0.1286839917744813,0.9224184055550795,0.24636779293929587
HCST,P4HB,65.81732334744383,32.03454302457078,44.806252035167695,44.89565127994243,33.36860957342885,17.47712552688393,2.0545093709497273,1.9091640875391935,32.44871377401498,50.69882498453927,-0.14534528341053377,0.9292554779911538,0.2462268607521696
HCST,METTL9,65.81732334744383,32.03454302457078,45.766851188537935,47.352729515780815,33.23835884076848,17.230389637092628,2.0545093709497273,1.92894244403939,32.578964506675355,50.50092764378478,-0.12556692691033722,0.9388822807596676,0.24622629187340703
EMP3,ATRAID,70.35981764897427,68.28415749974299,42.893194399218494,39.85812686337,33.75122110061869,29.186799629896164,1.030382300124871,1.156346882210619,36.60859654835558,47.96945505032975,0.125964582085748,1.122250335696258,0.24614550435593618
VIM,SERINC3,89.62064474112667,80.15832219594942,45.35981764897428,40.783386450087384,42.412894822533374,32.50745348000411,1.118031468904503,1.3046727937587517,47.207749918593294,47.32491597783631,0.18664132485424867,1.1669374521605622,0.245956646131894
PLP2,TMEM179B,58.83262780853142,35.468284157499745,38.64376424617389,30.96535416880847,27.287528492347768,14.074226380178883,1.6586922799819646,1.9386919794607929,31.545099316183652,46.381624463816244,0.2799996994788283,1.168807501462461,0.24590810729302262
CD63,SSR1,69.96906545099316,68.3149994859669,42.58384890915011,33.25794181145266,32.38358840768479,24.66330831705562,1.0241973472900125,1.3129737104888204,37.585477043308366,46.282722513089006,0.28877636319880784,1.281953828491061,0.2458524307253854
TAGLN2,TMED9,88.04135460761967,83.7051506116994,46.1738847281016,40.8964737329084,42.39661348095083,36.80477022720263,1.0517907461308387,1.151901270350704,45.64474112666883,48.15533980582525,0.10011052421986544,1.0951810277739524,0.2457822252401195
PLP2,ASAH1,58.83262780853142,35.468284157499745,43.28394659719961,51.22853911791919,30.649625529143602,22.47352729515781,1.6586922799819646,1.3637495074589239,28.183002279387818,52.09630552096306,-0.2949427725230407,0.8221835502084524,0.24573438897866326
VIM,LGALS9,89.62064474112667,80.15832219594942,45.66102246825138,43.44607792741853,43.08042982741778,35.149583633185976,1.118031468904503,1.2255964304030835,46.54021491370889,48.06976110455082,0.10756496149858052,1.0962092432013362,0.24572705359768315
HCST,SLC38A2,65.81732334744383,32.03454302457078,49.299902311950504,50.395805489873545,33.46629762292413,17.785545389123058,2.0545093709497273,1.8815513013218212,32.3510257245197,50.84724799010514,-0.17295806962790605,0.9158153902466973,0.2455883364691304
VDAC1,SPINT2,49.86160859654836,34.40937596381207,45.16444154998372,59.17549090161406,26.359492022142625,24.642746992906343,1.4490283003296942,1.0696219219313587,23.502116574405733,52.86530612244897,-0.37940637839833546,0.738164963160478,0.2453562116923281
TAGLN2,LAMP1,88.04135460761967,83.7051506116994,38.43210680560078,21.91837154312738,35.647997394985346,18.69024365169117,1.0517907461308387,1.9072030764394825,52.39335721263432,40.49006010171058,0.8554123303086438,1.8132913637578572,0.24522091702398513
TAGLN2,ITGB1,88.04135460761967,83.7051506116994,43.53630739172908,31.82892978307803,40.12536633018561,28.693327850313562,1.0517907461308387,1.3983727564382424,47.91598827743406,45.575589459084604,0.34658201030740377,1.3295161243644278,0.24520704781079322
EMB,FLT3,59.703679583197655,16.82944381618176,46.74373168349072,39.08707720777218,29.57505698469554,8.46098488742675,3.5473621631887737,3.4950496104808306,30.128622598502115,49.53640578129261,-0.052312552707943105,0.9852531119458864,0.2450664012710659
TAGLN2,PTPRA,88.04135460761967,83.7051506116994,32.04168023445132,13.683561221342654,29.65646369260827,11.473218875295569,1.0517907461308387,2.5846172201281403,58.3848909150114,33.68469717984281,1.5328264739973017,2.4573492680326585,0.24506480959907917
ANXA1,UQCRC2,83.14881146206447,62.16716356533361,46.48323021816998,53.31551351907063,41.623249755779874,33.88506219800555,1.337482188526961,1.2283294976136152,41.5255617062846,50.05874290189936,-0.10915269091334578,0.9183894246595079,0.2448360799638295
VIM,ITGB1,89.62064474112667,80.15832219594942,43.53630739172908,31.82892978307803,39.9462715727776,25.660532538295467,1.118031468904503,1.5566596232381908,49.67437316834907,44.572622399854666,0.43862815433368785,1.3923218321962576,0.24479451971595773
TGFB1,LMAN2,53.80983393031586,34.67667317775265,40.21491370888961,38.34686953839827,25.626831650928036,15.225660532538296,1.5517140857316054,1.6830237724263513,28.183002279387825,47.624810892586986,0.13130968669474585,1.0846223462828435,0.24468953879767225
HCST,NR3C1,65.81732334744383,32.03454302457078,43.78866818625855,40.526369898221446,31.113643764246174,14.012542407731058,2.0545093709497273,2.220255439986484,34.703679583197655,47.27272727272727,0.1657460690367567,1.0806742823276285,0.24465093981547423
EMP3,SSR1,70.35981764897427,68.28415749974299,42.58384890915011,33.25794181145266,32.09052425919896,23.563277475069395,1.030382300124871,1.3618293322657649,38.269293389775314,45.609163484901075,0.33144703214089377,1.3216738409624524,0.2446181690315501
CTSC,LRPAP1,60.485183979159885,40.74226380178884,37.69130576359492,29.978410609643262,27.246825138391404,14.557417497686851,1.4845443966740897,1.8715512961982703,33.238358840768484,45.047106325706594,0.38700689952418066,1.2606906875882018,0.24458587660474196
CD63,BST2,69.96906545099316,68.3149994859669,45.05861282969717,68.51033206538501,36.453923803321395,51.87622082862136,1.0241973472900125,0.7026961587581668,33.51514164767176,52.100058173356615,-0.3215011885318457,0.6860944920600256,0.24442523144019077
CTSC,METTL9,60.485183979159885,40.74226380178884,45.766851188537935,47.352729515780815,30.99967437316835,24.91004420684692,1.4845443966740897,1.2444148914740372,29.485509605991535,51.25168236877523,-0.2401295052000525,0.8382470030953413,0.2442519365838736
EMB,RALY,59.703679583197655,16.82944381618176,48.38000651253663,49.645317158425,30.625203516769783,9.27315719132312,3.5473621631887737,3.3022088029112395,29.07847606642787,51.29533678756477,-0.2451533602775342,0.9308913640615814,0.24421901592394715
CD99,TM7SF3,89.77531748616086,78.35920633288784,46.15760338651905,41.873136629998974,43.69912080755454,37.70946848977074,1.145674848082707,1.1588060970233842,46.076196678606316,48.67609720710917,0.013131248940677187,1.0114615843776726,0.24403704848257976
CYBA,P4HB,80.75545424943016,58.918474349748124,44.806252035167695,44.89565127994243,39.62064474112667,29.474658167986018,1.3706071742945782,1.3441818505060315,41.13480950830349,49.0625,-0.026425323788546784,0.980719987255176,0.24399123381057264
EMP3,XRCC6,70.35981764897427,68.28415749974299,45.897101921198306,55.58753983756554,35.41191794203842,40.495527911997534,1.030382300124871,0.8744433107695453,34.94789970693585,50.32974661575842,-0.1559389893553258,0.8486590954285339,0.2438517836110258
CYBA,SERINC3,80.75545424943016,58.918474349748124,45.35981764897428,40.783386450087384,38.5786388798437,26.24653027654981,1.3706071742945782,1.4698007192817988,42.17681536958646,47.77217741935484,0.09919354498722055,1.0723719726903322,0.2438205643461352
CD63,NR3C1,69.96906545099316,68.3149994859669,43.78866818625855,40.526369898221446,33.29534353630739,29.16623830574689,1.0241973472900125,1.1415322625778777,36.673721914685764,47.585805700988956,0.1173349152878651,1.1145627994432215,0.243795774269338
EMB,CD46,59.703679583197655,16.82944381618176,45.86453923803322,42.160995168088824,29.306414848583522,8.337616942531099,3.5473621631887737,3.5145414462086886,30.397264734614133,49.08644668666485,-0.03282071698008515,0.9907478527789838,0.24379119758431994
VIM,PTTG1IP,89.62064474112667,80.15832219594942,48.21719309671117,44.35077618998663,43.015304461087595,36.03372057160481,1.118031468904503,1.1937182744517645,46.60534028003907,47.997093287310385,0.07568680554726148,1.0676964894569763,0.24376980671391502
CTSC,SERINC3,60.485183979159885,40.74226380178884,45.35981764897428,40.783386450087384,29.973949853467925,21.424899763544772,1.4845443966740897,1.3989587454556882,30.51123412569196,49.55585464333782,-0.08558565121840145,0.942348877264874,0.243499990655769
CTSC,P4HB,60.485183979159885,40.74226380178884,44.806252035167695,44.89565127994243,30.30771735591013,22.59689524005346,1.4845443966740897,1.3411743453961789,30.177466623249757,50.10767160161508,-0.1433700512779108,0.9034248813311943,0.2433698554441798
CD99,PTTG1IP,89.77531748616086,78.35920633288784,48.21719309671117,44.35077618998663,43.93520026050147,39.42633905623522,1.145674848082707,1.11433338673545,45.84011722565939,48.93906420021763,-0.03134146134725713,0.9726436681404788,0.24312824793372528
CTSC,SLC38A2,60.485183979159885,40.74226380178884,49.299902311950504,50.395805489873545,30.527515467274505,23.501593502621567,1.4845443966740897,1.298899862428772,29.95766851188538,50.47106325706595,-0.18564453424531768,0.874948479371026,0.24307308957306387
TAGLN2,SERINC3,88.04135460761967,83.7051506116994,45.35981764897428,40.783386450087384,42.03028329534354,36.98982214454611,1.0517907461308387,1.1362354459467034,46.01107131227613,47.739251040221916,0.08444469981586478,1.0802865970503226,0.24291849019190284
TYROBP,RALY,72.33800065125367,18.926698879407834,48.38000651253663,49.645317158425,38.28557473135786,11.308728282101367,3.8218063966535802,3.385189615204826,34.0524259198958,52.92595093405357,-0.43661678144875404,0.8857564365816487,0.24279891559783012
PLP2,ANTXR2,58.83262780853142,35.468284157499745,37.77271247150765,28.683047188238923,26.26994464343862,12.830266269147733,1.6586922799819646,2.0473384381870128,32.5626831650928,44.651999446519994,0.3886461582050482,1.2343087761940232,0.2426923051428524
CD63,CD81,69.96906545099316,68.3149994859669,28.655161185281667,15.338747815359309,25.521002930641483,11.442376889071657,1.0241973472900125,2.230198583690262,44.44806252035167,36.474694589877835,1.2060012364002495,2.1775086506436314,0.24267353476940168
ANXA1,P4HB,83.14881146206447,62.16716356533361,44.806252035167695,44.89565127994243,39.97883425594269,28.919502415955588,1.337482188526961,1.3823699768744737,43.169977206121786,48.081065204621105,0.044887788347512725,1.0335614101874133,0.2426497154404812
PLP2,XRCC6,58.83262780853142,35.468284157499745,45.897101921198306,55.58753983756554,30.633344187561054,23.481032178472294,1.6586922799819646,1.3045440000565578,28.199283620970366,52.06863152068632,-0.35414827992540676,0.7864894626933107,0.24263574360716123
CD99,CD46,89.77531748616086,78.35920633288784,45.86453923803322,42.160995168088824,43.42233800065125,37.38048730338234,1.145674848082707,1.1616000628397236,46.35297948550961,48.36779107725789,0.01592521475701658,1.0139002918530222,0.24263521612414024
TAGLN2,UQCRC2,88.04135460761967,83.7051506116994,46.48323021816998,53.31551351907063,44.07359166395311,49.131284054693126,1.0517907461308387,0.897039340057776,43.96776294366656,50.06010171058715,-0.1547514060730627,0.8528686369961538,0.2425629382492826
HCST,CLDND1,65.81732334744383,32.03454302457078,35.4200586128297,25.927829752236043,26.131553239986975,8.903053356636168,2.0545093709497273,2.934792974989441,39.68577010745686,39.70315398886827,0.8802836040397137,1.4284641464705463,0.24252995014632703
ANXA1,SSR1,83.14881146206447,62.16716356533361,42.58384890915011,33.25794181145266,37.17844350374471,21.69219697748535,1.337482188526961,1.7138296186740472,45.97036795831976,44.71313882905816,0.37634743014708616,1.281385003385785,0.2423830656526451
EMP3,LMNA,70.35981764897427,68.28415749974299,37.86225985021166,41.34882286419246,34.1745359817649,33.484116377094686,1.030382300124871,1.0205888370494602,36.185281667209374,48.571097998380196,-0.009793463075410846,0.9904953112313517,0.24236581683813044
TAGLN2,CD46,88.04135460761967,83.7051506116994,45.86453923803322,42.160995168088824,42.10354933246499,37.7814331242932,1.0517907461308387,1.1143683942735128,45.93780527515467,47.82246879334258,0.06257764814267408,1.0594962908476566,0.2422412263738466
VDAC1,APH1A,49.86160859654836,34.40937596381207,41.9814392705959,44.24796956924026,25.15467274503419,20.15009766628971,1.4490283003296942,1.2483028548422372,24.706935851514167,50.44897959183673,-0.20072544548745697,0.8614758280139965,0.24220862568481086
CYBA,FLT3,80.75545424943016,58.918474349748124,46.74373168349072,39.08707720777218,38.065776619993485,25.38295466228025,1.3706071742945782,1.4995999294214788,42.68967762943667,47.137096774193544,0.12899275512690056,1.0941135852388124,0.24213512162731274
PLP2,CLEC2B,58.83262780853142,35.468284157499745,45.31911429501791,50.00514033103732,29.81113643764246,20.78749871491724,1.6586922799819646,1.4340206499015162,29.02149137088896,50.67109450671094,-0.22467163008044833,0.8645489384668197,0.2421218910295323
TYROBP,FLT3,72.33800065125367,18.926698879407834,46.74373168349072,39.08707720777218,33.99544122435689,8.574072170247764,3.8218063966535802,3.9644495753992754,38.34255942689678,46.99527346387576,0.1426431787456952,1.0373234967816778,0.24210852625666357
EMP3,ANGPT1,70.35981764897427,68.28415749974299,48.62422663627483,45.11154518350982,33.95473787040052,32.445769507556285,1.030382300124871,1.0464751463930195,36.40507977857375,48.258706467661696,0.016092846268148442,1.015618325611958,0.2420981746517159
CD99,ANGPT1,89.77531748616086,78.35920633288784,48.62422663627483,45.11154518350982,43.959622272875286,40.41328261540043,1.145674848082707,1.0877249187178162,45.81569521328557,48.96626768226333,-0.05794992936489085,0.9494185200435618,0.2419338419430721
TYROBP,LGALS9,72.33800065125367,18.926698879407834,45.66102246825138,43.44607792741853,36.616737219146856,10.177855453891231,3.8218063966535802,3.5973334511935526,35.72126343210681,50.61895115912671,-0.2244729454600276,0.9412652232576253,0.2418711085226322
TAGLN2,METTL9,88.04135460761967,83.7051506116994,45.766851188537935,47.352729515780815,43.12927385216542,43.631129844762,1.0517907461308387,0.9884750986397941,44.91208075545425,48.987517337031896,-0.06331564749104457,0.9398020492916864,0.2417718043106073
ANXA1,METTL9,83.14881146206447,62.16716356533361,45.766851188537935,47.352729515780815,40.450993161836536,30.93451218258456,1.337482188526961,1.3075908658984092,42.69781830022794,48.64891325631486,-0.029891322628551764,0.9776510499467117,0.24175000015014672
CD63,ASAH1,69.96906545099316,68.3149994859669,43.28394659719961,51.22853911791919,34.80136763269294,39.385216407936674,1.0241973472900125,0.8835925561430712,35.16769781830022,49.73821989528797,-0.14060479114694135,0.8627170910772457,0.24166085991909278
CD99,ITGB1,89.77531748616086,78.35920633288784,43.53630739172908,31.82892978307803,40.69521328557473,28.148452760357767,1.145674848082707,1.4456839936471118,49.08010420058613,45.33006891548785,0.3000091455644047,1.2618623827401567,0.2416508018556595
CD63,PSAP,69.96906545099316,68.3149994859669,45.6854444806252,55.86511771358075,35.175838489091504,42.47969569240259,1.0241973472900125,0.8280429007988794,34.79322696190165,50.27341477603259,-0.19615444649113312,0.8084798334909279,0.2415593515556063
CYBA,UQCRC2,80.75545424943016,58.918474349748124,46.48323021816998,53.31551351907063,40.53239986974927,34.27572735684178,1.3706071742945782,1.182504952931536,40.22305437968089,50.19153225806452,-0.18810222136304233,0.8627599323198827,0.24155255022217048
VIM,SSR1,89.62064474112667,80.15832219594942,42.58384890915011,33.25794181145266,39.67762943666558,26.082039683355607,1.118031468904503,1.5212041969933858,49.943015304461085,44.272867653737855,0.4031727280888828,1.3606094634204968,0.24152297467313344
PLP2,LRPAP1,58.83262780853142,35.468284157499745,37.69130576359492,29.978410609643262,26.09899055682188,12.717178986326719,1.6586922799819646,2.0521012155026943,32.73363725170954,44.361422443614224,0.39340893552072975,1.2371801811997385,0.24147755899410764
VIM,PTPRA,89.62064474112667,80.15832219594942,32.04168023445132,13.683561221342654,29.868121133181376,11.421815564922381,1.118031468904503,2.6147775006454226,59.75252360794529,33.32727768189663,1.4967460317409196,2.3387333660719745,0.24147368999652913
EMB,HM13,59.703679583197655,16.82944381618176,42.91761641159231,41.10208697440115,28.069032888309998,7.648812583530379,3.5473621631887737,3.6692445183220648,31.634646694887657,47.01390782656122,0.12188235513329104,1.0343585880229746,0.2411636568894707
VIM,UQCRC2,89.62064474112667,80.15832219594942,46.48323021816998,53.31551351907063,43.984044285249105,42.613344299372876,1.118031468904503,1.0321417590343256,45.63660045587756,49.078027068761926,-0.08588970987017741,0.9231777349215975,0.24109564985030074
VDAC1,ASAH1,49.86160859654836,34.40937596381207,43.28394659719961,51.22853911791919,25.667535004884403,22.8539117919194,1.4490283003296942,1.1230642777610471,24.194073591663955,51.477551020408164,-0.3259640225686471,0.7750464759767072,0.24108955397360846
TGFB1,BIRC6,53.80983393031586,34.67667317775265,40.12536633018561,34.62526986737946,25.20351676978183,14.917240670299167,1.5517140857316054,1.6894429662848713,28.60631716053403,46.83812405446294,0.13772888055326593,1.08875918690158,0.241077064299978
CTSC,SSR1,60.485183979159885,40.74226380178884,42.58384890915011,33.25794181145266,28.45164441549984,17.775264727048423,1.4845443966740897,1.6005412190001718,32.03353956366004,47.03903095558547,0.1159968223260821,1.078136310767099,0.24099499589423146
EMP3,TMEM179B,70.35981764897427,68.28415749974299,38.64376424617389,30.96535416880847,31.422989254314555,22.709982522874473,1.030382300124871,1.3836032510995664,38.93682839465971,44.660418836052294,0.3532209509746953,1.3428057245663951,0.2409631417289963
ANXA1,PBXIP1,83.14881146206447,62.16716356533361,42.380332139368285,33.04204790788527,37.32497557798763,22.45296597100853,1.337482188526961,1.6622887745612431,45.82383588407684,44.88936753475622,0.32480658603428214,1.2428492796543396,0.2406871669754952
TYROBP,LMAN2,72.33800065125367,18.926698879407834,40.21491370888961,38.34686953839827,32.106805600781506,7.648812583530379,3.8218063966535802,4.197070875946121,40.23119505047216,44.384424938104885,0.3752644792925408,1.0981903425618647,0.24068534865515145
TAGLN2,P4HB,88.04135460761967,83.7051506116994,44.806252035167695,44.89565127994243,42.535004884402476,41.132928960625065,1.0517907461308387,1.0340613201602642,45.50634972321719,48.31252889505317,-0.017729425970574475,0.9831435805688588,0.2406761731767371
CD99,SERINC3,89.77531748616086,78.35920633288784,45.35981764897428,40.783386450087384,42.80364702051449,36.0028785853809,1.145674848082707,1.1888621088144262,46.97167046564637,47.678636198766775,0.04318726073171919,1.0376959141627253,0.24055254403041984
TGFB1,LMNA,53.80983393031586,34.67667317775265,37.86225985021166,41.34882286419246,26.440898730055356,18.248175182481752,1.5517140857316054,1.4488818516815611,27.368935200260506,49.137670196671706,-0.10283223405004427,0.9337299087534153,0.2405467392808563
EMB,ITM2C,59.703679583197655,16.82944381618176,50.10582872028655,50.580857407217025,31.09736242266363,9.87971625372674,3.5473621631887737,3.147278155157481,28.606317160534026,52.08617398418326,-0.4000840080312926,0.8872164753339841,0.24042666951935165
TIMP1,ATP6AP2,52.92250081406708,28.82697645728385,39.47411266688375,41.81145265755114,25.113969391077823,13.2312120900586,1.8358035255261687,1.89794187246636,27.808531422989255,47.45423780956776,0.06213834694019127,1.0338480376991221,0.24037810639484836
EMP3,CLEC2B,70.35981764897427,68.28415749974299,45.31911429501791,50.00514033103732,34.516444154998375,37.15431273774031,1.030382300124871,0.9289773550994359,35.843373493975896,49.05704037949787,-0.10140494502543518,0.9015851252363846,0.24021495464621756
EMP3,LNPEP,70.35981764897427,68.28415749974299,37.35753826115272,26.997018607998356,30.06349723217193,19.28652205202015,1.030382300124871,1.5587018981022043,40.296320416802345,42.72821936827491,0.5283195979773332,1.5127413367963587,0.24005707674024115
VIM,P4HB,89.62064474112667,80.15832219594942,44.806252035167695,44.89565127994243,42.77922500814067,37.35992597923306,1.118031468904503,1.1450258227518064,46.841419732986,47.73367244981379,0.02699435384730342,1.0241445385019026,0.24001807994143412
CYBA,FLNA,80.75545424943016,58.918474349748124,41.256919570172585,33.86450087385628,36.44578313253012,21.99033617764984,1.3706071742945782,1.6572791593068623,44.30967111690004,45.13104838709677,0.2866719850122841,1.2091569272281302,0.239988841186098
CD63,LRPAP1,69.96906545099316,68.3149994859669,37.69130576359492,29.978410609643262,31.129925105828722,22.668859874575922,1.0241973472900125,1.373185598766788,38.83914034516444,44.490983129726594,0.3489882514767755,1.340743170640097,0.23990432822247174
EMB,FLNA,59.703679583197655,16.82944381618176,41.256919570172585,33.86450087385628,26.3676326929339,6.713272334738357,3.5473621631887737,3.9271020563930397,33.33604689026376,44.16416689391874,0.37973989320426593,1.107048526689734,0.23980782912980697
CYBA,METTL9,80.75545424943016,58.918474349748124,45.766851188537935,47.352729515780815,39.506675350048845,30.996196155032383,1.3706071742945782,1.2745241586515221,41.248778899381314,48.921370967741936,-0.0960830156430561,0.9298974808792257,0.23980270405655685
TYROBP,TTC17,72.33800065125367,18.926698879407834,38.81471833279062,38.778657345533055,28.99706935851514,6.291765189678215,3.8218063966535802,4.608001170308712,43.340931292738524,40.08552779653387,0.7861947736551316,1.2057128729345195,0.23973737766542594
CYBA,SSR1,80.75545424943016,58.918474349748124,42.58384890915011,33.25794181145266,36.26668837512211,21.681916315410714,1.3706071742945782,1.6725927383368748,44.48876587430805,44.909274193548384,0.3019855640422966,1.2203297704155984,0.2396456491698567
TGFB1,ASAH1,53.80983393031586,34.67667317775265,43.28394659719961,51.22853911791919,27.01074568544448,20.417394880230287,1.5517140857316054,1.3228633222093822,26.79908824487138,50.196671709531,-0.22885076352222322,0.8525174414368197,0.23954082037154392
ANXA1,SLC9A3R1,83.14881146206447,62.16716356533361,41.6151090849886,35.416880847126556,37.2110061869098,22.51464994345636,1.337482188526961,1.6526729754796305,45.93780527515467,44.75230076365772,0.31519078695266955,1.2356598014212103,0.2395210431659221
VIM,METTL9,89.62064474112667,80.15832219594942,45.766851188537935,47.352729515780815,42.92575708238359,38.38799218669682,1.118031468904503,1.1181787965056016,46.69488765874308,47.897175038604786,0.00014732760109859022,1.0001317741094022,0.23949324157307883
CYBA,ATRAID,80.75545424943016,58.918474349748124,42.893194399218494,39.85812686337,37.87040052100293,25.753058496967206,1.3706071742945782,1.4704634038733173,42.88505372842723,46.89516129032258,0.09985622957873908,1.072855469788514,0.23946861793054983
TAGLN2,PBXIP1,88.04135460761967,83.7051506116994,42.380332139368285,33.04204790788527,39.45783132530121,29.0325896987766,1.0517907461308387,1.3590407433140743,48.58352328231846,44.817383263985214,0.30724999718323565,1.292120840874003,0.23944941617908783
ANXA1,FLNA,83.14881146206447,62.16716356533361,41.256919570172585,33.86450087385628,37.04005210029307,22.175388094993316,1.337482188526961,1.6702472892172853,46.108759361771405,44.546700607009996,0.3327651006903243,1.2487996502269805,0.23937175806956618
CD99,LGALS9,89.77531748616086,78.35920633288784,45.66102246825138,43.44607792741853,43.21068056007815,38.75809602138378,1.145674848082707,1.1148526409449382,46.564636926082706,48.13202756619514,-0.030822207137768842,0.9730968981388132,0.23911902747408728
EMP3,PSAP,70.35981764897427,68.28415749974299,45.6854444806252,55.86511771358075,34.89091501139694,40.90675439498304,1.030382300124871,0.852916898701142,35.46890263757733,49.58926298738864,-0.17746540142372913,0.8277674204979819,0.23907304486575678
CYBA,CLTC,80.75545424943016,58.918474349748124,39.669488765874306,26.225968952400535,33.70237707587105,17.035057057674514,1.3706071742945782,1.9782967949551789,47.05307717355911,41.73387096774193,0.6076896206606006,1.4433725665950679,0.23905383587173967
PLP2,HSD17B12,58.83262780853142,35.468284157499745,38.01693259524585,31.469106610465715,26.318788668186258,13.395702683252802,1.6586922799819646,1.9645721257281716,32.51383914034516,44.73502144735021,0.3058798457462071,1.18441024259758,0.23896909952406145
VIM,PBXIP1,89.62064474112667,80.15832219594942,42.380332139368285,33.04204790788527,39.88928687723868,27.5830163462527,1.118031468904503,1.446101480528511,49.731357863887986,44.50903805976928,0.32807001162400806,1.2934354002982273,0.2389486908800468
ANXA1,ATRAID,83.14881146206447,62.16716356533361,42.893194399218494,39.85812686337,38.4565288179746,25.81474246941503,1.337482188526961,1.4896541853690874,44.69228264408987,46.25024476209125,0.15217199684212646,1.1137749707229532,0.2388598236525626
TYROBP,TMED4,72.33800065125367,18.926698879407834,34.247802018886354,31.643877865734552,26.310647997394984,5.304821630513005,3.8218063966535802,4.958826328817066,46.027352653858685,36.37182084177357,1.137019932163486,1.2975085114617722,0.23871010081704216
PLP2,LMAN2,58.83262780853142,35.468284157499745,40.21491370888961,38.34686953839827,27.735265385867795,16.171481443404954,1.6586922799819646,1.7149665920425636,31.097362422663625,47.1426594714266,0.056274312060599074,1.0339269150400887,0.23852701296016293
CTSC,TMEM179B,60.485183979159885,40.74226380178884,38.64376424617389,30.96535416880847,27.74340605665907,16.644391898838286,1.4845443966740897,1.6667319234817974,32.741777922500816,45.86810228802153,0.18218752680770778,1.122722855049585,0.23844988778049303
CYBA,SLC9A3R1,80.75545424943016,58.918474349748124,41.6151090849886,35.416880847126556,36.80397264734614,23.265138274904903,1.3706071742945782,1.5818685598994864,43.951481602084016,45.57459677419355,0.21126138560490815,1.154137078491246,0.23843605315121313
VDAC1,PSAP,49.86160859654836,34.40937596381207,45.6854444806252,55.86511771358075,25.512862259850213,23.172612316233167,1.4490283003296942,1.1009445533003241,24.348746336698145,51.167346938775516,-0.34808374702937006,0.7597812637957648,0.23843254734240907
EMP3,LMAN2,70.35981764897427,68.28415749974299,40.21491370888961,38.34686953839827,32.60338651904917,27.983962167163565,1.030382300124871,1.1650323600331565,37.756431129925105,46.338077056577575,0.13465005990828538,1.130679709746535,0.23842288827830216
VIM,CLTC,89.62064474112667,80.15832219594942,39.669488765874306,26.225968952400535,37.251709540866166,21.558548370515062,1.118031468904503,1.7278520357045963,52.3689352002605,41.56599146153147,0.6098205668000933,1.5454413259025908,0.23832098564766202
CD63,FLNA,69.96906545099316,68.3149994859669,41.256919570172585,33.86450087385628,31.805600781504396,25.547445255474454,1.0241973472900125,1.244913358267434,38.16346466948876,45.45666084933101,0.22071601097742155,1.2155014476081467,0.23831910479552612
EMB,ITGA4,59.703679583197655,16.82944381618176,52.76782806903289,56.01932764470032,32.37544773689352,11.205921661354992,3.5473621631887737,2.8888796330694717,27.328231846304135,54.22688846468503,-0.658482530119302,0.8143740334853821,0.23821031581746005
EMP3,CTSA,70.35981764897427,68.28415749974299,36.144578313253014,24.046468592577362,28.988928687723867,17.322915595764368,1.030382300124871,1.6733473750479106,41.3708889612504,41.20097188476223,0.6429650749230396,1.6240063274040317,0.23815311316996318
CTSC,PSAP,60.485183979159885,40.74226380178884,45.6854444806252,55.86511771358075,30.92640833604689,27.27459648401357,1.4845443966740897,1.1338490197335587,29.558775643112995,51.13055181695828,-0.350695376940531,0.7637690204979966,0.2381179902377648
TAGLN2,FLT3,88.04135460761967,83.7051506116994,46.74373168349072,39.08707720777218,40.72777596873983,34.296288680991054,1.0517907461308387,1.1874925842552917,47.31357863887984,46.259824318076745,0.13570183812445302,1.1290198061008347,0.23808421349660638
CYBA,CYSLTR1,80.75545424943016,58.918474349748124,29.29827417779225,13.17980877968541,25.61055030934549,8.656317466844865,1.3706071742945782,2.9582547258347436,55.14490394008467,31.713709677419356,1.5876475515401653,2.15835345189791,0.23795092596410505
ANXA1,GALNT1,83.14881146206447,62.16716356533361,38.26115271898404,25.588567903773004,33.914034516444154,16.808882492032488,1.337482188526961,2.017505745951446,49.23477694562032,40.78715488545134,0.6800235574244848,1.5084355988122955,0.23793695229848094
CD63,HM13,69.96906545099316,68.3149994859669,42.91761641159231,41.10208697440115,33.18951481602084,31.983139714197595,1.0241973472900125,1.0376866507148286,36.77955063497232,47.43455497382199,0.013489303424816024,1.0131706096100601,0.2378472400403508
EMP3,LRPAP1,70.35981764897427,68.28415749974299,37.69130576359492,29.978410609643262,30.84500162813416,21.99033617764984,1.030382300124871,1.4025978857747827,39.514816020840115,43.83894481082958,0.37221558564991164,1.361240275191842,0.23780550333664344
CD99,PBXIP1,89.77531748616086,78.35920633288784,42.380332139368285,33.04204790788527,40.21491370888961,28.31294335355197,1.145674848082707,1.4203218960613153,49.56040377727125,44.795067101922385,0.2746470479786083,1.2397251265821463,0.23770768790854233
CD99,P4HB,89.77531748616086,78.35920633288784,44.806252035167695,44.89565127994243,43.12113318137415,39.34409375963812,1.145674848082707,1.0959723071141758,46.65418430478671,48.0322814653609,-0.04970254096853122,0.9566172365119923,0.23767628027837795
CTSC,HM13,60.485183979159885,40.74226380178884,42.91761641159231,41.10208697440115,29.452946922826442,21.568829032589697,1.4845443966740897,1.3654696510726254,31.032237056333443,48.69448183041723,-0.11907474560146425,0.9197903775271159,0.23751867187201292
HCST,S100A10,65.81732334744383,32.03454302457078,43.70726147834581,28.48771460882081,31.25203516769782,15.215379870463657,2.0545093709497273,2.0538416780959046,34.56528817974601,47.48299319727891,-0.0006676928538227322,0.9996750110448442,0.2373815813437034
EMP3,FLT3,70.35981764897427,68.28415749974299,46.74373168349072,39.08707720777218,32.15564962552914,26.657756759535314,1.030382300124871,1.206194644243029,38.20416802344513,45.7017239384473,0.17581234411815783,1.1706282649622877,0.23729923689814442
CTSC,PTTG1IP,60.485183979159885,40.74226380178884,48.21719309671117,44.35077618998663,29.71344838814718,22.55577259175491,1.4845443966740897,1.317273925925388,30.771735591012703,49.12516823687752,-0.1672704707487016,0.8873253833812937,0.2372623176469525
PLP2,TMX4,58.83262780853142,35.468284157499745,37.699446434386196,30.091497892464275,25.985021165744058,13.077002158939036,1.6586922799819646,1.9869258966273267,32.84760664278736,44.167704441677046,0.3282336166453621,1.1978869863968566,0.23725020304065333
HCST,LMAN2,65.81732334744383,32.03454302457078,40.21491370888961,38.34686953839827,30.356561380657766,13.87889380076077,2.0545093709497273,2.187088879526866,35.460761966786066,46.12244897959184,0.13257950857713885,1.0645309826529785,0.2372412203268161
HCST,TPP1,65.81732334744383,32.03454302457078,36.616737219146856,29.988691271717897,27.808531422989255,10.804975840444124,2.0545093709497273,2.5734400884840705,38.00879192445458,42.25108225108225,0.5189307175343432,1.2525813339534488,0.23720194713212842
HCST,PTTG1IP,65.81732334744383,32.03454302457078,48.21719309671117,44.35077618998663,32.55454249430153,17.590212809704944,2.0545093709497273,1.8506138744647227,33.2627808531423,49.46196660482374,-0.2038954964850046,0.9007570861598208,0.2371150581998685
TAGLN2,SSR1,88.04135460761967,83.7051506116994,42.58384890915011,33.25794181145266,39.482253337675026,30.27654980980775,1.0517907461308387,1.3040108458474275,48.55910126994464,44.84512251502543,0.2522200997165889,1.239800645370209,0.23683661756095659
TAGLN2,NR3C1,88.04135460761967,83.7051506116994,43.78866818625855,40.526369898221446,40.98013676326929,36.3318597717693,1.0517907461308387,1.1279083733208068,47.061217844350374,46.54646324549237,0.07611762718996817,1.0723695539915878,0.2365381975869603
CD99,FLT3,89.77531748616086,78.35920633288784,46.74373168349072,39.08707720777218,42.079127320091175,35.386038860902644,1.145674848082707,1.1891112869176033,47.696190166069684,46.87159956474429,0.04343643883489623,1.037913408771771,0.23652981976546622
EMP3,ANTXR2,70.35981764897427,68.28415749974299,37.77271247150765,28.683047188238923,30.42168674698795,21.16788321167883,1.030382300124871,1.4370945525460863,39.93813090198632,43.237301862779134,0.4067122524212152,1.3947197582605273,0.23652212193495642
EMB,SLC9A3R1,59.703679583197655,16.82944381618176,41.6151090849886,35.416880847126556,26.693259524584825,7.011411534902848,3.5473621631887737,3.8065734436327032,33.01042005861283,44.709571857103896,0.2592112804439295,1.073071558109793,0.236508423307716
ANXA1,NR3C1,83.14881146206447,62.16716356533361,43.78866818625855,40.526369898221446,38.42396613480951,26.565230800863574,1.337482188526961,1.4463461686691543,44.72484532725496,46.21108282749169,0.10886398014219334,1.0813947139453803,0.23649861314456805
VIM,FLT3,89.62064474112667,80.15832219594942,46.74373168349072,39.08707720777218,40.931292738521655,31.983139714197595,1.118031468904503,1.2797371792480154,48.68935200260501,45.67172313561632,0.16170571034351244,1.1446343102506398,0.2364439011952572
TAGLN2,SLC9A3R1,88.04135460761967,83.7051506116994,41.6151090849886,35.416880847126556,40.18235102572452,33.12429320448237,1.0517907461308387,1.2130413692545738,47.859003581895145,45.64031437817846,0.16125062312373517,1.1533105550860934,0.23626410304707907
EMP3,ASAH1,70.35981764897427,68.28415749974299,43.28394659719961,51.22853911791919,34.1745359817649,38.12069497275625,1.030382300124871,0.8964589850002159,36.185281667209374,48.571097998380196,-0.13392331512465516,0.8700256059246892,0.23615932423566824
TGFB1,PSAP,53.80983393031586,34.67667317775265,45.6854444806252,55.86511771358075,26.98632367307066,21.47630307391796,1.5517140857316054,1.2565043003859666,26.8235102572452,50.15128593040848,-0.2952097853456388,0.8097524614488161,0.23599594038476043
PLP2,LAIR1,58.83262780853142,35.468284157499745,37.91924454575057,31.62331654158528,25.122110061869098,11.925568006579624,1.6586922799819646,2.1063989278399107,33.71051774666232,42.700982427009826,0.4477066478579461,1.2699154347440589,0.2358902445279465
EMB,SLC38A2,59.703679583197655,16.82944381618176,49.299902311950504,50.395805489873545,30.641484858352328,9.787190295055002,3.5473621631887737,3.130454551321139,29.062194724845327,51.32260703572402,-0.4169076118676349,0.8824739080227233,0.23576765458523835
CD99,METTL9,89.77531748616086,78.35920633288784,45.766851188537935,47.352729515780815,43.25952458482579,41.57499742983448,1.145674848082707,1.0404927664774009,46.51579290133507,48.18643453028654,-0.10518208160530618,0.9081920304165454,0.23567306857116743
CD99,UQCRC2,89.77531748616086,78.35920633288784,46.48323021816998,53.31551351907063,44.08173233474438,46.57139919810836,1.145674848082707,0.9465205377809881,45.69358515141648,49.10228509249184,-0.19915431030171893,0.8261685585268763,0.23555370994737324
EMP3,GALNT1,70.35981764897427,68.28415749974299,38.26115271898404,25.588567903773004,29.461087593617712,18.957540865631746,1.030382300124871,1.5539744225266354,40.89873005535656,41.872035172972346,0.5235921224017643,1.5081532576193426,0.23553978198494993
PLP2,TPP1,58.83262780853142,35.468284157499745,36.616737219146856,29.988691271717897,25.70823835884077,12.88166957952092,1.6586922799819646,1.9955676267369427,33.12438944969065,43.69724643697247,0.3368753467549781,1.203096952231936,0.2353299995226112
PLP2,RAB5C,58.83262780853142,35.468284157499745,39.669488765874306,40.32075665672869,28.370237707587105,18.422946437750593,1.6586922799819646,1.539856718724312,30.462390100944315,48.22194548221946,-0.1188355612576526,0.9283558724593903,0.23516794934821464
PLP2,PSAP,58.83262780853142,35.468284157499745,45.6854444806252,55.86511771358075,29.925105828720287,23.491312840546932,1.6586922799819646,1.2738254437456056,28.907521979811133,50.86481250864813,-0.384866836236359,0.7679697187470218,0.2350807207314227
VIM,NR3C1,89.62064474112667,80.15832219594942,43.78866818625855,40.526369898221446,41.085965483555846,33.28878379767657,1.118031468904503,1.2341914184021647,48.53467925757082,45.84430920156236,0.11615994949766173,1.103896851500504,0.2350295434826949
TYROBP,SLC38A2,72.33800065125367,18.926698879407834,49.299902311950504,50.395805489873545,35.802670140019536,10.023645522771666,3.8218063966535802,3.571464951921874,36.53533051123413,49.49358541525996,-0.2503414447317063,0.9344965655636276,0.23495085483971445
PLP2,BIRC6,58.83262780853142,35.468284157499745,40.12536633018561,34.62526986737946,26.83165092803647,14.937801994448442,1.6586922799819646,1.7961045964735092,32.000976880494946,45.606752456067525,0.13741231649154462,1.082843766833616,0.2349043781049149
VIM,ATRAID,89.62064474112667,80.15832219594942,42.893194399218494,39.85812686337,40.752197981113646,32.16819163154107,1.118031468904503,1.266808269473491,48.86844676001302,45.471886638205106,0.148776800568988,1.133070315735179,0.23479827321947494
CTSC,HSD17B12,60.485183979159885,40.74226380178884,38.01693259524585,31.469106610465715,27.01074568544448,15.780816284568726,1.4845443966740897,1.7115105890476796,33.47443829371541,44.65679676985195,0.22696619237358995,1.1528860927851503,0.23463229346793923
CYBA,HM13,80.75545424943016,58.918474349748124,42.91761641159231,41.10208697440115,37.78085314229892,27.305438470237483,1.3706071742945782,1.3835877272489407,42.974601107131235,46.784274193548384,0.012980552954362512,1.0094706588421611,0.23457039861546003
ANXA1,CYSLTR1,83.14881146206447,62.16716356533361,29.29827417779225,13.17980877968541,25.797785737544775,8.820808060039067,1.337482188526961,2.924319545604638,57.3510257245197,31.026042686508713,1.586837357077677,2.186436253648614,0.23447208128642744
CTSC,BST2,60.485183979159885,40.74226380178884,45.05861282969717,68.51033206538501,31.20319114295018,30.739179603166445,1.4845443966740897,1.0150620961152756,29.281992836209707,51.58815612382234,-0.469482300558814,0.6837532770251787,0.234466665591171
TGFB1,CLEC2B,53.80983393031586,34.67667317775265,45.31911429501791,50.00514033103732,26.22110061869098,19.2453994037216,1.5517140857316054,1.362389923884709,27.588733311624882,48.72919818456883,-0.18932416184689638,0.8779903053096064,0.23417978283049934
TAGLN2,XRCC6,88.04135460761967,83.7051506116994,45.897101921198306,55.58753983756554,43.023445131878866,50.70422535211268,1.0517907461308387,0.8485012113270542,45.0179094757408,48.8673139158576,-0.20328953480378442,0.8067205520189127,0.2341720928390988
TYROBP,PA2G4,72.33800065125367,18.926698879407834,53.66330185607294,60.162434460779274,39.28687723868447,12.789143620849183,3.8218063966535802,3.071652547719873,33.0511234125692,54.31015079900968,-0.7501538489337074,0.8037174647071209,0.234043061548363
TAGLN2,CLTC,88.04135460761967,83.7051506116994,39.669488765874306,26.225968952400535,36.99120807554542,24.180117199547652,1.0517907461308387,1.529755956694896,51.050146532074244,42.015718908922786,0.4779652105640573,1.4544299446656286,0.23397685507281685
CYBA,NR3C1,80.75545424943016,58.918474349748124,43.78866818625855,40.526369898221446,37.23542819928362,25.94839107638532,1.3706071742945782,1.4349249309810939,43.52002605014654,46.10887096774193,0.06431775668651563,1.046926470175248,0.23376024267303544
CD63,ANTXR2,69.96906545099316,68.3149994859669,37.77271247150765,28.683047188238923,29.96580918267665,21.20900585997738,1.0241973472900125,1.412814752645646,40.003256268316505,42.82722513089005,0.3886174053556335,1.379436059255475,0.23356699592223196
ANXA1,CTSA,83.14881146206447,62.16716356533361,36.144578313253014,24.046468592577362,32.49755779876262,15.492957746478874,1.337482188526961,2.0974342598906306,50.65125366330185,39.08361073037008,0.7599520713636696,1.5681960312313725,0.23341565722003393
CTSC,CLTC,60.485183979159885,40.74226380178884,39.669488765874306,26.225968952400535,26.06642787365679,14.146191014701348,1.4845443966740897,1.8425161466024824,34.41875610550309,43.095558546433374,0.35797174992839276,1.2411323977446398,0.23337638022858653
ANXA1,XRCC6,83.14881146206447,62.16716356533361,45.897101921198306,55.58753983756554,40.467274503419084,35.65333607484322,1.337482188526961,1.1349888669493906,42.68153695864539,48.66849422361465,-0.20249332157757038,0.8486011078767435,0.23321780503919476
TYROBP,MYH9,72.33800065125367,18.926698879407834,50.46401823510257,48.26770844042356,37.398241615109086,11.288166957952091,3.8218063966535802,3.3127547634297105,34.93975903614458,51.6993022732388,-0.5090516332238697,0.8668033959884516,0.2330439297050005
PLP2,SPINT2,58.83262780853142,35.468284157499745,45.16444154998372,59.17549090161406,29.925105828720287,24.282923820294027,1.6586922799819646,1.2323010914616663,28.907521979811133,50.86481250864813,-0.4263911885202982,0.7429353270246519,0.23300450311722573
CTSC,CTSA,60.485183979159885,40.74226380178884,36.144578313253014,24.046468592577362,25.43145555193748,13.107844145162948,1.4845443966740897,1.9400227259030667,35.05372842722241,42.0457604306864,0.455478329228977,1.306813545118227,0.23300271861488084
TAGLN2,FLNA,88.04135460761967,83.7051506116994,41.256919570172585,33.86450087385628,39.21361120156301,31.1915287344505,1.0517907461308387,1.2571475539991617,48.827743406056655,44.53999075358299,0.205356807868323,1.1952449274000148,0.23296779416133112
VIM,SLC9A3R1,89.62064474112667,80.15832219594942,41.6151090849886,35.416880847126556,39.824161510908496,29.978410609643262,1.118031468904503,1.328383737407384,49.79648323021817,44.43637024252884,0.2103522685028809,1.188145212682603,0.2326994646377882
EMP3,BST2,70.35981764897427,68.28415749974299,45.05861282969717,68.51033206538501,35.013025073266036,49.50138788938008,1.030382300124871,0.7072997195914564,35.346792575708236,49.7628138377878,-0.32308258053341465,0.6864439727912052,0.23265994016226832
EMP3,SPINT2,70.35981764897427,68.28415749974299,45.16444154998372,59.17549090161406,34.378052751546726,43.15821938932867,1.030382300124871,0.7965401885847563,35.981764897427546,48.86034941571214,-0.2338421115401148,0.7730530585475162,0.23260964150155494
ANXA1,HM13,83.14881146206447,62.16716356533361,42.91761641159231,41.10208697440115,37.732009117551286,25.98951372468387,1.337482188526961,1.4517608046245045,45.41680234451319,45.37889171725083,0.11427861609754353,1.0854430938055366,0.23260838939113135
PLP2,FLT3,58.83262780853142,35.468284157499745,46.74373168349072,39.08707720777218,27.556170628459785,16.97337308522669,1.6586922799819646,1.6233984306874196,31.276457180071635,46.83824546838245,-0.03529384929454493,0.9787218824609658,0.23242653487718504
CYBA,PSAP,80.75545424943016,58.918474349748124,45.6854444806252,55.86511771358075,39.44969065450993,34.78976046057366,1.3706071742945782,1.1339128588239962,41.30576359492023,48.8508064516129,-0.23669431547058206,0.8273069629944091,0.23241931648453537
CD63,ATP6AP2,69.96906545099316,68.3149994859669,39.47411266688375,41.81145265755114,32.57082383588408,32.024262362496145,1.0241973472900125,1.0170353475082479,37.39824161510908,46.55031995346132,-0.007161999781764683,0.9930072072528648,0.23239349977821835
CTSC,XRCC6,60.485183979159885,40.74226380178884,45.897101921198306,55.58753983756554,30.560078150439598,28.333504677701242,1.4845443966740897,1.0785464047476305,29.925105828720287,50.52489905787348,-0.40599799192645913,0.72651677320258,0.23232459569304448
CD63,LMAN2,69.96906545099316,68.3149994859669,40.21491370888961,38.34686953839827,32.05796157603387,29.474658167986018,1.0241973472900125,1.087607998210962,37.91110387495929,45.8173356602676,0.06341065092094955,1.0619125318853166,0.23225721084738554
EMP3,BIRC6,70.35981764897427,68.28415749974299,40.12536633018561,34.62526986737946,31.20319114295018,25.16706075871286,1.030382300124871,1.23979322213564,39.1566265060241,44.3480273053338,0.20941092201076894,1.2032361405911094,0.2322106826272074
VIM,FLNA,89.62064474112667,80.15832219594942,41.256919570172585,33.86450087385628,39.44969065450993,29.012028374627327,1.118031468904503,1.3597232989648795,50.17095408661674,44.01853029339631,0.24169183006037653,1.2161762318704652,0.23217724297000036
HCST,CLEC2B,65.81732334744383,32.03454302457078,45.31911429501791,50.00514033103732,32.49755779876262,18.464069086049143,2.0545093709497273,1.7599478045449284,33.31976554868121,49.375386518243666,-0.2945615664047989,0.8566268080497323,0.2321488542709784
TYROBP,BIRC6,72.33800065125367,18.926698879407834,40.12536633018561,34.62526986737946,29.208726799088243,6.600185051917343,3.8218063966535802,4.424770184348103,43.129273852165426,40.37812288993923,0.6029637876945224,1.157769317729565,0.2320388038344222
EMP3,RAB5C,70.35981764897427,68.28415749974299,39.669488765874306,40.32075665672869,32.432432432432435,30.656934306569344,1.030382300124871,1.0578805508589941,37.927385216541836,46.09510586601875,0.027498250734123042,1.0266874253670608,0.2318504418667999
CD63,SLC9A3R1,69.96906545099316,68.3149994859669,41.6151090849886,35.416880847126556,31.602084011722567,27.61385833247661,1.0241973472900125,1.144386968466058,38.36698143927059,45.16579406631763,0.12018962117604537,1.11735006099563,0.23183845139039044
CD63,CTSA,69.96906545099316,68.3149994859669,36.144578313253014,24.046468592577362,28.752849234776946,18.54631438264624,1.0241973472900125,1.550243266576615,41.21621621621621,41.09365910413032,0.5260459192866025,1.5136177326357074,0.23177059148498166
TAGLN2,ATRAID,88.04135460761967,83.7051506116994,42.893194399218494,39.85812686337,40.22305437968089,36.085123881978,1.0517907461308387,1.1146404781858255,47.81830022793878,45.6865464632455,0.06284973205498678,1.0597549772007298,0.2315752189189768
EMP3,APH1A,70.35981764897427,68.28415749974299,41.9814392705959,44.24796956924026,32.83132530120482,33.11401254240773,1.030382300124871,0.9914332739315859,37.52849234776945,46.66203864398936,-0.03894902619328522,0.962199441713464,0.23136274191028253
CD99,SSR1,89.77531748616086,78.35920633288784,42.58384890915011,33.25794181145266,39.59622272875285,29.09427367122443,1.145674848082707,1.3609159747452035,50.17909475740801,44.10591222343127,0.2152411266624965,1.1878727869628138,0.23129161745028115
CYBA,CLEC2B,80.75545424943016,58.918474349748124,45.31911429501791,50.00514033103732,38.64376424617389,31.952297727973683,1.3706071742945782,1.2093826613815513,42.11169000325627,47.85282258064516,-0.16122451291302697,0.8823700065658815,0.23120288725757446
CD99,ATRAID,89.77531748616086,78.35920633288784,42.893194399218494,39.85812686337,40.947574080104204,33.905623522154826,1.145674848082707,1.2076570836771399,48.827743406056655,45.61117156329344,0.06198223559443283,1.0541010703849878,0.23115496959618884
CYBA,CTSA,80.75545424943016,58.918474349748124,36.144578313253014,24.046468592577362,32.21263432106806,16.06867482265858,1.3706071742945782,2.0045604330242925,48.5428199283621,39.88911290322581,0.6339532587297143,1.4625346128484964,0.23114322745261476
TAGLN2,CLEC2B,88.04135460761967,83.7051506116994,45.31911429501791,50.00514033103732,41.78606317160534,45.049861211061994,1.0517907461308387,0.9275308406611549,46.255291436014325,47.46185852981969,-0.1242599054696838,0.8818587195915238,0.23109629737561432
ANXA1,CLEC2B,83.14881146206447,62.16716356533361,45.31911429501791,50.00514033103732,39.44969065450993,32.54857612830266,1.337482188526961,1.211987845832728,43.69912080755454,47.4446837673781,-0.12549434269423299,0.9061712045433319,0.23094870170217888
CYBA,XRCC6,80.75545424943016,58.918474349748124,45.897101921198306,55.58753983756554,39.506675350048845,36.01315924745553,1.3706071742945782,1.0969761942406047,41.248778899381314,48.921370967741936,-0.27363098005397357,0.8003578376168902,0.23092530583601095
CD63,BIRC6,69.96906545099316,68.3149994859669,40.12536633018561,34.62526986737946,30.85314229892543,25.04369281381721,1.0241973472900125,1.2319233670897207,39.11592315206772,44.09540430482839,0.20772601979970817,1.2028183536594226,0.23086332251412742
CTSC,LMAN2,60.485183979159885,40.74226380178884,40.21491370888961,38.34686953839827,28.174861608596547,19.522977279736814,1.4845443966740897,1.4430902681820958,32.31032237056334,46.5814266487214,-0.041454128491993814,0.9720761948346807,0.23083442681900726
PLP2,ATP6AP2,58.83262780853142,35.468284157499745,39.47411266688375,41.81145265755114,27.7027027027027,17.754703402899146,1.6586922799819646,1.5602143195396816,31.12992510582872,47.08731147087312,-0.09847796044228296,0.9406291560943699,0.23051265933225143
CD99,NR3C1,89.77531748616086,78.35920633288784,43.78866818625855,40.526369898221446,41.33832627808531,36.0028785853809,1.145674848082707,1.1481631397032437,48.43699120807555,46.04642727602466,0.0024882916205366534,1.0021719003648382,0.23035655096115012
HCST,PSAP,65.81732334744383,32.03454302457078,45.6854444806252,55.86511771358075,32.81504395962227,19.594941914259277,2.0545093709497273,1.6745836512070857,33.00227938782156,49.85776128633271,-0.37992571974264155,0.8150771541299833,0.2302925204445315
EMB,METTL9,59.703679583197655,16.82944381618176,45.766851188537935,47.352729515780815,29.485509605991535,9.180631232651383,3.5473621631887737,3.2113585112345007,30.21816997720612,49.38641941641669,-0.33600365195427306,0.9052807025341234,0.23013191448436982
CYBA,TMEM179B,80.75545424943016,58.918474349748124,38.64376424617389,30.96535416880847,34.57342885053728,20.437956204379564,1.3706071742945782,1.6915457181286513,46.182025398892876,42.8125,0.32093854383407305,1.2341579336904123,0.23010942719170363
HCST,ANTXR2,65.81732334744383,32.03454302457078,37.77271247150765,28.683047188238923,26.750244220123736,10.321784722936156,2.0545093709497273,2.591378677178792,39.0670791273201,40.64316635745207,0.5368693062290646,1.2613126587886474,0.23005929709871356
ANXA1,LNPEP,83.14881146206447,62.16716356533361,37.35753826115272,26.997018607998356,33.222077499185936,17.096741030122338,1.337482188526961,1.9430682357778244,49.92673396287854,39.9549637752105,0.6055860472508634,1.4527806444419473,0.23005412123859564
VIM,LNPEP,89.62064474112667,80.15832219594942,37.35753826115272,26.997018607998356,35.74568544448063,20.70525341832014,1.118031468904503,1.7263231895372315,53.87495929664604,39.88554818784631,0.6082917206327285,1.544073881237672,0.22984232697086798
CD63,LNPEP,69.96906545099316,68.3149994859669,37.35753826115272,26.997018607998356,29.054054054054053,19.821116479901306,1.0241973472900125,1.4657392455297846,40.91501139693911,41.52414194299011,0.4415418982397721,1.4311101756005082,0.22969780462693917
HCST,HSD17B12,65.81732334744383,32.03454302457078,38.01693259524585,31.469106610465715,27.368935200260502,10.990027757787601,2.0545093709497273,2.490116102278831,38.44838814718333,41.58317872603587,0.4356067313291039,1.2120246991756178,0.22969623019663452
HCST,ASAH1,65.81732334744383,32.03454302457078,43.28394659719961,51.22853911791919,32.57082383588408,19.163154107124498,2.0545093709497273,1.6995701273230468,33.246499511559755,49.48670377241805,-0.3549392436266805,0.8272389268963983,0.22968655668075627
TYROBP,ITGA4,72.33800065125367,18.926698879407834,52.76782806903289,56.01932764470032,37.21914685770108,11.38069291662383,3.8218063966535802,3.27008882864338,35.11885379355259,51.451721809588115,-0.5517175680102002,0.8556395822422374,0.2296727306474306
EMB,P4HB,59.703679583197655,16.82944381618176,44.806252035167695,44.89565127994243,28.907521979811136,8.76940474966588,3.5473621631887737,3.2960305487511747,30.79615760338652,48.41832560676303,-0.251331614437599,0.9291497166413724,0.22952504731193518
HCST,SLC9A3R1,65.81732334744383,32.03454302457078,41.6151090849886,35.416880847126556,30.92640833604689,15.904184229464377,2.0545093709497273,1.9444231446722682,34.89091501139694,46.9882498453927,-0.11008622627745912,0.9464172673855608,0.22943693791309056
EMB,NR3C1,59.703679583197655,16.82944381618176,43.78866818625855,40.526369898221446,28.10159557147509,8.193687673486172,3.5473621631887737,3.4292454686708216,31.602084011722564,47.06844832287974,-0.11811669451795215,0.9667029502249144,0.2294364068885011
ANXA1,TMCO3,83.14881146206447,62.16716356533361,31.94399218495604,17.31263493368973,28.777271247150765,11.678832116788321,1.337482188526961,2.463842883990343,54.37154021491371,34.6093597023693,1.1263606954633818,1.842150052632777,0.2293648332850156
HCST,HM13,65.81732334744383,32.03454302457078,42.91761641159231,41.10208697440115,31.30901986323673,16.634111236763648,2.0545093709497273,1.8821046290357049,34.508303484207104,47.56957328385899,-0.17240474191402244,0.9160847137755688,0.22922762932359383
CD99,CLTC,89.77531748616086,78.35920633288784,39.669488765874306,26.225968952400535,37.16216216216216,23.388506219800554,1.145674848082707,1.5888391064323653,52.6131553239987,41.39463184620965,0.4431642583496582,1.3868150366496184,0.22913137214853116
CD63,TMEM179B,69.96906545099316,68.3149994859669,38.64376424617389,30.96535416880847,30.26701400195376,23.655803433741134,1.0241973472900125,1.279421122415239,39.702051449039395,43.25770796974986,0.2552237751252264,1.2491939427499386,0.2290497286050106
TYROBP,METTL9,72.33800065125367,18.926698879407834,45.766851188537935,47.352729515780815,34.8420709866493,9.725506322607176,3.8218063966535802,3.582177385282358,37.49592966460437,48.16565383749718,-0.23962901137122206,0.9372995420225776,0.2288468186189248
CD99,CLEC2B,89.77531748616086,78.35920633288784,45.31911429501791,50.00514033103732,42.29078476066428,42.0170658990439,1.145674848082707,1.0064905143962515,47.48453272549658,47.107363075807044,-0.13918433368645555,0.8785132326860616,0.22857759869471242
VIM,HM13,89.62064474112667,80.15832219594942,42.91761641159231,41.10208697440115,40.31260175838489,33.86450087385628,1.118031468904503,1.1903737053393382,49.308042982741775,44.98137887183214,0.07234223643483517,1.064705009158391,0.2285240061809025
HCST,FLNA,65.81732334744383,32.03454302457078,41.256919570172585,33.86450087385628,30.299576685118854,14.989205304821631,2.0545093709497273,2.02129164137418,35.51774666232498,46.03586889301175,-0.03321772957554714,0.9838317945660224,0.22851845798628137
TAGLN2,HM13,88.04135460761967,83.7051506116994,42.91761641159231,41.10208697440115,40.117225659394336,37.93564305541277,1.0517907461308387,1.0574795877641696,47.92412894822533,45.5663430420712,0.005688841633330943,1.005408719989464,0.22811615729202256
TAGLN2,SPINT2,88.04135460761967,83.7051506116994,45.16444154998372,59.17549090161406,42.380332139368285,53.30523285699599,1.0517907461308387,0.7950352119809612,45.66102246825138,48.136846971798434,-0.2567555341498775,0.7558872474449988,0.2278464581514983
HCST,XRCC6,65.81732334744383,32.03454302457078,45.897101921198306,55.58753983756554,32.72549658091827,20.00616839724478,2.0545093709497273,1.635688565775502,33.091826766525564,49.721706864564005,-0.41882080517422526,0.7961455853663889,0.22766749406410877
CYBA,LRPAP1,80.75545424943016,58.918474349748124,37.69130576359492,29.978410609643262,33.98730055356561,19.831397141975945,1.3706071742945782,1.7137262989570903,46.76815369586455,42.08669354838709,0.34311912466251204,1.2503409664691914,0.22758942397506104
CD63,LMNA,69.96906545099316,68.3149994859669,37.86225985021166,41.34882286419246,31.96841419732986,31.767245810630204,1.0241973472900125,1.0063008951735282,38.00065125366329,45.689354275741714,-0.017896452116484385,0.9825263635335146,0.2275519487728844
TYROBP,P4HB,72.33800065125367,18.926698879407834,44.806252035167695,44.89565127994243,35.26538586779551,10.085329495219492,3.8218063966535802,3.496354732859943,37.07261478345816,48.7508440243079,-0.3254516637936371,0.9148434980697593,0.22748163693185766
EMP3,TMCO3,70.35981764897427,68.28415749974299,31.94399218495604,17.31263493368973,25.56170628459785,13.159247455536137,1.030382300124871,1.9423423739532175,44.798111364376425,36.329978016892284,0.9119600738283464,1.8850696229135795,0.22724789377587873
EMP3,TMX4,70.35981764897427,68.28415749974299,37.699446434386196,30.091497892464275,29.75415174210355,22.113704122545492,1.030382300124871,1.3454465217904406,40.605665906870726,42.28855721393035,0.31506422166556947,1.305774101153899,0.2271959971529302
CD99,SLC9A3R1,89.77531748616086,78.35920633288784,41.6151090849886,35.416880847126556,40.019537609899054,32.61026010075049,1.145674848082707,1.2271693116506737,49.755779876261805,44.57743924555676,0.08149446356796664,1.0711322795506493,0.22696191940618213
TGFB1,LTA4H,53.80983393031586,34.67667317775265,38.56235753826115,43.08625475480621,25.016281341582545,17.364038244062918,1.5517140857316054,1.4406119347382131,28.793552588733316,46.49016641452344,-0.11110215099339227,0.9284003721980718,0.22689572452294762
CYBA,GALNT1,80.75545424943016,58.918474349748124,38.26115271898404,25.588567903773004,32.42429176164116,17.127583016346254,1.3706071742945782,1.8929932342154518,48.331162487789,40.151209677419345,0.5223860599208736,1.381134777139726,0.22687535138314044
CYBA,LNPEP,80.75545424943016,58.918474349748124,37.35753826115272,26.997018607998356,32.48127645718007,17.250950961241905,1.3706071742945782,1.8827596096321075,48.274177792250086,40.221774193548384,0.5121524353375293,1.3736682872691974,0.2267164927346184
ANXA1,BIRC6,83.14881146206447,62.16716356533361,40.12536633018561,34.62526986737946,35.35493324649951,21.82584558445564,1.337482188526961,1.6197912387155995,47.79387821556496,42.52007049148228,0.2823090501886385,1.2110749979403914,0.22671580496684335
ANXA1,TMEM179B,83.14881146206447,62.16716356533361,38.64376424617389,30.96535416880847,34.394334093129274,19.831397141975945,1.337482188526961,1.7342499672080733,48.7544773689352,41.36479342079499,0.39676777868111235,1.296652757012109,0.22666235603803056
ANXA1,PSAP,83.14881146206447,62.16716356533361,45.6854444806252,55.86511771358075,39.53109736242266,35.47856481957438,1.337482188526961,1.1141934114313887,43.61771409964181,47.542588603877036,-0.22328877709557227,0.8330528966957744,0.22654850416460656
CD63,SPINT2,69.96906545099316,68.3149994859669,45.16444154998372,59.17549090161406,33.66981439270596,45.38912305952503,1.0241973472900125,0.7417872462815545,36.2992510582872,48.12100058173357,-0.2824101010084581,0.7242620264974279,0.22648449785824498
PLP2,CRTAP,58.83262780853142,35.468284157499745,36.97492673396288,35.386038860902644,26.864213611201563,16.572427264315824,1.6586922799819646,1.6209208380841533,31.968414197329857,45.662100456621005,-0.03777144189781123,0.9772281800827928,0.2264219301882145
VDAC1,BST2,49.86160859654836,34.40937596381207,45.05861282969717,68.51033206538501,25.13025073266037,26.822247352729516,1.4490283003296942,0.9368832342405825,24.731357863887986,50.4,-0.5121450660891117,0.6465596524425475,0.2263927466955444
HCST,TMX4,65.81732334744383,32.03454302457078,37.699446434386196,30.091497892464275,27.33637251709541,11.25732497172818,2.0545093709497273,2.4281029891873174,38.48095083034842,41.53370439084725,0.3735936182375901,1.1818407954327756,0.22634820286611573
CYBA,LMAN2,80.75545424943016,58.918474349748124,40.21491370888961,38.34686953839827,36.06317160534028,25.197902744936773,1.3706071742945782,1.431140552839606,44.69228264408988,44.65725806451613,0.060533378545027716,1.0441653740621801,0.22631295924983202
VIM,GALNT1,89.62064474112667,80.15832219594942,38.26115271898404,25.588567903773004,35.12699446434386,20.386552894006375,1.118031468904503,1.7229627629645856,54.49365027678281,39.19520392406213,0.6049312940600826,1.5410682175635193,0.22622258432331477
PLP2,LMNA,58.83262780853142,35.468284157499745,37.86225985021166,41.34882286419246,28.22370563334419,20.396833556081013,1.6586922799819646,1.383661924475804,30.60892217518723,47.972879479728796,-0.2750303555061606,0.8341884393956719,0.22611287962333598
HCST,APH1A,65.81732334744383,32.03454302457078,41.9814392705959,44.24796956924026,31.20319114295018,17.024776395599876,2.0545093709497273,1.8327029803477448,34.61413220449366,47.40878169449598,-0.22180639060198248,0.8920392412231007,0.22595358894238074
CTSC,ASAH1,60.485183979159885,40.74226380178884,43.28394659719961,51.22853911791919,29.737870400521004,27.418525753058496,1.4845443966740897,1.0845508659902299,30.74731357863888,49.165545087483174,-0.3999935306838598,0.7305614223596221,0.2258280489032229
CYBA,BST2,80.75545424943016,58.918474349748124,45.05861282969717,68.51033206538501,40.05210029306415,43.18906137555258,1.3706071742945782,0.9273452969838878,40.70335395636601,49.596774193548384,-0.44326187731069044,0.6765945154644125,0.2258207771022074
EMP3,CLDND1,70.35981764897427,68.28415749974299,35.4200586128297,25.927829752236043,28.622598502116574,19.358486686542612,1.030382300124871,1.4784792058568907,41.7372191468577,40.68031933356473,0.44809690573201966,1.434884125705299,0.22580644195442467
VIM,CTSA,89.62064474112667,80.15832219594942,36.144578313253014,24.046468592577362,34.42689677629436,19.214557417497687,1.118031468904503,1.791615826088148,55.193747964832305,38.4140248887274,0.6735843571836451,1.6024735223630628,0.2257493423028193
TAGLN2,PSAP,88.04135460761967,83.7051506116994,45.6854444806252,55.86511771358075,41.69651579290134,50.30327953120181,1.0517907461308387,0.8288860546554214,46.34483881471833,47.360147942672214,-0.22290469147541725,0.7880712562879986,0.2256555051395902
TYROBP,ITM2C,72.33800065125367,18.926698879407834,50.10582872028655,50.580857407217025,37.21914685770108,11.668551454713684,3.8218063966535802,3.189423946767649,35.11885379355259,51.451721809588115,-0.6323824498859314,0.8345331018233543,0.22563948655364405
VIM,XRCC6,89.62064474112667,80.15832219594942,45.897101921198306,55.58753983756554,42.01400195376099,44.62835406600185,1.118031468904503,0.9413983875192762,47.60664278736568,46.87982559723862,-0.17663308138522682,0.8420142131077046,0.22556747391693177
TAGLN2,APH1A,88.04135460761967,83.7051506116994,41.9814392705959,44.24796956924026,40.38586779550635,41.400226174565645,1.0517907461308387,0.9754751616587852,47.65548681211332,45.87147480351364,-0.07631558447205344,0.9274422362501371,0.2255415947939655
HCST,BST2,65.81732334744383,32.03454302457078,45.05861282969717,68.51033206538501,33.612829697167044,23.06980569548679,2.0545093709497273,1.4569421692863778,32.20449365027679,51.06988249845392,-0.5975672016633495,0.7091435988986922,0.22547105240910215
ANXA1,ASAH1,83.14881146206447,62.16716356533361,43.28394659719961,51.22853911791919,38.537935525887335,31.818649121003393,1.337482188526961,1.2111364075491757,44.61087593617714,46.34814959859017,-0.12634578097778526,0.9055346066948851,0.2254234589440616
VIM,CLEC2B,89.62064474112667,80.15832219594942,45.31911429501791,50.00514033103732,41.35460761966786,41.01984167780405,1.118031468904503,1.0081364966736996,48.26603712145881,46.14406394767917,-0.10989497223080336,0.901706727147418,0.22522557112685568
CD63,ADAM17,69.96906545099316,68.3149994859669,35.875936177141,31.06816078955485,29.47736893520026,22.442685308933896,1.0241973472900125,1.3133925435795764,40.491696515792896,42.12914485165795,0.2891951962895638,1.2823627663699417,0.2251054840727679
VIM,PSAP,89.62064474112667,80.15832219594942,45.6854444806252,55.86511771358075,41.94073591663953,44.70031870052431,1.118031468904503,0.9382438177634255,47.679908824487136,46.798074302843126,-0.17978765114107753,0.8391926737829289,0.22500098895716178
EMB,CLEC2B,59.703679583197655,16.82944381618176,45.31911429501791,50.00514033103732,28.809833930315857,8.944176004934718,3.5473621631887737,3.220711802028552,30.893845652881797,48.25470411780747,-0.3266503611602216,0.9079173915339417,0.22494100253102625
TGFB1,BST2,53.80983393031586,34.67667317775265,45.05861282969717,68.51033206538501,26.815369586453922,25.146499434563587,1.5517140857316054,1.0663234989319834,26.99446434386194,49.833585476550674,-0.485390586799622,0.6871907065464518,0.22489839804277229
CD63,TMX4,69.96906545099316,68.3149994859669,37.699446434386196,30.091497892464275,29.355258873331163,22.144546108769404,1.0241973472900125,1.3255603961695388,40.61380657766199,41.95462478184992,0.30136304887952625,1.2942431453048784,0.22484127635322593
EMB,UQCRC2,59.703679583197655,16.82944381618176,46.48323021816998,53.31551351907063,30.16118528166721,10.085329495219492,3.5473621631887737,2.9903033899460034,29.542494301530446,50.51813471502591,-0.5570587732427703,0.8429653506982151,0.22473773491299104
TYROBP,SERINC1,72.33800065125367,18.926698879407834,37.53663301856073,35.64305541276858,28.272549658091826,6.415133134573867,3.8218063966535802,4.406478024239061,44.06545099316184,39.083952284492455,0.5846716275854811,1.1529830574613686,0.22465334280173638
CD99,FLNA,89.77531748616086,78.35920633288784,41.256919570172585,33.86450087385628,39.04265711494627,30.297111133957028,1.145674848082707,1.288616869293501,50.732660371214585,43.4892999637287,0.1429420212107939,1.1247666573548403,0.22459360087918315
ANXA1,ANTXR2,83.14881146206447,62.16716356533361,37.77271247150765,28.683047188238923,33.81634646694888,19.224838079572326,1.337482188526961,1.758901033442029,49.33246499511559,40.669669081652636,0.421418844915068,1.315083706183182,0.22441928765401659
EMP3,TPP1,70.35981764897427,68.28415749974299,36.616737219146856,29.988691271717897,29.387821556496256,21.90809088105274,1.030382300124871,1.341352852842982,40.971996092478015,41.76790466273285,0.3109705527181108,1.3018011399074154,0.22438805094956976
CYBA,SPINT2,80.75545424943016,58.918474349748124,45.16444154998372,59.17549090161406,38.98567241940736,37.822555772591755,1.3706071742945782,1.0307246799799217,41.7697818300228,48.27620967741935,-0.33988249431465656,0.7520204908531968,0.2243869236713639
TAGLN2,GALNT1,88.04135460761967,83.7051506116994,38.26115271898404,25.588567903773004,35.43633995441224,23.40906754394983,1.0517907461308387,1.5137222431282782,52.60501465320743,40.24965325936199,0.4619314969974395,1.4391857398410473,0.22434484114668196
PLP2,BST2,58.83262780853142,35.468284157499745,45.05861282969717,68.51033206538501,29.623901009443177,26.688598745759226,1.6586922799819646,1.1099417901196507,29.208726799088243,50.35284350352843,-0.5487504898623139,0.6691667909202057,0.2243266930245265
CD63,HSD17B12,69.96906545099316,68.3149994859669,38.01693259524585,31.469106610465715,29.770433083686097,23.738048730338235,1.0241973472900125,1.254070178711071,40.198632367307056,42.547993019197214,0.22987283142105852,1.224441932044926,0.224233606667039
VIM,TMEM179B,89.62064474112667,80.15832219594942,38.64376424617389,30.96535416880847,36.92608270921524,24.940886193070835,1.118031468904503,1.4804847726181094,52.69456203191143,41.20265237532927,0.3624533037136064,1.3241888209718768,0.22413592706232668
CD63,RAB5C,69.96906545099316,68.3149994859669,39.669488765874306,40.32075665672869,31.479973949853466,31.263493368972963,1.0241973472900125,1.0068921820781636,38.48909150113969,44.9912739965096,-0.017305165211848994,0.9831036808895885,0.22409111172195553
ANXA1,APH1A,83.14881146206447,62.16716356533361,41.9814392705959,44.24796956924026,37.37381960273527,28.27182070525342,1.337482188526961,1.3218992187712908,45.774991859329205,44.948110436655575,-0.015582969755670195,0.9883490263351974,0.22396140369549436
EMP3,TBXAS1,70.35981764897427,68.28415749974299,33.54770433083686,22.884753778143313,26.872354281992838,15.914464891539016,1.030382300124871,1.6884429367990832,43.48746336698143,38.19275714451001,0.6580606366742121,1.6386567748635261,0.22386681755626067
PLP2,SERINC1,58.83262780853142,35.468284157499745,37.53663301856073,35.64305541276858,26.09899055682188,15.359309139508584,1.6586922799819646,1.6991188341185206,32.73363725170954,44.361422443614224,0.04042655413655605,1.024372546146411,0.22382843992489895
VIM,APH1A,89.62064474112667,80.15832219594942,41.9814392705959,44.24796956924026,40.1579290133507,36.06456255782872,1.118031468904503,1.1134701960896949,49.462715727775965,44.8087928058861,-0.004561272814808115,0.9959202643738844,0.2238159003886901
CD99,HM13,89.77531748616086,78.35920633288784,42.91761641159231,41.10208697440115,40.58124389449691,36.9589801583222,1.145674848082707,1.0979779675384733,49.19407359166395,45.20311933260791,-0.04769688054423371,0.9583678732023709,0.22363075263582788
TIMP1,LMNA,52.92250081406708,28.82697645728385,37.86225985021166,41.34882286419246,25.317486160859655,16.634111236763648,1.8358035255261687,1.5219306802654815,27.605014653207423,47.838794031687435,-0.31387284526068715,0.8290269950479987,0.22350032789540283
CYBA,APH1A,80.75545424943016,58.918474349748124,41.9814392705959,44.24796956924026,36.84467600130251,28.8680991055824,1.3706071742945782,1.276266913163836,43.91077824812765,45.625,-0.09434026113074223,0.9311690009361748,0.22340798694346292
CTSC,LNPEP,60.485183979159885,40.74226380178884,37.35753826115272,26.997018607998356,25.805926408336045,15.328467153284672,1.4845443966740897,1.683419661642092,34.679257570823836,42.66487213997308,0.19887526496800234,1.133963837938127,0.22326812394826556
CTSC,APH1A,60.485183979159885,40.74226380178884,41.9814392705959,44.24796956924026,28.671442526864215,23.70720674411432,1.4845443966740897,1.2093467395623265,31.81374145229567,47.402422611036336,-0.27519765711176314,0.8146248386182964,0.22325223019959356
CD99,PSAP,89.77531748616086,78.35920633288784,45.6854444806252,55.86511771358075,42.36405079778574,47.68171070216922,1.145674848082707,0.8884572662488854,47.41126668837512,47.18897352194414,-0.2572175818338216,0.7754881480864517,0.22308398851802963
CTSC,SLC9A3R1,60.485183979159885,40.74226380178884,41.6151090849886,35.416880847126556,27.18169977206122,18.72108563791508,1.4845443966740897,1.4518521225548784,33.30348420709866,44.93943472409152,-0.03269227411921127,0.977978244239476,0.22306255991449708
VIM,SPINT2,89.62064474112667,80.15832219594942,45.16444154998372,59.17549090161406,42.09540866167372,47.8667626195127,1.118031468904503,0.8794104081337207,47.525236079452945,46.970660368789176,-0.23862106077078227,0.7865703538697405,0.22292224880540676
VIM,ASAH1,89.62064474112667,80.15832219594942,43.28394659719961,51.22853911791919,40.939433409312926,40.61889585689318,1.118031468904503,1.007866528105968,48.68121133181374,45.68080661277137,-0.110164940798535,0.901465259375499,0.22289578602393006
EMP3,HSD17B12,70.35981764897427,68.28415749974299,38.01693259524585,31.469106610465715,29.444806252035168,22.59689524005346,1.030382300124871,1.3029888818957773,40.91501139693911,41.84889505958579,0.27260658177090624,1.264568385673812,0.22287480438647425
VIM,SULT1A1,89.62064474112667,80.15832219594942,27.425919895799414,12.20314588259484,26.554868121133183,10.177855453891231,1.118031468904503,2.6088265268549065,63.065776619993485,29.63030247978927,1.4907950579504035,2.333410641304355,0.2226912652964665
CYBA,TMCO3,80.75545424943016,58.918474349748124,31.94399218495604,17.31263493368973,27.84923477694562,11.730235427161508,1.3706071742945782,2.3739387850375815,52.90621947248454,34.48588709677419,1.0033316107430033,1.7320344074949092,0.22259601602102114
EMP3,SERINC1,70.35981764897427,68.28415749974299,37.53663301856073,35.64305541276858,30.42168674698795,26.28765292484836,1.030382300124871,1.1572174060783844,39.93813090198632,43.237301862779134,0.12683510595351333,1.1230951909190814,0.22252826461157132
PLP2,LTA4H,58.83262780853142,35.468284157499745,38.56235753826115,43.08625475480621,27.605014653207423,19.481854631438264,1.6586922799819646,1.4168875750200864,31.227613155323997,46.92126746921267,-0.24180470496187811,0.8542196717980098,0.2225161020979695
ANXA1,TMX4,83.14881146206447,62.16716356533361,37.699446434386196,30.091497892464275,33.97915988277434,19.985607073095508,1.337482188526961,1.700096457518023,49.16965157929013,40.86547875465048,0.3626142689910621,1.271117082606108,0.22245810722280548
EMP3,ATP6AP2,70.35981764897427,68.28415749974299,39.47411266688375,41.81145265755114,31.35786388798437,30.708337616942533,1.030382300124871,1.0211182109862258,39.001953760989906,44.567858382506074,-0.009264089138645293,0.9910090758182447,0.22237608745559806
CD99,XRCC6,89.77531748616086,78.35920633288784,45.897101921198306,55.58753983756554,42.29892543145555,48.041533874781535,1.145674848082707,0.8804474289741634,47.47639205470531,47.1164309031556,-0.26522741910854364,0.768496777639482,0.22232078356035084
VIM,CYSLTR1,89.62064474112667,80.15832219594942,29.29827417779225,13.17980877968541,27.189840442852493,10.753572530070937,1.118031468904503,2.5282121039052727,62.430804298274175,30.338813697883555,1.4101806350007697,2.261306746922363,0.22220310023945622
CTSC,LAIR1,60.485183979159885,40.74226380178884,37.91924454575057,31.62331654158528,25.7896450667535,15.492957746478874,1.4845443966740897,1.664496927688757,34.695538912406384,42.63795423956932,0.17995253101466724,1.1212173454817689,0.2221873977485799
VIM,TMCO3,89.62064474112667,80.15832219594942,31.94399218495604,17.31263493368973,30.75545424943015,14.454610876940475,1.118031468904503,2.1275790079885946,58.86519049169652,34.31737669179762,1.0095475390840916,1.90296880469142,0.22206426041319266
EMP3,SIGIRR,70.35981764897427,68.28415749974299,35.46890263757734,28.045646139611392,28.752849234776946,20.777218052842603,1.030382300124871,1.3837976462492345,41.606968414197326,40.86544024065718,0.3534153461243634,1.3429943876962303,0.22199796850950407
CD63,SERINC1,69.96906545099316,68.3149994859669,37.53663301856073,35.64305541276858,30.34842070986649,26.945615297625167,1.0241973472900125,1.1262424009349006,39.62064474112667,43.37405468295521,0.10204505364488803,1.0996341710070774,0.2219725260970204
EMP3,ADAM17,70.35981764897427,68.28415749974299,35.875936177141,31.06816078955485,29.50179094757408,23.121209005859978,1.030382300124871,1.2759071133773288,40.85802670140019,41.92988545643874,0.24552481325245767,1.238285161946884,0.2219256679448166
CD63,APH1A,69.96906545099316,68.3149994859669,41.9814392705959,44.24796956924026,31.756756756756758,34.512182584558445,1.0241973472900125,0.9201341162598277,38.2123086942364,45.3868528214078,-0.10406323103018489,0.8983953323980655,0.22173110255552975
CTSC,NR3C1,60.485183979159885,40.74226380178884,43.78866818625855,40.526369898221446,27.686421361120157,20.633288783797678,1.4845443966740897,1.3417676592207,32.79876261803973,45.773889636608345,-0.1427767374533897,0.9038245418774536,0.2217306113103722
CYBA,ANTXR2,80.75545424943016,58.918474349748124,37.77271247150765,28.683047188238923,32.285900358189515,17.878071347794798,1.3706071742945782,1.805792914528061,48.46955389124064,39.979838709677416,0.43518574023348267,1.3175131054289595,0.2216584805600612
CD99,SPINT2,89.77531748616086,78.35920633288784,45.16444154998372,59.17549090161406,42.39661348095083,49.63503649635037,1.145674848082707,0.8541498571117412,47.378704005210025,47.225244831338415,-0.29152499097096585,0.7455429946299035,0.2215499746081438
CYBA,ASAH1,80.75545424943016,58.918474349748124,43.28394659719961,51.22853911791919,37.68316509280365,33.37102909427367,1.3706071742945782,1.1291841136285514,43.07228915662651,46.663306451612904,-0.2414230606660268,0.8238568532298235,0.22124537922476314
CD63,RPN2,69.96906545099316,68.3149994859669,40.638228590035816,51.45471368356122,32.38358840768479,39.539426339056234,1.0241973472900125,0.8189994748665054,37.585477043308366,46.282722513089006,-0.20519787242350718,0.7996500645442473,0.22115371894426966
HCST,BIRC6,65.81732334744383,32.03454302457078,40.12536633018561,34.62526986737946,27.87365678931944,12.429320448236867,2.0545093709497273,2.2423924552381975,37.94366655812439,42.35003092145949,0.18788308428847023,1.0914491250052651,0.22114430882172098
CD99,CYSLTR1,89.77531748616086,78.35920633288784,29.29827417779225,13.17980877968541,27.41777922500814,10.938624447414414,1.145674848082707,2.5062815782024717,62.35753826115272,30.540442509974607,1.3606067301197646,2.1876028634099347,0.22073254905586126
TYROBP,UQCRC2,72.33800065125367,18.926698879407834,46.48323021816998,53.31551351907063,35.37935525887333,10.578801274802098,3.8218063966535802,3.3440472405787345,36.95864539238033,48.908395228449244,-0.47775915607484576,0.8749912720609874,0.22065401833850393
HCST,CHST12,65.81732334744383,32.03454302457078,35.25724519700423,34.75891847434975,26.074568544448063,10.414310681607896,2.0545093709497273,2.5034844702705232,39.74275480299577,39.61657390228819,0.44897509932079593,1.2185315412376292,0.22053162447748073
PLP2,ADAM17,58.83262780853142,35.468284157499745,35.875936177141,31.06816078955485,25.25236079452947,14.228436311298447,1.6586922799819646,1.774656440499938,33.58026701400195,42.922374429223744,0.11596416051797354,1.0699130043091745,0.22041008017201744
TYROBP,TMX4,72.33800065125367,18.926698879407834,37.699446434386196,30.091497892464275,28.37837837837838,6.600185051917343,3.8218063966535802,4.298982403187705,43.959622272875286,39.23024983119514,0.47717600653412484,1.1248561431452797,0.22001004948268194
CTSC,FLNA,60.485183979159885,40.74226380178884,41.256919570172585,33.86450087385628,26.131553239986975,16.767759843733938,1.4845443966740897,1.558347396200064,34.353630739172914,43.20323014804845,0.07380299952597436,1.0497142420875518,0.21970630071654093
CTSC,TMX4,60.485183979159885,40.74226380178884,37.699446434386196,30.091497892464275,25.293064148485836,14.90696000822453,1.4845443966740897,1.6966147034558705,35.192119830674045,41.81695827725437,0.21207030678178085,1.1428521149363362,0.21968830672536094
CD63,TBXAS1,69.96906545099316,68.3149994859669,33.54770433083686,22.884753778143313,26.815369586453922,16.9219697748535,1.0241973472900125,1.5845545990574255,43.15369586453923,38.324607329842934,0.5603572517674129,1.5471184369400068,0.21964089923758534
CD63,TPP1,69.96906545099316,68.3149994859669,36.616737219146856,29.988691271717897,28.94008466297623,22.6071759021281,1.0241973472900125,1.2800716337425573,41.02898078801692,41.36125654450262,0.25587428645254473,1.2498290853121017,0.21959999704514035
CD99,ASAH1,89.77531748616086,78.35920633288784,43.28394659719961,51.22853911791919,41.4929990231195,45.32743908707721,1.145674848082707,0.9153855693863687,48.282318463041356,46.21871599564744,-0.2302892786963383,0.7989924636281153,0.21957911604342029
ANXA1,LMAN2,83.14881146206447,62.16716356533361,40.21491370888961,38.34686953839827,35.7538261152719,25.03341215174257,1.337482188526961,1.4281871648734992,47.39498534679257,42.999804190327,0.09070497634653818,1.0678177078727578,0.21953426976896195
TYROBP,APH1A,72.33800065125367,18.926698879407834,41.9814392705959,44.24796956924026,33.83262780853142,9.571296391487612,3.8218063966535802,3.5344317000691574,38.505372842722245,46.7702003151024,-0.28737469658442283,0.9248065792039986,0.2194822667462909
CYBA,CD81,80.75545424943016,58.918474349748124,28.655161185281667,15.338747815359309,26.107131227613156,10.332065385010795,1.3706071742945782,2.5265620853889414,54.648323021817006,32.328629032258064,1.1559549110943632,1.8433889248312947,0.21944089071600847
ANXA1,SPINT2,83.14881146206447,62.16716356533361,45.16444154998372,59.17549090161406,38.96125040703354,37.483293924128716,1.337482188526961,1.0394020089025635,44.18756105503093,46.85725474838457,-0.2980801796243975,0.7771333463866994,0.21938226476070297
TAGLN2,ASAH1,88.04135460761967,83.7051506116994,43.28394659719961,51.22853911791919,40.304461087593616,46.982625681093865,1.0517907461308387,0.8578405881479698,47.73689352002605,45.77901063337956,-0.19395015798286885,0.8156000528657036,0.2191975452677544
ANXA1,LRPAP1,83.14881146206447,62.16716356533361,37.69130576359492,29.978410609643262,33.30348420709866,19.440731983139713,1.337482188526961,1.7129895750018649,49.84532725496581,40.05286861170942,0.3755073864749039,1.2807569249863953,0.21903971238229225
CD99,GALNT1,89.77531748616086,78.35920633288784,38.26115271898404,25.588567903773004,35.60729404102898,22.833350467770124,1.145674848082707,1.559374070713656,54.16802344513188,39.662676822633294,0.41369922263094905,1.3610965391474525,0.2189983452447139
TYROBP,PTTG1IP,72.33800065125367,18.926698879407834,48.21719309671117,44.35077618998663,34.62227287528492,10.13673280559268,3.8218063966535802,3.415188932202362,37.715727775968745,47.861805086653156,-0.40661746445121816,0.893605949059257,0.21897815221070485
VIM,ANTXR2,89.62064474112667,80.15832219594942,37.77271247150765,28.683047188238923,35.65613806577662,23.511874164696206,1.118031468904503,1.5164517028425692,53.96450667535005,39.7856299391407,0.39842023393806625,1.3563586938464764,0.2188491613926068
VIM,BIRC6,89.62064474112667,80.15832219594942,40.12536633018561,34.62526986737946,37.30869423640508,28.014804153387477,1.118031468904503,1.331701707798167,52.31195050472159,41.629575801616866,0.213670238893664,1.1911129023076852,0.2188313909527675
ANXA1,RAB5C,83.14881146206447,62.16716356533361,39.669488765874306,40.32075665672869,36.144578313253014,26.47270484219184,1.337482188526961,1.3653010989096037,47.00423314881146,43.46974740552184,0.027818910382642725,1.0207994623190317,0.21873968254674134
HCST,ATP6AP2,65.81732334744383,32.03454302457078,39.47411266688375,41.81145265755114,29.379680885704982,14.968643980672356,2.0545093709497273,1.9626172087751552,36.43764246173885,44.63821892393321,-0.09189216217457208,0.9552729408422734,0.21859648651093747
ANXA1,CALCRL,83.14881146206447,62.16716356533361,31.626506024096386,17.99115863061581,27.89807880169326,11.925568006579624,1.337482188526961,2.339153961667976,55.25073266037121,33.551987468180926,1.001671773141015,1.748923448651087,0.21784352599795542
ANXA1,CLDND1,83.14881146206447,62.16716356533361,35.4200586128297,25.927829752236043,31.846304135460763,17.096741030122338,1.337482188526961,1.86260302336752,51.30250732660371,38.3003720383787,0.5251208348405589,1.392618936794143,0.21775790193392142
CYBA,BIRC6,80.75545424943016,58.918474349748124,40.12536633018561,34.62526986737946,33.905893845652884,22.20623008121723,1.3706071742945782,1.526795269903126,46.849560403777275,41.98588709677419,0.15618809560854774,1.113955404975123,0.21773884026429832
VIM,CALCRL,89.62064474112667,80.15832219594942,31.626506024096386,17.99115863061581,30.36470205144904,14.56769815976149,1.118031468904503,2.084242649443851,59.255942689677624,33.88136978835498,0.9662111805393478,1.864207499889144,0.21771740796874234
TYROBP,SIGIRR,72.33800065125367,18.926698879407834,35.46890263757734,28.045646139611392,28.826115271898406,6.877762927932559,3.8218063966535802,4.190595834440571,43.51188537935526,39.849200990321854,0.3687894377869907,1.096496106686594,0.2176854768409588
CD99,APH1A,89.77531748616086,78.35920633288784,41.9814392705959,44.24796956924026,40.26375773363725,39.703916932250436,1.145674848082707,1.0140748512921052,49.51155975252361,44.84947406601378,-0.13159999679060186,0.8851332059782624,0.21766737049053883
TAGLN2,BIRC6,88.04135460761967,83.7051506116994,40.12536633018561,34.62526986737946,37.10517746662325,31.263493368972963,1.0517907461308387,1.1868152484903725,50.93617714099641,42.1451687471105,0.13502450235953378,1.1283758227159162,0.21747706885352916
TAGLN2,CTSA,88.04135460761967,83.7051506116994,36.144578313253014,24.046468592577362,33.897753174861606,21.85668757067955,1.0517907461308387,1.5508389469493973,54.14360143275806,38.502080443828014,0.4990482008185586,1.4744747970586147,0.217462812260068
EMB,BIRC6,59.703679583197655,16.82944381618176,40.12536633018561,34.62526986737946,25.70823835884077,7.165621466022412,3.5473621631887737,3.5872186748980406,33.99544122435688,43.05972184346878,0.03985651170926685,1.011235534990721,0.2172914348028073
TYROBP,TSPAN3,72.33800065125367,18.926698879407834,33.77564311299251,35.015935026215686,26.001302507326603,5.685206127274596,3.8218063966535802,4.572697845512162,46.336698143927066,35.944181859104205,0.7508914488585821,1.1964755330139358,0.21726548173845014
TAGLN2,LNPEP,88.04135460761967,83.7051506116994,37.35753826115272,26.997018607998356,34.83393031585803,24.241801171995476,1.0517907461308387,1.43687728446567,53.20742429176164,39.56541840036986,0.3850865383348314,1.366124668572553,0.21708141891859084
VIM,SLC44A1,89.62064474112667,80.15832219594942,27.051449039400847,12.665775675953531,25.293064148485836,9.591857715636888,1.118031468904503,2.636655822305875,64.32758059264083,28.222363520755746,1.5186243534013721,2.3583019759626156,0.21704303527384738
EMB,APH1A,59.703679583197655,16.82944381618176,41.9814392705959,44.24796956924026,27.539889286877237,8.4198622391282,3.5473621631887737,3.2704357944381246,32.163790296320414,46.12762476138533,-0.27692636875064913,0.9219345654570222,0.2167918053693942
TAGLN2,CYSLTR1,88.04135460761967,83.7051506116994,29.29827417779225,13.17980877968541,26.961901660696842,11.59658682019122,1.0517907461308387,2.3247854988036467,61.07945294692283,30.62413314840499,1.272994752672808,2.210311801425996,0.21677040337566533
CTSC,SPINT2,60.485183979159885,40.74226380178884,45.16444154998372,59.17549090161406,29.01335070009769,28.456872622596894,1.4845443966740897,1.0195193113999574,31.471833279062196,47.96769851951548,-0.4650250852741322,0.6867556899504288,0.21658723833387078
CTSC,TPP1,60.485183979159885,40.74226380178884,36.616737219146856,29.988691271717897,25.390752197981115,15.698570987971625,1.4845443966740897,1.6172895563473983,35.09443178117877,41.97846567967699,0.1327451596733087,1.0894181137126686,0.2165295863820504
VIM,LMAN2,89.62064474112667,80.15832219594942,40.21491370888961,38.34686953839827,37.935525887333114,31.212090058599774,1.118031468904503,1.2153723266780883,51.685118853793554,42.32900354255609,0.09734085777358525,1.087064506215522,0.2165120606014597
TAGLN2,TMCO3,88.04135460761967,83.7051506116994,31.94399218495604,17.31263493368973,30.560078150439598,16.006990850210755,1.0517907461308387,1.909051450390931,57.48127645718007,34.711049468331026,0.8572607042600924,1.8150487227746084,0.21641828255465972
ANXA1,HSD17B12,83.14881146206447,62.16716356533361,38.01693259524585,31.469106610465715,33.62911103874959,20.75665672869333,1.337482188526961,1.6200822413766982,49.51970042331488,40.444487957705114,0.2826000528497372,1.2112925729208996,0.21635244243101243
TAGLN2,TMEM179B,88.04135460761967,83.7051506116994,38.64376424617389,30.96535416880847,36.1771409964181,28.497995270895444,1.0517907461308387,1.2694181199210188,51.86421361120156,41.09107720758206,0.21762737379018016,1.2069112840084906,0.2163367547274193
CD99,TMEM179B,89.77531748616086,78.35920633288784,38.64376424617389,30.96535416880847,37.2110061869098,28.066207463760666,1.145674848082707,1.3257822758090652,52.56431129925106,41.44903881030105,0.18010742772635813,1.1572064081076483,0.21625056543782317
TIMP1,SPINT2,52.92250081406708,28.82697645728385,45.16444154998372,59.17549090161406,25.65939433409313,19.553819265960726,1.8358035255261687,1.3121775243793072,27.26310647997395,48.484848484848484,-0.5236260011468614,0.7147701298826178,0.21624294236689937
CD63,CLDND1,69.96906545099316,68.3149994859669,35.4200586128297,25.927829752236043,27.56431129925106,19.564099928035365,1.0241973472900125,1.4088510358055164,42.4047541517421,39.39499709133217,0.38465368851550386,1.3755659878765385,0.21620766988243606
CTSC,ATP6AP2,60.485183979159885,40.74226380178884,39.47411266688375,41.81145265755114,27.539889286877237,22.03145882594839,1.4845443966740897,1.2499689437495989,32.945294692282644,45.53162853297442,-0.23457545292449078,0.8419882534668389,0.21592937001864762
CD99,CTSA,89.77531748616086,78.35920633288784,36.144578313253014,24.046468592577362,34.48388147183328,21.27068983242521,1.145674848082707,1.6211162227115705,55.29143601432758,38.41131664853101,0.4754413746288635,1.4149880530453445,0.21582865197409823
EMB,PSAP,59.703679583197655,16.82944381618176,45.6854444806252,55.86511771358075,29.216867469879517,9.838593605428189,3.5473621631887737,2.9693164821117723,30.486812113318138,48.93646032178893,-0.5780456810770014,0.8370491496257636,0.2157800175550946
TAGLN2,RAB5C,88.04135460761967,83.7051506116994,39.669488765874306,40.32075665672869,38.30999674373168,37.75059113806929,1.0517907461308387,1.0147915780190597,49.731357863887986,43.51363846509477,-0.036999168111778946,0.9648226909697717,0.21571823391988493
CYBA,HSD17B12,80.75545424943016,58.918474349748124,38.01693259524585,31.469106610465715,32.953435363073915,20.540762825125938,1.3706071742945782,1.6042165243367754,47.802018886356244,40.806451612903224,0.23360935004219718,1.1704422349623487,0.21571272556662593
TAGLN2,ANTXR2,88.04135460761967,83.7051506116994,37.77271247150765,28.683047188238923,35.37935525887333,26.256810938624447,1.0517907461308387,1.3473840352331643,52.661999348746335,40.18492834026815,0.29559328910232563,1.2810381154138382,0.215704306156457
CD99,LNPEP,89.77531748616086,78.35920633288784,37.35753826115272,26.997018607998356,35.70498209052426,24.1389945512491,1.145674848082707,1.4790799564897474,54.0703353956366,39.771490750816106,0.3334051084070404,1.291011982121276,0.21552770917443256
CYBA,CLDND1,80.75545424943016,58.918474349748124,35.4200586128297,25.927829752236043,30.820579615760337,16.58270792639046,1.3706071742945782,1.8584854335690544,49.93487463366982,38.16532258064515,0.48787825927447614,1.3559577597611632,0.2152205258669496
CYBA,TPP1,80.75545424943016,58.918474349748124,36.616737219146856,29.988691271717897,32.49755779876262,19.687467872931016,1.3706071742945782,1.6505884565777904,48.25789645066754,40.24193548387097,0.2799812822832122,1.2042753660816874,0.21520874153351546
CYBA,LAIR1,80.75545424943016,58.918474349748124,37.91924454575057,31.62331654158528,32.56268316509281,19.831397141975945,1.3706071742945782,1.6418934600786497,48.19277108433735,40.322580645161295,0.27128628578407143,1.1979314648806625,0.21517721751501
EMP3,LAIR1,70.35981764897427,68.28415749974299,37.91924454575057,31.62331654158528,28.419081732334746,21.94921352935129,1.030382300124871,1.2947063906386806,41.940735916639525,40.39106791623279,0.26432409051380956,1.2565301155520396,0.21517154410685443
CYBA,RAB5C,80.75545424943016,58.918474349748124,39.669488765874306,40.32075665672869,35.029306414848584,26.24653027654981,1.3706071742945782,1.3345753313082043,45.726147834581575,43.377016129032256,-0.03603184298637396,0.9737110357641906,0.21508348849584258
VIM,LRPAP1,89.62064474112667,80.15832219594942,37.69130576359492,29.978410609643262,35.501465320742426,24.42685308933895,1.118031468904503,1.4533190940237122,54.11917942038424,39.613043873194655,0.3352876251192092,1.2998910446123122,0.21482960062193374
CYBA,TMX4,80.75545424943016,58.918474349748124,37.699446434386196,30.091497892464275,32.163790296320414,19.122031458825948,1.3706071742945782,1.6819399353900921,48.591663953109745,39.82862903225806,0.3113327610955139,1.2271495195227984,0.21470978321606599
CD99,LMAN2,89.77531748616086,78.35920633288784,40.21491370888961,38.34686953839827,38.383262780853144,33.062609232034546,1.145674848082707,1.1608914958886132,51.392054705307714,42.75480594849475,0.015216647805906147,1.0132818206067553,0.21453486213276904
CD99,BST2,89.77531748616086,78.35920633288784,45.05861282969717,68.51033206538501,42.03028329534354,55.741749768685104,1.145674848082707,0.7540044843456056,47.74503419081732,46.81719260065289,-0.3916703637371014,0.6581313062841836,0.21450244481640937
ANXA1,BST2,83.14881146206447,62.16716356533361,45.05861282969717,68.51033206538501,39.197329859980464,43.07597409273157,1.337482188526961,0.9099369369724202,43.95148160208401,47.14117877423145,-0.4275452515545408,0.6803357418722572,0.21432863129343022
TYROBP,RNF167,72.33800065125367,18.926698879407834,32.07424291761641,31.65415852780919,26.67697818300228,6.034748637812275,3.8218063966535802,4.419829218181565,45.66102246825139,36.87823542651362,0.598022821527985,1.1564764824433862,0.21429231820896733
CTSC,BIRC6,60.485183979159885,40.74226380178884,40.12536633018561,34.62526986737946,25.911755128622598,17.43600287858538,1.4845443966740897,1.48602115335114,34.57342885053728,42.83983849259758,0.0014767566770503837,1.000994754134911,0.21427303029684042
TAGLN2,LMAN2,88.04135460761967,83.7051506116994,40.21491370888961,38.34686953839827,37.49592966460436,34.92340906754395,1.0517907461308387,1.073631041031706,50.545424943015306,42.58899676375405,0.021840294900867363,1.020764866948307,0.21403699856381356
CYBA,CALCRL,80.75545424943016,58.918474349748124,31.626506024096386,17.99115863061581,27.06773038098339,11.771358075460059,1.3706071742945782,2.2992615589401018,53.68772386844677,33.51814516129032,0.9286543846455235,1.6775496306032995,0.21402344503872775
EMB,LMAN2,59.703679583197655,16.82944381618176,40.21491370888961,38.34686953839827,25.773363725170952,7.340392721291251,3.5473621631887737,3.510691322972539,33.9303158580267,43.168802836105804,-0.03667084021623479,0.9896625045514748,0.21401047216971728
ANXA1,TBXAS1,83.14881146206447,62.16716356533361,33.54770433083686,22.884753778143313,30.250732660371213,15.297625167060758,1.337482188526961,1.9773497507150914,52.89807880169326,36.3814372429998,0.6398675621881305,1.478412024980198,0.21390056432440555
ANXA1,LMNA,83.14881146206447,62.16716356533361,37.86225985021166,41.34882286419246,36.22598502116574,28.796134471059936,1.337482188526961,1.2579718672207307,46.92282644089873,43.567652242020756,-0.07951032130623026,0.9405522391338915,0.21386274514479223
VIM,BST2,89.62064474112667,80.15832219594942,45.05861282969717,68.51033206538501,41.51742103549333,54.75480620951989,1.118031468904503,0.7582286502481462,48.10322370563334,46.32573349078027,-0.35980281865635677,0.6781818502757283,0.21363852652108353
HCST,SPINT2,65.81732334744383,32.03454302457078,45.16444154998372,59.17549090161406,31.732334744382936,21.095918577156368,2.0545093709497273,1.5041217810236296,34.08498860306089,48.21273964131107,-0.5503875899260977,0.732107530046615,0.21354431871025048
CYBA,SIGIRR,80.75545424943016,58.918474349748124,35.46890263757734,28.045646139611392,31.51253663301856,18.155649223810013,1.3706071742945782,1.7355920822490798,49.2429176164116,39.02217741935484,0.36498490795450156,1.2662943218156955,0.21336013249449923
VIM,RAB5C,89.62064474112667,80.15832219594942,39.669488765874306,40.32075665672869,38.01693259524585,33.37102909427367,1.118031468904503,1.1391855283312455,51.60371214588082,42.41983831410664,0.021154059426742533,1.01892080859537,0.2131568945418703
CD99,LRPAP1,89.77531748616086,78.35920633288784,37.69130576359492,29.978410609643262,35.998046239010094,25.73249717281793,1.145674848082707,1.3988789008061646,53.777271247150765,40.09793253536453,0.2532040527234576,1.2210086510559222,0.21314986531299548
HCST,RAB5C,65.81732334744383,32.03454302457078,39.669488765874306,40.32075665672869,29.55063497232172,16.181762105479592,2.0545093709497273,1.8260563171917157,36.266688375122115,44.89795918367347,-0.22845305375801161,0.8888040828685022,0.21306714323046674
VIM,CLDND1,89.62064474112667,80.15832219594942,35.4200586128297,25.927829752236043,33.68609573428851,20.78749871491724,1.118031468904503,1.6204198386926474,55.93454900683816,37.58742846761741,0.5023883697881444,1.4493508311357344,0.21305656082749422
VIM,TBXAS1,89.62064474112667,80.15832219594942,33.54770433083686,22.884753778143313,32.318463041354605,18.237894520407114,1.118031468904503,1.7719529549992274,57.30218169977206,36.06140430556817,0.6539214860947244,1.5848864761700008,0.21300309583257707
VIM,TMX4,89.62064474112667,80.15832219594942,37.699446434386196,30.091497892464275,35.68056007815044,25.55772591754909,1.118031468904503,1.3960226418661783,53.940084662976226,39.81288037060587,0.2779911729616753,1.248643424351967,0.21296396050111313
HCST,TMED4,65.81732334744383,32.03454302457078,34.247802018886354,31.643877865734552,25.757082383588408,10.733011205921661,2.0545093709497273,2.3995766251276995,40.06024096385542,39.134199134199136,0.34506725417797224,1.1679560380970468,0.21292435837989432
TAGLN2,BST2,88.04135460761967,83.7051506116994,45.05861282969717,68.51033206538501,40.801042005861284,60.49141564716768,1.0517907461308387,0.6744819423948998,47.24031260175838,46.34304207119741,-0.3773088037359389,0.6412700861612228,0.21284977016919013
TAGLN2,SULT1A1,88.04135460761967,83.7051506116994,27.425919895799414,12.20314588259484,26.058287202865515,11.113395702683253,1.0517907461308387,2.3445527674144704,61.98306740475415,29.597780859916785,1.2927620212836317,2.229105719021811,0.21262700536376547
EMP3,RPN2,70.35981764897427,68.28415749974299,40.638228590035816,51.45471368356122,31.300879192445457,37.688907165621465,1.030382300124871,0.8304843802055394,39.058938456528814,44.486867985653134,-0.1998979199193317,0.8059963569879779,0.21243944393229908
PLP2,TTC17,58.83262780853142,35.468284157499745,38.81471833279062,38.778657345533055,25.390752197981115,15.986429526061478,1.6586922799819646,1.588169765289102,33.441875610550305,43.15760343157604,-0.07052251469286253,0.9574830632878877,0.2122618914232371
VIM,HSD17B12,89.62064474112667,80.15832219594942,38.01693259524585,31.469106610465715,35.70498209052426,25.93811041431068,1.118031468904503,1.3764921587606072,53.91566265060241,39.84013080207103,0.25846068985610415,1.2311747898378527,0.2121236885031604
CD99,ANTXR2,89.77531748616086,78.35920633288784,37.77271247150765,28.683047188238923,35.965483555845005,26.143723655803434,1.145674848082707,1.3756306637366817,53.809833930315854,40.06166122597026,0.22995581565397472,1.2007164738222253,0.21180609691255003
VIM,LAIR1,89.62064474112667,80.15832219594942,37.91924454575057,31.62331654158528,35.517746662324974,25.55772591754909,1.118031468904503,1.3896524723846988,54.102898078801694,39.63121082750477,0.2716210034801958,1.242945758714951,0.21173710431153364
ANXA1,TPP1,83.14881146206447,62.16716356533361,36.616737219146856,29.988691271717897,32.611527189840444,19.790274493677394,1.337482188526961,1.647772971885093,50.53728427222403,39.22067750146858,0.3102907833581321,1.2319961985436767,0.21161792667524945
HCST,SERINC1,65.81732334744383,32.03454302457078,37.53663301856073,35.64305541276858,27.206121784435037,12.63493368972962,2.0545093709497273,2.1530757008125128,38.61120156300879,41.33580705009276,0.09856632986278546,1.0479756049091282,0.2116073517436031
CYBA,TBXAS1,80.75545424943016,58.918474349748124,33.54770433083686,22.884753778143313,29.623901009443177,15.328467153284672,1.3706071742945782,1.9324808040112218,51.131553239986985,36.68346774193548,0.5618736297166436,1.4099450522764319,0.21151102019550955
CD99,SULT1A1,89.77531748616086,78.35920633288784,27.425919895799414,12.20314588259484,26.554868121133183,10.990027757787601,1.145674848082707,2.416049591205695,63.220449365027676,29.57925281102648,1.2703747431229881,2.1088440540079647,0.21141500121128182
CD99,BIRC6,89.77531748616086,78.35920633288784,40.12536633018561,34.62526986737946,37.32497557798763,30.728898941091806,1.145674848082707,1.214614328850816,52.45034190817323,41.57598839318099,0.06893948076810896,1.0601736879215595,0.21132691600431042
EMP3,CRTAP,70.35981764897427,68.28415749974299,36.97492673396288,35.386038860902644,29.241289482253336,26.698879407833864,1.030382300124871,1.0951843278241102,41.118528166720935,41.559643642253846,0.06480202769923915,1.0628912469589062,0.2110383195962312
CD99,TMCO3,89.77531748616086,78.35920633288784,31.94399218495604,17.31263493368973,30.51937479648323,15.5546417189267,1.145674848082707,1.9619489409652584,59.255942689677624,33.995284729778746,0.8162740928825514,1.7124832095673483,0.21079012829302132
EMP3,LTA4H,70.35981764897427,68.28415749974299,38.56235753826115,43.08625475480621,30.26701400195376,32.11678832116788,1.030382300124871,0.9423754120082319,40.09280364702051,43.017470785606854,-0.08800688811663915,0.9145881212187227,0.2106870095222023
TAGLN2,TMX4,88.04135460761967,83.7051506116994,37.699446434386196,30.091497892464275,35.029306414848584,27.325999794386757,1.0517907461308387,1.2818570160798977,53.01204819277108,39.78733240869163,0.230066269949059,1.2187376821819267,0.21043997554091112
TAGLN2,HSD17B12,88.04135460761967,83.7051506116994,38.01693259524585,31.469106610465715,35.330511234125694,28.35406600185052,1.0517907461308387,1.2460034912921711,52.71084337349397,40.1294498381877,0.19421274516133247,1.18464960437784,0.21035788644900513
HCST,CRTAP,65.81732334744383,32.03454302457078,36.97492673396288,35.386038860902644,28.003907521979812,13.991981083581782,2.0545093709497273,2.0012824540181295,37.81341582546402,42.54792826221397,-0.053226916931597756,0.9740926385227472,0.21007829546448997
TAGLN2,CLDND1,88.04135460761967,83.7051506116994,35.4200586128297,25.927829752236043,33.67795506349723,23.70720674411432,1.0517907461308387,1.4205188704058331,54.36339954412244,38.252427184466015,0.36872812427499446,1.3505717516829399,0.20969854213607983
ANXA1,ATP6AP2,83.14881146206447,62.16716356533361,39.47411266688375,41.81145265755114,35.06186909801367,26.71944073198314,1.337482188526961,1.3121740561728918,48.0869423640508,42.167613080086156,-0.025308132354069146,0.9810777798978076,0.2095726587827273
CYBA,ATP6AP2,80.75545424943016,58.918474349748124,39.47411266688375,41.81145265755114,34.58971019211983,27.06898324252082,1.3706071742945782,1.2777883858379055,46.16574405731033,42.83266129032258,-0.09281878845667269,0.9322790729557909,0.20952236702877927
CTSC,RAB5C,60.485183979159885,40.74226380178884,39.669488765874306,40.32075665672869,26.62813415825464,20.941708646036805,1.4845443966740897,1.2714751758385248,33.857049820905246,44.024226110363394,-0.2130692208355649,0.8564750092264561,0.20946766951003867
ANXA1,SIGIRR,83.14881146206447,62.16716356533361,35.46890263757734,28.045646139611392,31.33344187561055,17.836948699496247,1.337482188526961,1.7565608245355824,51.815369586453926,37.68357156843548,0.4190786360086214,1.3133339939802673,0.20937178964260847
CD99,HSD17B12,89.77531748616086,78.35920633288784,38.01693259524585,31.469106610465715,36.02246825138391,27.28487714608821,1.145674848082707,1.3201872917084583,53.752849234776946,40.12513601741023,0.17451244362575125,1.1523228374244217,0.20935130226833867
EMB,XRCC6,59.703679583197655,16.82944381618176,45.897101921198306,55.58753983756554,29.493650276782805,10.558239950652823,3.5473621631887737,2.7931603424694758,30.21002930641485,49.40005454049632,-0.754201820719298,0.7873908030745485,0.2092901816665167
CD99,CD81,89.77531748616086,78.35920633288784,28.655161185281667,15.338747815359309,27.751546727450343,12.388197799938316,1.145674848082707,2.239979309038759,62.02377075871051,30.912223431265872,1.094304460956052,1.955161460328274,0.20927634020413197
EMB,ASAH1,59.703679583197655,16.82944381618176,43.28394659719961,51.22853911791919,28.020188863562357,9.221753880949933,3.5473621631887737,3.0381585831363758,31.683490719635298,46.932097082083445,-0.509203580052398,0.8564557108556777,0.20920030640779733
VIM,TPP1,89.62064474112667,80.15832219594942,36.616737219146856,29.988691271717897,34.5978508629111,24.01562660635345,1.118031468904503,1.4405791217055626,55.022793878215566,38.60477790898356,0.32254765280105957,1.2884960412761066,0.20915127218497076
TAGLN2,CALCRL,88.04135460761967,83.7051506116994,31.626506024096386,17.99115863061581,30.201888635623575,16.767759843733938,1.0517907461308387,1.801080635483563,57.83946597199609,34.3042071197411,0.7492898893527242,1.7123944492847967,0.20898553006634174
ANXA1,CD81,83.14881146206447,62.16716356533361,28.655161185281667,15.338747815359309,26.009443178117877,10.887221137041225,1.337482188526961,2.388768821900113,57.139368283946595,31.280595261405914,1.051286633373152,1.786019165257811,0.2089673079756872
EMB,RAB5C,59.703679583197655,16.82944381618176,39.669488765874306,40.32075665672869,25.936177140996417,7.669373907679654,3.5473621631887737,3.3813445671832056,33.767502442201234,43.44150531769839,-0.1660175960055681,0.953199704916418,0.20890664678821355
TAGLN2,LAIR1,88.04135460761967,83.7051506116994,37.91924454575057,31.62331654158528,35.07000976880495,28.199856070730956,1.0517907461308387,1.2435796161948196,52.971344838814716,39.83356449375867,0.19178887006398093,1.1823450822033787,0.20875726597199237
HCST,SIGIRR,65.81732334744383,32.03454302457078,35.46890263757734,28.045646139611392,26.52230543796809,12.059216613549912,2.0545093709497273,2.199156639373269,39.295017909475746,40.29684601113173,0.1446472684235416,1.0704047742340919,0.20871659347683566
CYBA,TMEM9B,80.75545424943016,58.918474349748124,29.493650276782805,17.816387375346974,26.416476717681537,11.627428806415134,1.3706071742945782,2.2717150491653855,54.338977531748625,32.711693548387096,0.9011078748708072,1.65745159646825,0.2086138614854758
CD99,TMX4,89.77531748616086,78.35920633288784,37.699446434386196,30.091497892464275,35.639856724194075,26.4624241801172,1.145674848082707,1.3467590770423208,54.13546076196678,39.69894813202757,0.20108422895961375,1.175515967114168,0.20854895210811852
EMP3,TM2D1,70.35981764897427,68.28415749974299,33.108108108108105,24.48853706178678,26.131553239986975,17.56965148555567,1.030382300124871,1.4872273382389363,44.2282644089873,37.13988198542173,0.4568450381140652,1.443374306855524,0.20854166183281192
CD63,TTC17,69.96906545099316,68.3149994859669,38.81471833279062,38.778657345533055,29.102898078801694,28.127891436208493,1.0241973472900125,1.034626556286517,40.86616737219146,41.59394997091332,0.010429208996504347,1.01018281195914,0.20849121030439183
EMP3,RNF149,70.35981764897427,68.28415749974299,33.05926408336047,27.346561118536034,27.21426245522631,20.427675542304925,1.030382300124871,1.332159904290877,43.14555519374796,38.67869952562768,0.30177760416600585,1.2928792586299607,0.2084823778364387
PLP2,IDH2,58.83262780853142,35.468284157499745,38.10647997394985,40.48524724992289,25.854770433083686,18.042561940989,1.6586922799819646,1.4329083424681357,32.97785737544773,43.94631243946313,-0.22578393751382886,0.8638783454660536,0.20844236532162422
TAGLN2,LRPAP1,88.04135460761967,83.7051506116994,37.69130576359492,29.978410609643262,34.58971019211983,26.791405366505604,1.0517907461308387,1.291026681589477,53.451644415499835,39.288025889967635,0.23923593545863842,1.2274558283942902,0.2084019262227701
ANXA1,LAIR1,83.14881146206447,62.16716356533361,37.91924454575057,31.62331654158528,32.53826115271898,20.4482368664542,1.337482188526961,1.5911723926527612,50.61055030934549,39.13256314861954,0.25369020412580023,1.189677444905044,0.2083473259493877
PLP2,RPN2,58.83262780853142,35.468284157499745,40.638228590035816,51.45471368356122,27.18169977206122,22.62773722627737,1.6586922799819646,1.2012026787114205,31.6509280364702,46.20174346201743,-0.45748960127054406,0.7241865734881707,0.20813423724656
EMP3,TTC17,70.35981764897427,68.28415749974299,38.81471833279062,38.778657345533055,29.09475740801042,27.53161303587951,1.030382300124871,1.0567379627242492,41.26506024096385,41.351382621774846,0.02635566259937816,1.0255785280824254,0.2080746962388432
CD99,RAB5C,89.77531748616086,78.35920633288784,39.669488765874306,40.32075665672869,38.057635949202215,35.78698468181351,1.145674848082707,1.06341936511843,51.717681536958644,42.39209285455205,-0.08225548296427698,0.9282034661911868,0.20784769012454643
EMB,ATP6AP2,59.703679583197655,16.82944381618176,39.47411266688375,41.81145265755114,25.691957017258222,7.556286624858641,3.5473621631887737,3.3996271800447673,34.011722565939436,43.03245159530952,-0.14773498314400646,0.9583535662986253,0.2077755088193472
TYROBP,HM13,72.33800065125367,18.926698879407834,42.91761641159231,41.10208697440115,33.53142298925432,10.033926184846305,3.8218063966535802,3.3414718127065015,38.80657766199935,46.35381498987171,-0.48033458394707873,0.8743173949450539,0.20775234575200463
CD99,LAIR1,89.77531748616086,78.35920633288784,37.91924454575057,31.62331654158528,35.65613806577662,26.853089338953428,1.145674848082707,1.327773122958048,54.11917942038424,39.7170837867247,0.18209827487534103,1.1589441150602926,0.2076903326773905
EMP3,ZC3HAV1,70.35981764897427,68.28415749974299,37.3331162487789,40.24879202220623,29.355258873331163,29.0325896987766,1.030382300124871,1.0110792078379518,41.004558775643105,41.72162443595974,-0.019303092286919288,0.9812660870779905,0.20764296756545278
CYBA,SERINC1,80.75545424943016,58.918474349748124,37.53663301856073,35.64305541276858,32.89645066753501,22.73054384702375,1.3706071742945782,1.447171863421065,47.85900358189515,40.73588709677419,0.07656468912648684,1.0558618768108323,0.20750766994019532
TYROBP,ATP6AP2,72.33800065125367,18.926698879407834,39.47411266688375,41.81145265755114,30.06349723217193,7.8852678112470445,3.8218063966535802,3.812132424579432,42.27450341908174,41.55975692099933,-0.009673972074148107,0.9974687435547184,0.20731508600128917
CD63,TMED4,69.96906545099316,68.3149994859669,34.247802018886354,31.643877865734552,27.906219472484533,23.635242109591857,1.0241973472900125,1.1806538172647956,42.06284597850862,39.883653286794654,0.15645646997478302,1.1527600812370398,0.20724108993271245
HCST,TTC17,65.81732334744383,32.03454302457078,38.81471833279062,38.778657345533055,27.328231846304135,13.354580034954251,2.0545093709497273,2.0462032929143197,38.4890915011397,41.52133580705009,-0.008306078035407616,0.9959571476514765,0.20719137513348004
ANXA1,TTC17,83.14881146206447,62.16716356533361,38.81471833279062,38.778657345533055,33.889612504070335,24.118433227099825,1.337482188526961,1.405074994299329,49.25919895799414,40.75778343450167,0.06759280577236804,1.050537350218332,0.2071685574611267
ANXA1,ADAM17,83.14881146206447,62.16716356533361,35.875936177141,31.06816078955485,32.83132530120482,21.47630307391796,1.337482188526961,1.5286521398059136,50.31748616085965,39.48502056001566,0.19116995127895264,1.1429327081278728,0.206983600364026
CD63,LAIR1,69.96906545099316,68.3149994859669,37.91924454575057,31.62331654158528,27.72712471507652,23.121209005859978,1.0241973472900125,1.1991555265350942,42.241940735916636,39.62769051774288,0.1749581792450816,1.1708246752522982,0.20688636155096846
TAGLN2,SIGIRR,88.04135460761967,83.7051506116994,35.46890263757734,28.045646139611392,33.98730055356561,25.63997121414619,1.0517907461308387,1.3255075351753731,54.054054054054056,38.60379103097549,0.27371678904453445,1.260238826070148,0.20670479460710423
CD99,CLDND1,89.77531748616086,78.35920633288784,35.4200586128297,25.927829752236043,33.80006512536633,22.350159350262157,1.145674848082707,1.5122287213692067,55.97525236079453,37.649619151251365,0.3665538732864997,1.3199458152545895,0.20657578942058177
VIM,ATP6AP2,89.62064474112667,80.15832219594942,39.47411266688375,41.81145265755114,37.03191142950179,33.216819163154106,1.118031468904503,1.1148206704243353,52.58873331162488,41.32073757834499,-0.003210798480167698,0.9971281680619296,0.20644314796771657
CTSC,LTA4H,60.485183979159885,40.74226380178884,38.56235753826115,43.08625475480621,26.65255617062846,22.175388094993316,1.4845443966740897,1.2018438736038224,33.83262780853143,44.06460296096905,-0.2827005230702673,0.809570853048506,0.2061879886513318
CD63,ZC3HAV1,69.96906545099316,68.3149994859669,37.3331162487789,40.24879202220623,29.037772712471508,29.104554333299063,1.0241973472900125,0.9976711791827991,40.93129273852165,41.50087260034904,-0.02652616810721342,0.9741005303544277,0.20617805459638458
VIM,SERINC1,89.62064474112667,80.15832219594942,37.53663301856073,35.64305541276858,35.672419407359165,28.292382029402695,1.118031468904503,1.2608043594890181,53.9482253337675,39.80379689345081,0.14277289058451514,1.1277002432895833,0.20615762899647982
CTSC,CRTAP,60.485183979159885,40.74226380178884,36.97492673396288,35.386038860902644,25.96873982416151,19.769713169528117,1.4845443966740897,1.3134953504958125,34.516444154998375,42.934051144010766,-0.1710490461782772,0.8847801072426744,0.20611780341113997
CYBA,LMNA,80.75545424943016,58.918474349748124,37.86225985021166,41.34882286419246,33.81634646694888,25.917549090161405,1.3706071742945782,1.304716029794486,46.93910778248128,41.875,-0.06589114450009226,0.9519255803297506,0.20608044277499538
VIM,SIGIRR,89.62064474112667,80.15832219594942,35.46890263757734,28.045646139611392,34.08498860306089,23.75861005448751,1.118031468904503,1.434576936443585,55.535656138065775,38.0325188482151,0.31654546753908197,1.2831275114726846,0.20598986761802962
ANXA1,SERINC1,83.14881146206447,62.16716356533361,37.53663301856073,35.64305541276858,33.39303158580267,23.1828929783078,1.337482188526961,1.4403548022347725,49.755779876261805,40.160563931858235,0.10287261370781153,1.0769151279847027,0.20594645034468173
CD63,LTA4H,69.96906545099316,68.3149994859669,38.56235753826115,43.08625475480621,29.778573754477367,33.617764984064976,1.0241973472900125,0.8857723883846469,40.19049169651579,42.55962769051774,-0.13842495890536566,0.8648454233242912,0.20587689050732044
VIM,TTC17,89.62064474112667,80.15832219594942,38.81471833279062,38.778657345533055,36.120156300879195,30.11205921661355,1.118031468904503,1.199484783032323,53.50048844024747,40.30338813697884,0.08145331412781998,1.0728542231531564,0.20558960639128518
CD63,ATP1B3,69.96906545099316,68.3149994859669,34.77694562031911,33.96730749460265,28.288830999674374,25.93811041431068,1.0241973472900125,1.0905860126979274,41.68023445131878,40.4304828388598,0.06638866540791488,1.064820188788398,0.20547184746469477
TYROBP,CRTAP,72.33800065125367,18.926698879407834,36.97492673396288,35.386038860902644,30.16118528166721,8.018916418217334,3.8218063966535802,3.760785488132486,42.17681536958646,41.69480081026333,-0.06102090852109443,0.9840334904001089,0.20542295862526194
ANXA1,TMEM9B,83.14881146206447,62.16716356533361,29.493650276782805,17.816387375346974,26.685118853793554,11.93584866865426,1.337482188526961,2.235524600715407,56.46369260827092,32.093205404346975,0.898042412188446,1.6714425207991046,0.2053681476311572
ANXA1,IFNGR1,83.14881146206447,62.16716356533361,30.30771735591013,19.2453994037216,26.978183002279387,12.275110517117302,1.337482188526961,2.197616497885232,56.170628459785085,32.4456628157431,0.8601343093582712,1.643099636568306,0.20523502954662903
CD99,TBXAS1,89.77531748616086,78.35920633288784,33.54770433083686,22.884753778143313,32.35916639531097,19.677187210856378,1.145674848082707,1.644418057851312,57.41615109084989,36.04461371055495,0.49874320976860487,1.4353270132474796,0.205160229041205
CD63,GOLIM4,69.96906545099316,68.3149994859669,32.953435363073915,22.956718412665776,25.529143601432757,17.35375758198828,1.0241973472900125,1.4710170096485993,44.4399218495604,36.48632926119838,0.4468196623585867,1.4362632490123652,0.2047726294239212
CYBA,IFNGR1,80.75545424943016,58.918474349748124,30.30771735591013,19.2453994037216,26.61999348746337,12.295671841266577,1.3706071742945782,2.164812872221974,54.13546076196679,32.96370967741936,0.7942056979273959,1.57945537774976,0.20452883328346655
CD63,CCDC47,69.96906545099316,68.3149994859669,34.07684793226962,32.846715328467155,27.881797460110715,24.69415030327953,1.0241973472900125,1.1290393910422158,42.08726799088244,39.84874927283305,0.1048420437522033,1.1023650803525429,0.20448584855177543
ANXA1,IFNGR2,83.14881146206447,62.16716356533361,28.060892217518724,16.32569137452452,25.521002930641483,10.825537164593399,1.337482188526961,2.357263688532302,57.627808531422986,30.693166242412374,1.019781500005341,1.7624636116675914,0.20445490621232892
ANXA1,TM2D1,83.14881146206447,62.16716356533361,33.108108108108105,24.48853706178678,29.721589058938456,16.048113498509306,1.337482188526961,1.8519146905964055,53.42722240312602,35.745055805756806,0.5144325020694445,1.384627553534762,0.20444690413225627
EMP3,ATP1B3,70.35981764897427,68.28415749974299,34.77694562031911,33.96730749460265,28.134158254640184,25.11565744833967,1.030382300124871,1.120139425897214,42.22565939433409,39.98611593196807,0.08975712577234285,1.0871105081691186,0.2044184359484575
CYBA,TM2D1,80.75545424943016,58.918474349748124,33.108108108108105,24.48853706178678,29.029632041680234,15.616325691374524,1.3706071742945782,1.8588094156039374,51.72582220774993,35.94758064516129,0.4882022413093592,1.3561941382370382,0.20414801529127435
EMP3,TMED4,70.35981764897427,68.28415749974299,34.247802018886354,31.643877865734552,27.531748616085967,22.97727973681505,1.030382300124871,1.1981640458478489,42.82806903288831,39.12993173666551,0.16778174572297777,1.162834460280077,0.20403874596947646
CD63,RPN1,69.96906545099316,68.3149994859669,37.14588082057961,40.629176518967824,29.200586128296973,31.345738665570064,1.0241973472900125,0.9315350614247365,40.76847932269618,41.733566026759746,-0.09266228586527603,0.9095269226087561,0.20403471584053495
CD63,TM2D1,69.96906545099316,68.3149994859669,33.108108108108105,24.48853706178678,25.691957017258222,17.929474658167987,1.0241973472900125,1.4328654152808271,44.27710843373494,36.719022687609076,0.40866806799081457,1.399013011576465,0.20402851683758608
EMB,TTC17,59.703679583197655,16.82944381618176,38.81471833279062,38.778657345533055,25.276782806903288,7.453480004112265,3.5473621631887737,3.3908177086744273,34.42689677629437,42.33706026724843,-0.1565444545143464,0.9558701797806778,0.20385807861052482
TAGLN2,LTA4H,88.04135460761967,83.7051506116994,38.56235753826115,43.08625475480621,37.02377075871052,40.104862753161306,1.0517907461308387,0.9231510860788591,51.01758384890915,42.052704576976424,-0.12863966005197958,0.8776946264975245,0.2038315398822831
TAGLN2,ATP6AP2,88.04135460761967,83.7051506116994,39.47411266688375,41.81145265755114,36.69000325626832,38.21322093142798,1.0517907461308387,0.9601138623787533,51.35135135135135,41.67360147942672,-0.09167688375208538,0.9128373356684,0.20378416320952936
TYROBP,ATP1B3,72.33800065125367,18.926698879407834,34.77694562031911,33.96730749460265,25.740801042005863,5.931942017065899,3.8218063966535802,4.338623395941398,46.5971996092478,35.584064821066846,0.5168169992878178,1.1352284615307433,0.20376117406972516
CYBA,IFNGR2,80.75545424943016,58.918474349748124,28.060892217518724,16.32569137452452,25.22793878215565,10.876940474966588,1.3706071742945782,2.319183382204814,55.52751546727451,31.239919354838708,0.9485762079102356,1.6920846656143087,0.20362840716970532
VIM,TM2D1,89.62064474112667,80.15832219594942,33.108108108108105,24.48853706178678,31.683490719635298,19.173434769199137,1.118031468904503,1.6523819920120977,57.93715402149137,35.35289308747389,0.5343505231075947,1.477938714579452,0.20348199159274918
ANXA1,LTA4H,83.14881146206447,62.16716356533361,38.56235753826115,43.08625475480621,34.61413220449365,27.819471573969363,1.337482188526961,1.2441964584410883,48.53467925757082,41.62913647934208,-0.09328573008587271,0.9302527309252521,0.20348139589241676
CD99,ATP6AP2,89.77531748616086,78.35920633288784,39.47411266688375,41.81145265755114,37.60989905568219,36.67112162023234,1.145674848082707,1.0255719438640951,52.16541843047867,41.893362350380855,-0.12010290421861192,0.8951684202375527,0.2034616665409737
CD99,TPP1,89.77531748616086,78.35920633288784,36.616737219146856,29.988691271717897,34.858352328231845,26.236249614475174,1.145674848082707,1.328582562594533,54.91696515792901,38.82843670656511,0.18290771451182586,1.159650632828261,0.20328756925841682
TAGLN2,TPP1,88.04135460761967,83.7051506116994,36.616737219146856,29.988691271717897,34.14197329859981,27.541893697954148,1.0517907461308387,1.2395928210381115,53.89938130901986,38.77947295423024,0.18780207490727285,1.1785545989999717,0.20328746851651486
ANXA1,CRTAP,83.14881146206447,62.16716356533361,36.97492673396288,35.386038860902644,32.97785737544773,22.946437750591137,1.337482188526961,1.437104121770554,50.17095408661674,39.66124926571372,0.09962193324359303,1.0744846803181072,0.2032873429907483
TAGLN2,SLC44A1,88.04135460761967,83.7051506116994,27.051449039400847,12.665775675953531,25.284923477694562,11.288166957952091,1.0517907461308387,2.2397510437990165,62.756431129925105,28.71937124364309,1.1879602976681778,2.1294644890518937,0.20299487110162434
EMP3,IDH2,70.35981764897427,68.28415749974299,38.10647997394985,40.48524724992289,28.956366004558777,30.019533257941813,1.030382300124871,0.9645520203042525,41.4034516444155,41.154691657989126,-0.06583027982061862,0.9361108204084633,0.20248194429891472
CTSC,RPN2,60.485183979159885,40.74226380178884,40.638228590035816,51.45471368356122,27.360794529469228,27.254035159864294,1.4845443966740897,1.0038803607841487,33.12438944969065,45.23553162853297,-0.480664035889941,0.67622117804843,0.20214445634816783
CTSC,TTC17,60.485183979159885,40.74226380178884,38.81471833279062,38.778657345533055,25.985021165744058,21.106199239231007,1.4845443966740897,1.2310975450237311,34.50016281341583,42.96096904441454,-0.2534468516503585,0.8292763407964288,0.20213250263955473
TYROBP,PSAP,72.33800065125367,18.926698879407834,45.6854444806252,55.86511771358075,35.216541843047864,11.761077413385422,3.8218063966535802,2.9940749924814223,37.1214588082058,48.68332207967589,-0.827731404172158,0.7834188029783692,0.20203004018977153
TAGLN2,LMNA,88.04135460761967,83.7051506116994,37.86225985021166,41.34882286419246,36.486486486486484,38.511360131592475,1.0517907461308387,0.947396793180584,51.55486812113318,41.44244105409154,-0.10439395295025466,0.9007464618468239,0.20199250762294496
VIM,ADAM17,89.62064474112667,80.15832219594942,35.875936177141,31.06816078955485,34.58156952132856,26.647476097460675,1.118031468904503,1.297694074319838,55.03907521979811,38.58661095467345,0.17966260541533496,1.1606954816677713,0.201916185044134
CD99,SLC44A1,89.77531748616086,78.35920633288784,27.051449039400847,12.665775675953531,25.46401823510257,10.846098488742674,1.145674848082707,2.3475419036279255,64.31129925105829,28.36416394631846,1.2018670555452184,2.049047255909082,0.20191417250885324
VIM,CRTAP,89.62064474112667,80.15832219594942,36.97492673396288,35.386038860902644,35.32237056333442,29.08399300914979,1.118031468904503,1.2144534658207558,54.29827417779225,39.41320737578345,0.09642199691625275,1.0862426502276643,0.20188713672472985
TAGLN2,CD81,88.04135460761967,83.7051506116994,28.655161185281667,15.338747815359309,26.571149462715727,12.861108255371645,1.0517907461308387,2.0658471329238526,61.47020514490394,30.180305131761443,1.014056386793014,1.9641237009579748,0.20160434499845792
TAGLN2,TBXAS1,88.04135460761967,83.7051506116994,33.54770433083686,22.884753778143313,31.292738521654183,20.458517528528837,1.0517907461308387,1.5294954281311597,56.74861608596548,35.54322699953768,0.477704682000321,1.454182244669508,0.20160136909770446
VIM,LMNA,89.62064474112667,80.15832219594942,37.86225985021166,41.34882286419246,37.447085639856724,38.562763441965664,1.118031468904503,0.9710433395903016,52.173559101269944,41.78399491325279,-0.14698812931420135,0.8685295240766104,0.20157056810055393
TYROBP,RNF149,72.33800065125367,18.926698879407834,33.05926408336047,27.346561118536034,25.472158905893846,5.880538706692711,3.8218063966535802,4.3308664919451445,46.865841745359816,35.212694125590815,0.5090600952915643,1.1331988181654893,0.20151647539253228
ANXA1,RPN2,83.14881146206447,62.16716356533361,40.638228590035816,51.45471368356122,35.6317160534028,32.928960625064256,1.337482188526961,1.082045510442613,47.517095408661675,42.852946935578615,-0.255436678084348,0.8090167627834552,0.20149290077367568
TAGLN2,CRTAP,88.04135460761967,83.7051506116994,36.97492673396288,35.386038860902644,35.3874959296646,33.32990644597512,1.0517907461308387,1.0617021768376729,52.653858677955064,40.19417475728155,0.009911430706834201,1.0094233864894655,0.20146644532174948
HCST,LTA4H,65.81732334744383,32.03454302457078,38.56235753826115,43.08625475480621,28.43536307391729,16.130358795106403,2.0545093709497273,1.7627382438820602,37.381960273526545,43.2034632034632,-0.29177112706766706,0.857985010342011,0.20142875966393264
VIM,LTA4H,89.62064474112667,80.15832219594942,38.56235753826115,43.08625475480621,36.67372191468577,34.78976046057366,1.118031468904503,1.054122457491148,52.9469228264409,40.92106458352258,-0.06390901141335492,0.9428379136090187,0.2014098723469451
TAGLN2,IDH2,88.04135460761967,83.7051506116994,38.10647997394985,40.48524724992289,36.22598502116574,37.534697234501905,1.0517907461308387,0.96510755601118,51.815369586453926,41.1465557096625,-0.08668319011965864,0.9175851371211099,0.20139861904232959
CD99,CALCRL,89.77531748616086,78.35920633288784,31.626506024096386,17.99115863061581,30.23445131878867,16.7574791816593,1.145674848082707,1.8041285841663752,59.54086616737219,33.67791077257889,0.6584537360836682,1.574730026748509,0.20131224066707787
CD99,SIGIRR,89.77531748616086,78.35920633288784,35.46890263757734,28.045646139611392,34.18267665255617,25.064254137966486,1.145674848082707,1.3637474595072814,55.59264083360469,38.07580703663402,0.21807261142457435,1.19034424277492,0.20128266575439885
TAGLN2,TTC17,88.04135460761967,83.7051506116994,38.81471833279062,38.778657345533055,35.72940410289808,35.05705767451424,1.0517907461308387,1.0191495614108674,52.31195050472159,40.58252427184466,-0.03264118471997124,0.9689660848984967,0.20128056212322476
CTSC,IDH2,60.485183979159885,40.74226380178884,38.10647997394985,40.48524724992289,26.074568544448063,21.887529556903466,1.4845443966740897,1.1912434993251684,34.41061543471182,43.10901749663526,-0.2933008973489213,0.802430363143049,0.20088004261573023
EMB,LTA4H,59.703679583197655,16.82944381618176,38.56235753826115,43.08625475480621,25.683816346466948,7.874987149172407,3.5473621631887737,3.2610282190678475,34.01986323673071,43.01881647122989,-0.2863339441209263,0.919282573656495,0.2007773851501031
TAGLN2,RPN2,88.04135460761967,83.7051506116994,40.638228590035816,51.45471368356122,37.62618039726473,47.42469415030328,1.0517907461308387,0.7933712109309026,50.415174210354934,42.736939435968566,-0.2584195351999361,0.7543051827080919,0.20076372041984597
CYBA,LTA4H,80.75545424943016,58.918474349748124,38.56235753826115,43.08625475480621,33.69423640507978,27.79891024982009,1.3706071742945782,1.2120268052051655,47.06121784435038,41.72379032258064,-0.15858036908941275,0.8842991835563456,0.2006899331584326
EMP3,RPN1,70.35981764897427,68.28415749974299,37.14588082057961,40.629176518967824,28.850537284272225,30.595250334121516,1.030382300124871,0.9429435623389955,41.50928036470205,41.00428092097651,-0.08743873778587563,0.9151395188220149,0.20064946771558878
CYBA,CRTAP,80.75545424943016,58.918474349748124,36.97492673396288,35.386038860902644,32.464995115597524,23.861416675233887,1.3706071742945782,1.3605074271162152,48.290459133832634,40.2016129032258,-0.010099747178363039,0.9926311875730833,0.20050307715721086
VIM,RPN2,89.62064474112667,80.15832219594942,40.638228590035816,51.45471368356122,37.699446434386196,41.10208697440115,1.118031468904503,0.9171925811281588,51.92119830674047,42.0655827050595,-0.20083888777634418,0.820363832895388,0.2002859691364803
ANXA1,GOLIM4,83.14881146206447,62.16716356533361,32.953435363073915,22.956718412665776,28.386519049169653,14.77331140125424,1.337482188526961,1.9213429498148948,54.76229241289482,34.139416487174465,0.5838607612879338,1.4365372236702234,0.19989012050026903
CD63,TOR1AIP2,69.96906545099316,68.3149994859669,31.707912732009117,24.61190500668243,25.211657440573102,17.775264727048423,1.0241973472900125,1.4182764392685354,44.75740801042005,36.0325770796975,0.39407909197852287,1.3847687098792447,0.19986683999741367
ANXA1,IDH2,83.14881146206447,62.16716356533361,38.10647997394985,40.48524724992289,33.49071963529795,25.65025187622083,1.337482188526961,1.3056173553207533,49.65809182676652,40.27804973565694,-0.0318648332062077,0.9761755083697211,0.19979700701797432
VIM,TMEM9B,89.62064474112667,80.15832219594942,29.493650276782805,17.816387375346974,28.134158254640184,14.269558959596997,1.118031468904503,1.9714825701147376,61.486486486486484,31.392497047869927,0.8534511012102346,1.7633515915669922,0.19963504029986137
CYBA,ADAM17,80.75545424943016,58.918474349748124,35.875936177141,31.06816078955485,30.788016932595244,19.88280045234913,1.3706071742945782,1.5483969981683183,49.96743731683492,38.125,0.1777898238737401,1.129716104809713,0.19951449119368694
TAGLN2,SERINC1,88.04135460761967,83.7051506116994,37.53663301856073,35.64305541276858,35.029306414848584,32.95980261128817,1.0517907461308387,1.0627564755614298,53.01204819277108,39.78733240869163,0.010965729430591153,1.0104257709729147,0.19948494851498771
TYROBP,SLC9A3R1,72.33800065125367,18.926698879407834,41.6151090849886,35.416880847126556,33.15695213285575,10.290942736712244,3.8218063966535802,3.221641723149319,39.181048518397915,45.836146747693,-0.6001646735042612,0.8429630883370302,0.199172500063252
CD63,IDH2,69.96906545099316,68.3149994859669,38.10647997394985,40.48524724992289,28.598176489742755,31.078441451629484,1.0241973472900125,0.920163785255007,41.3708889612504,40.87260034904014,-0.10403356203500558,0.8984243004433916,0.19916132364345043
VIM,CD81,89.62064474112667,80.15832219594942,28.655161185281667,15.338747815359309,27.434060566590688,13.44710599362599,1.118031468904503,2.039994373898721,62.18658417453598,30.6113180125352,0.921962904994218,1.8246305498874715,0.19915473531238692
CYBA,RPN2,80.75545424943016,58.918474349748124,40.638228590035816,51.45471368356122,34.89091501139694,33.78225557725918,1.3706071742945782,1.0327872318759999,45.86453923803322,43.20564516129032,-0.3378199424185784,0.7535253362492816,0.19913722868552267
EMP3,CCDC47,70.35981764897427,68.28415749974299,34.07684793226962,32.846715328467155,27.271247150765223,24.09787190295055,1.030382300124871,1.131639989647244,43.08857049820905,38.759689922480625,0.1012576895223729,1.0982719613002878,0.19886133408852175
CD63,SIGIRR,69.96906545099316,68.3149994859669,35.46890263757734,28.045646139611392,26.326929338977532,21.27068983242521,1.0241973472900125,1.2376510538831962,43.64213611201562,37.626527050610825,0.21345370659318363,1.2084107200218532,0.1988053205827133
PLP2,RPN1,58.83262780853142,35.468284157499745,37.14588082057961,40.629176518967824,25.293064148485836,18.94726020355711,1.6586922799819646,1.3348488925509705,33.53956366004559,42.9915594299156,-0.32384338743099406,0.8047598151029465,0.19876562777802825
ANXA1,TMEM30A,83.14881146206447,62.16716356533361,29.990231195050473,19.533257941811453,26.563008791924453,12.552688393132518,1.337482188526961,2.115952536025645,56.58580267014002,31.94634814959859,0.7784703474986838,1.5820416557143493,0.19865525812292714
ANXA1,CYTH1,83.14881146206447,62.16716356533361,28.541191794203844,17.52852883725712,26.06642787365679,12.018093965251362,1.337482188526961,2.1687514840151803,57.08238358840768,31.349128646955158,0.8312692954882193,1.6215180303849426,0.19830910800918677
CD99,LMNA,89.77531748616086,78.35920633288784,37.86225985021166,41.34882286419246,36.80397264734614,36.45522771666495,1.145674848082707,1.0095386975685976,52.971344838814716,40.99564744287269,-0.13613615051410943,0.8811738332722115,0.19817142968865795
CYBA,TTC17,80.75545424943016,58.918474349748124,38.81471833279062,38.778657345533055,32.55454249430153,25.11565744833967,1.3706071742945782,1.2961335544453003,48.20091175512863,40.31249999999999,-0.07447361984927792,0.9456637749706747,0.19783881900753608
EMP3,CHST12,70.35981764897427,68.28415749974299,35.25724519700423,34.75891847434975,27.132855747313577,24.025907268428085,1.030382300124871,1.129269591137382,43.226961901660694,38.5629989586949,0.09888729101251093,1.095971457390647,0.19775935934410002
HCST,ADAM17,65.81732334744383,32.03454302457078,35.875936177141,31.06816078955485,25.830348420709868,12.388197799938316,2.0545093709497273,2.0849088728600713,39.986974926733964,39.24551638837353,0.030399501910344018,1.0147964776117284,0.1977475570373849
CTSC,SERINC1,60.485183979159885,40.74226380178884,37.53663301856073,35.64305541276858,25.065125366330186,19.399609334841163,1.4845443966740897,1.291976191764051,35.4200586128297,41.44010767160161,-0.19256820491003857,0.8702846440015805,0.19757212811250613
CD63,ITM2A,69.96906545099316,68.3149994859669,37.7889938130902,45.923717487406186,29.062194724845327,35.36547753675337,1.0241973472900125,0.821744113324361,40.90687072614783,41.53577661431065,-0.2024532339656515,0.8023298590829833,0.19755622137327067
HCST,ATP1B3,65.81732334744383,32.03454302457078,34.77694562031911,33.96730749460265,25.512862259850213,11.98725197902745,2.0545093709497273,2.128155322767911,40.30446108759362,38.76314162028447,0.07364595181818379,1.0358460043353999,0.19749800569233153
VIM,IDH2,89.62064474112667,80.15832219594942,38.10647997394985,40.48524724992289,35.6317160534028,32.661663411123676,1.118031468904503,1.0909005063337234,53.98892868772387,39.758379507675535,-0.027130962570779626,0.9757332746659056,0.1974353494098387
CYBA,IDH2,80.75545424943016,58.918474349748124,38.10647997394985,40.48524724992289,33.067404754151745,27.20263184949111,1.3706071742945782,1.215551104981239,47.68804949527841,40.94758064516129,-0.15505606931333915,0.8868705255441676,0.19698509976013953
CD99,RPN2,89.77531748616086,78.35920633288784,40.638228590035816,51.45471368356122,38.1227613155324,45.5433329906446,1.145674848082707,0.8370473078036583,51.65255617062846,42.46463547334059,-0.3086275402790487,0.7306150686684459,0.19689180035275047
CD99,TTC17,89.77531748616086,78.35920633288784,38.81471833279062,38.778657345533055,36.20156300879192,34.45049861211062,1.145674848082707,1.0507979178608535,53.57375447736894,40.324628219078704,-0.0948769302218535,0.9171868611930946,0.19687929458430087
TAGLN2,ADAM17,88.04135460761967,83.7051506116994,35.875936177141,31.06816078955485,33.46629762292413,28.17929474658168,1.0517907461308387,1.1875779839734875,54.575056984695536,38.01202034211743,0.1357872378426488,1.1291010006906426,0.19684946360271963
CD99,SERINC1,89.77531748616086,78.35920633288784,37.53663301856073,35.64305541276858,35.59915337023771,31.911175079675132,1.145674848082707,1.1155351611526727,54.17616411592315,39.653608995284735,-0.030139686930034326,0.9736926345372133,0.19676106062992194
CD99,ADAM17,89.77531748616086,78.35920633288784,35.875936177141,31.06816078955485,34.386193422338,27.500771049655597,1.145674848082707,1.250326510254641,55.389124063822855,38.30250272034821,0.104651662171934,1.0913449940417816,0.19674509671033774
CD99,TM2D1,89.77531748616086,78.35920633288784,33.108108108108105,24.48853706178678,31.854444806252037,20.808060039066515,1.145674848082707,1.5307969099252505,57.920872679908825,35.482408414943784,0.3851220618425435,1.336153021502608,0.19666814516684605
VIM,CHST12,89.62064474112667,80.15832219594942,35.25724519700423,34.75891847434975,33.78378378378378,26.42130153181865,1.118031468904503,1.2786086686316929,55.836860957342886,37.696430193478065,0.16057719972718987,1.143624937395126,0.1965110109537498
CD63,RNF149,69.96906545099316,68.3149994859669,33.05926408336047,27.346561118536034,25.903614457831324,20.71553408039478,1.0241973472900125,1.2503835997521116,44.06545099316183,37.02152414194299,0.226186252462099,1.2208424509793736,0.19641693333281993
TYROBP,FLNA,72.33800065125367,18.926698879407834,41.256919570172585,33.86450087385628,31.79746011071312,9.478770432815873,3.8218063966535802,3.354243685125611,40.54054054054055,43.956785955435514,-0.467562711527969,0.8776592367584678,0.19640579420077908
ANXA1,ITGAE,83.14881146206447,62.16716356533361,32.318463041354605,24.899763544772284,28.972647346141322,16.294849388300605,1.337482188526961,1.777915753623856,54.17616411592315,34.84433130996671,0.4404335650968949,1.3293005087282452,0.19624333480467832
CD63,CRTAP,69.96906545099316,68.3149994859669,36.97492673396288,35.386038860902644,27.69456203191143,27.953120180939653,1.0241973472900125,0.9907148517875658,42.274503419081725,39.58115183246073,-0.03348249550244675,0.9673085508461429,0.19623163438718136
ANXA1,RNF149,83.14881146206447,62.16716356533361,33.05926408336047,27.346561118536034,29.819277108433734,17.795826051197697,1.337482188526961,1.6755390552590665,53.329534353630734,35.862541609555514,0.33805686673210555,1.252756163507811,0.19621555138438287
EMP3,ITGAE,70.35981764897427,68.28415749974299,32.318463041354605,24.899763544772284,25.390752197981115,18.875295569034645,1.030382300124871,1.3451130866817438,44.969065450993156,36.08700682633345,0.3147307865568727,1.3054504978576698,0.19617157345951092
HCST,IDH2,65.81732334744383,32.03454302457078,38.10647997394985,40.48524724992289,27.653858677955064,15.585483705150612,2.0545093709497273,1.7742204849459884,38.16346466948877,42.01607915893631,-0.2802888860037389,0.8635738098998442,0.19606595149449457
CD99,LTA4H,89.77531748616086,78.35920633288784,38.56235753826115,43.08625475480621,36.74698795180723,37.84311709674103,1.145674848082707,0.9710092550942804,53.02832953435363,40.932172651432715,-0.17466559298842665,0.8475434864606389,0.19592758360774226
CD63,TSPAN3,69.96906545099316,68.3149994859669,33.77564311299251,35.015935026215686,27.377075871051776,26.92505397347589,1.0241973472900125,1.016750389716227,42.591989579941384,39.127399650959866,-0.00744695757378544,0.992728981779254,0.19526465037611002
VIM,IFNGR2,89.62064474112667,80.15832219594942,28.060892217518724,16.32569137452452,27.18169977206122,13.662999897193378,1.118031468904503,1.9892930310724324,62.438944969065446,30.329730220728496,0.8712615621679294,1.7792817880355642,0.19521172921203897
CYBA,TMEM30A,80.75545424943016,58.918474349748124,29.990231195050473,19.533257941811453,25.919895799413872,12.562969055207155,1.3706071742945782,2.063034036897069,54.835558450016286,32.096774193548384,0.6924268626024908,1.5051971677872384,0.19510521409786646
CD99,TMEM9B,89.77531748616086,78.35920633288784,29.493650276782805,17.816387375346974,28.386519049169653,15.153695898015831,1.145674848082707,1.8731170351551716,61.38879843699121,31.61951396445412,0.7274421870724646,1.6349464582292637,0.1944696791758938
TYROBP,CLEC2B,72.33800065125367,18.926698879407834,45.31911429501791,50.00514033103732,33.66981439270596,11.020869744011515,3.8218063966535802,3.0548187535059284,38.668186258547706,46.54512716632905,-0.7669876431476519,0.799312795169521,0.1943762536742627
CD99,CRTAP,89.77531748616086,78.35920633288784,36.97492673396288,35.386038860902644,35.346792575708236,32.291559576436725,1.145674848082707,1.094580084060606,54.42852491045262,39.37250634747914,-0.05109476402210111,0.9554020374038861,0.19430779353629066
HCST,TSPAN3,65.81732334744383,32.03454302457078,33.77564311299251,35.015935026215686,25.317486160859655,12.100339261848463,2.0545093709497273,2.092122666181036,40.49983718658417,38.46629560915275,0.03761329523130863,1.0183076776203368,0.1942121428073292
HCST,ZC3HAV1,65.81732334744383,32.03454302457078,37.3331162487789,40.24879202220623,26.563008791924453,13.96113909735787,2.0545093709497273,1.9025028046706047,39.25431455551938,40.358688930117495,-0.15200656627912257,0.9260132037222808,0.19419311633663133
ANXA1,ZC3HAV1,83.14881146206447,62.16716356533361,37.3331162487789,40.24879202220623,32.86388798436991,25.958671738459955,1.337482188526961,1.265959304704195,50.28492347769456,39.52418249461523,-0.07152288382276595,0.9465242345383771,0.19404476828193787
TYROBP,AKR1C3,72.33800065125367,18.926698879407834,33.70237707587105,38.07957232445769,25.105828720286553,5.931942017065899,3.8218063966535802,4.231598530386867,47.23217193096711,34.70627954085078,0.4097921337332866,1.1072247233905164,0.19402100439091824
ANXA1,ACAA1,83.14881146206447,62.16716356533361,30.03907521979811,21.095918577156368,27.027027027027028,13.755525855865118,1.337482188526961,1.9646695183220269,56.12178443503744,32.504405717642456,0.6271873297950659,1.4689313511425675,0.1938813950779656
VIM,IFNGR1,89.62064474112667,80.15832219594942,30.30771735591013,19.2453994037216,28.6144578313253,15.89390356738974,1.118031468904503,1.800228463797114,61.00618690980137,31.928422200018165,0.682196994892611,1.6101769170782447,0.19375196074472134
TAGLN2,TM2D1,88.04135460761967,83.7051506116994,33.108108108108105,24.48853706178678,30.99967437316835,22.103423460470854,1.0517907461308387,1.4024194943878447,57.04168023445132,35.21035598705502,0.3506287482570061,1.333363598745134,0.19358321734812534
CYBA,GOLIM4,80.75545424943016,58.918474349748124,32.953435363073915,22.956718412665776,27.4910452621296,14.999485966896268,1.3706071742945782,1.832676976119177,53.264408987300556,34.042338709677416,0.4620698018245988,1.337127814949908,0.19331518363961706
CYBA,TMED4,80.75545424943016,58.918474349748124,34.247802018886354,31.643877865734552,30.413546076196678,20.70525341832014,1.3706071742945782,1.4688097098863804,50.34190817323348,37.66129032258064,0.09820253559180214,1.0716489286161404,0.19321657839249332
EMP3,TSPAN3,70.35981764897427,68.28415749974299,33.77564311299251,35.015935026215686,27.075871051774666,26.020355710907783,1.030382300124871,1.0405249961832252,43.2839465971996,38.48200856184196,0.010142696058354161,1.009843624116141,0.1929171776121275
ANXA1,RPN1,83.14881146206447,62.16716356533361,37.14588082057961,40.629176518967824,32.73363725170954,26.082039683355607,1.337482188526961,1.2549778572241288,50.415174210354934,39.367534756216955,-0.08250433130283219,0.9383136971762603,0.19271245721594318
TAGLN2,ZC3HAV1,88.04135460761967,83.7051506116994,37.3331162487789,40.24879202220623,34.858352328231845,36.8767348617251,1.0517907461308387,0.9452411450685617,53.18300227938782,39.593157651410074,-0.10654960106227696,0.8986969590156266,0.19263830820393657
CYBA,ZC3HAV1,80.75545424943016,58.918474349748124,37.3331162487789,40.24879202220623,32.04168023445132,25.59884856584764,1.3706071742945782,1.2516355380788318,48.71377401497884,39.67741935483871,-0.11897163621574647,0.913197859717188,0.1924385149634062
TAGLN2,TMEM9B,88.04135460761967,83.7051506116994,29.493650276782805,17.816387375346974,27.881797460110715,16.120078133031768,1.0517907461308387,1.7295243674169325,60.15955714750895,31.66897827092002,0.6777336212860938,1.6443616506222678,0.19223157241890482
HCST,RPN2,65.81732334744383,32.03454302457078,40.638228590035816,51.45471368356122,28.76098990556822,18.81361159658682,2.0545093709497273,1.5286518011770054,37.05633344187561,43.69820655534941,-0.5258575697727219,0.7440471300797054,0.192198154288111
ANXA1,TMED4,83.14881146206447,62.16716356533361,34.247802018886354,31.643877865734552,30.779876261803974,20.82862136321579,1.337482188526961,1.4776973486498366,52.368935200260495,37.01781868024281,0.1402151601228756,1.104835160666552,0.19209985140735783
CD99,IDH2,89.77531748616086,78.35920633288784,38.10647997394985,40.48524724992289,35.981764897427546,36.83561221342654,1.145674848082707,0.9767935414080393,53.79355258873331,40.07979688066739,-0.16888130667466772,0.8525922892020441,0.1919549190696036
VIM,TMEM30A,89.62064474112667,80.15832219594942,29.990231195050473,19.533257941811453,27.930641484858352,15.174257222165107,1.118031468904503,1.8405382575039735,61.69000325626831,31.165410118993552,0.7225067885994705,1.6462311738929984,0.1919523900249413
CYBA,ACAA1,80.75545424943016,58.918474349748124,30.03907521979811,21.095918577156368,26.67697818300228,14.012542407731058,1.3706071742945782,1.9036570059748061,54.07847606642788,33.034274193548384,0.5330498316802279,1.3889151039608245,0.19182386255175332
TAGLN2,IFNGR2,88.04135460761967,83.7051506116994,28.060892217518724,16.32569137452452,27.075871051774666,14.937801994448442,1.0517907461308387,1.8124526358831587,60.965483555845,30.753582986592694,0.7606618897523201,1.7232064862241112,0.19180100942057948
VIM,GOLIM4,89.62064474112667,80.15832219594942,32.953435363073915,22.956718412665776,29.82741777922501,18.361262465302765,1.118031468904503,1.6243868551376357,59.79322696190166,33.28186029612136,0.5063553862331327,1.4528990465083083,0.19172707079226342
TAGLN2,GOLIM4,88.04135460761967,83.7051506116994,32.953435363073915,22.956718412665776,30.1937479648323,20.74637606661869,1.0517907461308387,1.455304413815117,57.84760664278737,34.29496070272769,0.4035136676842783,1.383644436090221,0.19165048689785233
ANXA1,CHST12,83.14881146206447,62.16716356533361,35.25724519700423,34.75891847434975,31.20319114295018,22.010897501799114,1.337482188526961,1.41756025987309,51.9456203191143,37.5269238300372,0.0800780713461291,1.0598722525301987,0.19163852271749243
VIM,RNF149,89.62064474112667,80.15832219594942,33.05926408336047,27.346561118536034,31.699772061217843,22.46324663308317,1.118031468904503,1.4111210840488853,57.920872679908825,35.37106004178399,0.29308961514438225,1.2621479120185808,0.1915097809661391
CYBA,RNF149,80.75545424943016,58.918474349748124,33.05926408336047,27.346561118536034,28.923803321393684,17.929474658167987,1.3706071742945782,1.613108624997712,51.831650928036474,35.81653225806451,0.24250145070313378,1.1769299440796697,0.19120773382547926
TAGLN2,RPN1,88.04135460761967,83.7051506116994,37.14588082057961,40.629176518967824,34.89905568218821,38.33658887632364,1.0517907461308387,0.9103090910273969,53.142298925431454,39.63938973647711,-0.1414816551034418,0.8654849782393483,0.19112286592721348
EMP3,ATF6B,70.35981764897427,68.28415749974299,33.8082057961576,36.05428189575409,26.85607294041029,25.98951372468387,1.030382300124871,1.0333028898503216,43.503744708563985,38.16961703112345,0.0029205897254505064,1.00283447194803,0.19099411464188976
EMB,BST2,59.703679583197655,16.82944381618176,45.05861282969717,68.51033206538501,28.720286551611853,11.25732497172818,3.5473621631887737,2.551026606865055,30.983393031585802,48.104717752931556,-0.9963355563237188,0.7191333981450322,0.1907068109484718
VIM,ZC3HAV1,89.62064474112667,80.15832219594942,37.3331162487789,40.24879202220623,34.60599153370238,32.35324354888455,1.118031468904503,1.0695966815424267,55.01465320742429,38.613861386138616,-0.04843478736207629,0.9566785115542992,0.19064756756258927
CD63,CHST12,69.96906545099316,68.3149994859669,35.25724519700423,34.75891847434975,26.457180071637904,25.197902744936773,1.0241973472900125,1.0499338141599819,43.51188537935525,37.81268179173939,0.025736466869969332,1.0251284256281927,0.19035023230219542
CYBA,ITGAE,80.75545424943016,58.918474349748124,32.318463041354605,24.899763544772284,28.134158254640184,16.61354991261437,1.3706071742945782,1.6933445926982171,52.621295994789975,34.83870967741935,0.3227374184036389,1.23547039914609,0.19033041930727873
TAGLN2,S1PR4,88.04135460761967,83.7051506116994,27.57245197004233,15.51351907062815,26.04200586128297,13.734964531715843,1.0517907461308387,1.8958993233531527,61.99934874633669,29.579288025889966,0.844108577222314,1.8025442135971315,0.19010186899056555
VIM,ITGAE,89.62064474112667,80.15832219594942,32.318463041354605,24.899763544772284,30.804298274177793,20.777218052842603,1.118031468904503,1.482528395641875,58.81634646694887,34.37187755472795,0.3644969267373721,1.326016697092187,0.1900842341105084
TAGLN2,CHST12,88.04135460761967,83.7051506116994,35.25724519700423,34.75891847434975,33.35232823184631,31.3560193276447,1.0517907461308387,1.063631969714753,54.68902637577336,37.88257050392973,0.011841223583914262,1.0112581553198428,0.1900049136988444
CYBA,RPN1,80.75545424943016,58.918474349748124,37.14588082057961,40.629176518967824,32.07424291761641,26.811966690654877,1.3706071742945782,1.1962213390133827,48.68121133181375,39.717741935483865,-0.17438583528119556,0.8727674576992142,0.18986941791335954
CD63,NOP56,69.96906545099316,68.3149994859669,35.517746662324974,39.200164490593195,27.092152393357214,28.65220520201501,1.0241973472900125,0.9455190859922359,42.876913057635946,38.72018615474113,-0.07867826129777666,0.9231805652436453,0.18966701770881683
VIM,RPN1,89.62064474112667,80.15832219594942,37.14588082057961,40.629176518967824,34.557147508954735,32.93924128713889,1.118031468904503,1.04908604669047,55.06349723217193,38.559360523208284,-0.0689454222140331,0.9383332006910423,0.18934953150533979
TAGLN2,ITGAE,88.04135460761967,83.7051506116994,32.318463041354605,24.899763544772284,30.84500162813416,23.11092834378534,1.0517907461308387,1.3345923009677467,57.19635297948551,35.03467406380028,0.28280155483690805,1.268876253073374,0.18931344806084677
TYROBP,ASAH1,72.33800065125367,18.926698879407834,43.28394659719961,51.22853911791919,33.31976554868121,11.103115040608616,3.8218063966535802,3.0006682591839358,39.018235102572454,46.06121989646635,-0.8211381374696445,0.785143973229873,0.18924919260884954
CD99,IFNGR2,89.77531748616086,78.35920633288784,28.060892217518724,16.32569137452452,27.116574405731033,14.207874987149172,1.145674848082707,1.9084251519037136,62.65874308042983,30.20493289807762,0.7627503038210066,1.6657650773231807,0.18916217968143842
ANXA1,ATP1B3,83.14881146206447,62.16716356533361,34.77694562031911,33.96730749460265,31.09736242266363,22.524930605530997,1.337482188526961,1.3805139937272117,52.05144903940084,37.3996475425886,0.04303180520025074,1.0321737407566107,0.1891498279729556
CYBA,CHST12,80.75545424943016,58.918474349748124,35.25724519700423,34.75891847434975,30.584500162813416,22.51464994345636,1.3706071742945782,1.3583663025327002,50.170954086616746,37.872983870967744,-0.012240871761878047,0.9910690152572869,0.18875287576674477
CYBA,ATP1B3,80.75545424943016,58.918474349748124,34.77694562031911,33.96730749460265,30.44610875936177,22.175388094993316,1.3706071742945782,1.3729065630049773,50.30934549006839,37.7016129032258,0.0022993887103990307,1.001677642400772,0.18862303395164895
VIM,TMED4,89.62064474112667,80.15832219594942,34.247802018886354,31.643877865734552,32.23705633344188,24.971728179294747,1.118031468904503,1.29089045065449,57.38358840768479,35.97056953401763,0.17285898174998704,1.154610121948859,0.18849579675758749
VIM,ACAA1,89.62064474112667,80.15832219594942,30.03907521979811,21.095918577156368,28.66330185607294,16.993934409375964,1.118031468904503,1.686579139738229,60.95734288505373,31.982923062948498,0.568547670833726,1.5085256422977202,0.1883419988564288
EMP3,PTBP1,70.35981764897427,68.28415749974299,33.83262780853142,36.93841883417292,26.83165092803647,27.685822966999076,1.030382300124871,0.969112669951987,43.528166720937804,38.134906861043625,-0.061269630172884115,0.9405369927594264,0.18761105279657386
CD99,GOLIM4,89.77531748616086,78.35920633288784,32.953435363073915,22.956718412665776,30.454249430153045,20.294026935334635,1.145674848082707,1.500576940705149,59.32106805600782,33.92274211099021,0.354902092622442,1.3097755818034869,0.1873588151860731
CD99,S1PR4,89.77531748616086,78.35920633288784,27.57245197004233,15.51351907062815,26.155975252360793,13.2312120900586,1.145674848082707,1.9766895417291457,63.61934223380007,29.13492927094668,0.8310146936464387,1.7253495134654881,0.1872253810370553
ANXA1,TSPAN3,83.14881146206447,62.16716356533361,33.77564311299251,35.015935026215686,30.714750895473788,22.154826770844043,1.337482188526961,1.3863057882314218,52.43406056659069,36.939494811043666,0.04882359970446082,1.0365041120721261,0.18713865404044133
CD99,CHST12,89.77531748616086,78.35920633288784,35.25724519700423,34.75891847434975,33.922175187235425,30.687776292793256,1.145674848082707,1.1053609587946156,55.853142298925434,37.78563656147987,-0.04031388928809143,0.9648121023556055,0.18691248834299473
CD63,AKR1C3,69.96906545099316,68.3149994859669,33.70237707587105,38.07957232445769,26.888635623575382,29.402693533463555,1.0241973472900125,0.9144645584397125,43.080429827417774,38.42931937172775,-0.10973278885030002,0.892859721673124,0.18665995741612376
TYROBP,RAB5C,72.33800065125367,18.926698879407834,39.669488765874306,40.32075665672869,31.048518397915988,9.519893081114423,3.8218063966535802,3.2610930648411136,41.28948225333768,42.9214494710781,-0.5607133318124666,0.8532857833135048,0.1865715807647671
CD99,IFNGR1,89.77531748616086,78.35920633288784,30.30771735591013,19.2453994037216,28.850537284272225,17.374318906137557,1.145674848082707,1.660432101426422,60.92478020188864,32.13638012332245,0.514757253343715,1.449304839156733,0.186419763283798
VIM,S1PR4,89.62064474112667,80.15832219594942,27.57245197004233,15.51351907062815,25.903614457831324,13.251773414207875,1.118031468904503,1.95458064876148,63.717030283295344,28.903624307384867,0.8365491798569771,1.748234019456237,0.18634558052977318
TYROBP,ZC3HAV1,72.33800065125367,18.926698879407834,37.3331162487789,40.24879202220623,27.678280690328883,7.4431993420376275,3.8218063966535802,3.7181004186748146,44.65971996092478,38.26243529146973,-0.10370597797876568,0.9728646699451935,0.18612687755841037
ANXA1,TOR1AIP2,83.14881146206447,62.16716356533361,31.707912732009117,24.61190500668243,27.77596873982416,16.181762105479592,1.337482188526961,1.716392328996731,55.37284272224031,33.40513021343254,0.3789101404697701,1.283301074003149,0.18597115809065123
VIM,ATP1B3,89.62064474112667,80.15832219594942,34.77694562031911,33.96730749460265,32.65223054379681,27.459648401357047,1.118031468904503,1.189055337170524,56.96841419732986,36.43382686892543,0.07102386826602092,1.0635258221627817,0.18572032775792816
TAGLN2,CYTH1,88.04135460761967,83.7051506116994,28.541191794203844,17.52852883725712,26.953760989905568,15.832219594941915,1.0517907461308387,1.7023550281912483,61.0875936177141,30.61488673139159,0.6505642820604096,1.6185301443786253,0.18560264775997842
VIM,CYTH1,89.62064474112667,80.15832219594942,28.541191794203844,17.52852883725712,26.994464343861935,14.855556697851341,1.118031468904503,1.817006786489501,62.62618039726473,30.120810246162232,0.698975317584998,1.625183938936786,0.18555281711006105
TAGLN2,RNF149,88.04135460761967,83.7051506116994,33.05926408336047,27.346561118536034,31.032237056333443,25.07453480004112,1.0517907461308387,1.2375503575015498,57.009117551286224,35.24734165510865,0.18575961137071118,1.1766127074744233,0.18552468884407877
VIM,TSPAN3,89.62064474112667,80.15832219594942,33.77564311299251,35.015935026215686,32.49755779876262,27.038141256296907,1.118031468904503,1.2018709281750783,57.12308694236405,36.26124080297938,0.08383945927057534,1.0749884610606935,0.18549817697842572
EMB,SPINT2,59.703679583197655,16.82944381618176,45.16444154998372,59.17549090161406,27.62129599478997,10.517117302354272,3.5473621631887737,2.626068449398971,32.08238358840768,46.26397600218162,-0.9212937137898027,0.7402876640704655,0.18525519432141802
ANXA1,CCDC47,83.14881146206447,62.16716356533361,34.07684793226962,32.846715328467155,30.258873331162487,21.568829032589697,1.337482188526961,1.4028332484900354,52.88993813090198,36.391227726649696,0.06535105996307444,1.0488612562646902,0.18522369163140223
EMP3,ITPR1,70.35981764897427,68.28415749974299,33.02670140019538,36.58887632363524,26.465320742429178,27.439087077207773,1.030382300124871,0.9644765582545015,43.89449690654509,37.614254309846125,-0.06590574187036957,0.9360375834654938,0.1847759844557121
TAGLN2,TMED4,88.04135460761967,83.7051506116994,34.247802018886354,31.643877865734552,32.03353956366004,29.08399300914979,1.0517907461308387,1.1013769043569195,56.007815043959624,36.38465094775774,0.04958615822608081,1.0471445089324949,0.18440256265009278
TAGLN2,ATP1B3,88.04135460761967,83.7051506116994,34.77694562031911,33.96730749460265,32.56268316509281,31.273774031047598,1.0517907461308387,1.041180445708949,55.47867144252686,36.985668053629226,-0.010610300421889596,0.9899121565188502,0.18439782524705167
TAGLN2,ITM2A,88.04135460761967,83.7051506116994,37.7889938130902,45.923717487406186,34.378052751546726,41.17405160892361,1.0517907461308387,0.8349243390892602,53.66330185607294,39.04761904761905,-0.21686640704157845,0.7938122123251681,0.1843947748860163
TYROBP,XRCC6,72.33800065125367,18.926698879407834,45.897101921198306,55.58753983756554,33.11624877889938,11.29844762002673,3.8218063966535802,2.9307847509470597,39.22175187235428,45.77987846049966,-0.8910216457065205,0.7668585079331308,0.1843483100171723
CD99,ZC3HAV1,89.77531748616086,78.35920633288784,37.3331162487789,40.24879202220623,34.728101595571474,36.105685206127276,1.145674848082707,0.961819158898534,55.047215890589385,38.68335146898803,-0.18385568918417305,0.8395219293747641,0.18422397288573147
TYROBP,SPINT2,72.33800065125367,18.926698879407834,45.16444154998372,59.17549090161406,34.16639531097363,12.28539117919194,3.8218063966535802,2.7808324521554675,38.17160534028004,47.23160027008778,-1.0409739444981128,0.7276225333105303,0.18410930412553328
CD99,RNF149,89.77531748616086,78.35920633288784,33.05926408336047,27.346561118536034,31.78931943992185,24.838079572324457,1.145674848082707,1.2798106849072342,57.985998046239004,35.409865796155245,0.13413583682452712,1.1170801969241135,0.1837561208220026
TAGLN2,IFNGR1,88.04135460761967,83.7051506116994,30.30771735591013,19.2453994037216,27.808531422989255,17.785545389123058,1.0517907461308387,1.5634588288288351,60.23282318463041,31.585760517799354,0.5116680826979965,1.4864732691176834,0.1835122067238966
TAGLN2,ACAA1,88.04135460761967,83.7051506116994,30.03907521979811,21.095918577156368,28.60631716053403,19.47157396936363,1.0517907461308387,1.4690567978090927,59.435037447085634,32.491909385113274,0.41726605167825404,1.396719645246192,0.18332284950947905
CYBA,TOR1AIP2,80.75545424943016,58.918474349748124,31.707912732009117,24.61190500668243,26.80722891566265,15.626606353449162,1.3706071742945782,1.715376514442728,53.94822533376751,33.19556451612903,0.34476934014814975,1.251544969714313,0.18321628958805264
TYROBP,CCDC47,72.33800065125367,18.926698879407834,34.07684793226962,32.846715328467155,25.293064148485836,6.343168500051403,3.8218063966535802,3.986820991321542,47.044936502767825,34.96511366194014,0.16501459466796176,1.0431771203304412,0.18307629804309877
EMP3,TMEM87A,70.35981764897427,68.28415749974299,31.78931943992185,32.75418936979541,25.439596222728753,23.686645419965046,1.030382300124871,1.073960529706641,44.92022142624552,36.15642716649312,0.043578229581769934,1.042293262972868,0.1829610473115541
TAGLN2,TMEM30A,88.04135460761967,83.7051506116994,29.990231195050473,19.533257941811453,27.841094106154348,17.99115863061581,1.0517907461308387,1.547401547404067,60.20026050146532,31.622746185852986,0.4956108012732283,1.4712066569290545,0.18289427099292632
CD63,PTBP1,69.96906545099316,68.3149994859669,33.83262780853142,36.93841883417292,26.107131227613156,27.480209725506324,1.0241973472900125,0.9499993445842438,43.861934223380004,37.312390924956375,-0.0741980027057687,0.9275549747301203,0.18285205448949343
CD99,ITGAE,89.77531748616086,78.35920633288784,32.318463041354605,24.899763544772284,30.731032237056333,22.288475377814333,1.145674848082707,1.3787238917091893,59.044285249104526,34.231048240841496,0.23304904362648227,1.2034163916721146,0.18280769338553154
EMP3,PRKCSH,70.35981764897427,68.28415749974299,32.57896450667535,37.956204379562045,26.3676326929339,28.097049449984578,1.030382300124871,0.9384150575956927,43.992184956040376,37.47541362952679,-0.09196724252917843,0.9107445435368668,0.18277870602117502
TYROBP,IDH2,72.33800065125367,18.926698879407834,38.10647997394985,40.48524724992289,29.9820905242592,8.995579315307905,3.8218063966535802,3.332610036933029,42.355910126994466,41.447220346612646,-0.4891963597205513,0.8719986548379589,0.18277628374703567
HCST,LMNA,65.81732334744383,32.03454302457078,37.86225985021166,41.34882286419246,27.81667209378053,18.76220828621363,2.0545093709497273,1.4825115017360317,38.00065125366331,42.26345083487941,-0.5719978692136956,0.7215890677834771,0.18271736071371222
CD99,RPN1,89.77531748616086,78.35920633288784,37.14588082057961,40.629176518967824,34.695538912406384,37.41132928960625,1.145674848082707,0.9273824851650007,55.079778573754474,38.64708015959376,-0.21829236291770637,0.8094639475737643,0.18232078265208349
EMP3,RNF167,70.35981764897427,68.28415749974299,32.07424291761641,31.65415852780919,25.20351676978183,23.254857612830268,1.030382300124871,1.0837491865222393,45.15630087919244,35.820895522388064,0.053366886397368196,1.0517932872011686,0.18177282193180871
CD99,ATP1B3,89.77531748616086,78.35920633288784,34.77694562031911,33.96730749460265,32.99413871703028,29.916726637195435,1.145674848082707,1.1028290724473053,56.78117876913058,36.7519042437432,-0.042845775635401706,0.962602150420685,0.18161723243694589
CYBA,CCDC47,80.75545424943016,58.918474349748124,34.07684793226962,32.846715328467155,29.371540214913708,21.507145060141873,1.3706071742945782,1.3656008053127742,51.38391403451645,36.37096774193548,-0.005006368981804066,0.9963473349069687,0.18160452026058718
ANXA1,ABCC1,83.14881146206447,62.16716356533361,29.22500814067079,20.83890202529043,25.48029957668512,13.385422021178163,1.337482188526961,1.903443618942663,57.66851188537935,30.644213824162915,0.5659614304157019,1.4231543681632313,0.18151914064159966
CD99,TMED4,89.77531748616086,78.35920633288784,34.247802018886354,31.643877865734552,32.53012048192771,28.230698056954868,1.145674848082707,1.1522551855117311,57.24519700423315,36.235038084874866,0.006580337429024086,1.0057436343654016,0.1815042072958255
VIM,CCDC47,89.62064474112667,80.15832219594942,34.07684793226962,32.846715328467155,31.821882123086944,26.698879407833864,1.118031468904503,1.1918361741270733,57.798762618039724,35.50731219910982,0.07380470522257032,1.066013083956293,0.18122679625667762
CYBA,ATF6B,80.75545424943016,58.918474349748124,33.8082057961576,36.05428189575409,29.90882448713774,23.16233165415853,1.3706071742945782,1.2912142749451236,50.84662976229242,37.03629032258064,-0.0793928993494546,0.9420746506815008,0.18121180664543043
TYROBP,LTA4H,72.33800065125367,18.926698879407834,38.56235753826115,43.08625475480621,30.59264083360469,9.509612419039787,3.8218063966535802,3.2166846345625126,41.745359817648975,42.29124465451272,-0.6051217620910676,0.8416660345168401,0.1812001351680102
CD99,TMEM30A,89.77531748616086,78.35920633288784,29.990231195050473,19.533257941811453,28.35395636600456,17.723861416675234,1.145674848082707,1.5996715404121389,61.4213611201563,31.583242655059852,0.45399669232943185,1.3962701049858934,0.18061604789177085
CD63,TMEM87A,69.96906545099316,68.3149994859669,31.78931943992185,32.75418936979541,25.138391403451646,24.169836537473014,1.0241973472900125,1.0400298460700188,44.83067404754151,35.92786503781269,0.015832498780006254,1.0154584454079074,0.18043095012806376
CD63,ITPR1,69.96906545099316,68.3149994859669,33.02670140019538,36.58887632363524,25.626831650928036,26.770844042356327,1.0241973472900125,0.9572307238299782,44.34223380006512,36.625945317044796,-0.06696662346003435,0.9346155078049895,0.17978139541222232
CD63,ATF6B,69.96906545099316,68.3149994859669,33.8082057961576,36.05428189575409,25.643112992510584,27.02786059422227,1.0241973472900125,0.9487308169398785,44.325952458482575,36.64921465968587,-0.07546653035013406,0.926316416899716,0.17947274678092265
ANXA1,ADAM10,83.14881146206447,62.16716356533361,29.770433083686097,22.792227819471574,26.001302507326603,14.454610876940475,1.337482188526961,1.7986996695382667,57.14750895473787,31.270804777756023,0.46121748101130566,1.3448400920533143,0.17941489793934534
TYROBP,ITGAE,72.33800065125367,18.926698879407834,32.318463041354605,24.899763544772284,25.675675675675677,6.651588362290531,3.8218063966535802,3.8595016371695916,46.66232497557799,35.49403556155751,0.037695240516011363,1.009863199912224,0.17935493983358808
TAGLN2,CCDC47,88.04135460761967,83.7051506116994,34.07684793226962,32.846715328467155,31.50439596222729,29.752236044001233,1.0517907461308387,1.058856116209891,56.536958645392374,35.78363384188627,0.007065370079052391,1.006717467428805,0.179271437713384
CD99,CYTH1,89.77531748616086,78.35920633288784,28.541191794203844,17.52852883725712,26.937479648323023,15.564922381001336,1.145674848082707,1.7305418200723528,62.83783783783784,30.005440696409142,0.5848669719896458,1.5104999668696784,0.17927055208152798
CD99,ACAA1,89.77531748616086,78.35920633288784,30.03907521979811,21.095918577156368,28.883099967437317,19.080908810527397,1.145674848082707,1.513637878381572,60.89221751872354,32.17265143271672,0.367963030298865,1.3211757951347654,0.17926140867852688
CD63,PRKCSH,69.96906545099316,68.3149994859669,32.57896450667535,37.956204379562045,26.001302507326603,29.299886912717177,1.0241973472900125,0.8873896064914509,43.96776294366656,37.161140197789415,-0.13680774079856162,0.8664244335717626,0.17896531394901896
TAGLN2,TOR1AIP2,88.04135460761967,83.7051506116994,31.707912732009117,24.61190500668243,29.176164115923154,22.175388094993316,1.0517907461308387,1.3156409416603847,58.86519049169651,33.13915857605178,0.263850195529546,1.2508580689649118,0.17888830265673622
EMP3,NOP56,70.35981764897427,68.28415749974299,35.517746662324974,39.200164490593195,25.928036470205146,28.22041739488023,1.030382300124871,0.9187361537308493,44.43178117876913,36.850630568089784,-0.11164614639402182,0.8916459003803816,0.17867084552074783
TAGLN2,NOP56,88.04135460761967,83.7051506116994,35.517746662324974,39.200164490593195,32.440573103223706,34.830883108872214,1.0517907461308387,0.9313470937481585,55.60078150439596,36.84697179842811,-0.12044365238268018,0.8854870583091273,0.17821267637300653
VIM,ATF6B,89.62064474112667,80.15832219594942,33.8082057961576,36.05428189575409,32.07424291761641,29.07371234707515,1.118031468904503,1.1031663025496108,57.54640182351026,35.78889999091652,-0.014865166354892212,0.9867041610470431,0.178201241636838
VIM,SLC39A10,89.62064474112667,80.15832219594942,30.250732660371213,23.491312840546932,28.22370563334419,18.433227099825228,1.118031468904503,1.531049036149271,61.39693910778248,31.492415296575533,0.413017567244768,1.369414975098564,0.17811295484511602
CYBA,TSPAN3,80.75545424943016,58.918474349748124,33.77564311299251,35.015935026215686,29.50179094757408,23.11092834378534,1.3706071742945782,1.2764746631583832,51.25366330185608,36.53225806451613,-0.09413251113619503,0.9313205760909263,0.17795466476577085
ANXA1,SLC39A10,83.14881146206447,62.16716356533361,30.250732660371213,23.491312840546932,26.3676326929339,15.297625167060758,1.337482188526961,1.7235295593558078,56.78117876913058,31.71137654200118,0.38604737082884677,1.2886373920642793,0.1778592512514482
CYBA,ABCC1,80.75545424943016,58.918474349748124,29.22500814067079,20.83890202529043,25.187235428199283,13.940577773208595,1.3706071742945782,1.8066273299856612,55.56821882123087,31.189516129032256,0.436020155691083,1.3181218979942178,0.17774858842971544
CD99,CCDC47,89.77531748616086,78.35920633288784,34.07684793226962,32.846715328467155,32.25333767502442,29.114834995373702,1.145674848082707,1.1077593234111005,57.52197981113644,35.92673195502357,-0.037915524671606526,0.9669055101147953,0.17773788354153752
VIM,TOR1AIP2,89.62064474112667,80.15832219594942,31.707912732009117,24.61190500668243,29.045913383262782,20.376272231931736,1.118031468904503,1.4254073387578858,60.57473135786388,32.40984648923608,0.30737586985338283,1.2749259554872487,0.17741802593884956
ANXA1,ITM2A,83.14881146206447,62.16716356533361,37.7889938130902,45.923717487406186,31.58580267014002,29.063431685000513,1.337482188526961,1.086751085053582,51.56300879192445,37.98707656158214,-0.250731103473379,0.812534996260756,0.17739882763424178
CYBA,SLC39A10,80.75545424943016,58.918474349748124,30.250732660371213,23.491312840546932,25.879192445457505,15.20509920838902,1.3706071742945782,1.7018955414403893,54.87626180397265,32.046370967741936,0.3312883671458111,1.2417092025775496,0.17679627319600022
VIM,RNF167,89.62064474112667,80.15832219594942,32.07424291761641,31.65415852780919,30.69032888309997,25.023131489667936,1.118031468904503,1.2264293326532236,58.9303158580267,34.24470887455718,0.10839786374872062,1.0969542153003382,0.17664343756022194
EMP3,AKR1C3,70.35981764897427,68.28415749974299,33.70237707587105,38.07957232445769,25.553565613806576,27.65498098077516,1.030382300124871,0.9239797218391904,44.806252035167695,36.318407960199,-0.10640257828568067,0.8967348543615454,0.176271910886711
TAGLN2,TSPAN3,88.04135460761967,83.7051506116994,33.77564311299251,35.015935026215686,31.781178769130577,32.928960625064256,1.0517907461308387,0.965114387198529,56.26017583848909,36.09801202034212,-0.08667635893230963,0.9175916319370931,0.17615624215509512
VIM,ABCC1,89.62064474112667,80.15832219594942,29.22500814067079,20.83890202529043,27.23868446760013,17.01449573352524,1.118031468904503,1.6008163907873911,62.38196027352654,30.393314560813877,0.48278492188288813,1.4318169347737075,0.1761058188982138
HCST,RPN1,65.81732334744383,32.03454302457078,37.14588082057961,40.629176518967824,26.204819277108435,16.428497995270895,2.0545093709497273,1.5949859992466775,39.6125040703354,39.81447124304267,-0.4595233717030498,0.7763342537149741,0.17609618763006085
CYBA,PTBP1,80.75545424943016,58.918474349748124,33.83262780853142,36.93841883417292,29.469228264408986,23.85113601315925,1.3706071742945782,1.235496403682705,51.286225985021176,36.49193548387096,-0.13511077061187327,0.9014226883195677,0.17570413888876116
ANXA1,ATF6B,83.14881146206447,62.16716356533361,33.8082057961576,36.05428189575409,29.623901009443177,23.05952503341215,1.337482188526961,1.2846152013677667,53.5249104526213,35.6275700019581,-0.052866987159194245,0.9604727542447354,0.17549450065183073
EMP3,HEBP1,70.35981764897427,68.28415749974299,32.473135786388795,39.621671635653335,25.724519700423315,29.21764161612008,1.030382300124871,0.8804146352317406,44.63529794855096,36.56137915075784,-0.14996766489313051,0.8544543468235469,0.1753085125091327
EMB,RPN2,59.703679583197655,16.82944381618176,40.638228590035816,51.45471368356122,26.204819277108435,9.838593605428189,3.5473621631887737,2.663201380863136,33.49886030608922,43.89146441232615,-0.8841607823256377,0.750755422860221,0.1752492829453489
TAGLN2,PTBP1,88.04135460761967,83.7051506116994,33.83262780853142,36.93841883417292,31.821882123086944,33.843939549707,1.0517907461308387,0.940225704240102,56.21947248453272,36.14424410540916,-0.11156504189073668,0.8939284812105978,0.17514296843250893
ANXA1,PTBP1,83.14881146206447,62.16716356533361,33.83262780853142,36.93841883417292,30.11234125691957,24.714711627428805,1.337482188526961,1.2183481386593673,53.0364702051449,36.21499902095164,-0.11913404986759368,0.9109266269939622,0.17511829261137848
CYBA,RNF167,80.75545424943016,58.918474349748124,32.07424291761641,31.65415852780919,28.35395636600456,20.82862136321579,1.3706071742945782,1.3612324425674112,52.4014978834256,35.11088709677419,-0.009374731727167074,0.9931601614941261,0.1750856988975126
CD99,TSPAN3,89.77531748616086,78.35920633288784,33.77564311299251,35.015935026215686,32.55454249430153,32.04482368664542,1.145674848082707,1.0158747302809417,57.22077499185933,36.262241566920565,-0.12980011780176537,0.8867042267542257,0.17482120194451453
TAGLN2,ATF6B,88.04135460761967,83.7051506116994,33.8082057961576,36.05428189575409,31.43112992510583,32.157910969466435,1.0517907461308387,0.9773692260583201,56.61022468251384,35.7004160887656,-0.07442152007251857,0.9292430358925587,0.17478100444020211
CD99,ATF6B,89.77531748616086,78.35920633288784,33.8082057961576,36.05428189575409,32.261478345815696,30.811144237688907,1.145674848082707,1.0470377555338712,57.51383914034516,35.93579978237214,-0.09863709254883579,0.913904811025654,0.17474714428441895
CYBA,NOP56,80.75545424943016,58.918474349748124,35.517746662324974,39.200164490593195,29.737870400521004,25.146499434563587,1.3706071742945782,1.1825378693377462,51.017583848909155,36.824596774193544,-0.18806930495683205,0.8627839482500687,0.17471951862312615
CD63,HEBP1,69.96906545099316,68.3149994859669,32.473135786388795,39.621671635653335,25.740801042005863,30.811144237688907,1.0241973472900125,0.8354108965425437,44.22826440898729,36.78883071553229,-0.1887864507474688,0.8156737554075973,0.17450483104028802
TAGLN2,ABCC1,88.04135460761967,83.7051506116994,29.22500814067079,20.83890202529043,27.377075871051776,19.173434769199137,1.0517907461308387,1.4277905033753044,60.664278736567894,31.095700416088768,0.37599975724446577,1.3574853255056998,0.17427848994266712
CYBA,ADAM28,80.75545424943016,58.918474349748124,30.682188212308695,25.81474246941503,26.27808531422989,16.438778657345534,1.3706071742945782,1.5984452018451267,54.47736893520027,32.54032258064516,0.2278380275505485,1.1662314569948256,0.1740935142807532
ANXA1,NOP56,83.14881146206447,62.16716356533361,35.517746662324974,39.200164490593195,30.104200586128297,25.20818340701141,1.337482188526961,1.1941759516793962,53.04461087593617,36.20520853730174,-0.14330623684756483,0.892853723154702,0.1738607308441305
CD99,TOR1AIP2,89.77531748616086,78.35920633288784,31.707912732009117,24.61190500668243,29.184304786714424,21.322093142798398,1.145674848082707,1.3686712613067138,60.59101269944644,32.50816104461371,0.22299641322400676,1.1946419733288136,0.17369062588426887
VIM,PTBP1,89.62064474112667,80.15832219594942,33.83262780853142,36.93841883417292,31.935851514164767,31.088722113704122,1.118031468904503,1.0272157273508622,57.6847932269619,35.63448087928059,-0.0908157415536408,0.9187717483098878,0.17363161731872093
TAGLN2,AKR1C3,88.04135460761967,83.7051506116994,33.70237707587105,38.07957232445769,31.773038098339303,34.76919913642438,1.0517907461308387,0.9138008664740338,56.26831650928037,36.08876560332871,-0.13798987965680487,0.8688048167713776,0.17354433403380332
VIM,EDEM3,89.62064474112667,80.15832219594942,26.685118853793554,18.248175182481752,25.260501465320743,14.290120283746273,1.118031468904503,1.7675662204068272,64.36014327580592,28.186029612135528,0.6495347515023242,1.5809628526277237,0.17340688563579382
ANXA1,CASC4,83.14881146206447,62.16716356533361,28.581895148160207,21.31181248072376,25.48029957668512,14.660224118433227,1.337482188526961,1.7379380719410267,57.66851188537935,30.644213824162915,0.4004558834140657,1.2994102552162647,0.17324386329151786
CYBA,P2RX1,80.75545424943016,58.918474349748124,30.560078150439598,26.822247352729516,26.587430804298275,17.240670299167267,1.3706071742945782,1.5420449610141533,54.16802344513188,32.92338709677419,0.1714377867195751,1.1250816353035729,0.1731888248198497
VIM,ITGA5,89.62064474112667,80.15832219594942,27.39335721263432,18.392104451526677,26.310647997394984,16.037832836434667,1.118031468904503,1.6404340805664057,63.30999674373169,29.35779816513761,0.5224026116619027,1.4672521536212,0.17290912140878317
CD99,ITM2A,89.77531748616086,78.35920633288784,37.7889938130902,45.923717487406186,33.759361771409964,40.06374010486275,1.145674848082707,0.8426202611835366,56.015955714750895,37.604280014508525,-0.3030545868991704,0.7354794098811422,0.17286867072758413
TAGLN2,ITGA5,88.04135460761967,83.7051506116994,27.39335721263432,18.392104451526677,25.99316183653533,16.69579520921147,1.0517907461308387,1.556775507565376,62.04819277108434,29.523809523809526,0.5049847614345373,1.4801190382138227,0.17286828569077445
HCST,HEBP1,65.81732334744383,32.03454302457078,32.473135786388795,39.621671635653335,25.008140670791274,14.619101470134677,2.0545093709497273,1.710531265591887,40.809182676652554,37.996289424860855,-0.34397810535784035,0.8325740878958214,0.1727825418564123
VIM,P2RX1,89.62064474112667,80.15832219594942,30.560078150439598,26.822247352729516,28.671442526864215,20.859463349439704,1.118031468904503,1.3744393902753032,60.949202214262456,31.992006540103553,0.25640792137080015,1.2293387337496324,0.17278042876905775
TAGLN2,RNF167,88.04135460761967,83.7051506116994,32.07424291761641,31.65415852780919,30.551937479648323,29.46437750591138,1.0517907461308387,1.036875820563268,57.48941712797134,34.70180305131761,-0.01491492556757068,0.9858194934473066,0.17276326897820954
VIM,ADAM10,89.62064474112667,80.15832219594942,29.770433083686097,22.792227819471574,27.295669163139042,17.888352009869436,1.118031468904503,1.5258053588570566,62.32497557798763,30.456898900899265,0.4077738899525536,1.36472487697695,0.172673189002124
CYBA,ITM2A,80.75545424943016,58.918474349748124,37.7889938130902,45.923717487406186,30.665906870726147,30.142901202837464,1.3706071742945782,1.0173171237649739,50.08954737870401,37.97379032258064,-0.3532900505296044,0.7422382888726413,0.17220444908642296
TAGLN2,SLC39A10,88.04135460761967,83.7051506116994,30.250732660371213,23.491312840546932,27.629436665581245,20.427675542304925,1.0517907461308387,1.3524830138089252,60.41191794203842,31.382339343504395,0.30069226767808654,1.285886017522236,0.1719463101014263
ANXA1,RNF167,83.14881146206447,62.16716356533361,32.07424291761641,31.65415852780919,28.2806903288831,20.58188547342449,1.337482188526961,1.3739905595548108,54.868121133181376,34.01214019972586,0.03650837102784976,1.0272963418436685,0.17188611955002178
ANXA1,P2RX1,83.14881146206447,62.16716356533361,30.560078150439598,26.822247352729516,26.766525561706285,17.22010897501799,1.337482188526961,1.5542858244806108,56.382285900358184,32.1911102408459,0.21680363595364982,1.1620983350757195,0.17179573300191198
EMP3,ITM2A,70.35981764897427,68.28415749974299,37.7889938130902,45.923717487406186,26.001302507326603,33.741132928960624,1.030382300124871,0.7705885861474359,44.35851514164767,36.954761078329284,-0.2597937139774352,0.7478666763336763,0.17178411969277463
ANXA1,ITPR1,83.14881146206447,62.16716356533361,33.02670140019538,36.58887632363524,29.26571149462716,23.542716150920118,1.337482188526961,1.2430370510342488,53.88309996743732,35.196788721362836,-0.09444513749271222,0.9293858727219915,0.17126168673217856
VIM,ITPR1,89.62064474112667,80.15832219594942,33.02670140019538,36.58887632363524,31.138065776619992,29.42325485761283,1.118031468904503,1.0582448366934176,58.48257896450667,34.74430011808521,-0.05978663221108538,0.9465250899693665,0.17073216897987176
ANXA1,AKR1C3,83.14881146206447,62.16716356533361,33.70237707587105,38.07957232445769,29.648323021817,25.08481546211576,1.337482188526961,1.181875991497724,53.50048844024747,35.65694145290777,-0.15560619702923706,0.8836573687754196,0.17050439741307702
VIM,ADAM28,89.62064474112667,80.15832219594942,30.682188212308695,25.81474246941503,28.55747313578639,21.291251156574482,1.118031468904503,1.3412143660050992,61.06317160534028,31.86483785993278,0.22318289710059624,1.1996213016430395,0.17048333415469372
ANXA1,HEXA,83.14881146206447,62.16716356533361,31.089221751872355,30.574689009972243,27.865516118528166,19.985607073095508,1.337482188526961,1.3942094331778134,55.28329534353631,33.512825533581356,0.05672724465085244,1.0424134580164608,0.17040048990044943
VIM,CASC4,89.62064474112667,80.15832219594942,28.581895148160207,21.31181248072376,26.62813415825464,17.17898632671944,1.118031468904503,1.5499508353415172,62.99251058287203,29.712053774184753,0.43191936643701423,1.3863212963587046,0.17015623719277448
ANXA1,ADAM28,83.14881146206447,62.16716356533361,30.682188212308695,25.81474246941503,26.54672745034191,17.158425002570166,1.337482188526961,1.5470639282123786,56.60208401172257,31.926767182298804,0.2095817396854176,1.156698714557269,0.17011292289576488
VIM,DMTF1,89.62064474112667,80.15832219594942,26.465320742429178,18.81361159658682,25.032562683165093,14.495733525239025,1.118031468904503,1.7267726305090065,64.58808205796157,27.931692251793987,0.6087411616045035,1.5444758743695963,0.17009551933919514
CYBA,HEXA,80.75545424943016,58.918474349748124,31.089221751872355,30.574689009972243,27.46662324975578,20.037010383468694,1.3706071742945782,1.3707260713077418,53.288830999674374,34.012096774193544,0.00011889701316358803,1.0000867476950315,0.17006642872162597
CYBA,ADAM10,80.75545424943016,58.918474349748124,29.770433083686097,22.792227819471574,25.032562683165093,14.989205304821631,1.3706071742945782,1.6699279412212797,55.72289156626506,30.997983870967737,0.2993207669267015,1.2183855247078765,0.16995595770117383
CD99,SLC39A10,89.77531748616086,78.35920633288784,30.250732660371213,23.491312840546932,28.43536307391729,20.66413077002159,1.145674848082707,1.376006926371247,61.33995441224357,31.673920928545517,0.23033207828854008,1.2010448939103464,0.16988620855715458
CYBA,AKR1C3,80.75545424943016,58.918474349748124,33.70237707587105,38.07957232445769,28.948225333767503,24.48853706178678,1.3706071742945782,1.1820650288623877,51.807228915662655,35.846774193548384,-0.1885421454321905,0.8624389621123726,0.16980676369613237
ANXA1,TMEM87A,83.14881146206447,62.16716356533361,31.78931943992185,32.75418936979541,28.239986974926733,21.116479901305645,1.337482188526961,1.3372801634905649,54.908824487137736,33.96318778147641,-0.00020202503639610292,0.9998489512323012,0.16980583765556226
VIM,ITM2A,89.62064474112667,80.15832219594942,37.7889938130902,45.923717487406186,32.55454249430153,37.11319008944176,1.118031468904503,0.8771454372531935,57.06610224682514,36.324825143064764,-0.2408860316513095,0.7845444977614625,0.16957982413275835
VIM,NOP56,89.62064474112667,80.15832219594942,35.517746662324974,39.200164490593195,31.626506024096386,32.27099825228745,1.118031468904503,0.9799983805420135,57.99413871703028,35.2893087473885,-0.1380330883624895,0.8765391742526348,0.16954488931881803
CYBA,ITPR1,80.75545424943016,58.918474349748124,33.02670140019538,36.58887632363524,28.45164441549984,23.20345430245708,1.3706071742945782,1.2261285718960926,52.303809833930316,35.23185483870967,-0.14447860239848564,0.8945878840355219,0.16893534407362415
VIM,AKR1C3,89.62064474112667,80.15832219594942,33.70237707587105,38.07957232445769,31.064799739498536,30.297111133957028,1.118031468904503,1.0253048317814846,58.55584500162813,34.66254882368971,-0.09272663712301843,0.9170625875013374,0.16867641226229763
CD99,PTBP1,89.77531748616086,78.35920633288784,33.83262780853142,36.93841883417292,31.854444806252037,32.90839930091498,1.145674848082707,0.9679436721097,57.920872679908825,35.482408414943784,-0.17773117597300703,0.8448676984831769,0.16852548327606853
CYBA,EVI2B,80.75545424943016,58.918474349748124,30.61706284597851,28.31294335355197,26.432758059264085,18.022000616839726,1.3706071742945782,1.4666125037229778,54.32269619016607,32.73185483870968,0.09600532942839957,1.0700458389748408,0.1684595406649684
VIM,KIDINS220,89.62064474112667,80.15832219594942,28.573754477368936,21.486583735992596,26.26994464343862,16.942531099002775,1.118031468904503,1.5504409612105448,63.35070009768805,29.31238077936234,0.43240949230604175,1.3867596792510106,0.16818237851211382
CD99,ADAM28,89.77531748616086,78.35920633288784,30.682188212308695,25.81474246941503,28.53305112341257,21.455741749768684,1.145674848082707,1.3297942183472553,61.24226636274829,31.78273485672833,0.18411937026454828,1.1607082241289255,0.16811964279686908
TYROBP,BST2,72.33800065125367,18.926698879407834,45.05861282969717,68.51033206538501,33.95473787040052,13.642438573044105,3.8218063966535802,2.4887228896596696,38.383262780853144,46.93900517668242,-1.3330835069939106,0.6511902046735871,0.1680408505337166
ANXA1,HEBP1,83.14881146206447,62.16716356533361,32.473135786388795,39.621671635653335,29.379680885704982,25.22874473116069,1.337482188526961,1.1644858558326514,53.76913057635949,35.33385549246133,-0.17299633269430958,0.8706552250353035,0.16801946082759117
ANXA1,EVI2B,83.14881146206447,62.16716356533361,30.61706284597851,28.31294335355197,27.32009117551286,19.348206024467977,1.337482188526961,1.4119489523738247,55.828720286551615,32.85686312903857,0.07446676384686368,1.055676826566848,0.16800765383753605
CD99,RNF167,89.77531748616086,78.35920633288784,32.07424291761641,31.65415852780919,30.75545424943015,28.497995270895444,1.145674848082707,1.079176790517914,59.01986323673071,34.258251722887195,-0.0664980575647931,0.9419573034390359,0.16796635573619628
TYROBP,ATF6B,72.33800065125367,18.926698879407834,33.8082057961576,36.05428189575409,26.61999348746337,7.607689935231829,3.8218063966535802,3.4986303442594266,45.7180071637903,36.79945982444294,-0.3231760523941536,0.9154389262948719,0.16783849650250707
CD99,NOP56,89.77531748616086,78.35920633288784,35.517746662324974,39.200164490593195,31.927710843373493,33.75141359103526,1.145674848082707,0.9459385995392516,57.84760664278737,35.56401886108089,-0.1997362485434554,0.8256606148963512,0.16783328187823163
TAGLN2,ITPR1,88.04135460761967,83.7051506116994,33.02670140019538,36.58887632363524,30.714750895473788,33.50467770124396,1.0517907461308387,0.9167028695656989,57.32660371214588,34.88673139158576,-0.13508787656513976,0.8715639236586938,0.1676792631296718
TAGLN2,CASC4,88.04135460761967,83.7051506116994,28.581895148160207,21.31181248072376,26.644415499837187,19.3276447003187,1.0517907461308387,1.3784937285022296,61.39693910778248,30.26352288488211,0.32670298237139095,1.31061595053314,0.1676527635429801
TYROBP,S100A10,72.33800065125367,18.926698879407834,43.70726147834581,28.48771460882081,31.243894496906545,10.94890510948905,3.8218063966535802,2.8533484248946577,41.094106154347116,43.19153724960612,-0.9684579717589226,0.7465967997209603,0.1675347876600845
ANXA1,RNF13,83.14881146206447,62.16716356533361,28.647020514490393,24.036187930502724,25.219798111364376,15.256502518762208,1.337482188526961,1.6529440568894875,57.929013350700096,30.33091834736636,0.31546186836252654,1.2358624818099158,0.16742768515495815
VIM,HEXA,89.62064474112667,80.15832219594942,31.089221751872355,30.574689009972243,29.428524910452623,24.889482882697646,1.118031468904503,1.1823203691604371,60.192119830674045,32.83676991552367,0.06428890025593414,1.0575018700671523,0.16739829459041505
CD99,AKR1C3,89.77531748616086,78.35920633288784,33.70237707587105,38.07957232445769,31.602084011722567,32.51773414207875,1.145674848082707,0.9718116293718195,58.17323347443829,35.201305767138194,-0.1738632187108875,0.848243837244181,0.1673133679001466
VIM,EVI2B,89.62064474112667,80.15832219594942,30.61706284597851,28.31294335355197,29.09475740801042,23.8922586614578,1.118031468904503,1.2176973354807878,60.525887333116245,32.46434735216641,0.09966586657628485,1.0891440619949113,0.1673050300896463
VIM,TMEM87A,89.62064474112667,80.15832219594942,31.78931943992185,32.75418936979541,29.843699120807553,26.32877557314691,1.118031468904503,1.1334581655623532,59.77694562031911,33.30002725043146,0.015426696657850236,1.0137980880564712,0.16727147108504983
TAGLN2,ADAM10,88.04135460761967,83.7051506116994,29.770433083686097,22.792227819471574,27.092152393357214,20.592166135499127,1.0517907461308387,1.3155894637617154,60.949202214262456,30.77207582061951,0.2637987176308767,1.2508091258658605,0.16705031498464135
CD63,CD55,69.96906545099316,68.3149994859669,30.454249430153045,43.57972653438881,25.13025073266037,32.497172817929474,1.0241973472900125,0.7732819587566423,44.838814718332785,35.91623036649215,-0.25091538853337025,0.7550126553273323,0.16703538240579224
TAGLN2,HEBP1,88.04135460761967,83.7051506116994,32.473135786388795,39.621671635653335,31.219472484532726,37.051506116993934,1.0517907461308387,0.842573843344272,56.82188212308694,35.460009246417016,-0.20921690278656668,0.8010850508466625,0.1668392010927568
TAGLN2,EDEM3,88.04135460761967,83.7051506116994,26.685118853793554,18.248175182481752,25.20351676978183,16.562146602241185,1.0517907461308387,1.5216623613276177,62.83783783783784,28.626907073509017,0.469871615196779,1.446734882318815,0.166628116127384
CD99,ITGA5,89.77531748616086,78.35920633288784,27.39335721263432,18.392104451526677,26.050146532074244,16.531304616017273,1.145674848082707,1.5757117435905237,63.725170954086614,29.017047515415307,0.43003689550781665,1.3753568442455428,0.16658708235246736
TAGLN2,ADAM28,88.04135460761967,83.7051506116994,30.682188212308695,25.81474246941503,27.62129599478997,22.16510743291868,1.0517907461308387,1.2461049409951808,60.42005861282969,31.373092926490987,0.1943141948643421,1.1847460586425145,0.16658117437567205
VIM,HEBP1,89.62064474112667,80.15832219594942,32.473135786388795,39.621671635653335,31.040377727124714,31.592474555361367,1.118031468904503,0.9824933206612821,58.580267014001954,34.63529839222454,-0.13553814824322086,0.8787707215647274,0.16639958454896167
CYBA,ICAM2,80.75545424943016,58.918474349748124,27.67014001953761,25.78390048319112,25.38261152718984,16.335972036599156,1.3706071742945782,1.5536913125838772,55.37284272224032,31.43145161290322,0.18308413828929893,1.1335788559428257,0.16631146497898103
CYBA,TMEM87A,80.75545424943016,58.918474349748124,31.78931943992185,32.75418936979541,27.458482578964507,21.188444535828108,1.3706071742945782,1.295856648461757,53.29697167046565,34.002016129032256,-0.07475052583282116,0.9454617433537851,0.1662725543535202
CD99,EVI2B,89.77531748616086,78.35920633288784,30.61706284597851,28.31294335355197,29.16802344513188,23.8922586614578,1.145674848082707,1.2207637249657703,60.60729404102898,32.490025389916575,0.07508887688306332,1.0655411760227824,0.16620457079373605
CYBA,CD59,80.75545424943016,58.918474349748124,30.169325952458482,30.3176724581063,26.685118853793554,19.265960727870876,1.3706071742945782,1.385019631829728,54.070335395636604,33.04435483870968,0.014412457535149859,1.0105153816538044,0.1659423970703059
CYBA,PRKCSH,80.75545424943016,58.918474349748124,32.57896450667535,37.956204379562045,28.647020514490393,25.08481546211576,1.3706071742945782,1.141960904470206,52.108433734939766,35.47379032258064,-0.2286462698243723,0.8331788464903873,0.1659366381216846
VIM,PRKCSH,89.62064474112667,80.15832219594942,32.57896450667535,37.956204379562045,30.877564311299253,31.31489667934615,1.118031468904503,0.9860028798620992,58.743080429827415,34.45362884912345,-0.13202858904240378,0.8819097738172152,0.165666714793497
ANXA1,CD302,83.14881146206447,62.16716356533361,30.576359492022142,30.97563483088311,27.0351676978183,19.37904801069189,1.337482188526961,1.3950000373014098,56.11364376424618,32.51419620129234,0.057517848774448765,1.0430045717751173,0.1654468734451841
CD99,ABCC1,89.77531748616086,78.35920633288784,29.22500814067079,20.83890202529043,27.10843373493976,19.122031458825948,1.145674848082707,1.4175803555679591,62.6668837512211,30.195865070729056,0.2719055074852521,1.2373321784451212,0.1645746007279079
CYBA,HEBP1,80.75545424943016,58.918474349748124,32.473135786388795,39.621671635653335,28.671442526864215,25.86614577978822,1.3706071742945782,1.1084115259932228,52.08401172256595,35.50403225806452,-0.26219564830135544,0.8087010974269109,0.16441037887525478
TAGLN2,P2RX1,88.04135460761967,83.7051506116994,30.560078150439598,26.822247352729516,28.05275154672745,24.324046468592577,1.0517907461308387,1.1532455480793395,59.98860306089222,31.863153028201573,0.10145480194850087,1.0964591125389882,0.1643885052384329
ANXA1,CD59,83.14881146206447,62.16716356533361,30.169325952458482,30.3176724581063,27.507326603712144,20.910866659812893,1.337482188526961,1.3153931713123435,55.64148485835233,33.0820442529861,-0.022089017214617535,0.9834846270072984,0.1643057704041996
CD99,CASC4,89.77531748616086,78.35920633288784,28.581895148160207,21.31181248072376,26.888635623575382,18.803330934512182,1.145674848082707,1.429917167338606,62.886681862585476,29.95103373231774,0.28424231925589893,1.248100339927668,0.16396728462438362
CD99,ITPR1,89.77531748616086,78.35920633288784,33.02670140019538,36.58887632363524,31.227613155323997,33.01120592166136,1.145674848082707,0.9459414263144901,58.547704330836865,34.7841857091041,-0.19973342176821696,0.825663082241465,0.16393425745710966
CD99,ADAM10,89.77531748616086,78.35920633288784,29.770433083686097,22.792227819471574,27.613155323998697,20.479078852678114,1.145674848082707,1.3482934085670188,62.16216216216216,30.758070366340224,0.20261856048431182,1.1768552053171064,0.16392127985591673
VIM,RNF13,89.62064474112667,80.15832219594942,28.647020514490393,24.036187930502724,26.53044610875936,18.51547239642233,1.118031468904503,1.4328024010602287,63.090198632367304,29.603052048324095,0.3147709321557257,1.2815403151971674,0.16375380684940677
CD99,P2RX1,89.77531748616086,78.35920633288784,30.560078150439598,26.822247352729516,28.78541191794204,23.75861005448751,1.145674848082707,1.2115271190027506,60.989905568218816,32.063837504533915,0.06585227092004353,1.0574790229795545,0.1636118010686718
TAGLN2,TMEM87A,88.04135460761967,83.7051506116994,31.78931943992185,32.75418936979541,29.371540214913708,29.824200678523695,1.0517907461308387,0.9847893575470003,58.66981439270596,33.36107258437355,-0.06700138858383842,0.9362977960869949,0.16345529349267585
TAGLN2,PRKCSH,88.04135460761967,83.7051506116994,32.57896450667535,37.956204379562045,30.380983393031585,35.05705767451424,1.0517907461308387,0.8665906045079419,57.66037121458808,34.50762829403606,-0.18520014162289677,0.8239192136799247,0.1632781343890355
ANXA1,PRKCSH,83.14881146206447,62.16716356533361,32.57896450667535,37.956204379562045,28.541191794203844,24.44741441348823,1.337482188526961,1.1674046141191725,54.60761966786063,34.32543567652242,-0.17007757440778848,0.8728375032828634,0.16312329966222266
TAGLN2,EVI2B,88.04135460761967,83.7051506116994,30.61706284597851,28.31294335355197,28.12601758384891,25.13621877248895,1.0517907461308387,1.118899343575392,59.91533702377076,31.946370781322237,0.06710859744455333,1.0638041337513395,0.16308728377883883
TAGLN2,KIDINS220,88.04135460761967,83.7051506116994,28.573754477368936,21.486583735992596,26.033865190491696,19.348206024467977,1.0517907461308387,1.3454745976434719,62.00748941712797,29.570041608876558,0.2936838515126332,1.2792226995654705,0.16253440062001448
TYROBP,ADAM17,72.33800065125367,18.926698879407834,35.875936177141,31.06816078955485,25.879192445457505,7.412357355813715,3.8218063966535802,3.490886949509116,46.45880820579616,35.77537699752419,-0.3309194471444643,0.9134128177099129,0.16233091263039773
TAGLN2,HEXA,88.04135460761967,83.7051506116994,31.089221751872355,30.574689009972243,28.801693259524583,28.086768787909943,1.0517907461308387,1.0254176284704373,59.23966134809508,32.71382339343504,-0.0263731176604014,0.9749255089404251,0.1622504610841551
EMP3,CSF3R,70.35981764897427,68.28415749974299,33.28720286551612,54.38470237483294,25.4558775643113,38.83006065590624,1.030382300124871,0.6555545260502547,44.90394008466297,36.17956727987968,-0.3748277740746164,0.6362245605061428,0.16215644769566756
CD99,CD59,89.77531748616086,78.35920633288784,30.169325952458482,30.3176724581063,28.972647346141322,25.00257016551866,1.145674848082707,1.15874041804223,60.802670140019536,32.272397533550965,0.013065569959523016,1.0114042566103187,0.16201526616573098
CD99,HEXA,89.77531748616086,78.35920633288784,31.089221751872355,30.574689009972243,29.485509605991535,26.791405366505604,1.145674848082707,1.100517448980251,60.28980788016932,32.8436706565107,-0.045157399102456086,0.9605844545003085,0.1619604833274307
TAGLN2,CD34,88.04135460761967,83.7051506116994,35.509605991533704,54.96041945101265,32.0172582220775,49.58363318597718,1.0517907461308387,0.6457092886417111,56.024096385542165,36.36615811373093,-0.4060814574891276,0.613914213465981,0.16152671769419827
CD99,TMEM87A,89.77531748616086,78.35920633288784,31.78931943992185,32.75418936979541,30.030934549006837,29.12511565744834,1.145674848082707,1.0310655530658484,59.74438293715402,33.45121508886471,-0.11460929501685868,0.8999635060430471,0.1615256106934806
VIM,CD302,89.62064474112667,80.15832219594942,30.576359492022142,30.97563483088311,28.43536307391729,24.221239847846203,1.118031468904503,1.1739361534084434,61.18528166720938,31.72858570260696,0.05590468450394037,1.0500027826217793,0.1614381627382318
CD99,HEBP1,89.77531748616086,78.35920633288784,32.473135786388795,39.621671635653335,31.35786388798437,35.704739385216406,1.145674848082707,0.878230346938783,58.41745359817649,34.92927094668117,-0.26744450114392404,0.7665616020186758,0.16127412967620963
TAGLN2,CD59,88.04135460761967,83.7051506116994,30.169325952458482,30.3176724581063,28.410941061543472,27.05870258044618,1.0517907461308387,1.0499354520649358,59.6304135460762,32.26999537679149,-0.0018552940659029016,0.998236061618979,0.16125721218066233
VIM,CD59,89.62064474112667,80.15832219594942,30.169325952458482,30.3176724581063,28.6144578313253,25.023131489667936,1.118031468904503,1.1434745634684564,61.00618690980137,31.928422200018165,0.02544309456395344,1.0227570468914293,0.16091426572828846
CD99,EDEM3,89.77531748616086,78.35920633288784,26.685118853793554,18.248175182481752,25.30934549006838,16.387375346972345,1.145674848082707,1.5443474386095344,64.46597199609248,28.191875226695686,0.39867259052682735,1.3479805733660017,0.1608930056598198
CD99,PRKCSH,89.77531748616086,78.35920633288784,32.57896450667535,37.956204379562045,30.942689677629435,33.957026832528015,1.145674848082707,0.9112039939844143,58.83262780853143,34.46681175190424,-0.2344708540982927,0.7953425839009376,0.16061051605460655
TAGLN2,RNF13,88.04135460761967,83.7051506116994,28.647020514490393,24.036187930502724,26.685118853793554,21.846406908604916,1.0517907461308387,1.2214318598736418,61.35623575382611,30.30975496994915,0.1696411137428031,1.16128789340166,0.16003083053688588
CD99,KIDINS220,89.77531748616086,78.35920633288784,28.573754477368936,21.486583735992596,26.554868121133183,19.173434769199137,1.145674848082707,1.3849100868302833,63.220449365027676,29.57925281102648,0.23923523874757624,1.208815999712255,0.1598580259925112
ANXA1,TFRC,83.14881146206447,62.16716356533361,29.363399544122437,28.52883725711936,26.188537935525886,18.957540865631746,1.337482188526961,1.3813583081702643,56.960273526538586,31.495985901703545,0.04387611964330329,1.0328050122982395,0.15967373549068287
CD63,CSF3R,69.96906545099316,68.3149994859669,33.28720286551612,54.38470237483294,25.17909475740801,40.680579829341006,1.0241973472900125,0.6189310951795424,44.78997069358515,35.98603839441536,-0.4052662521104702,0.6043084341286478,0.15966687936655327
CYBA,ATP6AP1,80.75545424943016,58.918474349748124,30.30771735591013,33.874781535930914,27.132855747313577,22.576333915904183,1.3706071742945782,1.2017741265810105,53.62259850211658,33.59879032258064,-0.16883304771356777,0.8768187917880538,0.1595522992272248
TAGLN2,MFNG,88.04135460761967,83.7051506116994,30.42168674698795,32.7233473835715,28.874959296646043,30.050375244165725,1.0517907461308387,0.96085317434023,59.16639531097363,32.79704114655571,-0.09093757179060868,0.9135402435083828,0.1594383271432481
ANXA1,GRN,83.14881146206447,62.16716356533361,28.313253012048193,27.562455022103425,25.65939433409313,17.99115863061581,1.337482188526961,1.4261431805314677,57.48941712797134,30.859604464460546,0.08866099200450672,1.0662894749291232,0.15873107192252806
CYBA,CD302,80.75545424943016,58.918474349748124,30.576359492022142,30.97563483088311,26.204819277108435,20.458517528528837,1.3706071742945782,1.2808131589891267,54.550634972321724,32.449596774193544,-0.0897940153054515,0.9344859584937847,0.15775828310569515
VIM,ICAM2,89.62064474112667,80.15832219594942,27.67014001953761,25.78390048319112,26.67697818300228,20.6949727562455,1.118031468904503,1.2889936847714427,62.94366655812439,29.76655463711509,0.17096221586693972,1.1529135991444464,0.15738088397892241
ANXA1,B3GNT2,83.14881146206447,62.16716356533361,29.892543145555194,32.73362804564614,26.47346141322045,20.355710907782463,1.337482188526961,1.3004783303720997,56.675350048844024,31.838652829449778,-0.03700385815486129,0.9723331955578297,0.1573430712395058
CYBA,B3GNT2,80.75545424943016,58.918474349748124,29.892543145555194,32.73362804564614,26.310647997394984,20.96226997018608,1.3706071742945782,1.255083201943873,54.44480625203518,32.58064516129032,-0.11552397235070533,0.9157132878644364,0.1571270271889163
ANXA1,ATP6AP1,83.14881146206447,62.16716356533361,30.30771735591013,33.874781535930914,27.002605014653206,21.94921352935129,1.337482188526961,1.2301750494839596,56.14620644741127,32.475034266692774,-0.10730713904300138,0.9197692949009031,0.15700981438131378
TAGLN2,CD302,88.04135460761967,83.7051506116994,30.576359492022142,30.97563483088311,28.36209703679583,29.25876426441863,1.0517907461308387,0.9693207635061363,59.679257570823836,32.214516874711045,-0.0824699826247024,0.9215908839965745,0.15694908524232015
CYBA,GRN,80.75545424943016,58.918474349748124,28.313253012048193,27.562455022103425,25.38261152718984,18.741646962064358,1.3706071742945782,1.3542703748603362,55.37284272224032,31.43145161290322,-0.016336799434242044,0.9880806114686724,0.15634041809280397
CYBA,TFRC,80.75545424943016,58.918474349748124,29.363399544122437,28.52883725711936,25.195376098990558,18.29957849285494,1.3706071742945782,1.3767529867335908,55.5600781504396,31.19959677419355,0.006145812439012577,1.0044840072008054,0.15630527449291837
VIM,TFRC,89.62064474112667,80.15832219594942,29.363399544122437,28.52883725711936,27.69456203191143,24.036187930502724,1.118031468904503,1.152154824099352,61.92608270921524,30.90198928149696,0.03412335519484899,1.0305209255230396,0.15621611416722722
CD99,DMTF1,89.77531748616086,78.35920633288784,26.465320742429178,18.81361159658682,25.113969391077823,17.065899043898426,1.145674848082707,1.4715016082582557,64.66134809508304,27.97424737033007,0.3258267601755487,1.2843972360227873,0.15616257486042776
TAGLN2,B3GNT2,88.04135460761967,83.7051506116994,29.892543145555194,32.73362804564614,28.45978508629111,30.27654980980775,1.0517907461308387,0.9399632818727024,59.58156952132856,32.32547387887193,-0.11182746425813628,0.8936789806627321,0.15603599618145286
VIM,RCN1,89.62064474112667,80.15832219594942,30.649625529143602,34.52246324663308,28.53305112341257,27.439087077207773,1.118031468904503,1.0398309248483628,61.0875936177141,31.837587428467618,-0.07820054405614019,0.9300551494022216,0.15527790993953108
VIM,GRN,89.62064474112667,80.15832219594942,28.313253012048193,27.562455022103425,27.116574405731033,22.67914053665056,1.118031468904503,1.1956087468643017,62.50407033539564,30.257062403488057,0.07757727795979874,1.069387383197552,0.15516417591543022
VIM,ATP6AP1,89.62064474112667,80.15832219594942,30.30771735591013,33.874781535930914,28.565613806577662,27.6652616428498,1.118031468904503,1.0325071805991648,61.05503093454901,31.87392133708784,-0.0855242883053382,0.9235045786420139,0.15509339227017224
CD99,RNF13,89.77531748616086,78.35920633288784,28.647020514490393,24.036187930502724,26.7014001953761,20.972550632260717,1.145674848082707,1.273098707202443,63.07391729078476,29.742473703300686,0.12742385911973586,1.111221660607266,0.15508356147249022
VIM,MFNG,89.62064474112667,80.15832219594942,30.42168674698795,32.7233473835715,28.264408987300552,26.524108152565024,1.118031468904503,1.0655718658989646,61.35623575382611,31.537832682350803,-0.052459603005538424,0.9530785988904761,0.15506618326147711
CD99,ICAM2,89.77531748616086,78.35920633288784,27.67014001953761,25.78390048319112,26.725822207749918,21.04451526678318,1.145674848082707,1.2699058145624094,63.049495278410944,29.76967718534639,0.12423096647970233,1.1084347506516385,0.15505993425071707
VIM,B3GNT2,89.62064474112667,80.15832219594942,29.892543145555194,32.73362804564614,28.248127645718007,26.5446694767143,1.118031468904503,1.0641331788786526,61.37251709540866,31.519665728040696,-0.05389829002585045,0.9517917951999487,0.15490341413891093
TAGLN2,RCN1,88.04135460761967,83.7051506116994,30.649625529143602,34.52246324663308,28.647020514490393,31.993420376272233,1.0517907461308387,0.89537551165439,59.394334093129274,32.53814147018031,-0.15641523447644867,0.8512867364047038,0.1548699456270791
ANXA1,RCN1,83.14881146206447,62.16716356533361,30.649625529143602,34.52246324663308,26.7014001953761,21.85668757067955,1.337482188526961,1.2216022444750296,56.44741126668838,32.11278637164676,-0.11587994405193136,0.9133596357050885,0.15476993465563718
ANXA1,MFNG,83.14881146206447,62.16716356533361,30.42168674698795,32.7233473835715,26.408336046890263,21.054795928857818,1.337482188526961,1.2542074465442825,56.74047541517421,31.760328960250632,-0.08327474198267848,0.9377376815205343,0.15463790770211927
TAGLN2,MYL6B,88.04135460761967,83.7051506116994,27.81667209378053,25.578287241698366,26.538586779550634,23.676364757890408,1.0517907461308387,1.1208420806503279,61.50276782806903,30.14331946370781,0.0690513345194892,1.065651209400258,0.15416916404451356
VIM,CSF3R,89.62064474112667,80.15832219594942,33.28720286551612,54.38470237483294,31.170628459785085,43.61056852061273,1.118031468904503,0.7147330288075396,58.45001628134158,34.78063402670542,-0.40329844009696336,0.6392780960878202,0.15373824812867895
TAGLN2,GRN,88.04135460761967,83.7051506116994,28.313253012048193,27.562455022103425,26.880494952784108,25.04369281381721,1.0517907461308387,1.0733010443615456,61.16085965483556,30.531668978270922,0.021510298230706937,1.0204511194929557,0.15373385980288995
CYBA,MFNG,80.75545424943016,58.918474349748124,30.42168674698795,32.7233473835715,26.21295994789971,21.86696823275419,1.3706071742945782,1.198692062696411,54.54249430153045,32.45967741935484,-0.1719151115981672,0.8745701067217541,0.15370263151686583
TAGLN2,ATP6AP1,88.04135460761967,83.7051506116994,30.30771735591013,33.874781535930914,28.394659719960924,31.58219389328673,1.0517907461308387,0.8990433271537001,59.64669488765874,32.251502542764676,-0.15274741897713862,0.8547739466818456,0.1536201417649665
CD63,GYPC,69.96906545099316,68.3149994859669,31.773038098339303,64.7064870977691,25.05698469553891,49.02847743394675,1.0241973472900125,0.5110595912284821,44.91208075545424,35.811518324607334,-0.5131377560615304,0.4989854666004813,0.15340070381996018
TAGLN2,CSF3R,88.04135460761967,83.7051506116994,33.28720286551612,54.38470237483294,30.75545424943015,49.3163359720366,1.0517907461308387,0.6236235928653727,57.285900358189515,34.932963476652795,-0.42816715326546595,0.5929160293142534,0.15325645971999072
CYBA,RCN1,80.75545424943016,58.918474349748124,30.649625529143602,34.52246324663308,26.416476717681537,22.823069805695486,1.3706071742945782,1.1573955452541425,54.338977531748625,32.711693548387096,-0.21321162904043578,0.8444400167756518,0.15289788628991366
CD99,CD302,89.77531748616086,78.35920633288784,30.576359492022142,30.97563483088311,28.630739172907848,28.497995270895444,1.145674848082707,1.0046227560221026,61.14457831325301,31.891548784911137,-0.14105209206060443,0.8768829635243753,0.15240513932152547
CYBA,CSF3R,80.75545424943016,58.918474349748124,33.28720286551612,54.38470237483294,28.964506675350048,35.118741646962064,1.3706071742945782,0.824735755932178,51.79094757408011,35.86693548387097,-0.5458714183624003,0.6017302195697696,0.1520411065012348
VIM,MYL6B,89.62064474112667,80.15832219594942,27.81667209378053,25.578287241698366,26.416476717681537,21.846406908604916,1.118031468904503,1.2091355659822962,63.204168023445135,29.475883368153326,0.09110409707779321,1.0814861652928796,0.15193462169465627
TAGLN2,TFRC,88.04135460761967,83.7051506116994,29.363399544122437,28.52883725711936,26.83165092803647,25.753058496967206,1.0517907461308387,1.0418416550228835,61.2097036795832,30.476190476190478,-0.009949091107955166,0.9905408075279667,0.15188349782555458
TAGLN2,ICAM2,88.04135460761967,83.7051506116994,27.67014001953761,25.78390048319112,26.058287202865515,23.090367019636066,1.0517907461308387,1.1284861212723563,61.98306740475415,29.597780859916785,0.07669537514151759,1.072918853321017,0.15182367305665978
CD99,MFNG,89.77531748616086,78.35920633288784,30.42168674698795,32.7233473835715,28.60631716053403,28.765292484836024,1.145674848082707,0.9944387924030764,61.169000325626826,31.864345302865438,-0.1512360556796306,0.8679939112456515,0.15175992373034566
TYROBP,RPN2,72.33800065125367,18.926698879407834,40.638228590035816,51.45471368356122,29.32269619016607,10.475994654055722,3.8218063966535802,2.7987697959562325,43.015304461087595,40.535674094080576,-1.0230366006973477,0.732315953630427,0.15152654043553548
CD99,TFRC,89.77531748616086,78.35920633288784,29.363399544122437,28.52883725711936,27.629436665581245,25.1773414207875,1.145674848082707,1.0973493529152836,62.14588082057961,30.77620602103736,-0.04832549516742346,0.9578191881856388,0.15146475534681567
TAGLN2,FDX1,88.04135460761967,83.7051506116994,27.46662324975578,25.85586511771358,26.416476717681537,24.457695075562867,1.0517907461308387,1.08004440286247,61.62487788993813,30.004623208506704,0.028253656731631382,1.0268624313681847,0.15143579887911507
TYROBP,RPN1,72.33800065125367,18.926698879407834,37.14588082057961,40.629176518967824,28.044610875936176,9.437647784517322,3.8218063966535802,2.9712530349886697,44.29338977531749,38.768849876209764,-0.8505533616649106,0.7774472923563932,0.1513165812978033
TAGLN2,EZR,88.04135460761967,83.7051506116994,29.648323021817,33.453274390870774,28.012048192771083,31.47938727254035,1.0517907461308387,0.8898253998674717,60.029306414848584,31.816920943134537,-0.161965346263367,0.8460099151288605,0.1509863374025043
CD99,MYL6B,89.77531748616086,78.35920633288784,27.81667209378053,25.578287241698366,26.595571475089546,22.257633391590417,1.145674848082707,1.1948429630517063,63.179746011071316,29.624591947769314,0.04916811496899931,1.0429162908230747,0.1505813654872965
CD99,ATP6AP1,89.77531748616086,78.35920633288784,30.30771735591013,33.874781535930914,28.834255942689676,30.533566361673692,1.145674848082707,0.9443152262637596,60.94106154347118,32.11824446862532,-0.2013596218189474,0.8242436567793001,0.15052324125217925
VIM,FDX1,89.62064474112667,80.15832219594942,27.46662324975578,25.85586511771358,26.22110061869098,21.887529556903466,1.118031468904503,1.1979379679445417,63.399544122435685,29.25787991643201,0.07990649904003866,1.071470706561001,0.15028472453416203
CD99,CSF3R,89.77531748616086,78.35920633288784,33.28720286551612,54.38470237483294,31.439270595897103,48.596689626811965,1.145674848082707,0.6469293260095982,58.33604689026376,35.01994922016685,-0.49874552207310885,0.5646709684621583,0.15016246999717878
ANXA1,EZR,83.14881146206447,62.16716356533361,29.648323021817,33.453274390870774,26.21295994789971,22.062300812172303,1.337482188526961,1.1880797062531114,56.93585151416477,31.52535735265322,-0.14940248227384956,0.8882957219502158,0.1501566626495736
CD99,GRN,89.77531748616086,78.35920633288784,28.313253012048193,27.562455022103425,27.16541843047867,24.35488845481649,1.145674848082707,1.1153532124633532,62.60989905568219,30.25933986216902,-0.03032163561935386,0.9735338209876063,0.14978061752987742
CD99,RCN1,89.77531748616086,78.35920633288784,30.649625529143602,34.52246324663308,28.834255942689676,31.06816078955485,1.145674848082707,0.9280667777928354,60.94106154347118,32.11824446862532,-0.2176080702898716,0.8100612310255044,0.14971081882863305
CD99,CD34,89.77531748616086,78.35920633288784,35.509605991533704,54.96041945101265,31.30901986323673,48.1957438059011,1.145674848082707,0.6496086123437104,58.46629762292413,34.87486398258977,-0.49606623573899666,0.5670095781807848,0.149571008125999
ANXA1,CSF3R,83.14881146206447,62.16716356533361,33.28720286551612,54.38470237483294,28.81797460110713,33.42243240464686,1.337482188526961,0.8622087119065776,54.33083686095734,34.65831212061876,-0.47527347662038344,0.6446506123989382,0.14952788677207463
CD99,B3GNT2,89.77531748616086,78.35920633288784,29.892543145555194,32.73362804564614,28.443503744708565,29.454096843836744,1.145674848082707,0.965656432756226,61.331813741452294,31.682988755894087,-0.180018415326481,0.8428712861875751,0.1494140230131464
TAGLN2,NR1H2,88.04135460761967,83.7051506116994,29.591338326278084,37.80199444844248,28.35395636600456,35.03649635036496,1.0517907461308387,0.8092460740480167,59.68739824161511,32.205270457697644,-0.24254467208282193,0.769398358965358,0.14889911868434713
VIM,NR1H2,89.62064474112667,80.15832219594942,29.591338326278084,37.80199444844248,28.524910452621295,31.325177341420787,1.118031468904503,0.9105774426841561,61.09573428850537,31.828503951312566,-0.20745402622034692,0.8144470598635121,0.14876981844554552
ANXA1,NR1H2,83.14881146206447,62.16716356533361,29.591338326278084,37.80199444844248,26.725822207749918,24.52965971008533,1.337482188526961,1.0894864844080034,56.42298925431456,32.14215782259643,-0.24799570411895755,0.8145801818923001,0.14831100390703428
CYBA,CD34,80.75545424943016,58.918474349748124,35.509605991533704,54.96041945101265,28.419081732334746,35.31407422638018,1.3706071742945782,0.8047294917224282,52.33637251709541,35.19153225806452,-0.56587768257215,0.5871335761368717,0.14766377716171508
CYBA,NR1H2,80.75545424943016,58.918474349748124,29.591338326278084,37.80199444844248,26.253663301856072,24.735272951578082,1.3706071742945782,1.0613427234267798,54.50179094757409,32.51008064516129,-0.3092644508677984,0.7743595271730792,0.14708718068241652
ANXA1,CD34,83.14881146206447,62.16716356533361,35.509605991533704,54.96041945101265,28.630739172907848,34.779479798499025,1.337482188526961,0.8231841348589857,54.51807228915662,34.43313099667124,-0.5142980536679753,0.6154729699732311,0.14645075229995747
ANXA1,CD55,83.14881146206447,62.16716356533361,30.454249430153045,43.57972653438881,27.377075871051776,28.17929474658168,1.337482188526961,0.9714971442721572,55.7717355910127,32.925396514587824,-0.3659850442548038,0.726362678027225,0.14632773036019892
TAGLN2,CD55,88.04135460761967,83.7051506116994,30.454249430153045,43.57972653438881,28.6144578313253,39.837565539220726,1.0517907461308387,0.7182602446655518,59.42689677629437,32.501155802126675,-0.33353050146528684,0.6828927211118504,0.145829253937369
VIM,CD55,89.62064474112667,80.15832219594942,30.454249430153045,43.57972653438881,28.89124063822859,35.77670401973887,1.118031468904503,0.8075208130261529,60.72940410289807,32.23726042329004,-0.31051065587835014,0.7222702003346987,0.1456607693225327
TAGLN2,IL1B,88.04135460761967,83.7051506116994,26.717681536958647,25.454919296802714,25.008140670791274,22.401562660635346,1.0517907461308387,1.1163071408225238,63.03321393682839,28.404993065187238,0.06451639469168513,1.0613395724663084,0.14525078506052047
CD99,FDX1,89.77531748616086,78.35920633288784,27.46662324975578,25.85586511771358,26.147834581569523,23.439909530173743,1.145674848082707,1.1154786697978316,63.62748290459133,29.125861443598115,-0.03019617828487542,0.9736433261711132,0.14411949830374685
CD99,NR1H2,89.77531748616086,78.35920633288784,29.591338326278084,37.80199444844248,28.402800390752198,33.71029094273671,1.145674848082707,0.8425307840924361,61.37251709540866,31.637649619151254,-0.30314406399027094,0.7354013099811136,0.14303104489624272
VIM,EZR,89.62064474112667,80.15832219594942,29.648323021817,33.453274390870774,27.328231846304135,29.454096843836744,1.118031468904503,0.927792972170192,62.29241289482253,30.493232809519483,-0.19023849673431104,0.8298451322477397,0.14295423921088188
VIM,CD34,89.62064474112667,80.15832219594942,35.509605991533704,54.96041945101265,29.672745034190818,44.55638943147939,1.118031468904503,0.6659444238720883,59.94789970693585,33.10927423017531,-0.4520870450324147,0.5956401428705851,0.1429420188992558
TYROBP,HEBP1,72.33800065125367,18.926698879407834,32.473135786388795,39.621671635653335,26.229241289482253,8.604914156471677,3.8218063966535802,3.0478158174233907,46.10875936177141,36.259284267386896,-0.7739905792301895,0.7974804323139171,0.14259689237542506
TAGLN2,GYPC,88.04135460761967,83.7051506116994,31.773038098339303,64.7064870977691,29.82741777922501,59.45306877762928,1.0517907461308387,0.5016884191860077,58.21393682839466,33.878871937124366,-0.550102326944831,0.47698500964335316,0.1418892433383803
CD99,EZR,89.77531748616086,78.35920633288784,29.648323021817,33.453274390870774,27.580592640833604,30.28683047188239,1.145674848082707,0.9106163172181632,62.19472484532726,30.721799056945954,-0.23505853086454387,0.7948296314107658,0.14185606874150258
CD99,CD55,89.77531748616086,78.35920633288784,30.454249430153045,43.57972653438881,28.907521979811136,38.593605428189576,1.145674848082707,0.7490042107982539,60.86779550634972,32.19985491476242,-0.3966706372844532,0.6537668275180488,0.14116574270958948
CYBA,CD55,80.75545424943016,58.918474349748124,30.454249430153045,43.57972653438881,26.237381960273527,27.953120180939653,1.3706071742945782,0.9385872919786374,54.518072289156635,32.48991935483871,-0.4320198823159408,0.6847967160698016,0.14084860265839647
ANXA1,GINM1,83.14881146206447,62.16716356533361,27.808531422989255,35.519687467872934,25.138391403451646,22.51464994345636,1.337482188526961,1.1164852654301247,58.01042005861282,30.23301351086744,-0.22099692309683627,0.8347664552152042,0.14011522139949542
TAGLN2,SORL1,88.04135460761967,83.7051506116994,30.72289156626506,41.49275213323738,27.287528492347768,36.85617353757582,1.0517907461308387,0.7403586838944171,60.7538261152719,30.99398982894128,-0.3114320622364216,0.7039030212215989,0.13939834603288534
TAGLN2,ATP2B4,88.04135460761967,83.7051506116994,28.19928362097037,34.02899146705048,26.326929338977532,31.417703300092526,1.0517907461308387,0.8379381251835432,61.71442526864213,29.902912621359224,-0.2138526209472955,0.7966775979594966,0.13882193205943133
TAGLN2,GINM1,88.04135460761967,83.7051506116994,27.808531422989255,35.519687467872934,26.47346141322045,33.03176724581063,1.0517907461308387,0.8014303257193186,61.56789319439922,30.069348127600552,-0.25036042041152007,0.7619674623184256,0.1378287196174268
VIM,ATP2B4,89.62064474112667,80.15832219594942,28.19928362097037,34.02899146705048,25.928036470205146,26.51382749049039,1.118031468904503,0.9778693253616039,63.692608270921525,28.930874738850033,-0.14016214354289913,0.8746348851162157,0.1376462665171052
VIM,GINM1,89.62064474112667,80.15832219594942,27.808531422989255,35.519687467872934,26.44903940084663,29.09427367122443,1.118031468904503,0.9090493425055851,63.17160534028004,29.51221727677355,-0.2089821263989179,0.8130802824327584,0.13711198006392183
VIM,GYPC,89.62064474112667,80.15832219594942,31.773038098339303,64.7064870977691,29.338977531748615,52.53418320139817,1.118031468904503,0.5584634095454679,60.28166720937806,32.736851666818055,-0.5595680593590351,0.49950598447168504,0.13570585536613852
CD99,GYPC,89.77531748616086,78.35920633288784,31.773038098339303,64.7064870977691,30.030934549006837,58.50724786676262,1.145674848082707,0.5132769420372066,59.74438293715402,33.45121508886471,-0.6323979060455004,0.4480127523932103,0.1356361801420485
VIM,TOR1AIP1,89.62064474112667,80.15832219594942,26.92933897753175,30.27654980980775,25.20351676978183,24.807237586100545,1.118031468904503,1.0159333843167784,64.41712797134484,28.122445272050143,-0.10209808458772462,0.9086804911781554,0.13550732213086444
TAGLN2,TOR1AIP1,88.04135460761967,83.7051506116994,26.92933897753175,30.27654980980775,25.138391403451646,28.22041739488023,1.0517907461308387,0.8907558061917935,62.90296320416802,28.552935737401757,-0.16103493993904516,0.8468945077417395,0.13471293169005655
CYBA,SORL1,80.75545424943016,58.918474349748124,30.72289156626506,41.49275213323738,25.089547378704005,26.32877557314691,1.3706071742945782,0.9528963628650226,55.665906870726154,31.068548387096772,-0.4177108114295557,0.6952366664470858,0.13445720136400607
CD99,SORL1,89.77531748616086,78.35920633288784,30.72289156626506,41.49275213323738,27.531748616085967,36.28045646139611,1.145674848082707,0.7588380208876142,62.243568870074895,30.667392092854556,-0.3868368271950928,0.6623502489886495,0.1339951191045181
TAGLN2,SLC3A2,88.04135460761967,83.7051506116994,29.47736893520026,50.899557931530794,27.613155323998697,46.65364449470546,1.0517907461308387,0.5918629457595018,60.42819928362097,31.36384650947758,-0.45992780037133685,0.5627192936777144,0.13382284252882104
ANXA1,SORL1,83.14881146206447,62.16716356533361,30.72289156626506,41.49275213323738,25.43145555193748,26.657756759535314,1.337482188526961,0.953962549016512,57.717355910127,30.585470922263557,-0.383519639510449,0.7132525256782378,0.13375137263579534
VIM,SORL1,89.62064474112667,80.15832219594942,30.72289156626506,41.49275213323738,26.823510257245196,33.586922997841064,1.118031468904503,0.7986058042043664,62.79713448388147,29.930057225906076,-0.31942566470013656,0.7142963560648932,0.13367900289452359
CYBA,SLC3A2,80.75545424943016,58.918474349748124,29.47736893520026,50.899557931530794,26.21295994789971,33.083170556183816,1.3706071742945782,0.7923112324482986,54.54249430153045,32.45967741935484,-0.5782959418462796,0.5780731688173776,0.1333835900044602
ANXA1,GYPC,83.14881146206447,62.16716356533361,31.773038098339303,64.7064870977691,27.4910452621296,39.68335560810116,1.337482188526961,0.6927426397851748,55.65776619993487,33.06246328568631,-0.6447395487417862,0.5179453197415126,0.13307533899134227
TAGLN2,CHST11,88.04135460761967,83.7051506116994,27.425919895799414,33.843939549707,25.447736893520027,31.222370720674412,1.0517907461308387,0.815022091022028,62.593617714099636,28.904299583911236,-0.23676865510881062,0.7748899617345012,0.13268306516411568
CD99,GINM1,89.77531748616086,78.35920633288784,27.808531422989255,35.519687467872934,26.61999348746337,32.18875295569035,1.145674848082707,0.8269710402594941,63.15532399869749,29.65179542981502,-0.31870380782321295,0.721820018693292,0.13232378675791445
VIM,SLC3A2,89.62064474112667,80.15832219594942,29.47736893520026,50.899557931530794,27.751546727450343,41.98622391281999,1.118031468904503,0.6609521692854037,61.86909801367632,30.965573621582344,-0.4570792996190993,0.5911749245600699,0.13197390312695675
ANXA1,SLC3A2,83.14881146206447,62.16716356533361,29.47736893520026,50.899557931530794,26.19667860631716,31.839210445152666,1.337482188526961,0.8227545685177884,56.95213285574731,31.505776385353435,-0.5147276200091726,0.6151517945999199,0.1317925009263086
CD99,TOR1AIP1,89.77531748616086,78.35920633288784,26.92933897753175,30.27654980980775,25.56170628459785,27.397964428909223,1.145674848082707,0.9329442487113548,64.21361120156301,28.47297787450127,-0.2127305993713522,0.8143185217626467,0.13172835940393873
TYROBP,NOP56,72.33800065125367,18.926698879407834,35.517746662324974,39.200164490593195,25.048844024747638,8.389020252904286,3.8218063966535802,2.9855522715903744,47.28915662650603,34.6275039387801,-0.8362541250632058,0.7811887787420524,0.1313248134407402
VIM,CHST11,89.62064474112667,80.15832219594942,27.425919895799414,33.843939549707,25.187235428199283,27.377403104759946,1.118031468904503,0.919967294360579,64.43340931292738,28.104278317740032,-0.198064174543924,0.8228456174511831,0.130618182861504
CD99,ATP2B4,89.77531748616086,78.35920633288784,28.19928362097037,34.02899146705048,26.22110061869098,31.39714197594325,1.145674848082707,0.8351163148055437,63.554216867469876,29.20747188973522,-0.3105585332771633,0.7289296052916893,0.13050943278481797
TYROBP,PRKCSH,72.33800065125367,18.926698879407834,32.57896450667535,37.956204379562045,25.048844024747638,8.481546211576026,3.8218063966535802,2.952986450054795,47.28915662650603,34.6275039387801,-0.8688199465987854,0.7726677239957694,0.12969652236396123
CD99,SLC3A2,89.77531748616086,78.35920633288784,29.47736893520026,50.899557931530794,28.003907521979812,45.32743908707721,1.145674848082707,0.6177999526562897,61.771409964181046,31.193326079071454,-0.5278748954264173,0.5392454531843666,0.12957288562403643
CYBA,GYPC,80.75545424943016,58.918474349748124,31.773038098339303,64.7064870977691,26.7014001953761,42.448853706178674,1.3706071742945782,0.6290104173313005,54.05405405405406,33.064516129032256,-0.7415967569632778,0.4589282977123175,0.12824274279699738
CD99,CHST11,89.77531748616086,78.35920633288784,27.425919895799414,33.843939549707,25.65939433409313,30.27654980980775,1.145674848082707,0.8474726156930086,64.11592315206772,28.581791802684076,-0.29820223238969845,0.7397147778108758,0.12799884739393552
TAGLN2,MDK,88.04135460761967,83.7051506116994,27.653858677955064,46.41718926698879,26.131553239986975,41.84229464377506,1.0517907461308387,0.6245099355214017,61.909801367632696,29.680998613037445,-0.427280810609437,0.593758727977737,0.12704095253471537
TYROBP,PTBP1,72.33800065125367,18.926698879407834,33.83262780853142,36.93841883417292,25.341908173233474,8.97501799115863,3.8218063966535802,2.823290706212402,46.99609247802019,35.032635606572136,-0.9985156904411783,0.7387320060703518,0.12523739351080176
VIM,MDK,89.62064474112667,80.15832219594942,27.653858677955064,46.41718926698879,25.683816346466948,35.756142695589595,1.118031468904503,0.7182849190473733,63.93682839465972,28.65837042419838,-0.39974654985712965,0.6424550104579623,0.12330452462813546
CD99,MDK,89.77531748616086,78.35920633288784,27.653858677955064,46.41718926698879,26.050146532074244,39.37493574586203,1.145674848082707,0.6615753007168045,63.725170954086614,29.017047515415307,-0.48409954736590255,0.5774546781959596,0.1208802602087814
TYROBP,LMNA,72.33800065125367,18.926698879407834,37.86225985021166,41.34882286419246,28.296971670465645,13.354580034954251,3.8218063966535802,2.1187377557849794,44.04102898078802,39.117713256808464,-1.7030686408686009,0.5543812364854933,0.11043513424061227
TYROBP,ITM2A,72.33800065125367,18.926698879407834,37.7889938130902,45.923717487406186,25.43145555193748,10.537678626503547,3.8218063966535802,2.4131541015000053,46.90654509931619,35.156425838397475,-1.408652295153575,0.6314171496528427,0.10534951443430864
