baseMean,log2FoldChange,lfcSE,stat,pvalue,padj,gene
112.89478747970304,2.859521712498867,0.2969680137803195,9.629056261305578,6.028054634255407e-22,1.2313808604125233e-18,LGALS1
54.889780294218745,2.2772501870710298,0.2468565205326241,9.224995078750908,2.835739230000945e-20,3.8618042080562867e-17,TYROBP
91.16867384929088,2.719377056054263,0.3254229861661021,8.35643814867534,6.464029989136458e-17,6.60219863015425e-14,CRIP1
46.67691590607859,1.0854843960690723,0.1366529423258203,7.9433664405188,1.9676654558691274e-15,1.4616176763551493e-12,PYCARD
54.74607801110366,0.9270204025633796,0.1180907442460326,7.850068254561987,4.158109104995971e-15,2.831325791410173e-12,CAP1
229.71481455819273,0.9663272333716272,0.1252410950733407,7.715736059364136,1.2028600674837661e-14,7.0204068652927505e-12,TAGLN2
95.74281167800176,1.0048043108597091,0.1321421172009706,7.603967093485683,2.8718830624421725e-14,1.5287499085198308e-11,MYL12A
11.121296186596194,2.3035874473382223,0.3146388156060976,7.321370832459934,2.454505129366617e-13,1.114208967336368e-10,CRIP2
59.901258144693145,2.846723367731691,0.3977057167251138,7.157863837545209,8.194388384975315e-13,3.3478173746816646e-10,CFD
181.51036738523223,1.387620002162624,0.1985923369996857,6.9872786791608155,2.802691957514006e-12,1.0409452720384975e-09,S100A4
23.252931584377837,0.8292416594408021,0.1210010944880233,6.853174865479254,7.222870367906422e-12,2.3607229510465342e-09,NUDT5
74.33578954104719,1.1794422152508757,0.1732172360138874,6.809034957446818,9.825560462644938e-12,3.0878713284719918e-09,DBI
156.96367984201822,1.7486611445288711,0.2587198450858882,6.758898390451501,1.3904486060107491e-11,4.057626985612082e-09,S100A10
310.3547261697959,1.0030548228849157,0.150263713616364,6.675296375582727,2.467330257634418e-11,6.749617181513885e-09,SH3BGRL3
11.013210187030502,1.016072562123724,0.1522284655809439,6.674655480800671,2.478136280080976e-11,6.749617181513885e-09,COMMD8
162.40100759722367,0.7211764630389259,0.109617567038634,6.579022710700665,4.735504450701122e-11,1.1055373390479676e-08,ARPC3
124.78737741331598,0.7387822388404843,0.1139543665187249,6.483141115255885,8.983240291485988e-11,1.6311568093718222e-08,RHOA
43.19150609095719,1.4733741078832965,0.2279147581207983,6.464584040241857,1.0157783255184802e-10,1.8043314560459783e-08,S100A11
69.79065101897034,0.4854716757468365,0.0757894949530793,6.405527257404052,1.4985060972828165e-10,2.5172610365082765e-08,ACTR2
151.11415591280957,0.5339693303908537,0.0848771534307467,6.2910843355100505,3.1525599139197476e-10,4.860295671063824e-08,ARPC2
4.563996265024423,0.98422076324543,0.1567769596723682,6.277840604271508,3.4330759638431526e-10,5.1795888012238395e-08,C19orf12
39.654373896167115,0.7705399952041092,0.1227865871686892,6.275441096391987,3.4864445486147485e-10,5.1795888012238395e-08,HSBP1
21.56971176658141,0.8860280281832825,0.1413497476974441,6.268338236300253,3.649214473977107e-10,5.3245949047976693e-08,TWF2
48.931588569554336,0.5879118036782167,0.0941670638542661,6.243284855818325,4.2847553526350445e-10,5.8351226643968256e-08,ANP32A
42.83547679587189,1.253031709814096,0.2017415747271094,6.211073307567067,5.262391499905003e-10,7.049016548479312e-08,PLP2
34.60143791328844,0.6348177605739693,0.1027540004834679,6.178034505587013,6.490453149590244e-10,8.418014711952682e-08,TMEM50A
112.31491178306432,1.069565931840157,0.1755734689362194,6.09184256778966,1.116184264685735e-09,1.3818699434465368e-07,S100A6
35.02283748942033,1.0072781872823422,0.1659265128920734,6.070628314460658,1.2741076691781427e-09,1.5538408604260605e-07,UCP2
34.70048045223734,0.5491492649078428,0.0905168831458426,6.066815889175525,1.304709742203763e-09,1.56776225052161e-07,DENR
184.80506899465524,0.5781042108946598,0.0955912769278122,6.047666999272614,1.4695830734534667e-09,1.740284535244678e-07,TPM3
28.43380505587744,0.8104748558123276,0.1342719747947886,6.03606863644478,1.579141071027753e-09,1.817346717094052e-07,VDAC1
22.84143268853757,0.745607811624472,0.1243936053359912,5.993940039044293,2.0481691792205635e-09,2.2946180038590586e-07,TBCB
33.79048260741156,0.7338001211946334,0.1224266654847699,5.993793249934747,2.050019756231933e-09,2.2946180038590586e-07,SPI1
24.502767903092412,0.7680903731009889,0.1292802067404421,5.941283607653071,2.827988628959331e-09,3.08099934496356e-07,NUTF2
16.822654139529835,0.8351707206650768,0.1426665085096921,5.854006868110457,4.798687924666162e-09,4.901259879055901e-07,OSTF1
86.9510484186747,0.5256781387855116,0.090340729591494,5.818838758138683,5.925786254621538e-09,5.977728331668221e-07,YWHAB
25.788420556715007,0.8878376443730172,0.1541727495904414,5.75871966175313,8.475432344978593e-09,8.244375915573819e-07,PPP1R18
202.75755332257188,0.6242021431070751,0.1095232842375495,5.6992642929992625,1.203255618929165e-08,1.1566825485023774e-06,CFL1
71.2657948474192,0.8241530490392752,0.1447659583725018,5.69300309482027,1.2482412349878446e-08,1.185974317568102e-06,ARPC1B
187.9717583542836,0.5776352658714402,0.1017093975556075,5.679271333365533,1.352697538945564e-08,1.2560104080368417e-06,MYL6
31.37446832861066,1.6667207798617374,0.2944770796541129,5.659933811553129,1.51431388129076e-08,1.3880892968750554e-06,ANXA2
27.71841459622988,0.862448743037621,0.1525356746513008,5.654078922908975,1.566842079269218e-08,1.4068864428251407e-06,ETFB
37.11824658499193,0.750930247257341,0.1338401632558334,5.610649516482953,2.0156863200221138e-08,1.7337024127263884e-06,RBX1
10.321999971343358,0.7938908008917969,0.1421181290846576,5.586133211892256,2.321811647536472e-08,1.9558271105175785e-06,ELOVL1
21.82913203309862,0.575524177721472,0.103145055372349,5.579755380845502,2.4085707285421033e-08,2.008207288052809e-06,RAB10
13.560545195812091,0.7511528309062804,0.1348567223805968,5.570006579177815,2.547297163735584e-08,2.102420719685198e-06,NIPSNAP3A
27.240221996887385,0.6869630688317606,0.1238639499908074,5.546109815509223,2.92095410049326e-08,2.3630807876366763e-06,GTF3C6
21.04771740843709,0.8993656605739139,0.1626594807054958,5.529131512489372,3.2182002539889964e-08,2.5780308113082435e-06,PTRHD1
8.076601807940099,0.7763919988808776,0.1405453194752619,5.524139841722259,3.311036745165595e-08,2.6013924273796227e-06,ORMDL2
17.730539169955968,0.7999538492628047,0.1451252880122017,5.512160287292913,3.544558867277592e-08,2.7228062733176253e-06,LAMTOR2
4.88683486430491,1.127091706257992,0.2045122136410335,5.511121737874785,3.5655399736260674e-08,2.7228062733176253e-06,DUSP14
10.077087927008469,0.6416730327166918,0.1164964972025338,5.5080886389323584,3.62750752158737e-08,2.7444781443417033e-06,VTA1
4.069353039278454,1.4880631981815615,0.2722796437661862,5.465201796206995,4.623804893541461e-08,3.373313373672078e-06,TST
20.407675596353197,0.65226423297228,0.1195064534927273,5.457983346581144,4.8157281275403074e-08,3.45169425702911e-06,CAPN1
62.81621210340403,0.6707438096091091,0.1232212890832277,5.443408477540488,5.22705955241245e-08,3.713939443718446e-06,GNG5
20.47094900764738,0.5951859882180786,0.1094809794307411,5.436432806071119,5.4357824782572595e-08,3.828946433606902e-06,FNTA
43.88723004372712,0.682845718216427,0.1260350791586494,5.417902085473203,6.030242313490112e-08,4.211376918250232e-06,ABRACL
30.697278035091475,0.7015329972291442,0.1302332338032126,5.386743281589607,7.174579521757764e-08,4.689879141782614e-06,RHOG
25.10020665899049,0.8009998614586519,0.1487643611617101,5.384353182466516,7.270562034542173e-08,4.7149017765273085e-06,NDUFAB1
56.14661286356784,0.4450293461485491,0.0831442439735973,5.352497357362095,8.674857048252839e-08,5.55964496695301e-06,PAK2
27.663716982589214,0.7657396897116565,0.1430812797981265,5.3517811050616775,8.709271273650536e-08,5.55964496695301e-06,NDUFA12
61.05744118621629,0.5579544151206552,0.1044414210501163,5.342271385343564,9.178909620593264e-08,5.812307944224025e-06,PSMB1
53.09496929937176,0.6943219577759097,0.1300003137556881,5.340925246386414,9.247338547902625e-08,5.812307944224025e-06,GNAI2
39.23402698061341,0.72121989508357,0.1355280757216226,5.321553421631767,1.0288488789551981e-07,6.340322701423499e-06,PPP1CA
20.47282525398026,0.9275536149584976,0.1743578669437725,5.319826579764352,1.0386621031122766e-07,6.340322701423499e-06,RGS19
35.6891876929481,0.8064127912829301,0.1515918640545554,5.319631078569726,1.0397787810436285e-07,6.340322701423499e-06,TRAPPC1
65.19971199209374,0.9509072509519334,0.1798124669823596,5.288327705582402,1.234396835592238e-07,7.362231053740274e-06,CORO1A
80.5094395394857,0.7015692022634935,0.1338512222916338,5.241410502288284,1.5935376274985285e-07,9.23460705978048e-06,RAC2
8.571639598095526,0.7144577751264077,0.1372413366591224,5.2058497280667355,1.931108760821407e-07,1.0882130817014976e-05,AIDA
9.264774746416998,0.9336657239020496,0.1796828194247727,5.19618807680689,2.034164642201138e-07,1.123051303474696e-05,DENND6B
17.828491197323004,0.6478598495445409,0.12478594196988,5.191769515999783,2.083047735459265e-07,1.1423210098280305e-05,TXNL4A
30.958687921239022,0.5834257704541623,0.1129518283262077,5.165261856312887,2.401025478794813e-07,1.2992568998167165e-05,LYPLA1
18.115597286629257,0.7256296608673546,0.1407306114990115,5.156160789313783,2.520644724045197e-07,1.3461560810570783e-05,FIBP
49.913784418804056,0.738054146750103,0.1434391698619216,5.1454156313130754,2.669291484672532e-07,1.4162844624194323e-05,C1QBP
19.02187595999785,0.6024046088266496,0.117173461768397,5.141135200198759,2.730834505799881e-07,1.439590241734892e-05,SPAG7
35.17805294573513,0.5140249718364582,0.1000721077400081,5.136545871222363,2.798340702095232e-07,1.4657206331294964e-05,CAPZA1
27.53383431781589,0.6910201614415716,0.135180256482055,5.111842360894643,3.1903200339991753e-07,1.6395034589815886e-05,CAPNS1
112.86367834015314,0.4306375958368398,0.0843983824808647,5.102438970728807,3.353038922192111e-07,1.7017193188342693e-05,CDC42
18.95026816095969,0.8727137243488313,0.1717338556486452,5.08178029924594,3.7391373961452426e-07,1.862956808774559e-05,ETHE1
59.03191177073188,0.7079792194948638,0.1395608532988535,5.07290692740899,3.917841496982755e-07,1.9284748717979573e-05,COX5A
17.9298781380756,0.7961371807682862,0.1569893576627037,5.071281216901407,3.951463571753506e-07,1.9333777751375983e-05,PGAM1
43.596576672653555,0.7048283215455041,0.1394996149939689,5.052546715458508,4.359576809082724e-07,2.1078166927227775e-05,HIGD2A
35.43216011261538,0.6301063616214612,0.1248729556917613,5.045979396666375,4.512040315174176e-07,2.153434133060942e-05,MGST3
106.55771569013709,0.59465008390899,0.1183443904325654,5.0247424633770965,5.041085517139621e-07,2.31720552577941e-05,VAMP8
14.283365994347754,0.6693326594731442,0.1332142135793882,5.024483810612743,5.047883779081324e-07,2.31720552577941e-05,IKBIP
26.5784338827367,0.6270207981823815,0.1249524763257946,5.018074204047946,5.219201902999505e-07,2.3824636172854163e-05,PSMA5
23.60599504008405,0.6703922606879801,0.1336391007781738,5.016437979485938,5.263825782976975e-07,2.389484470705826e-05,MDH1
3.627370530029256,1.6160219712813644,0.3223289437386581,5.013580079211325,5.342651706407162e-07,2.4118677951962945e-05,ACOT7
119.88807437340544,0.5972042341053653,0.1192226111187968,5.009152446009538,5.467025719611205e-07,2.441041921035145e-05,TALDO1
3.6541719880422745,0.9354114966319882,0.1868723842870118,5.005616534518643,5.568351232708655e-07,2.4727716262207835e-05,CARD6
24.889105496188037,0.5323604493799466,0.1067714637737107,4.985980622202769,6.164832351916746e-07,2.7082174810490176e-05,ADH5
27.461038744614495,0.635914232454899,0.127611949594029,4.983187189584739,6.254538998363176e-07,2.723100774187131e-05,TMOD3
6.534565337373113,0.7646970152413762,0.1534973209699236,4.98182646061433,6.298691057659622e-07,2.723100774187131e-05,TMEM216
50.49684693475635,0.6378164106366995,0.1283283828852778,4.970189729632066,6.688741720308686e-07,2.852170070456634e-05,COMT
13.655488357898616,0.6862235240887833,0.1385680307207075,4.95224995635472,7.336028849692055e-07,3.042894467415011e-05,RALB
49.756413565272986,0.6115592442351652,0.1234913793009021,4.952242396977563,7.336313916053815e-07,3.042894467415011e-05,CAPZB
24.611931974895786,0.644723822190976,0.1303385787835241,4.946531013367736,7.554769597406258e-07,3.089362505879157e-05,TNFRSF1A
26.17897446988244,0.787942999182509,0.1593303026559305,4.945343014153752,7.600990390569261e-07,3.089934949320469e-05,RALA
15.461705199727415,0.8358219991049809,0.1692892122427662,4.937243123952782,7.923466875643567e-07,3.193124842199183e-05,PFKP
14.93327825065774,0.9884434224941174,0.2002109880335482,4.937008863511973,7.932986696443938e-07,3.193124842199183e-05,SMYD3
1069.3833267282157,0.9358546820359888,0.1910732738383891,4.897883744994813,9.687431792322767e-07,3.842524523061618e-05,VIM
32.08821458374563,0.604793949574668,0.1239335743657152,4.879984723025766,1.0609405852319911e-06,4.143708361636379e-05,DYNLRB1
224.34808363295025,0.7374654831759433,0.1511684807321537,4.878434178898799,1.069313356924722e-06,4.143708361636379e-05,PFN1
257.42443359675445,0.7989333241069625,0.1637728369344469,4.878301793274486,1.0700311642458402e-06,4.143708361636379e-05,CD99
10.901128719029558,1.3158775221132166,0.2704588773376769,4.865351564963793,1.1425353205125486e-06,4.403611369767941e-05,TUBB6
141.00928511057393,0.7418570978774741,0.152838436184354,4.8538647502428285,1.2107832875806658e-06,4.630545690906541e-05,TXN
10.863883449636104,0.5863390943363691,0.1208708436900542,4.850955585615853,1.2286806062579545e-06,4.669557783131975e-05,MTCH2
518.9943280230976,0.5889406792380036,0.1216159933373007,4.842625242591101,1.2813481929168285e-06,4.847174113112687e-05,TMSB10
41.63024517735646,0.6373580405995618,0.1318809582593809,4.832828400791705,1.3460680759165685e-06,5.04528543500655e-05,PSMA4
43.507955087095006,0.7422518059505832,0.1536251640423808,4.831576978793765,1.354558252076296e-06,5.053924875669139e-05,POMP
210.65387816704464,0.5949328959270251,0.1232723136015497,4.826168005980751,1.391851073181611e-06,5.1532867283782694e-05,CLIC1
638.0837771780282,0.6336635033976098,0.1313050372092678,4.825888761508111,1.3938029212723014e-06,5.1532867283782694e-05,ACTG1
42.95829754465441,1.42946773433587,0.2966087286236297,4.81937177293841,1.440109759273889e-06,5.276742978935851e-05,PDLIM1
8.440681595747225,0.6662831982486367,0.1383383683374834,4.8163297446389235,1.462228147288482e-06,5.3270015416054545e-05,RRAGC
9.659170536667594,0.6665476085525238,0.1387094681894699,4.805350472846267,1.5448065569463042e-06,5.5081900993918223e-05,SMIM12
32.06088123078888,0.4816510331226226,0.1004091512286059,4.796883822133167,1.6115300516498386e-06,5.700351537675684e-05,ANXA11
3.4528390581461457,0.932920450647007,0.1951476261933216,4.780588259489336,1.74783004097749e-06,6.129407409797026e-05,TRIM21
5.784238688051815,0.8221872550873702,0.172631513741018,4.762671874156281,1.9104635506423257e-06,6.642722413744018e-05,GEMIN7
16.367286645685784,0.8065250022564997,0.1694492547763207,4.7596845635062985,1.938957500563375e-06,6.713229549620058e-05,MPST
40.06120171320492,0.4934150708053864,0.1037952317725242,4.753735430609625,1.996923207503016e-06,6.884750855910187e-05,CMTM6
35.948254943380235,0.5992698546333292,0.1264137759694858,4.740542318568057,2.1314692566725472e-06,7.214205850580674e-05,PTPN6
82.4111659055367,0.5618495897542733,0.1186353041465627,4.735939219746605,2.180429327437136e-06,7.295763994135863e-05,PSMA7
14.171887431193944,0.855120350597792,0.180585100392632,4.735276325336757,2.187568447635891e-06,7.295763994135863e-05,IL3RA
22.606631915837543,0.6664453351948555,0.1410321156529411,4.725486334154395,2.295652735283816e-06,7.597244793925299e-05,SDHC
29.56505230587102,0.5644197773667273,0.1195731124396584,4.720290087385297,2.355085355588878e-06,7.718260710406341e-05,SNX2
33.92976461956384,0.5448448240728492,0.115455217424426,4.719100931315556,2.368892711384661e-06,7.718260710406341e-05,BAX
72.77930275674976,0.7025190547900028,0.1488726450856514,4.718926397699321,2.370925759774803e-06,7.718260710406341e-05,HMGN3
31.052389306432076,0.4273474394191542,0.0909836151428744,4.696971413458094,2.64047389246706e-06,8.427856318495448e-05,GNB1
29.71715164730484,0.484896152415127,0.1033063646513433,4.693768424158964,2.68217648902441e-06,8.494598485200951e-05,HDGF
5.295125992563136,1.1915896502688137,0.2540110972561696,4.691092881926723,2.7174956217723373e-06,8.540252586731449e-05,TNFAIP8L2
31.257766702139634,0.4207672485438005,0.0900863942084012,4.670708071303413,3.001632655713712e-06,9.278265063432808e-05,SNX6
17.213783057230707,0.6957980567583061,0.1491599972667943,4.664776545374762,3.0895258217008823e-06,9.48885260704558e-05,ORAI1
46.66117659379098,0.8631813582825438,0.1850716499279879,4.664038812094726,3.100628620831195e-06,9.48885260704558e-05,TIMP1
18.35820149005359,0.6900887585405782,0.1486736147945007,4.641635703110003,3.4566189077909265e-06,0.0001046075299835,CMTM3
54.431709801284825,0.6213920502485771,0.1340139992323773,4.636769694269751,3.5389634907242634e-06,0.0001059378480922,ARPC5
25.349149837155434,0.4549357287547723,0.0983418860574788,4.62606267779806,3.72682559642178e-06,0.0001099346279724,VPS4B
48.708816128833426,0.5246582561007671,0.1135467654582014,4.620635858569682,3.825657272828338e-06,0.0001124440488355,COX8A
64.183337369838,0.4544830853442229,0.0986509583725424,4.606980944147821,4.085574264286665e-06,0.0001188015206885,SEC61B
11.205605357097124,0.6076386849339582,0.1319633798048007,4.604600805411113,4.132578041473855e-06,0.0001193190642292,TXNDC9
74.25196629024205,1.0204599533673988,0.22251927724445,4.585939546470689,4.519493703345992e-06,0.0001289102223709,HCST
26.436063004001692,1.3298756658738349,0.2904564627118267,4.578571443918109,4.681622643383372e-06,0.0001319087538589,CD9
55.27877348419534,0.5019521563739615,0.1099203229236645,4.566509113356117,4.95913487618251e-06,0.0001382415453428,PRR13
48.25958949615964,0.5416245938363479,0.1186243862093903,4.565878999620676,4.974056337141887e-06,0.0001382415453428,NEDD8
6.105401713834536,1.0658680886104837,0.2337322099950592,4.560210544507385,5.1102357951443405e-06,0.0001410666779801,ARHGAP18
103.23979269775371,0.4096949893740488,0.089892966068996,4.557586731086315,5.174472530518948e-06,0.0001423589732217,SUB1
11.606647785766308,1.0070973776549592,0.2212531289210603,4.5517881829109665,5.319187419458946e-06,0.0001453614729244,GLIPR2
43.51815943669451,0.6199914242165994,0.1363275656426746,4.547806757157582,5.420787435479857e-06,0.000147644180451,SNRPF
7.0291364208846545,0.6929394640900404,0.1527903313234833,4.535231111077104,5.75404428078657e-06,0.0001551692931297,CTNNBIP1
25.749604988132596,0.6398711828190857,0.1412348040055149,4.530548877981237,5.883064142986419e-06,0.0001581267010274,PSMB2
41.38425419402017,0.622663654637202,0.1375080676349733,4.5281972566883475,5.948903547550094e-06,0.0001593721012689,PGLS
15.737703273035397,0.5905633011529025,0.1306861877781201,4.5189419876227825,6.214941938280781e-06,0.0001649982252207,ITPA
33.13976797920077,0.595885053991935,0.1318683627446581,4.5187870812180355,6.219490070737926e-06,0.0001649982252207,PSMB3
44.22431288521373,0.5207960102265095,0.1152900355715245,4.517268189265273,6.264254565857248e-06,0.0001651136259923,SEC11A
30.6475601864566,0.4347375309782976,0.0963588413771021,4.511651704869969,6.432475178257722e-06,0.0001679206985617,SMC3
2.98502481869101,1.284638048110723,0.284754053140991,4.511395128323798,6.440262284000346e-06,0.0001679206985617,CALHM2
21.429517227148615,0.5337772601282533,0.1183285121240094,4.5109775365792615,6.452955494845877e-06,0.0001679206985617,CDC123
20.456291238838617,0.5617531840826666,0.124905863539107,4.497412436580978,6.878547503575492e-06,0.0001784273385768,BTK
21.23395700499005,0.5108753398403162,0.1136515190378641,4.495103489730857,6.953611958979649e-06,0.0001792364773401,ACADM
2.7364748818558535,1.1024837967780383,0.2458992717307671,4.483477275138651,7.343642651535021e-06,0.000188694666999,KIAA1522
29.75921765108029,0.6565884279370552,0.1464836626664842,4.482332131686137,7.383171584108708e-06,0.0001891156583503,YWHAH
14.20453679619785,0.7818289790200035,0.1745400417215446,4.479367435166007,7.486456720138373e-06,0.0001905664730848,FHL3
40.493978611103486,0.6659118915730449,0.1489844273856412,4.469674470401889,7.833873491398611e-06,0.0001975635194389,MPG
27.07066064823537,0.5997760392848976,0.134384184018037,4.463144555793826,8.076552536331515e-06,0.0002018150176586,FDFT1
22.75958342961529,0.70871560924883,0.1589738680804782,4.458063566082779,8.2703379255963e-06,0.0002054010066566,GRHPR
8.41186636316173,0.6072326361598996,0.136387245046126,4.452268509086272,8.496782153555375e-06,0.0002103854756869,TOR1A
17.768166331507064,0.7462153323171025,0.16769958159413,4.449714932045019,8.598434213560705e-06,0.0002122592325045,CAMK1D
26.050751686451953,0.6859390950769969,0.155266077846236,4.4178297319798325,9.969690827423352e-06,0.0002424474516395,SLC9A3R1
43.963811228244296,0.5256429523702636,0.1191693783932044,4.410889437015288,1.0294687619696603e-05,0.0002488695045578,AP2M1
47.34165762969598,0.5077401487798853,0.1152355156763093,4.406108184616462,1.052444144307172e-05,0.000253673188883,HNRNPF
46.170721245734946,0.5145713547324692,0.1169018009239333,4.401740184202078,1.073861036335898e-05,0.0002567686962977,CLTA
14.590057683170585,0.664650048217408,0.1512224632520106,4.39518067570276,1.1068065667050095e-05,0.0002613790883394,ITGB1BP1
71.71535758154035,0.5961548274702227,0.1358754665649801,4.387508963475181,1.14656269954838e-05,0.0002699874299138,COX7A2
12.349312367459389,0.6294003855482836,0.1434802985575151,4.386667660131636,1.1510044996940303e-05,0.0002702545335344,PACSIN2
5.026389631136884,0.8201419167880051,0.1870421317893858,4.384797740177093,1.1609359521341871e-05,0.0002710669010595,C1orf50
26.954111061085165,0.4941327733633872,0.1130660517963421,4.370301832537971,1.2407491152738788e-05,0.0002851912475019,PLIN3
21.221468332051597,0.6876422208576126,0.1573944263983528,4.368910873103249,1.2486771048441712e-05,0.0002857966561255,DYNLT1
26.186468956506616,0.489107728816971,0.1119876750244413,4.367513913564353,1.2566879313733673e-05,0.0002868267342807,PSMD7
6.583205286715357,0.7985690471737694,0.1832177923659502,4.358578044531542,1.3091023866269482e-05,0.0002951818831411,RPP25L
13.572568093636306,0.6545882337168513,0.1503901711498775,4.352599832235674,1.345325773246444e-05,0.0003011686820053,ILK
15.601854092225254,0.6269147089211466,0.1440862426999913,4.350968539213525,1.35537500578434e-05,0.0003025893216465,TXNDC17
2.5226567373750304,1.216163118334216,0.2806867396227069,4.332812871633894,1.4721623384409794e-05,0.0003268760453098,FSD1L
51.730836168310546,0.4060731567621961,0.093866259437343,4.326082228015651,1.5178478098532744e-05,0.000336106624778,ACTR3
2.4207615237721,1.0187557836004866,0.2361431583710929,4.314144820573366,1.602218958947338e-05,0.0003491128296948,WSB2
34.58882372173379,0.3664329251424112,0.0850065631040967,4.310642752297693,1.6278070423190085e-05,0.0003537449825209,SH3GLB1
10.817470045952035,0.9103927618513245,0.2114409472317027,4.305659683096724,1.6648884176065402e-05,0.0003598889751392,TEX30
34.38497683011607,0.7464358508055704,0.1740832060245272,4.287810799511599,1.8044268392648437e-05,0.0003862265048446,DSTN
18.22829820914189,0.7137409422011369,0.1665618703149509,4.285140055473248,1.826241027188299e-05,0.0003875900112507,PSMB5
10.631699720090817,0.6146074798056075,0.1438053075260235,4.273885925207496,1.9209534300261985e-05,0.0004034989839779,APOBEC3C
30.95166305876313,0.5716676771291076,0.1343901222930046,4.253792372349559,2.1018019872017752e-05,0.0004381077560567,GHITM
73.63724826809735,0.4336050879182401,0.10197924970497,4.25189525489427,2.119690021752852e-05,0.0004407121416728,MSN
104.2450434319355,0.5947534431697038,0.1403025735805743,4.239077217127046,2.244404549071461e-05,0.0004619402914474,CD63
5.959746850442511,0.6542907034556834,0.1544570279785513,4.236069488185034,2.2746640989797223e-05,0.0004669919686623,CARS
79.1668876201355,0.5413577610567152,0.1281544678426409,4.224259755980109,2.3972742571418147e-05,0.0004845142846454,RAN
29.874075536744876,0.4884572620481502,0.1156444470402686,4.223784838350811,2.402334113955153e-05,0.0004845142846454,TMEM219
22.496737618633983,0.5813348171123655,0.1376673101147196,4.222751331655517,2.4133804167260926e-05,0.0004845142846454,EFHD2
3.682822442998265,0.7625156657800597,0.1806784644029254,4.220290826025604,2.4398735377537167e-05,0.0004886325165927,CPT2
10.581917643868836,0.592617513293794,0.1404456454102305,4.219550642263101,2.4478973383454793e-05,0.0004888077185603,MPC1
2.3552833844218704,1.1943064830901702,0.2838516595240382,4.2075022041188,2.582088856966613e-05,0.0005071694242854,SNAI3
33.83833882297713,0.4359779909952867,0.103700441722413,4.204205727130067,2.620005577803615e-05,0.0005121546788572,PDCD6
13.680856282142988,0.5076033245778444,0.1207828323600567,4.20261153559196,2.6385316778548233e-05,0.0005145451632398,EIF4E2
27.357234374205067,0.611037712361662,0.1455098957473892,4.199286304365491,2.6775759069000503e-05,0.0005184559556807,VDAC3
32.20326158624601,0.4895118781369986,0.1165717259271948,4.1992333410481075,2.6782022148193597e-05,0.0005184559556807,CCT5
24.25201890851178,0.4318429016541656,0.1028628094861581,4.198241364506743,2.6899584211035472e-05,0.0005184559556807,COPB1
48.88102474712285,0.6274194307883328,0.1494532913786629,4.1980971111480505,2.691672091604682e-05,0.0005184559556807,BRK1
4.3329498247542935,0.8221225634922411,0.1960493599099437,4.193446812934698,2.74747518162276e-05,0.0005258604473605,RRP36
13.027679694078728,0.7510568367639141,0.1792842104310628,4.189196778445281,2.7994357162813254e-05,0.0005331978843294,NDUFA8
35.95961894903437,0.4798807663507903,0.1149932555546592,4.173120971626815,3.004553070122127e-05,0.0005709349566504,FERMT3
16.095012859907083,0.434032729934414,0.1040878974342433,4.1698673970104005,3.0477691979743935e-05,0.0005774494671003,PWP1
21.06679227706975,0.60081411436963,0.1443978920414697,4.160823304796456,3.171023613671178e-05,0.0005942760079657,HDAC1
507.908928663588,0.4502492944438602,0.1084261025231629,4.152591340702981,3.287314748203685e-05,0.0006118598817214,H3F3A
137.8280770893482,0.3657072876197091,0.0880806690096625,4.151958559483588,3.296419625268592e-05,0.0006121601081379,SET
12.169100090689303,0.5718833309974004,0.1379049765919049,4.146937587972225,3.369518643251565e-05,0.000624316027982,RFXANK
41.54868105291824,0.4565719267101808,0.1101832266052987,4.143751646933746,3.4166975859156155e-05,0.0006316252482922,LAMTOR5
11.150050928578736,0.4843726732451061,0.1169665551482651,4.141121131857922,3.4561237171080426e-05,0.0006361629542415,SNAP29
2.908560774819267,0.9628596683629886,0.2330385635124755,4.131761086449722,3.5999448705160225e-05,0.0006595325008292,SMYD2
10.400131663089184,0.8650309181656944,0.2094178621094848,4.130645349217878,3.6174628948545415e-05,0.0006612592687663,CFP
22.435035264254676,0.6774610434976378,0.1640382543966685,4.129896687753319,3.6292628621916515e-05,0.0006619354206912,PRDX3
9.778088413669064,0.7101383115742304,0.1720584166034669,4.127309349886934,3.6703250067724094e-05,0.000666446431843,CHP1
24.809953191651967,0.4677000664644435,0.1133323873434449,4.126799738605302,3.678464579136105e-05,0.000666446431843,HEBP2
31.18684504303658,0.395298393219869,0.0958878267757626,4.12250862817331,3.747685689070762e-05,0.0006759898402957,VPS35
63.98764933338009,0.5333384918109023,0.1295544950194748,4.116711594844548,3.843164947225726e-05,0.0006901648523908,GDI2
158.70298380957954,0.6894208569046277,0.1675144018280535,4.115591551419497,3.861876675656773e-05,0.0006904900288138,SLC25A6
67.857810185226,0.5285868045916651,0.1284911919308554,4.113797970495222,3.892020916784994e-05,0.0006943603255687,SNX3
74.50326021898313,0.5665741602106862,0.1377550914929509,4.112909033490632,3.907043689237395e-05,0.0006955218733062,COX6C
61.50421372565479,0.4500392486246882,0.1094962695481663,4.110087498704424,3.955092211426381e-05,0.000700807731129,PCBP1
37.92520516206701,0.3658921917135089,0.0890343532229535,4.109561966461053,3.964103345174254e-05,0.000700807731129,APPL1
26.98862567494657,0.4278818021527796,0.1041288275266836,4.1091579759037655,3.971043685139316e-05,0.000700807731129,GSPT1
6.201419937887763,0.6414420305523076,0.156171744820714,4.107286060539865,4.0033529659456385e-05,0.0007034709050482,EXOSC3
23.003982539115704,0.4559879189451942,0.111238908034367,4.099176511192628,4.146227421773364e-05,0.0007254566223406,EPRS
134.17519374117117,0.528276669874578,0.1289170793139468,4.097802034345549,4.170917497741167e-05,0.0007282172408983,SUMO2
72.27541056831093,0.5125514611142649,0.1250964813165175,4.097249224919555,4.180887035456446e-05,0.0007284014491836,COX5B
19.466838160911347,0.507502984836625,0.1241188042329076,4.088848486521839,4.335198888201201e-05,0.0007536789386274,NDUFS3
59.452192782504056,0.5612976928045804,0.137407852185863,4.084902601092606,4.409530908356903e-05,0.000761739472562,RAC1
15.407532566040022,0.6058293473242012,0.1483766351741029,4.08305085644603,4.444829096624197e-05,0.0007644414740734,ARL2BP
26.90642303561159,0.4912376538067857,0.1206167084627362,4.072716459167433,4.646798046102649e-05,0.0007926719589708,NIFK
21.279002920782965,0.613806784908316,0.1507975345162117,4.070403318446347,4.693181548385833e-05,0.0007972554351738,ECHS1
227.5954717122969,0.6247890415193713,0.1536624543987466,4.065983743160018,4.783027007042418e-05,0.0008072796824678,SERPINB1
27.012568856935147,0.4524932860760381,0.1113568512218823,4.0634525950669165,4.835214577371298e-05,0.0008112636203634,PSMB4
3.157878966448642,2.280949434494993,0.5620570529523624,4.058216906119522,4.944882927100341e-05,0.0008279448773811,IL2RA
11.331372994326356,0.7806136164989772,0.1923762564106905,4.057744084761167,4.9549020320570635e-05,0.0008279448773811,VAT1
18.412427371932676,0.5274620323419201,0.1301584901531439,4.052459672214317,5.068196225541937e-05,0.0008417120194899,ORAI3
10.911234766901403,0.6514206566957063,0.160825994178841,4.050468707013348,5.111514524961778e-05,0.0008471842836402,SLC25A24
22.400745437282097,0.4052016934220436,0.1001135918290952,4.0474193964967995,5.1785405926818085e-05,0.0008565557729312,CSNK2A1
7.002181872265186,0.7031632300061994,0.1738056643555633,4.045686500571704,5.2170012029462736e-05,0.000861174077359,SKA2
4.660976382059053,1.1846189030089636,0.2930227666314035,4.042753799055854,5.28270819359948e-05,0.0008685112404406,STAC3
5.762041201796358,0.77637871254773,0.1921096047562036,4.041332100667179,5.314842750983403e-05,0.0008720397614113,NTAN1
17.839036556055877,0.5016611604757638,0.1245581399911193,4.027526105572312,5.636681057079031e-05,0.0009193078027423,ZMAT2
3.889971101608649,0.8808233194000229,0.2190518667378526,4.021071961254439,5.793390214172179e-05,0.0009395131411631,CRYZ
4.8931082822264305,0.6787340682144335,0.1688199071571519,4.020462276303766,5.808405028055256e-05,0.0009398114353314,FAM122A
9.53552960080833,0.6572190146268941,0.1635834877292298,4.017636643832598,5.878474842564887e-05,0.0009455318491849,SNAPIN
94.74007719028178,0.6370247936745437,0.1587598519571213,4.012505591442569,6.00776555351444e-05,0.000958778365972,SLC25A5
19.953526813079456,0.4639008012322429,0.1158526238275834,4.004232152071402,6.221924158625872e-05,0.0009890922626484,DCTN3
22.782086013469723,0.3561764673487111,0.08896630553788,4.003498461527757,6.241260722600036e-05,0.000990239638143,FYTTD1
15.638321844196598,0.5146649825183517,0.1286357681503702,4.000947713988292,6.308929834788616e-05,0.0009990361565902,COPZ1
27.68467064958577,0.8335064278994189,0.2084720110687365,3.998169459902214,6.383424476091989e-05,0.0010088773964051,CKLF
3.105556029064801,1.616538723123748,0.4044449310616998,3.9969315943216457,6.416883400546893e-05,0.0010122076113102,TRIM47
5.833139142614174,0.6676129419380095,0.1671774703888159,3.993438472213372,6.512198278652919e-05,0.0010241122632619,HMGN4
41.52279904816983,0.7317567569071575,0.183269388859278,3.9927931307122506,6.529953361393619e-05,0.0010241122632619,PPA1
8.633817336264626,0.5139152216403672,0.1287965654124643,3.9901314137887143,6.60366969218165e-05,0.0010317129073578,SNX4
31.87397235308659,0.4707346209379776,0.1180955873615746,3.986047501476274,6.718306752236825e-05,0.0010442662881046,KRAS
12.16843991583793,1.124353255883672,0.2820823508723428,3.985904302082697,6.722360390931943e-05,0.0010442662881046,FCER1G
4.596356190274685,0.7825700233955236,0.1964117649252924,3.984333747488005,6.766971264126844e-05,0.0010492015597567,FBXO45
28.082535282794662,0.5472756882609653,0.1377521227626418,3.972902030729256,7.100225733186408e-05,0.001098786827005,PSMB6
35.920716263738754,0.6006447734233944,0.1515873775256961,3.9623666774074047,7.421044922171395e-05,0.001144101095454,PYURF
23.99331915224769,0.4745055043401752,0.1198353072887697,3.9596469110455823,7.506065830631354e-05,0.0011550294520167,CHMP2A
13.790181963284471,0.5437921258764604,0.1373534838477203,3.959070499291785,7.524202586934175e-05,0.0011556439725157,CHCHD1
7.983781752185557,1.850637155479664,0.4685446995663359,3.9497558230677488,7.823095855352405e-05,0.0011948133875529,CCL5
13.103865173867783,0.5087780275735101,0.1289841272078059,3.9445010683664945,7.996629713337017e-05,0.0012168058971798,PDHA1
73.13209256575085,0.537159857603862,0.1361796726273402,3.9444936769220766,7.996876352779358e-05,0.0012168058971798,APRT
36.25492797752582,0.6427681470323795,0.1629831923322178,3.94376952515563,8.021074912139505e-05,0.0012182193886076,CXXC5
35.96476227913685,0.616084459917771,0.1562691724960944,3.94245678835452,8.065118447843024e-05,0.0012226360452193,GSTO1
24.719777849618023,0.516303737515247,0.1312000925324779,3.935239126355332,8.31139006939892e-05,0.0012504544814981,EIF6
36.909537686231424,0.5673752686675871,0.1441854750324265,3.935037621091775,8.318366499580136e-05,0.0012504544814981,GADD45GIP1
2.380474122930568,2.746384317155829,0.6981852513900457,3.933604027996781,8.368159734192708e-05,0.0012546097832676,TPPP3
13.941500173719614,0.5734609355108227,0.1458446590732307,3.9319981900940206,8.424270015499737e-05,0.0012595736183465,TMBIM1
11.88695785390292,0.6924580510041342,0.1765972036958042,3.9211156038287034,8.813996295366007e-05,0.0013094393405351,PARVB
44.90162617015767,0.5546226601603523,0.1415092073612963,3.9193397412248174,8.87918784000258e-05,0.0013167303782334,ERH
35.48659045083864,0.55760879134353,0.1425154860719579,3.912618949087302,9.130054108010333e-05,0.0013466005797211,PRELID1
29.73010817852542,0.5430751810209442,0.1389578315985852,3.908201321029202,9.298580932784074e-05,0.0013590733754139,TOMM22
7.231059241645773,0.8075642864032768,0.2066549815678647,3.9077900773375536,9.314417944337108e-05,0.0013590733754139,SH3BP1
66.74550837292068,0.4908586103248475,0.1259044360443814,3.8986601723216423,9.672640929369652e-05,0.0013988416655077,PRDX6
28.84560967110643,0.4592872897341671,0.1178266284873018,3.8979922928344215,9.699350264597864e-05,0.0013988416655077,ZCRB1
47.41525154618431,0.5453364622854985,0.1399085647716644,3.8978061362826937,9.706807298284988e-05,0.0013988416655077,PRDX5
40.10349215134966,0.502096733981584,0.128878917980894,3.895879495636506,9.784302981056632e-05,0.0014050534210582,NDUFV2
6.625757832710679,0.7773166686372004,0.1995477733441596,3.895391342185332,9.804030629402008e-05,0.0014054163907516,MSRB1
79.41514113543833,0.4545846942191302,0.116764258402034,3.893183585801896,9.893722160576398e-05,0.001407209267461,SH3BGRL
6.17008823560013,0.6422484950822523,0.164976697144611,3.8929649229144574,9.90264751915421e-05,0.001407209267461,RABIF
3.709365356959315,0.9669341283215565,0.2484590757548286,3.8917239202632135,9.95344679577922e-05,0.0014087103011492,NEK6
9.88034961993393,0.5725262026110728,0.1471519610618835,3.890714051512379,9.9949662663636e-05,0.0014087103011492,N4BP1
19.18594202620626,0.4746310989503464,0.1221086205148261,3.886958160277618,0.0001015082419641,0.0014275797677948,SWAP70
33.29994025731135,0.7417299770667137,0.1909229033321885,3.8849711801007487,0.0001023420279877,0.0014368328362337,PPP1R14B
65.73375932059102,0.4780209640717044,0.1231960772778814,3.88016383828098,0.0001043861258365,0.0014605120448811,GTF3A
14.44604008287842,0.4956987781259298,0.127788270854937,3.8790631942163,0.0001048595136332,0.0014643814690442,TSG101
3.3533286249440732,0.6852495300492396,0.1767599617224426,3.8767236843219774,0.0001058724767605,0.0014712313054605,MFSD5
5.858013870133672,2.0002499404742533,0.5161032431788896,3.8756779131126966,0.0001063282558052,0.0014750563296858,ALOX5AP
58.4998693276035,0.654989269467317,0.1690228446179992,3.875152325992548,0.0001065580212252,0.0014757382905613,CALCOCO2
36.09472973806604,0.3072530037179173,0.0793792499283716,3.8706967374366585,0.0001085247319329,0.0014903455203762,MOB1A
5.480435007951556,0.7070512243411883,0.1827285268212634,3.869408004546509,0.0001090999372069,0.0014943908321245,BTBD10
3.8153086890754584,0.7813993040644361,0.2021555619579756,3.8653366570585592,0.0001109360729357,0.001512349535032,MRGBP
24.02540512771011,0.4324060709208928,0.1119821558681033,3.86138369607919,0.0001127466796296,0.0015309819422734,PPP4C
74.28198564092152,0.6059482700509091,0.1583250322741421,3.827242359260668,0.0001295869076297,0.0017189198413037,TSPO
7.557720636431785,0.5725254090591587,0.1497912002915825,3.822156494805332,0.0001322896873698,0.0017519271239849,UBLCP1
13.799691128383088,0.5483333276017323,0.1435089763400499,3.820899163146672,0.000132966012804,0.0017559274839111,PDHB
18.666838079789763,0.6528090973404059,0.1709429136539489,3.818871946116062,0.0001340633289816,0.0017668249372727,SDHD
27.18987489791696,0.4550632361349717,0.1192323515509733,3.8166087493495944,0.0001352984567914,0.0017802313855763,MEAF6
7.091554113936682,0.9096356447892912,0.2384096603502997,3.815431150955656,0.0001359453575942,0.0017830008296997,PDLIM7
49.11605417979017,0.5291646858876804,0.1387308112177079,3.814327049938971,0.0001365545292315,0.0017881202858183,C9orf16
33.968966797576385,0.5136249798666891,0.1347203244471691,3.812527782829889,0.0001375527616389,0.0017954370852265,TMEM14C
8.49990047259168,0.6358616906988847,0.1668718091474358,3.8104799962771625,0.0001386972352687,0.0018074882127289,LSM10
11.220657034845091,0.6038832599744338,0.1585348069244682,3.809152524228611,0.0001394439226864,0.0018143253061644,SFXN3
47.55069840151235,0.3761237794436539,0.0988837503997706,3.803696541879205,0.0001425527931939,0.0018488871002979,THRAP3
9.53507523985409,0.5398578172836209,0.1421669044961132,3.797352268427427,0.0001462498837831,0.0018938316963422,ATL3
25.050741781218846,0.5154283436387332,0.1359267402198088,3.7919569233046246,0.0001494648440374,0.0019263047959465,NDUFS8
29.531640142025445,0.4299362595668687,0.1136550990983032,3.7828154036010786,0.000155064415419,0.0019921876389768,UBE2E1
4.893695334118148,0.6514656985383483,0.1725431125046606,3.775669101371701,0.0001595787204071,0.0020437581887883,PSMD10
14.322077280601004,0.5095330178794699,0.1350741004608719,3.772248093016696,0.0001617832716839,0.0020655173639521,PPP1R7
35.702005344580655,0.4719396207278205,0.12513144127946,3.771551065841419,0.000162235947112,0.0020660820527867,UBE2L3
9.958857224170156,0.5296507757409149,0.1404542901961682,3.7709832501461342,0.0001626055883844,0.0020660820527867,MTX1
39.5540006715208,0.5562973044845573,0.1475344907242068,3.7706254432698727,0.0001628389232645,0.0020660820527867,GPSM3
49.00887000295276,0.2602801706219858,0.0690781786425905,3.7679072572059455,0.0001646218359237,0.0020790185801123,KPNB1
10.488045271333156,0.6308071292678269,0.1674708022463804,3.766669298805849,0.0001654399101994,0.0020861257812342,ARPC1A
2.133458927755432,0.9347273205004398,0.2483460865150973,3.763809342103792,0.000167344489858,0.0021068903337907,ICMT
81.16305364295376,0.5197608014985373,0.1381842664146534,3.7613602111464433,0.0001689918570369,0.0021243576366901,OST4
28.96024250282169,0.5159230484613849,0.1373355155083792,3.756661534720836,0.0001721951376965,0.0021513860399364,SCP2
24.723316863626955,0.5054543253471904,0.1346410915252919,3.7540866582490704,0.000173974672181,0.0021703008341853,CNIH1
26.631350376883752,0.6748551326153293,0.1799180876699145,3.750902098589707,0.0001761994931496,0.002191363863814,CCNG1
12.419573430990804,0.440394787211808,0.1174947290827809,3.7482088826429623,0.0001781019015894,0.0022116575043878,PPID
127.26132712162642,0.3981363954927764,0.1062771686794767,3.7462081502521336,0.0001795276452969,0.002222606651093,SLC25A3
48.47555829055125,0.4467152529249413,0.1192847130675457,3.744949721025745,0.0001804299060676,0.0022300211747943,TLN1
7.844675730986534,0.6745400940282823,0.1801361521479107,3.74461253882238,0.0001806723800898,0.0022300211747943,LRIF1
92.3443864285538,0.5099072788110406,0.1362648803730904,3.7420300624410694,0.0001825396718764,0.002240065830834,NDUFA4
191.31511041623617,0.4827385545432014,0.1290085709933332,3.741910718227768,0.0001826264022887,0.002240065830834,ENO1
9.938883052908324,0.5844054440679742,0.1562229933027162,3.740841419774623,0.0001834052185568,0.002240065830834,TMEM11
69.03208982677334,0.6418579275107741,0.1716311254429637,3.73975248285647,0.0001842015465247,0.0022464340845579,FKBP1A
22.24955139951256,0.5667550051030956,0.1517158558087167,3.7356346314762257,0.0001872423690437,0.0022732219454475,TIMM8B
27.346018218575846,0.5118497524331515,0.1370313799817715,3.735274011698925,0.0001875109033449,0.0022732219454475,PGD
12.30730278050331,0.5131858472253952,0.1374918167503354,3.732482844104561,0.0001896016140764,0.0022917674387852,EIF2S1
12.58642181008893,0.4792445712597127,0.1285816376543957,3.7271618249865166,0.0001936481317728,0.0023337741662479,ME2
5.277873157877781,0.8330243458441108,0.2236469719567754,3.7247289268245063,0.0001955252088811,0.0023494654143646,MSMO1
11.666310542853656,0.6504069552418225,0.1747205515386166,3.7225555294682655,0.00019721651703,0.0023628389452387,PSENEN
94.60197610581348,0.4503282625643959,0.1210941257225328,3.7188283071323265,0.0002001490321556,0.0023839908771771,RBM3
104.65543979699724,0.4409403462009001,0.1186399056238663,3.71662758733852,0.0002018997054519,0.0024013427849318,TMA7
30.585039675021907,0.4909740724470905,0.132161020175984,3.7149688447721982,0.0002032287323629,0.0024117088174,ANAPC11
9.021587248119475,0.5072532977224957,0.1365567519493879,3.714596975113317,0.0002035278094569,0.0024117088174,LEO1
9.989418261448774,0.7416025736658346,0.1998493231115327,3.710808533746987,0.0002065983247196,0.0024394724151506,ACAA2
4.132806169107891,0.9849237800479232,0.2655559532004639,3.7089124464267607,0.0002081513826846,0.0024472013639083,ZNF385A
2.879145071480659,0.85195088709077,0.2300277621462316,3.703687238191596,0.000212488213289,0.0024917006137166,LRRC42
55.13746951192127,0.438650614050269,0.1186580594985798,3.696762073338295,0.0002183668206645,0.0025487805117547,LAMTOR1
5.254943465802747,0.697395303233781,0.1891001307106564,3.6879683827446463,0.0002260517303849,0.0026162446019482,POLR3K
66.33353904718605,0.4265210813748274,0.1156643754373009,3.687575191257008,0.0002264012048054,0.0026165830897669,COX6A1
5.092873112480287,0.6236159503665166,0.1691546802147129,3.686660928180898,0.0002272157768945,0.0026222882952053,KIAA2013
36.66297037514539,0.3756988401452598,0.1020241858445727,3.6824487942262314,0.0002310042776332,0.0026617698538506,DARS
9.361976146067816,0.6436521304962093,0.1750847808561488,3.6762311798250447,0.0002367050350593,0.002716456238019,CMAS
12.96239498858345,0.5412582456237349,0.1473924725575798,3.672224478168576,0.000240448327632,0.0027516852732232,CHCHD5
53.49557202498173,0.475182759216447,0.1295064400087276,3.669182468334575,0.0002433273626314,0.0027807382937918,OSTC
26.58881805349761,0.6286624441575897,0.1713568666564248,3.668732140265349,0.0002437563024135,0.0027817496466774,LITAF
9.917024292055563,0.4916272160627536,0.1342085590190279,3.663158442771533,0.0002491243337871,0.0028350904336696,GPALPP1
19.33735449428825,0.4328261473782328,0.1181943243306199,3.661987577064248,0.0002502659985379,0.0028401714917414,SUCLG1
23.602193258070734,0.5257828008664074,0.1436063725939043,3.661277639490528,0.0002509606182714,0.0028441043160832,RAB5C
39.80845458683815,0.423055395849167,0.1156221280642669,3.658948359902333,0.0002532523601489,0.0028589143515542,NCOA4
27.404355323288225,0.6068645808969172,0.1658766599652542,3.658529060230871,0.0002536669813825,0.0028589143515542,NCF4
4.116047439914388,0.6695471047981025,0.183242022154529,3.653894979577717,0.0002582919503263,0.0028911007207079,TPRG1L
25.052809738355577,0.4387133034510358,0.1200969636057592,3.6529924677462633,0.0002592018375158,0.0028973162986891,PSMD4
2.6583560213985296,1.214965305528925,0.3328288619165928,3.6504205150134976,0.0002618113217884,0.0029184997412462,TBXA2R
52.356626042759395,0.3605754805365569,0.0988694675455367,3.646985156165476,0.0002653352459181,0.0029519208174978,SRSF9
40.361641993434496,0.4686438787169422,0.1286318432723418,3.643295989506427,0.0002691690080122,0.0029842333303505,COPE
5.533285299356792,0.5730952825765706,0.1573384080561148,3.642437276803866,0.0002700687968042,0.0029886065825404,TIMM22
28.810799958198743,0.5152729031543032,0.1414721357969984,3.6422218428488264,0.0002702949779093,0.0029886065825404,ARPC4
19.56463197337121,0.4092111693864954,0.1124590571210772,3.6387568939505224,0.0002739572601634,0.0030250064497233,ADSS
8.264398438016668,0.5031946653161993,0.1383426059456877,3.63730798531979,0.0002755024327107,0.0030338684335304,ACSL4
27.374797036784862,0.3859490031657206,0.1061694002654108,3.6352188314231215,0.0002777447716971,0.0030503394214207,TMED10
11.431490515454538,0.6159238593591858,0.1696312300646956,3.630957926345748,0.0002823712186076,0.0030969868822052,RSU1
19.21100418976639,0.6107161648294982,0.1682418821146164,3.6299889014166022,0.000283433406529,0.0031044696578407,RAB32
15.725624390379826,0.3940218814815175,0.1086348311029033,3.6270308287061614,0.000286699074694,0.0031318424322526,ARFGAP3
14.9944567864891,0.4616085662044176,0.1273195727606584,3.625589971717641,0.0002883024957161,0.0031451531274988,CTDNEP1
12.55865900017297,0.5762387160226808,0.1591143282610659,3.6215388162731665,0.00029285585333,0.0031820813531379,ARCN1
20.63822075937071,0.318835386269441,0.0882123490011102,3.6144076184325207,0.0003010351295327,0.0032579576733936,TMEM167A
8.543143740779824,0.5428750675495714,0.1504342009555739,3.608721049476592,0.0003077102600346,0.0033170191751226,UBE2Q1
29.168194057138823,0.3254140542936724,0.0902017436202963,3.607624877668671,0.0003090128211248,0.0033222944229096,LSM14A
7.359667817594775,0.5103769881097694,0.1415192232190744,3.6064145668726297,0.0003104570076488,0.0033334352293017,BRCC3
12.286727351079584,0.3689923721074927,0.1024380446307168,3.6021028460440507,0.0003156534274652,0.0033803462068395,SETD3
11.602629994681624,0.5425443046903479,0.1507470062800524,3.5990386680212296,0.0003193957000516,0.0034159453731967,DDA1
3.27524598729205,0.9257777676116536,0.2578270129680016,3.590693453546506,0.0003297993404614,0.0035134164418651,KANK2
35.81067413825848,0.7244879890763568,0.20192566564724,3.587894519273356,0.0003333590924372,0.0035467150316472,CSTB
30.68491276391029,0.4707297457673932,0.1313209911426054,3.584573507035242,0.0003376294681229,0.0035872616646509,C1orf43
14.933918992985616,0.9750293250599849,0.2720316161462981,3.584250017967088,0.0003380481558904,0.0035872616646509,TSPAN2
10.904528391558332,0.5533751031873517,0.1544338914248416,3.5832491047255823,0.0003393467039801,0.003596370840755,GPN3
17.331371845996998,0.338606752690593,0.0945637231641664,3.5807256880395664,0.0003426412356435,0.0036265823010923,IMMT
10.525351092178267,0.483587396048582,0.1351371024691623,3.578494634061983,0.000345578962292,0.0036482244197522,COA6
134.06316021824026,0.6993489809169419,0.1956295936480099,3.574862922709221,0.0003504114377298,0.0036849573458048,EMP3
17.025374513324895,0.4566254756510529,0.127831679340296,3.572083837180039,0.0003541519914071,0.0037099691304976,SRP19
40.36403235210505,0.351793650908181,0.0986254037307692,3.5669679169934607,0.0003611356750491,0.0037637299730542,EIF3I
27.702576230072925,0.4352022658255237,0.1221294889699542,3.5634494952532743,0.00036601314156,0.0037824535455509,NMI
9.215249705002092,0.5071022419368545,0.1423068326032356,3.563442686906691,0.0003660226391606,0.0037824535455509,CPSF2
27.60920422443261,0.4881472940026404,0.1369961616019415,3.5632187668221653,0.0003663351347137,0.0037824535455509,GALNT1
8.54555782875277,0.549608799799734,0.1542666893844934,3.5627185751675277,0.0003670340870191,0.0037824535455509,MCRS1
6.847294282818208,0.5057794936616229,0.1419711121538695,3.5625521698629417,0.0003672668928931,0.0037824535455509,STYX
3.8520320050196712,0.763636106450142,0.2143631137725189,3.5623484517047497,0.0003675520885041,0.0037824535455509,UBL4A
19.959754172945072,0.4721400513212916,0.1326026762738085,3.560562008163239,0.0003700619074005,0.0038034916293964,CHMP5
11.808901970180324,0.499521279218001,0.1404224890143789,3.557274071440588,0.0003747231432008,0.0038465613104192,UTP3
26.371726053826407,0.4464011295804361,0.1256582938992539,3.5525003223291924,0.0003815885511248,0.0038925843336348,HADHB
17.29261929828017,0.5085183191399978,0.143318640437558,3.548165943993532,0.0003879237330214,0.0039473534527003,COX17
10.771589082928273,0.4714656368688443,0.1329247530889428,3.546861106850254,0.0003898500634875,0.0039620209810409,RNF126
11.32566685195708,0.4583308703175524,0.1293345110139513,3.543763120333072,0.0003944594830988,0.0039939633660483,PBDC1
156.65822007178517,0.6544547180318344,0.1848050679121418,3.541324517912943,0.0003981235859952,0.0040210974303676,CYBA
47.30919432538053,0.4354764486431385,0.1229927696850841,3.540667063260309,0.0003991168677174,0.0040261529952093,COX7B
11.42139159374572,0.4842924082755103,0.136849980994615,3.538856233341872,0.0004018646509708,0.0040487073846913,EXOC5
8.069752903737102,0.5957593431691246,0.1683629559966699,3.538541715678288,0.0004023437028967,0.0040487073846913,ZDHHC12
16.040630953007778,0.5766969581688159,0.1630224993020351,3.5375298540869364,0.0004038885232142,0.0040592535340509,MANF
2.52989670288477,0.8269629183106946,0.2338263566065226,3.5366539953504375,0.0004052301785698,0.0040677343846364,LSS
20.173052606225493,0.3910937645841486,0.1107132829010599,3.5324918052845886,0.0004116629844893,0.0041221792233609,PSMD13
87.02804297570151,0.3609404416765004,0.1022557109514438,3.529782721357177,0.0004159010748912,0.0041595198077554,PTGES3
34.5036896378561,0.4775570835293288,0.1353109894066286,3.52932962521028,0.0004166138635619,0.0041615548645041,ZYX
12.360639915605624,0.4212165451447433,0.1194485107744551,3.526344049111604,0.0004213392272478,0.0042036176139712,NSL1
28.24913382612181,1.6754846422721177,0.4755703559556657,3.5231057219813584,0.0004265211855588,0.0042449508004888,TPSAB1
38.85727964311149,0.641082295977226,0.1821297413762774,3.519920970253613,0.0004316754012292,0.0042899467712078,EZR
5.291935652089414,0.6880162393357314,0.1954956586116291,3.519342803936846,0.0004326173221729,0.0042899467712078,CDCA4
42.704252498136825,0.4532020733678634,0.1288407533187713,3.51753666207286,0.0004355721766374,0.0043086956810196,PARP1
75.85604211471005,0.3270997249035079,0.0929963992275715,3.517337527263415,0.0004358991125342,0.0043086956810196,YWHAE
8.398704210311642,0.6444301010468338,0.1832213673743642,3.517221327849344,0.000436089992437,0.0043086956810196,ACAT2
92.55017431147854,0.5125434079485346,0.1457463774173563,3.516680256695682,0.0004369798339931,0.0043122732168579,COX6B1
9.318588059333129,0.66893064967071,0.1903509947663531,3.5141957124615555,0.0004410877012244,0.0043389811213658,MKKS
12.397963827231523,0.4570681851568322,0.1300676536217135,3.5140803453421348,0.0004412793185479,0.0043389811213658,ZCCHC17
68.83762227506092,0.417432094391417,0.1193167119501543,3.4985216032922795,0.0004678451869504,0.0045672198597035,UBL5
45.84714590289814,0.2854027973633383,0.0816787694411318,3.49421029866318,0.0004754663252702,0.0046305546409808,XRN2
158.92598878771466,0.4126098317334538,0.1180977047348159,3.4938006006124693,0.0004761965463887,0.0046321452149314,SRP14
12.8679823070988,0.4728827766875014,0.1354586675008825,3.490974667120659,0.0004812618835836,0.0046758511899669,FLII
17.45634496319538,0.3573680151526617,0.1023823846546641,3.4905224796049077,0.0004820770547996,0.0046782085686075,TIPRL
13.728974569223148,0.6688831777392575,0.1917623024848886,3.488084827266649,0.0004864937075811,0.0047098816168783,CMTM7
40.128377881584875,0.3720330216597435,0.1066859813813082,3.4871781357107623,0.0004881461008054,0.0047202861416343,RALBP1
19.9838288785515,0.5096906310963227,0.1461794940751964,3.486745075435353,0.0004889371738567,0.0047223471011625,GNB2
58.761704799574474,0.4252276884643156,0.1221059200661724,3.4824494032220006,0.0004968491025915,0.0047874457750887,PARK7
21.23384320337904,0.5070027674472768,0.1456812006594334,3.4802209561172126,0.0005010004123458,0.0048214702027226,NDUFB3
5.3539429676405454,0.696268118357816,0.2000815477076623,3.4799216936042914,0.0005015603564207,0.0048214702027226,AIMP2
31.58092023863347,0.4660846751441969,0.1340590632737438,3.4767114118384423,0.0005076038628769,0.0048738321546032,MPC2
31.813535370177146,0.4209282689222718,0.1211104718489739,3.475572859192339,0.0005097635001941,0.0048888234273318,THOC7
40.36941584716795,0.4465540260164831,0.1286150385175882,3.4720203108706955,0.0005165572535925,0.0049481703623732,C4orf3
67.74941359314849,0.3025289922397969,0.0873224955708754,3.464502362901994,0.0005312134729159,0.0050471456827866,KHDRBS1
18.408312984594257,0.57997401957261,0.1675987418877511,3.4604914872275496,0.0005391902814967,0.0051110484804063,ADRM1
11.173852679207036,0.5680923079651823,0.1641978807671341,3.459802923832204,0.0005405708659323,0.0051181976193898,C14orf119
37.54969412287098,0.4095746419206215,0.1185069178957968,3.4561243275330185,0.0005480024952613,0.0051825560055334,RNF7
21.512232401990502,0.5651284151705552,0.1636497106837191,3.453280869299928,0.0005538120480053,0.0052314430569384,PFDN4
22.75084060708333,0.4913470350340815,0.142300567536157,3.4528817666818914,0.000554632042213,0.005233139049564,RNF181
8.309796839948072,0.5511366367451122,0.1599181437411284,3.4463671466652257,0.000568177857158,0.0053547650182679,TSR3
6.073241160659934,0.6139132967840166,0.1783008200280978,3.44313221154716,0.0005750181282218,0.0054056670539889,BDH2
13.268745706860962,0.4969157277970654,0.1443540043972602,3.4423411381755655,0.0005767024816122,0.0054101446351939,SDHB
24.22027396741169,0.2880673386415205,0.0837031399240134,3.4415356329885727,0.0005784222827346,0.0054157525942847,UBE2K
12.840055880609812,0.4718270924386458,0.1371016302021099,3.441440424472681,0.0005786258737988,0.0054157525942847,DLD
38.28115383769451,0.4946508798230455,0.1439503713465836,3.436259838691866,0.000589805008342,0.0055077676836147,NDUFC2
12.73236949212841,0.5090656396539107,0.1482090903197876,3.43478013767921,0.0005930347629647,0.0055271352846351,GLOD4
41.10119844039607,0.420266855644219,0.1223594695540111,3.434690074875713,0.0005932318742656,0.0055271352846351,EIF2S2
20.16416849659461,0.3878149161528197,0.1129408824057571,3.433786843983884,0.0005952120593773,0.0055392684933622,GRSF1
17.365107438924053,0.3227328922567047,0.0941779185119629,3.426842484480157,0.0006106431749221,0.0056635248380128,VMA21
11.042606314482702,0.4696659163195732,0.1371009488844382,3.425694133710572,0.0006132305245786,0.0056810732611474,DNTTIP1
41.59005604973047,0.2978471271206849,0.0870003520044414,3.4235163451462767,0.0006181653409624,0.0057203046443984,SRP72
37.36304776423927,0.4767207258379829,0.1392888214863208,3.422533989095458,0.0006204034072996,0.0057345206346667,ATP6V1F
13.399220931231987,0.4357768482957682,0.1273741889055749,3.421233548492455,0.0006233777514166,0.0057490063282456,PLEKHJ1
15.951701953114489,0.5657817885436872,0.1655353738728092,3.417890540896784,0.0006310848168474,0.0058004432378635,DPY30
79.94928702459842,0.4165607112148859,0.1221381216787777,3.4105707987751543,0.0006482705106469,0.0059383613705119,RAP1B
9.118417115174418,0.4353962424993752,0.127738388286803,3.408499577447362,0.0006532118636095,0.0059635688687746,ACLY
4.355416031245937,0.7703487431955576,0.226033219967033,3.408121794256229,0.0006541169166827,0.0059651666587219,MYCBP
9.46873833997172,1.7727306293127376,0.5205340125669927,3.405599992535718,0.0006601883200641,0.0060071255715414,CD96
91.0585624396238,0.5274472636582154,0.1550458989486808,3.4018782001631465,0.0006692445733561,0.0060692535059859,ARL6IP5
29.380807122110127,0.2891129382447482,0.0851440226457525,3.395575276583091,0.0006848453899202,0.0061696490419389,PDCD6IP
5.0603986368679585,0.5640244920308725,0.1662411943690384,3.3928082276574343,0.0006918005221685,0.006221688627048,ELF4
20.797114973427547,0.4728955354546083,0.1396429848807668,3.3864610947580833,0.0007080031455261,0.0063315549217573,BLOC1S1
9.80704624071272,0.5252177734913036,0.155094808062667,3.3864304037765462,0.0007080823414927,0.0063315549217573,ARL8A
18.321150129527044,0.532539774035178,0.1572598305366828,3.386368739033814,0.0007082414880046,0.0063315549217573,ADD3
15.188466903078773,0.4051441998298934,0.1197970686660198,3.3819208127653586,0.000719808908758,0.0064069265723987,EMC6
8.809125500048799,0.4980263043092059,0.1472921293803788,3.3812146406211796,0.0007216614674442,0.0064164263879071,CD2BP2
25.389164054134092,0.3490497138052413,0.1032975365823383,3.3790710345450887,0.0007273121289236,0.0064500022603866,DCAF7
49.362615693405026,0.4323082881932406,0.1279440875509912,3.3788844523272497,0.0007278059092004,0.0064500022603866,SNRPB
25.27410472985806,0.3924148181104789,0.1161792412548526,3.37766724822786,0.0007310348275852,0.0064715986741051,RAP1A
41.104354942406275,0.5577712064934093,0.165162063834442,3.3771145355298873,0.0007325054158407,0.0064742860021873,POLR2L
47.749839311530515,0.4999181739992016,0.1480465699328144,3.37676296199278,0.0007334422677502,0.0064742860021873,UQCR10
14.784087070213946,0.3609631187546785,0.1069653563492836,3.3745796870530036,0.0007392850877725,0.0065096364583095,TMEM30A
12.738690434115348,0.6025877465012306,0.1785919521274362,3.374103588224668,0.0007405649385063,0.0065096364583095,EI24
16.930822121172813,0.4790838455122178,0.1419894878200333,3.3740796791903342,0.0007406292651006,0.0065096364583095,ANXA4
10.016845220620311,0.488695254132978,0.1449489768939155,3.371498472118514,0.0007476045340019,0.0065614142291408,AP1M1
21.939403172228904,0.4208404657573615,0.1248385860579139,3.3710768364688883,0.0007487497119656,0.0065629691384699,SSNA1
2.631540171260227,0.7917708743289721,0.2348881562677364,3.370842050573529,0.000749388105029,0.0065629691384699,MFHAS1
22.252384396894584,0.7877002546930812,0.233707311335332,3.3704561923732856,0.0007504383683417,0.0065644199280925,IL2RG
10.134850341191449,0.3840134840664827,0.1139441250517262,3.370191169506593,0.0007511605229184,0.0065644199280925,WDR41
6.108491553441384,0.6457965646265676,0.1916854368494794,3.3690434455575144,0.000754295384127,0.0065847730595112,FUNDC1
12.642905905207494,0.5646760349166239,0.1676410418876454,3.3683639075392717,0.0007561571767486,0.0065939811005475,ECI2
13.95571301461911,0.4517583038738088,0.134353171104534,3.3624684863025407,0.0007724894283517,0.0067273560644445,NECAP2
9.685928560991984,0.5686356923845479,0.1691489491525308,3.361745344759891,0.0007745151629319,0.0067273560644445,C12orf76
3.8888431106486574,0.6873606850470823,0.2044704086369305,3.3616633801891576,0.0007747450809744,0.0067273560644445,RMI1
8.51690177517542,0.6142845796813495,0.1831724004937469,3.3535869925028345,0.0007977133373767,0.0069194433967148,VPS25
255.40293773249184,0.4638603027480552,0.1384465104044963,3.350465832564535,0.0008067576150265,0.006983068297015,YBX1
17.58969400381816,0.4107567176719137,0.1226425454049385,3.349218791208923,0.0008103977350756,0.0069997461874243,MAPK1
13.23040908030843,0.432964375499918,0.1294041382573647,3.345830986013903,0.0008203638381625,0.0070485729985556,DCUN1D5
57.89136090628151,0.4556367969146275,0.136252797279807,3.344054625013954,0.000825634790047,0.007086409526759,DAD1
12.918365679651648,0.5232579482112233,0.1565907430905109,3.3415637341268334,0.0008330788797093,0.0071427990830059,MAT2B
37.397565650567905,0.4929906929559067,0.147831773073755,3.334808767462648,0.0008535807788991,0.0072652172337344,NDUFB9
20.654329783544423,0.3816914245637859,0.1145105270521907,3.3332431034032486,0.000858399027704,0.0072986248234859,ETFA
99.20876557396576,0.5231761792946937,0.1571546036157715,3.329054111413822,0.0008714147224287,0.0073939041505352,MYL12B
47.36474662570486,0.2681220473775497,0.0806551933719303,3.3242998518538243,0.000886408338312,0.0074900129600286,PTP4A2
93.54666683984628,0.265547171184474,0.0799543371052888,3.321235355060039,0.0008961992929142,0.0075493241468065,RTN4
236.4229819936566,0.424640279106672,0.1279032064201758,3.320012773657002,0.0009001332939761,0.0075729545900568,SERF2
23.88300272148279,0.3950833829151032,0.1190086164482759,3.3197880515384046,0.0009008581399504,0.0075729545900568,PDCD10
12.808198839497312,0.4395842642086002,0.1325506387430105,3.316349648535962,0.000912016461317,0.0076431656465863,ACTR10
22.533357318259608,0.6916970609843721,0.2086903423971513,3.3144660794509955,0.0009181831941782,0.0076869619668345,S1PR4
6.305105677806567,0.5431020398781251,0.1639435761316368,3.312737544788255,0.0009238763272138,0.0077188072286952,AIFM1
3.3495055531459106,0.6191788860186629,0.1869339608827727,3.3122867727975507,0.0009253663657435,0.0077233591159251,KCTD10
10.034981324182436,0.4983213288519511,0.1505198130516936,3.3106693314906694,0.0009307312082943,0.0077602088805845,PHAX
6.942474732796961,0.618630718348316,0.1868904447386367,3.310124919513466,0.0009325434244239,0.0077673927838614,QDPR
6.677732805380896,0.547722435365658,0.1655767629268519,3.307966804542673,0.0009397594818484,0.0078195261977427,GLB1
9.536205398892085,0.5496705077967914,0.1663362776869771,3.304573815407837,0.0009512092363918,0.0079067453413607,APOBEC3G
8.472421354669304,0.4595640791668617,0.1391156138429777,3.30346872268112,0.0009549662162476,0.0079105350180683,DAXX
33.30294939853266,0.2963797719619623,0.0897188206094301,3.303429201908284,0.0009551008290911,0.0079105350180683,RBM17
27.72932073842996,0.4855935080401841,0.1470141974632109,3.303038185558234,0.0009564336286585,0.0079105350180683,NFE2
407.3691561269203,0.4329829194399021,0.1310870984321669,3.303017036905091,0.0009565057640253,0.0079105350180683,UBA52
4.354697510440782,0.6287088649970812,0.1904401912648425,3.30134548186178,0.0009622231911529,0.0079416355371481,WARS
5.443894072207915,1.8386691077548296,0.5569918911843369,3.301069794472683,0.0009631691940184,0.0079416355371481,CD36
50.33376997034271,0.4765530968189105,0.1443633938626946,3.301066039443244,0.0009631820850953,0.0079416355371481,SPCS1
10.746990247916868,0.6254323520053885,0.1895211892316202,3.300065573359328,0.0009666223999444,0.007961967368897,STK24
28.275765449739676,0.3200749496837281,0.0970029731825818,3.299640610822038,0.0009680871645116,0.0079660022368825,ADD1
23.224521716563856,0.441580107453099,0.1340028054407132,3.2953049453018135,0.0009831492910914,0.0080655751581405,FKBP3
19.367769142514273,0.5079766373278849,0.1544050284809009,3.2898969827962485,0.0010022406872375,0.0082057200956089,ATOX1
10.5868886245298,0.4362163586731533,0.132663778186279,3.2881345958701913,0.0010085361039575,0.008240748505437,TMEM126B
2.924231641707844,1.1805222036902283,0.3590997580802941,3.287449175686344,0.0010109943624136,0.0082525823529291,FUT7
13.794843147175216,0.5696691496629632,0.173450416630379,3.2843342825570847,0.0010222359547627,0.0083194123370186,CYSLTR1
21.45587303090705,0.4436227709553739,0.1351395134641339,3.2827021467197426,0.0010281723884626,0.0083510900458532,QARS
20.040657003138048,0.4293673408952566,0.1308566925206488,3.2812027617731774,0.0010336540808005,0.008387276558313,SMS
5.879159532663063,0.6470348857432624,0.1972162698988341,3.2808392840771767,0.0010349870076469,0.0083897607534553,LSM14B
9.351522267102723,0.5147520477129438,0.1571765418901804,3.2749928298626267,0.0010566465546388,0.0085483752454991,SARS
47.35339790498216,0.4054826730618171,0.1238857171493089,3.273038106347024,0.0010639813212325,0.0085924309315398,CUTA
6.368482214966808,1.3317243768745584,0.4068842048983849,3.272981258161994,0.0010641953375007,0.0085924309315398,SLC9A3R2
18.269500299256535,0.5389662251346213,0.1647654785737347,3.271111338370719,0.0010712572604655,0.008632389620576,EIF4EBP1
15.421231112214649,0.3985158692326601,0.1218468205992785,3.270630019500236,0.0010730820072418,0.0086378300720472,C1D
29.371147394883995,0.3588765849021824,0.1097355774508814,3.2703758729735446,0.0010740466715457,0.0086378300720472,VPS29
19.69274566681728,0.4318530893042319,0.132156445919708,3.2677413976962213,0.001084093716666,0.008710058759959,DGUOK
75.80277823281675,0.3665848406294968,0.1123384428030712,3.2632181066646813,0.0011015470908279,0.0087983785719993,ATP6V1G1
39.91217020071856,0.393562325184598,0.1207783474890339,3.258550339251259,0.0011198300713592,0.0089182568353573,ZNF22
75.25844190288721,0.419704290830544,0.128878486405487,3.2565892301841535,0.0011275948284942,0.0089626238751228,APEX1
34.93353372041189,0.4930635664168661,0.1515504797907711,3.25346093986363,0.0011400839791342,0.0090442972752485,NDUFB5
126.19555944479534,0.3937454003746298,0.1211948967051396,3.248861223361493,0.0011586799110984,0.0091657635715967,CALM2
51.79313443735453,0.4625182465893915,0.1424640662792144,3.2465607550672093,0.0011680851362811,0.0092244380121807,TBCA
37.01872611196851,0.4977113728579494,0.1533189213908979,3.2462488539754157,0.0011693657286162,0.0092244380121807,TIMM13
10.23537144461974,0.4183005328405877,0.1288585103610793,3.246200283306487,0.0011695652650372,0.0092244380121807,ASH2L
23.00502571875395,0.3393623211298069,0.104852144285915,3.2365796945880296,0.0012097144250097,0.0095227134554479,PSMC1
10.20249459475368,0.5124765549710312,0.158365271901832,3.2360412659709055,0.0012119986137597,0.0095315117161032,TADA3
37.12460537659573,0.3797261095405262,0.1173536726371758,3.2357411660607425,0.0012132734632886,0.0095323629505109,SDCBP
19.498030486466636,0.4607892870520954,0.1424981535648846,3.2336509317805384,0.0012221873693853,0.0095839664061877,VCL
4.033609381092339,0.94422572927184,0.2921887532674658,3.231560827420033,0.0012311611697198,0.0096428245267969,KCNE3
16.97752689867278,0.4778020518310467,0.1478659427507295,3.231319145859836,0.0012322027379274,0.0096428245267969,THYN1
9.157322304132045,0.8676708753976456,0.2685616764277851,3.230806744055151,0.0012344137137473,0.0096428245267969,CD68
43.565927889939594,0.4373685162788803,0.1357929465419546,3.2208485596396637,0.0012781166607927,0.0099651633924978,DDT
39.28070011628449,0.4878015152094381,0.1514800107279892,3.220236867327514,0.0012808471765323,0.0099769325828842,SEC61G
31.015489292189923,0.4566277230082697,0.1419274989588346,3.2173308651110113,0.0012938929049932,0.0100511647196262,NDUFB7
23.813379913981283,0.407836675077459,0.1267639537545815,3.2172921638831324,0.0012940674684918,0.0100511647196262,OXA1L
7.216660304945021,0.4942043662543091,0.1536429795961058,3.216576296251645,0.0012973003414555,0.0100667056885402,ALG2
20.886188238999175,0.4382827660011533,0.1362872205127514,3.2158757391353965,0.001300471287052,0.0100817370839679,CYB5R3
18.244975849328572,0.5305061316132551,0.1654451360867004,3.2065380957180083,0.0013434251563203,0.0103387077586949,TCEAL8
8.188837135877783,0.9771317505045294,0.3047339079066402,3.206508121189744,0.0013435651247182,0.0103387077586949,HOTAIRM1
13.219943323338804,0.4468485584487651,0.13937015958333,3.2061996612810963,0.0013450062841136,0.0103387077586949,LSM1
18.41417123067751,0.4270009292203104,0.1332404319805925,3.204739904194444,0.0013518457971028,0.0103704940174702,SLK
63.63165817546986,0.7547371562765454,0.2356071627749164,3.203371015496552,0.0013582886935389,0.0103905195311223,LY6E
12.95225041300572,0.4388594153145312,0.1370091062836347,3.203140486195198,0.0013593764996658,0.0103905195311223,GLRX3
39.32111355807317,0.2643788404950252,0.0826362305209503,3.199309054011105,0.0013775740727872,0.0104903613688207,RAD21
18.698041865674035,0.3603265947687991,0.1126711542786279,3.1980376616870068,0.0013836620844796,0.010517118969566,ARL8B
46.58604535905996,0.3949967143136547,0.1237488522070203,3.191922246299802,0.0014132937187926,0.0107223983066429,SRP9
9.855014268566183,0.4468090872665083,0.1400462935319434,3.1904385042835486,0.0014205706989387,0.0107676096298964,TIMM17B
32.21332352725818,0.3656826815630707,0.1146536412393047,3.1894554556694694,0.0014254110474424,0.0107809163813793,GNPTAB
122.00331685708429,0.438080716686633,0.1375262914655014,3.1854324872602704,0.0014453782410665,0.0108956265106257,CHCHD2
47.269610537437906,0.4509662225807088,0.1416611761378397,3.1834143614754957,0.0014554916125353,0.0109510331178881,ESD
76.64934156413456,0.5738335376671069,0.1803662574966281,3.181490516194996,0.0014651931997719,0.0110037625324788,IFITM2
3.5908309124946465,0.8086488532385235,0.2544035412038368,3.178606907010804,0.0014798463431576,0.0110934169448999,B3GNT8
19.234865496577665,0.4913272848383412,0.1545993380710117,3.17806848961191,0.0014825972416663,0.0110972255646962,ADI1
42.48362372371104,0.3765200431463276,0.1184809893773245,3.1778941509952308,0.0014834889871706,0.0110972255646962,UQCRFS1
10.155071509030105,0.5254678230619243,0.1653731402530933,3.1774677692987408,0.0014856720208823,0.0110972255646962,TRAPPC2L
7.281703675056358,0.4715246277033212,0.148414937915412,3.177069871309472,0.0014877118902965,0.0110972255646962,RNFT1
7.286778667096295,0.4732043219415125,0.1489437926684938,3.17706641856992,0.0014877296024478,0.0110972255646962,HMOX2
37.62425981240742,0.4503883141208048,0.1419107758947027,3.1737428766860623,0.0015048693779554,0.0111581557960741,NOP10
10.201791028352687,0.5042434877290864,0.158941108849522,3.172517741816439,0.0015112332528331,0.0111850424899455,SCOC
37.42552879477823,0.4402586440740539,0.1389054219140619,3.169484948877182,0.0015270936710904,0.0112717998071181,OLA1
25.58573432116541,0.4062344121395685,0.128212053192326,3.1684572707855456,0.0015325027420647,0.0113015161601186,WDR1
9.522486263468394,0.4694599808718209,0.1481824726993065,3.168120846683765,0.0015342773037985,0.011304400224831,PEX2
56.183994262904704,0.4039875410953152,0.1276124868308685,3.1657367639166916,0.0015469071341257,0.0113769380674539,NDUFB11
16.010145748954912,0.4925005782490312,0.1556984058104908,3.1631703336030355,0.0015606099208037,0.0114673953802948,VKORC1
59.960447531798835,0.2890139914364525,0.0913979692988987,3.162148936715324,0.0015660944295241,0.011477243036884,XRCC5
7.857446415978674,0.423670124990863,0.1339822590190484,3.1621360028765393,0.0015661639929171,0.011477243036884,FAM104A
3.0247878257946863,0.9908451497108536,0.3134585213194595,3.1610088171794803,0.0015722373914788,0.0115114262775751,PRR5L
6.658653211802064,0.4290942620824928,0.1358139464485914,3.1594270934827344,0.0015807964594322,0.0115533880769415,SEC23IP
6.53263563340626,0.5907532545291042,0.187044540563469,3.1583560404889046,0.0015866165083129,0.0115855616527477,ECI1
69.75660058672824,0.3990766086423097,0.1263951016990387,3.157374006411713,0.001591970162023,0.0116142751731165,GPX4
45.124696580832975,0.464454879064701,0.147189258175003,3.15549439424771,0.0016022634525215,0.0116789426142318,PHB2
6.4221676249267885,0.5890113371594642,0.1867974064879413,3.1532093953214906,0.0016148592533365,0.0117497907025938,SLC48A1
4.241386151095469,0.6231858522169569,0.1978602467569319,3.1496263773618485,0.0016347938511852,0.0118631443677039,DLAT
18.80707316313855,0.7638414316732398,0.2428540675336261,3.1452692533859925,0.0016593403516639,0.0120199202246864,MYC
2.750513001345456,0.7279041696632177,0.2314883643272216,3.1444525161285637,0.0016639791314338,0.0120322157905761,LIG4
6.785168405289997,0.5113263481074339,0.1626122359072538,3.1444518627680007,0.0016639828470629,0.0120322157905761,ARL3
7.457304356524266,0.5416480410948511,0.1725310198848607,3.1394240957731667,0.0016928026307822,0.012208199731793,MAP1S
20.015869663493746,0.3528506177174665,0.1124892480856345,3.1367497225055003,0.0017083188658392,0.0122767576541538,PPCS
39.714076168657165,0.3360837112897532,0.107197186863499,3.135191520629266,0.0017174194760138,0.0123096794197448,BANF1
29.625454725484577,0.4056764936717806,0.1294197760288857,3.1345788574169373,0.0017210099046307,0.0123246029191392,ROMO1
16.53961641058742,0.4602047657635353,0.1469186744894073,3.1323776052493284,0.0017339670727693,0.012395664874539,SFT2D1
8.375411259900913,0.5236815899669571,0.1674364872474582,3.1276431951955384,0.0017621395837793,0.0125640859852194,ELOF1
9.510274180992768,0.4158464637439885,0.1332673197086216,3.1203933916672404,0.0018060966033897,0.0128104299881055,TRAPPC2
13.347154034371398,0.8475859520633561,0.2719144012133412,3.1171057813828287,0.001826360266918,0.0129279678075476,IL1RAP
2.162590222430483,0.8565101646799085,0.2750250012430227,3.114299284824156,0.0018438235850772,0.0130327703405418,GTF2E1
8.001233539543746,0.7567824960950984,0.2430361099214099,3.113868537230198,0.001846517435898,0.0130405306557672,MAGEF1
19.347082010876445,0.41357860608227,0.1329178424548406,3.1115356557400107,0.0018611699644871,0.01309946343647,TMEM179B
6.256591693190411,0.5249013854413044,0.1686961845058851,3.111519012589123,0.0018612748806439,0.01309946343647,EMC8
48.04351047711163,0.4232404856658397,0.1361406406414132,3.108847465913072,0.0018781865554246,0.013184417821628,ATP6V0E1
4.98892111823959,0.5942326862005661,0.1911638173623886,3.1084997903870124,0.0018803977932844,0.0131886097587356,ABHD10
12.300924390804392,0.6590275047143701,0.2122510601495603,3.1049432886224166,0.0019031551060816,0.0133219792226076,CDKN2D
5.0657246009671795,0.5633384031916291,0.1814431869950765,3.104764706359105,0.001904304458696,0.0133219792226076,DCPS
16.260404721152447,0.781178747617927,0.2518893035373889,3.1012779687247565,0.0019268731614007,0.0134683324224171,MT2A
18.943586089740528,0.4017918140853645,0.1296045271044482,3.100137187041009,0.0019343102865284,0.013497224040328,POLR2G
15.132267133029575,0.3907916496497344,0.1264108551845597,3.0914405972428476,0.0019918783243989,0.0138163308902069,SEC14L1
17.944180245928237,0.3993132697256527,0.1291839228887573,3.0910446191474517,0.0019945365987364,0.0138216515199958,TMEM43
9.292208048685517,0.6974959711180119,0.2256667760572475,3.0908225982768056,0.0019960284902209,0.0138216515199958,CBR1
7.893709110501316,0.5568914806189321,0.1802056045221437,3.0903116587059376,0.0019994656912268,0.0138337291812145,DOK1
16.17213821054938,0.4247819371291378,0.1374871232530191,3.089612518456776,0.0020041777613671,0.0138428879865854,ROCK2
2.6610033876633,0.9828339766810876,0.3184961622959377,3.085858145342001,0.0020296562757302,0.01399918009952,STAP1
98.0813350492686,0.4250244844054053,0.1377367614366876,3.085773761282845,0.0020302323360581,0.01399918009952,DYNLL1
5.9303927410330735,0.9340798427312677,0.3034792039854574,3.0779039567272237,0.0020846208889421,0.0143258513738822,PTP4A3
28.68197128170912,0.4185148038984272,0.1360331863319566,3.0765640001781733,0.0020940134431347,0.014378305751138,MMADHC
129.26606878339717,0.4169753884026241,0.1355760691873587,3.0755825191124755,0.0021009178394786,0.0144015097872317,GMFG
7.65720456652542,0.4600485305421048,0.149688155388813,3.073379649492872,0.0021164903863722,0.0144960963512554,MGME1
183.36087006553527,0.3677650128762255,0.1197383807072158,3.0714045964550345,0.0021305423742537,0.0145679177740817,OAZ1
16.3071170154316,0.4726291660351136,0.1539165596339285,3.070684318563276,0.0021356882156774,0.0145908933196494,GCA
5.417043629611282,0.6634905049041635,0.2161056226313527,3.0702139852973165,0.0021390545393403,0.0145994459069373,DYRK4
10.431039629015771,0.4432408705166165,0.1445725225029885,3.0658721508262676,0.0021703609643616,0.0147753652935455,TINF2
23.677925568725456,0.3374508425101246,0.1101371881565815,3.063913725765108,0.0021846190123172,0.0148383391102611,PDCD2
21.35053306357064,0.5515049796967383,0.1800329262893235,3.063356193024587,0.0021886937256757,0.0148536681333029,CTSA
10.110206113385145,0.7744036746426916,0.2528894327267675,3.0622223565956204,0.0021970018365938,0.0148976780139488,SELPLG
6.1036555433621915,0.5347522018804399,0.1747692522809425,3.0597613418910936,0.0022151343062415,0.0150081777912929,COQ9
8.364645091606329,0.9473188548527688,0.3097208949824374,3.0586210688384,0.0022235821118582,0.0150280309644282,C12orf75
24.10564886947754,0.3374339466833778,0.1103567430264265,3.0576649639123032,0.0022306882381752,0.0150511590372664,CLTC
71.309244652672,0.2438801128491376,0.0798843481370413,3.0529148517399425,0.0022663023438012,0.0152536708823724,EIF3A
4.056120205499626,0.6657548527932741,0.2182911693651093,3.0498478464776837,0.0022895732685332,0.0153976157836914,PEX11B
12.970291804298682,0.4971690527303409,0.163072681182204,3.0487574566511535,0.0022978992113301,0.0154409000458706,COA3
15.58061026944424,0.5212502405371444,0.1710610709721255,3.047158757833816,0.0023101566201604,0.0154977748303208,ZNF581
6.762471456598067,0.6963958712990657,0.2285755557765272,3.0466769245435623,0.0023138626187429,0.0155099027545109,CISD1
11.316819694003392,0.4388670908026928,0.1442643400481599,3.042103756591443,0.0023493089951041,0.0157217066330842,JKAMP
5.600023880867846,0.4644285484457754,0.1528083712725477,3.039287341250596,0.0023713855650271,0.0158564578165605,EIF4ENIF1
14.90846824440325,0.4687885499511061,0.154273713957123,3.038680653538915,0.002376165902217,0.0158754305699227,LSM6
36.16595387450009,0.4164825835378066,0.1371937609894629,3.035725389653793,0.0023995780206523,0.0159867402457659,SUPT4H1
8.796426709581175,0.4010135959868963,0.1321063615798721,3.035535845444062,0.0024010868051083,0.0159867402457659,PGM2
4.624871758733368,0.5911230572379941,0.1947465962080125,3.035344744134086,0.0024026088632726,0.0159867402457659,RILP
11.35776178817552,0.4387065930711301,0.1445789254641809,3.034374419803102,0.0024103508087196,0.0160086034463042,COPS4
18.313681831019537,0.439125981595995,0.1448036020170005,3.0325625570035175,0.0024248683113617,0.0160694233350665,NAA20
19.47683522490754,0.3276699810598368,0.1082391727139792,3.0272772125273057,0.002467675411977,0.0162870563742041,COPS5
37.274512494264386,0.3052558775004298,0.1008571535396357,3.0266160285841064,0.0024730788636902,0.0163095459202687,TRAM1
40.55805254317548,0.3171756016092054,0.1048566489682844,3.0248496850699493,0.0024875672433403,0.0163434590438386,JTB
39.653970717073975,0.3608723642830591,0.1193928564412673,3.0225624466953125,0.0025064436280536,0.0164103773115593,SNRPD3
5.683933622722182,0.5191985284089209,0.1718660451351115,3.020948832567573,0.0025198393808159,0.0164716860645176,ADPRHL2
25.211397331150117,0.4540117368732761,0.1503890196711985,3.0189154624845624,0.0025368130758262,0.0165561498742621,AURKAIP1
5.279987181509937,0.5126849036714936,0.1699566766229172,3.01656230198586,0.0025565867434333,0.0166718837035862,USB1
5.138643559502975,0.5313543159897774,0.1761941586396072,3.0157317364682066,0.0025635995940937,0.0167042841174958,FURIN
6.537976974398041,0.4385073751027386,0.1454443566027651,3.0149493960799147,0.0025702213422921,0.0167340865241986,BTBD1
12.027486734257984,0.4458779278131985,0.1479127986839354,3.014464818328291,0.0025743306605958,0.0167341732917492,TMEM9B
18.469707254582715,0.3063411144199313,0.1016622212387638,3.0133230484946703,0.0025840368677016,0.0167839151398971,LYRM2
30.327774388656817,0.489635463006723,0.1627468428444143,3.008571192221612,0.0026247929696759,0.0170350940073252,RAB13
32.59483729702658,0.4384497131882501,0.1457988303269803,3.00722380423044,0.0026364558217243,0.0170836483103168,CCT7
38.48818878672346,0.2972594872895142,0.098975644319298,3.003359961270343,0.002670164035706,0.0172746716830991,REST
4.508857982071555,0.5098910481412507,0.1698669952059938,3.0017075861200553,0.0026846992466242,0.0173412470704876,SMARCAL1
5.854364716200326,0.4619385205345859,0.1539662189170099,3.00025891253183,0.0026975020321452,0.0174101809673448,TSEN15
7.268664119508644,0.4007639552557118,0.133643738821294,2.998748454587956,0.0027109102312273,0.0174418759347133,MAEA
33.450918709224496,0.4246453577290625,0.1416879501656055,2.9970463771459395,0.0027260923746461,0.0174979582036402,MDH2
5.846365805582505,0.6073802565609253,0.2026837917151449,2.9966888394043236,0.0027292913862446,0.0175047409081673,COPRS
1.8281802268158056,0.7485660683250055,0.2498288815197197,2.996315172895327,0.0027326383723465,0.0175124612866221,ZNF174
11.59870132693178,0.4504419151699214,0.1504919335132498,2.993129961548821,0.0027613213636952,0.0176262604680341,NFU1
10.875378737511868,0.4483699249288653,0.1498943412093273,2.9912398380851295,0.0027784717727431,0.0176529519648446,WDR61
9.32977527611846,0.4427199729812954,0.1480065160198369,2.9912194738909936,0.0027786570798838,0.0176529519648446,TERF2
196.69932820610572,0.3649240968816519,0.1220063376436445,2.9910257444782937,0.0027804205152757,0.0176529519648446,NAP1L1
46.02261636860898,0.3769440469606556,0.1261120575723936,2.988961200195104,0.0027992767642611,0.0177171885676047,NDUFB4
3.494284377254887,0.6597196728903629,0.2207520391225265,2.988509983929032,0.0028034134099743,0.0177296369759293,MANEA
24.452265162393484,0.4171095849496034,0.1395960837093478,2.9879748332916334,0.0028083267829588,0.0177469745889841,CIB1
25.63498223219644,0.3249870756720239,0.1088379579373308,2.9859718229843333,0.0028267868825078,0.0178360429474682,SUPT16H
7.062981156574084,0.4552785656291224,0.152551376125249,2.9844277855305976,0.0028410925599937,0.0178986640768768,LYPLAL1
50.04740905896196,0.2895002134868503,0.0970344076227075,2.9834799900309066,0.0028499067004542,0.0179403602846007,TCEA1
1.7164710624517296,0.974017493802276,0.3265646125779655,2.9826180066272023,0.0028579444910661,0.0179632803357701,F12
25.276916829455576,0.3222215580677188,0.1080972225167572,2.9808495589955433,0.0028744996686241,0.018053448725848,PBRM1
2.9921996922925267,0.6305836162296252,0.2116348984768836,2.9795823881972012,0.0028864159723877,0.0181004642443438,HECTD3
573.24856790382,0.4148671089497964,0.1392561040041058,2.979166420867013,0.0028903374930668,0.0181111561777985,TMSB4X
39.01679205851609,0.4240950180654885,0.1423922670046032,2.978357090499713,0.0028979813725678,0.0181312448661959,PSME2
2.995352293577682,0.9294370110648548,0.3121752069124703,2.977292848645268,0.0029080608981352,0.0181571618984405,HYAL2
18.68236072424973,0.4299013057367553,0.1443970842316403,2.9772159737457855,0.0029087902245818,0.0181571618984405,R3HDM4
24.085997904060605,0.4001140186317136,0.1345308985787441,2.974142170005036,0.0029380891209094,0.0182702634756098,TXN2
32.433283834533945,0.3622511335909515,0.1218187957465945,2.9736883489186705,0.0029424375983358,0.0182833898220551,SSR3
4.994424923326991,0.5255434984161175,0.1768614849125926,2.971497715717179,0.002963510785049,0.0183863679761848,PTPN9
174.22789071024854,0.4391025141964974,0.1478263988189797,2.970393094228039,0.0029741890328565,0.0184386180481568,GSTP1
9.731806436165805,0.4964455146804426,0.1671463634731688,2.970124532563548,0.0029767904868372,0.0184407544108773,NDUFA9
17.988716015332734,0.5003469808351785,0.1685322798464066,2.968849536072105,0.0029891692364204,0.018503410477872,NOB1
17.660724909519562,0.4194562919823423,0.1414337959168813,2.9657430125742423,0.0030195268616613,0.0186630514271067,ITGAE
5.674501051281723,0.5228602043806356,0.1764021958965797,2.964023218209686,0.0030364537548596,0.0187470469606456,PPP2CB
36.14597928867354,0.382316565897727,0.129002249960728,2.9636426187459137,0.0030402114412863,0.0187483529711328,NDUFB2
6.820815541601117,0.5226497189156525,0.1764164154532287,2.9625911940956344,0.0030506142874519,0.0187841517277842,MTHFS
11.470088686296128,0.4587277708979022,0.1549574087639274,2.9603474564856658,0.0030729225767137,0.0188930401612701,ISCA2
23.185917461528263,0.3587739177707502,0.1216771959922565,2.948571544939137,0.0031924623519042,0.0195105533862453,SCAMP2
15.352001955732309,0.3825929899184287,0.1298750421301446,2.94585459718305,0.0032206375741796,0.0195948098426073,UBE2V2
60.11371207758307,0.3928274354254415,0.1333644026918045,2.945519400204844,0.0032241292824416,0.0196014586062729,VDAC2
47.26892440763791,0.3951001949593764,0.1341693327079602,2.9447876573953873,0.0032317637504901,0.0196332651340185,RNF130
5.868901522024653,1.3800145185413928,0.4689551579980506,2.942743021385275,0.0032531833819278,0.0197194075769529,CST7
8.601700917525761,0.4627368931640865,0.1572703902308679,2.9423014242210725,0.0032578265098814,0.0197329135746783,POLDIP2
2.8146302391482583,0.6946856019915116,0.2361226677433027,2.942053842737068,0.0032604323205125,0.0197340685117836,FAM118B
5.972633416175808,0.524984661783794,0.1785429346799878,2.9403832905779916,0.0032780646777499,0.0198091198720603,FANCF
23.50673661064584,0.3894879109283639,0.1324806125647412,2.939961579193537,0.0032825294709056,0.0198091198720603,STOML2
7.430222890286212,0.4932501688826956,0.1678362219106536,2.9388779327103403,0.0032940278005515,0.0198499443638521,MIF4GD
15.097185168595848,0.4075758191639391,0.13868471670932,2.9388661478698377,0.0032941530482662,0.0198499443638521,KARS
69.10681372804797,0.2853974883847089,0.0971239730919137,2.9384865476479383,0.0032981897098352,0.0198535764346987,WASF2
4.9891072092723485,0.9831812103188956,0.3349021832438175,2.935726488241834,0.0033276758757612,0.0199782803679978,ITGAX
36.47223780677918,0.2689664935675241,0.0916463974649427,2.9348288749747224,0.0033373168357182,0.0200214507082625,RAB2A
3.5271780800188193,0.5509952574798955,0.1877608562948199,2.934558716619449,0.0033402234912575,0.0200241864615302,OCEL1
11.694758690391645,0.4203265926276314,0.1432906295398439,2.9333850648674407,0.0033528776874988,0.02008531054586,IARS2
4.938002446272455,0.4677882342615709,0.1595567007271139,2.931799367433763,0.0033700438560349,0.0201438393179677,CHAMP1
14.023209185268202,0.3923049541295421,0.1338278275913268,2.931415395365551,0.0033742126116832,0.0201540140716839,ZDHHC24
5.899039624997355,0.475419699257868,0.1623401061931176,2.9285412607302046,0.003405566292421,0.0203115928287387,CLPTM1
31.51687985304841,0.4288005213867559,0.1464686286146461,2.9275929285506943,0.0034159696158648,0.0203587802561862,NDUFC1
9.295389753910774,0.5578606765916163,0.1906656343611427,2.9258585505501404,0.0034350708308596,0.0204435113732353,YIF1A
1.9339594912267233,1.0823600212327429,0.3699304016304288,2.9258477174688986,0.0034351904436974,0.0204435113732353,SCN1B
13.64439261341384,0.3929860508812194,0.1343574968107999,2.924928345714985,0.0034453554585318,0.0204890825703521,NUDT21
3.8664442457980086,0.5860363066210525,0.2003890049375711,2.9244933213956794,0.0034501748318997,0.0205028207646927,SLC10A3
18.74909223783577,0.2847065617506548,0.0973838437480216,2.9235502604243693,0.003460643514047,0.0205351620575735,DR1
12.764021999272764,0.4216791780990868,0.1444522367810415,2.9191599070789165,0.0035097613353005,0.0207813477324207,RRAGA
8.690202476796987,0.5385555746152456,0.1845328370455792,2.9184809773570186,0.0035174133580506,0.0208115746188497,ITPRIPL2
2.796720771980368,0.7726313110690364,0.265113089491693,2.914346147715372,0.0035643444955446,0.0210239380688589,TCTEX1D2
3.2455820590255686,0.9153635766986228,0.3141101951987617,2.9141479349926915,0.003566608491925,0.0210239380688589,OAS1
17.06766790241098,0.8909624044667167,0.3057564477955431,2.913961131123868,0.0035687433730886,0.0210239380688589,NKG7
39.77002924103876,0.311029984104936,0.1068791855400067,2.910108105085739,0.0036130376096425,0.0212389426679062,DNAJC8
10.106321003736811,0.4752798981875393,0.163443995989289,2.9079067439019655,0.0036385682477193,0.0213582910575536,RUVBL1
8.581185641548394,0.4296713294302492,0.1479069345941265,2.90501138847422,0.0036723973772732,0.0214950995484955,DTX3L
4.381441628722973,1.2608865505984497,0.4341689734629467,2.904137853383615,0.0036826597114934,0.0215397369381623,SUCNR1
44.36586865461611,0.3746063231062148,0.129007462609668,2.903757003884682,0.0036871421071098,0.0215505280094379,MBOAT7
26.385771822030396,0.3803287076719067,0.1310734212704938,2.9016462985812295,0.0037120740299813,0.021680741171535,ZNF428
31.657321617529117,0.3458421503490061,0.1192392732224124,2.900404715683901,0.0037268112608171,0.0217512677229548,RALY
5.267443105277209,1.602806096765517,0.5530486925892361,2.8981283533310216,0.0037539692432615,0.021894134680007,CSTA
20.66001015590581,0.3119983546213805,0.1079484734160775,2.890252587628649,0.0038493239947208,0.022333613229333,UBA2
103.18535143848374,0.4706424378870369,0.1628463991586232,2.8901003664723337,0.0038511884763346,0.022333613229333,TKT
9.689273244178136,0.3913895414135243,0.1355262800056452,2.8879235923632027,0.0038779406113159,0.0224568764954379,LZIC
3.892772703044107,0.7597626337293334,0.2632647424474552,2.8859262606384672,0.0039026358271023,0.0225519358863179,CPNE2
17.06484801169497,0.4461163035443584,0.1548072103670959,2.881754037725234,0.0039546830373752,0.0227895794525223,JAGN1
35.13816738640729,0.3515328683365476,0.1219865172680636,2.881735426252551,0.0039549166153073,0.0227895794525223,SNRPB2
7.435506280542401,0.4630817517676212,0.1607252869256187,2.881200342681164,0.0039616373877366,0.0228122192355155,BLCAP
21.23949256497976,0.4662397126826472,0.1622098882881367,2.8742989567593815,0.0040492547434636,0.0232022864718384,TRAPPC6A
15.85630437540911,0.4717889820394904,0.1641572047261363,2.8740071617726217,0.0040529977239839,0.023207459287087,AKR7A2
6.4778559187604055,0.4052922829293232,0.1410585273316213,2.8732207162244223,0.0040631014451293,0.0232327515102534,MYD88
16.064019416117272,0.6826270608597519,0.237763733696825,2.871031045172669,0.0040913534144357,0.0233615994055588,COTL1
5.578403772551181,0.4970520417997327,0.1732223364339258,2.869445430839855,0.0041119227795194,0.0234462812501419,TSFM
327.78008267690103,0.6373840068499937,0.2221763573008013,2.868820132769793,0.00412006022049,0.0234591811115808,ANXA1
8.89199594839126,0.5026783508102094,0.1752412259703535,2.8684936893516717,0.0041243142603137,0.0234591811115808,APIP
16.88000565084341,0.4711544302603666,0.1644759971467801,2.8645786524091004,0.0041756444202051,0.0236774396651603,NAA10
37.61090013634135,0.2289754811660321,0.07999107940539,2.8625127060181055,0.004202964083235,0.0237712586663176,CAPRIN1
14.572866971347889,0.3613949606344701,0.126253822925149,2.862447665040028,0.0042038267987797,0.0237712586663176,VBP1
53.69826285015537,0.2264753899224871,0.079167503345065,2.860711533814015,0.0042269146170685,0.023879243829684,NONO
11.263562294720057,0.354577867679141,0.1239866770655329,2.8598061991106474,0.0042389997161678,0.0239204880392319,GORASP2
5.518544742879488,0.6795949681121162,0.2376704535553141,2.8594003080570167,0.0042444280274915,0.0239345903468827,MARCH2
22.956032045672163,0.6237495912446355,0.2182325802865726,2.8581873083549545,0.0042606880539526,0.0239931647752221,CAPG
5.198348916793813,0.502899060793811,0.1764731521742911,2.8497199409524345,0.0043757740074707,0.0245904053748578,MAPK9
11.319213610094346,0.3208552258128089,0.1126247261737004,2.8488879548346753,0.004387232808851,0.024612383763291,COMMD9
14.215768891095996,0.4585891450898005,0.1609773808701092,2.8487800125151166,0.0043887214714374,0.024612383763291,GGCT
46.120514293721094,0.3353475132443643,0.1177269616741758,2.8485192217266304,0.0043923199993769,0.0246156699004864,MTPN
26.34791516726594,0.3172822962151433,0.1114023985271594,2.8480741923863637,0.0043984669237422,0.0246332236010265,PSMG2
37.60971279100155,0.3560182433349064,0.1250536034635779,2.8469251063092904,0.0044143746369932,0.0247053802458025,UQCRC2
7.1001135546215535,0.4415819294484822,0.1551272021653162,2.8465796023182075,0.0044191679095974,0.0247152778845453,ACOT9
7.128733578628967,0.6223830036087393,0.2187213934393616,2.845551565952734,0.0044334580544106,0.0247613026401843,PDE6G
24.518917243560473,0.3277227367545394,0.1154837707662088,2.8378250431222733,0.004542207247378,0.0252995060792952,MAP4
9.184863603700244,0.5123608330233955,0.1805774386543742,2.837346884757047,0.0045490159640089,0.025320169919562,HINT2
16.20553757718009,0.3592071018985538,0.1266763339014072,2.8356291253118067,0.0045735522598641,0.0253830042831961,OXLD1
18.79313424303961,0.2997751011855494,0.105721572223527,2.8355149746707795,0.0045751870153029,0.0253830042831961,CCDC90B
34.60653111967549,0.4555884945177725,0.160674794900155,2.8354695881260032,0.004575837144676,0.0253830042831961,GTF2A2
3.8560005176560286,0.6137654039278143,0.2164781265363279,2.8352305784797904,0.0045792621654206,0.0253847701178099,B3GALT6
22.718452976857424,0.4114138586235574,0.145219950324218,2.833039521808368,0.004610768496668,0.0255247895570965,PDCD5
49.52395891937093,0.2824378133154839,0.0997403780139767,2.831729926629168,0.0046296934414408,0.0255948749052865,UBE2I
22.66653968105491,0.3401255787442922,0.1201803272966109,2.8301269134077622,0.0046529542972412,0.0256887091640259,HTATSF1
12.871034686535577,0.2764765112677692,0.0977219597778293,2.8292157862607135,0.0046662225128584,0.025731931577084,CS
10.04093584602668,0.4133037853168974,0.1461457668884148,2.828024335678931,0.0046836246001244,0.0257883400320867,BLMH
9.137687233261822,0.4575206356637403,0.161912021148731,2.8257360535538347,0.0047172116645881,0.0259034519565524,TMEM223
2.9103181277145613,0.5952899795955708,0.2107403765148641,2.8247552246049223,0.0047316747641362,0.0259654227654514,SPRYD4
35.03193007596707,0.4450788874999358,0.1576605148051139,2.823020640583998,0.0047573508718875,0.0260561662082367,NHP2
12.589252119164447,0.4555055017190889,0.1614029736866445,2.822163007996551,0.0047700924733484,0.0261061122570197,HSD17B4
15.74747594196928,0.3769881947129279,0.1337128184747424,2.8193870940214967,0.0048115454739199,0.0262626172794922,TRAPPC3
15.814229260313311,0.598813368276386,0.2124508879919105,2.8185966833858886,0.0048234082305357,0.0263040647330766,RHOC
7.920582047687328,0.4593334384877653,0.1631526175330793,2.8153605221481364,0.0048722541358157,0.0264878167290424,RAB9A
4.052499857728965,1.059844059423316,0.3766307649112758,2.814013506498831,0.0048927172605034,0.0265813781486528,CACNA2D4
5.884629504155668,0.6557997746822812,0.2330809110478425,2.813614258388027,0.0048987973381457,0.0265967262790623,FADS2
24.94435875598119,0.3542963035318751,0.1259848578173967,2.8122133855593527,0.0049201850789452,0.0266795051849058,STX7
11.769602304977832,0.455602652185604,0.1620575826422785,2.8113627561092827,0.0049332131896242,0.026729928147773,TMEM126A
17.351806214382762,0.3842046762345175,0.1366735739294149,2.8111116523003914,0.0049370650174331,0.026729928147773,TNIP1
3.781586763252875,0.6599593629911632,0.2347823810962327,2.8109407524947914,0.0049396881046551,0.026729928147773,SGPL1
55.55761781641149,0.26483115896138,0.0942984956390095,2.808434611461864,0.0049782991130903,0.0268938387302974,HADHA
29.83007215311143,0.3498296943521249,0.1245857163903871,2.8079438356796844,0.0049858921583189,0.0269086689733316,PFDN2
6.582532002820392,0.5197276869117043,0.1851391375876424,2.807227546178194,0.0049969930396622,0.0269507789617693,THAP11
68.59933641394987,0.3815943414578119,0.1360203049039628,2.8054218943799354,0.0050250758392949,0.0270843632472818,EIF5A
104.40967541003764,0.40432801556819,0.1442414242891859,2.803133826227085,0.0050608664692081,0.0272010029199784,EIF3L
12.148526227468125,0.6051022401075948,0.2158785813491507,2.8029748774795498,0.0050633613316959,0.0272010029199784,QPRT
16.62503293607317,0.3400934636691802,0.121533338611573,2.798355311838645,0.0051363575918432,0.0274667394521933,TPGS2
19.33629184646749,0.3551086771225198,0.1270040551341071,2.7960420377723425,0.0051732670966436,0.0276460205668251,DCTN2
46.66514132532169,0.383400310747459,0.1372654097111784,2.7931312888962747,0.0052200500744491,0.0278414028448589,TMEM258
37.50705223088575,0.3867541155459731,0.1384774143305165,2.7929039361095547,0.0052237202441746,0.0278428037280827,SNRPG
6.7650571893258205,0.6138840788008694,0.2207852690075373,2.780457598282574,0.0054282348050137,0.0286525236380925,CCDC28B
3.542563541179463,0.5439112038787438,0.1956813111093932,2.7795766534632276,0.0054429805747589,0.0286833477723284,FADD
10.243525410378435,0.5055716280006481,0.1819027934257858,2.779350544756287,0.0054467711417132,0.0286833477723284,TMEM141
10.422087249021144,0.7741949286002222,0.2785814671756518,2.77906113586542,0.0054516263725891,0.0286833477723284,CD33
37.0792016628983,0.2387307812586546,0.0859762506692815,2.7767061182623847,0.0054912804967931,0.0288362808093167,ZC3H13
32.17068615540727,0.3412447585876999,0.122969372061934,2.775038636578794,0.0055195150209413,0.0289102289975076,TMEM14B
11.91988533138489,0.5333402034027699,0.1923720874519877,2.772440692758408,0.0055637656788301,0.029086071248702,CTSZ
12.486794232084945,0.4078383589855179,0.1471239528231191,2.7720731475713176,0.0055700518410115,0.0291003155964866,EBNA1BP2
27.487458887737137,0.3266929146068567,0.1179510882269687,2.769732094189875,0.0056102417432171,0.0292728513945256,VASP
9.958662948215435,0.3323782931072916,0.1200497689339503,2.768670827597855,0.0056285470126711,0.0293496219786444,VAMP3
7.897728362298634,0.5991001355587247,0.2164355046901418,2.7680307647140503,0.0056396131762146,0.0293885709584504,HIGD1A
34.22567181175039,0.5471490722997773,0.1977406048111082,2.7670041407147594,0.0056574036572606,0.0294624890270723,EMB
25.645961320268324,0.3590058098366597,0.1297570562868636,2.766753655716254,0.0056617520151562,0.029466353959135,NDUFS6
9.402986293419456,0.4028634239052987,0.1457657935253149,2.7637720356891147,0.0057137442236944,0.029680231437894,ACTR1B
1.8612215955213287,1.0995026673581485,0.3979413426898301,2.7629767239719563,0.0057276850820098,0.0297337451112468,ASAP2
27.657433284571535,0.3632989033484043,0.1316711508328238,2.7591382094751067,0.0057954018796107,0.0300183793936871,TM9SF2
9.337749040874389,0.4627809064537591,0.1677384151149012,2.758944074538638,0.0057988457918781,0.0300183793936871,C15orf61
11.224514090577458,0.4528021345857238,0.1641577891354871,2.758334752011096,0.005809667030832,0.0300448033600813,LACTB
3.960360168803744,0.5332386435311599,0.193355534103262,2.757814230682337,0.005818925624234,0.0300736503957094,ZDHHC16
25.63603574221461,0.4549174468492997,0.164985734786199,2.7573138213362265,0.0058278390218344,0.0301006780324961,UBE2L6
49.3428254954131,0.4665684557036789,0.1694656237694981,2.753174628137508,0.005902040505989,0.0304454374838615,RABAC1
3.932747351948132,0.5337440097952774,0.1939417886844575,2.7520835680425555,0.0059217407409872,0.030522165498849,C11orf68
23.42290989116421,0.3357235896954336,0.1220079925896369,2.7516524333336916,0.0059295416521491,0.030522165498849,CCNDBP1
3.481653500539049,0.5462942660693266,0.1985423884271355,2.751524600852754,0.0059318564205326,0.030522165498849,PCYT2
35.00226631358731,0.4267445878982269,0.1551797239198981,2.7500022368805555,0.0059594857878079,0.0306257599825024,ALKBH7
9.302558355474774,0.4875649270962124,0.1773296336570827,2.7494836426440585,0.0059689241961957,0.0306353224495817,PEPD
12.419620840701928,0.4300049390420743,0.1564062581844838,2.7492821836762835,0.0059725943779444,0.0306353224495817,REPIN1
30.46385499249843,0.3926372524707722,0.1430256256464644,2.7452231073703266,0.0060469772208292,0.0309320113949145,LGALS9
9.69093042563058,0.5932795874743532,0.2163464784421204,2.742265978843166,0.0061016911296287,0.0311800614260141,GPX7
19.613541089367107,0.3535744020445288,0.129021234590914,2.7404357365328473,0.0061357779544683,0.0313346510412256,PSMF1
18.364061067493544,0.3106360197880308,0.1134436058945787,2.738241766368919,0.0061768648651555,0.0314854415553249,RER1
40.23204935918649,0.3938976646313261,0.1439051852992106,2.7372027200571405,0.0061964096005828,0.0315457089385436,LSM2
60.52580838063488,0.4088568202538262,0.1494063380972393,2.7365426759052665,0.0062088541087218,0.0315893816453089,LIMS1
29.436759519156357,0.2353200968527485,0.0860233289459935,2.7355381352479995,0.0062278369603957,0.0316465521165385,RAB14
13.668235707541363,0.4471580729484536,0.163560150894662,2.7339059697764507,0.0062587915084414,0.0317643387673758,IDH1
18.388933235955864,0.3671054840781853,0.1343023363777509,2.733425895478326,0.0062679225966104,0.0317909345356324,BID
2.580875612447772,0.5521725449215141,0.2020543896875046,2.7327916298947965,0.0062800048144259,0.0318324561654309,C5orf22
12.138398433045143,0.4017881466416678,0.147081427698879,2.731739505984751,0.0063000931143099,0.0318947093166212,NIT2
7.475414407422352,0.4008378508486398,0.1468129383313667,2.7302624373876485,0.0063283925200479,0.032018139493072,SLC52A2
2.2279413748604404,1.121917541827422,0.4110415500586774,2.729450445258551,0.0063439983003276,0.0320772339801837,ZG16B
44.47291567223931,0.5365127647916521,0.196679578426753,2.727851915705926,0.0063748218857466,0.0322131537590823,CTSC
21.931232993245366,0.4099688504133759,0.1505029396108661,2.723992311866955,0.0064498007885771,0.0325316803971997,MAPKAPK3
3.621122636002293,0.6920475021662731,0.2540988795987654,2.7235362204628766,0.006458713299855,0.0325484854173206,F8A1
73.31625305142441,0.3724394195361426,0.1367545995590093,2.723414208641923,0.0064610994182956,0.0325484854173206,PPIB
6.257584812514363,0.4301486399450429,0.1579901139166571,2.7226301018553274,0.0064764526993578,0.0325761205110819,FAM98A
114.13045022731652,0.3494841340102595,0.1284815092746611,2.720112302410384,0.0065259748616458,0.0327651507128608,EIF3F
14.106022131883751,0.380490931675518,0.1399814071670949,2.7181533560476963,0.006564740336835,0.0329082780934229,TIMMDC1
2.622979742145324,0.647602671075075,0.2385718927034799,2.7144969331319255,0.0066376514927733,0.0332329965364282,INTS5
20.45238225263853,0.3174538050064745,0.1169745807362153,2.713869996442662,0.0066502258345754,0.0332755635605119,RAB4A
29.90305675483034,0.3335396614900132,0.1229579599098236,2.7126317135924225,0.0066751247651406,0.0333389024791959,MAGOH
30.901993244536985,0.3490445995272246,0.128734358814017,2.7113554045931942,0.0067008759887141,0.0334062585135958,ANXA7
17.981128745266417,0.5312918971091657,0.1960405199350551,2.7101126710191017,0.0067260355569636,0.0334908205581659,EVA1B
6.479926268094653,0.3622774717965368,0.1337812928061836,2.707983038565701,0.0067693481918925,0.0336654559196311,RNF34
9.908678907822171,0.4078930618551117,0.1506435706507627,2.7076698998374837,0.0067757379275096,0.0336767363781517,UCHL3
215.15562145368412,0.4282427279959035,0.1582583739543512,2.705971995639408,0.0068104788922458,0.0337877492583733,ARHGDIB
44.10754856723101,0.465704705295782,0.1721407888703836,2.7053710416445367,0.0068228133642335,0.033828402912107,TGFB1
49.80144844323939,0.3617652205059727,0.1338096923430833,2.7035800932747045,0.0068596913955991,0.0339500130330257,COX7A2L
20.50200859790368,0.4429063835952579,0.163822514839728,2.703574560728513,0.0068598055950955,0.0339500130330257,MAP2K2
7.57365630918832,0.7191196136888748,0.2660771941001569,2.702672869506371,0.0068784406054218,0.0339599626506961,TP53I3
45.65016505089939,0.3795879223174622,0.14057115912547,2.700325761550079,0.0069271611114337,0.0341018065536494,NDUFA11
34.82902311747482,0.2891357557073839,0.1071036737327247,2.699587657739145,0.0069425463752012,0.0341339128002133,PSMD8
18.34910601825385,0.2459928447130486,0.0911278636654323,2.6994251244184646,0.0069459383907695,0.0341339128002133,DYNC1LI1
3.299428098520612,0.6309081655991654,0.2337242425969669,2.699369815424327,0.0069470930102502,0.0341339128002133,MORN2
10.900737498156706,0.3949309562987905,0.1463354280884413,2.6988061705748003,0.0069588693814983,0.0341712269929222,SURF1
32.87096800668932,0.4036340643451688,0.1496115210124371,2.6978808958944747,0.0069782402556368,0.0342117748848077,DDOST
16.0871943920582,0.3076981522711127,0.1141368324442737,2.6958707866835487,0.0070204894119709,0.0343578160407651,CTR9
15.91910173220202,1.117257905263578,0.4144726701331776,2.6956129698601905,0.0070259248813186,0.0343578160407651,LTB
13.525439970368394,0.4097320447372127,0.1520005893115112,2.6955951065262287,0.0070263016282117,0.0343578160407651,SMIM19
13.98171491293871,0.3764569101035552,0.1397739053992205,2.6933275494329463,0.0070742731445512,0.0345510375756895,GNB4
10.311233358896176,0.3628409017088436,0.13477757054921,2.6921460316452506,0.0070993852106344,0.034611620856858,PLRG1
7.433710997322285,0.4116890282551735,0.1529443890587281,2.691756335677616,0.007107685372066,0.0346314234795181,NFE2L1
25.207378045055588,0.3359429278904853,0.1248931038886144,2.689843693772676,0.0071485493116154,0.0347890389667716,CCNB1IP1
10.03074704500769,0.3754952381815649,0.1396640181634081,2.6885610418442374,0.0071760714144085,0.0348606893740381,MCUR1
12.49088599274194,0.7601165252932027,0.2827709254713877,2.6881000018869172,0.0071859872488671,0.0348674001249962,RUNX3
32.2173502093135,0.3944825171555624,0.1471704789382879,2.6804459698808096,0.0073524132729233,0.0355482655935244,ERGIC3
21.287571491572766,0.5085498660145688,0.1897699138245512,2.679823454442522,0.0073660998576768,0.0355933778456992,JUP
37.6065175854318,0.3289833364314502,0.1227806737566122,2.67943908732406,0.0073745619371581,0.0356132066126001,NDUFB10
134.50474766590327,0.3822933137575061,0.1427324786864034,2.678390491609413,0.0073976917836419,0.0356452672393786,UQCRH
4.136771457660712,0.5320821039809489,0.1987155466510566,2.6776068251734824,0.0074150203064925,0.0356941537436329,SLC35A5
3.185772863757947,0.8924159718847913,0.3333027884258334,2.677493267006891,0.0074175343356613,0.0356941537436329,HYAL3
4.776191635483956,0.4157313821194506,0.1552838098799384,2.677235846034971,0.0074232361301505,0.0357005664623072,ACOT8
13.56477587209624,0.401351198816087,0.1500216410489145,2.675288685085284,0.0074664926266972,0.0358663793372975,SHISA5
44.3862213851957,0.3637822397396418,0.136072802318888,2.6734382884767394,0.0075078088307697,0.0360198180541985,VPS28
14.209748018555333,0.354720970237565,0.1326916898313927,2.6732719335197106,0.0075115332788724,0.0360198180541985,BLOC1S2
18.76987121896287,0.4455039622028833,0.166651546411575,2.673266296027243,0.0075116595232351,0.0360198180541985,AP3S1
53.24447832467459,0.4456377228145938,0.1667879683393145,2.671881714561002,0.0075427231138519,0.0361263719597213,PKM
102.49863427252822,0.364435282980515,0.1364226552538438,2.671369226045368,0.0075542501551228,0.0361603854818447,EIF3K
31.30684319285008,0.336383163185312,0.1259898605386337,2.6699224981058136,0.0075868756558636,0.0362952933161956,LSM3
10.04132261397167,0.4385435845673469,0.1642866980548196,2.669379747476649,0.0075991478999217,0.0363327311236167,BLOC1S4
13.497858934460783,0.3855198469083332,0.1444469972461172,2.66893638675965,0.0076091860214923,0.0363548034898881,HSD17B10
12.542795981030322,0.3868093630525195,0.1449714129519142,2.6681768162170076,0.0076264110733056,0.0363865094707614,CHD1L
663.0263559362447,0.4298904753670818,0.1611347128809891,2.66789487926534,0.0076328135474166,0.0363865094707614,EEF1B2
31.25491170275292,0.2898713583812362,0.1086594258079093,2.667705596877326,0.007637114642315,0.0363865094707614,SSU72
5.450283213726132,1.2751070990604447,0.4780684161159518,2.6672063162423543,0.0076484703035089,0.0364193769521976,CCNA1
98.34238920126565,0.2149344491896193,0.0806097123923237,2.6663592116982557,0.0076677715135564,0.036490018076453,MTDH
4.416865999090986,0.9080544960298128,0.3406647253869028,2.6655371934928365,0.0076865428575697,0.0365580568621667,ENDOD1
47.56892508036023,0.3544950858377976,0.1331018631705825,2.6633367662440524,0.0077369939546513,0.0367552195368931,TRMT112
2.613781549624622,0.6500088918746088,0.2441696840580632,2.6621195599370053,0.007765029186168,0.0368455595122989,GEMIN2
3.8710707631370114,1.179140121387978,0.443012231782693,2.6616423583680446,0.0077760451178843,0.0368550259038472,TNFRSF18
21.764533094579797,0.3858608396933303,0.145004048030495,2.661034949949686,0.0077900870560769,0.0368927466468793,IAH1
28.621363480927595,0.3560646880977829,0.1338230564880053,2.660712566594961,0.0077975490710024,0.0368927466468793,PSMB7
6.375162813194539,0.443840364875893,0.1668720762563497,2.6597641428878913,0.0078195388152451,0.0369539917058231,POP4
30.77131847983119,0.3738641579273461,0.1406463681465697,2.658185652812141,0.007856260209858,0.0370846344163781,NDUFB1
9.879721043547686,0.4466435491840014,0.1680678251706431,2.6575196574984776,0.0078717999562505,0.0371365343201635,DHRS4L2
111.77345442164872,0.3746900031852123,0.141010231277171,2.6571830979322217,0.0078796634079233,0.0371521810191238,EIF3H
5.335969658122019,0.4896679980812687,0.1844467953193523,2.654792658411086,0.0079357169202881,0.037368450229838,RASSF7
27.887815016200697,0.2865739018313587,0.1082639014907449,2.6469940385055932,0.008121078464371,0.0381144928962524,PPM1G
2.6124085492522733,0.5930266385271828,0.2240957727127736,2.646308903324439,0.0081375468566465,0.0381260867922355,SLA2
33.000442357535434,0.4088882039782955,0.154693311392082,2.643218380282371,0.0082122049770272,0.0384186269064479,RANBP1
25.27587538846117,0.4016910838710869,0.1519916309456355,2.642850013332405,0.008221144420952,0.0384186269064479,TMEM256
8.536367024394563,0.4106289189747137,0.1553898288302196,2.6425726964624605,0.0082278800270702,0.0384186269064479,RBMX2
38.93098860258961,0.3381737809721705,0.1280020071565564,2.6419412358007617,0.0082432356766269,0.0384668639141741,SUMO1
43.61255976148322,0.3099489630915082,0.1173799864905382,2.640560561970183,0.0082768998076303,0.0385798906606661,BCAP31
2.6900274122487757,0.5781517531790771,0.2189671396894765,2.640358521369784,0.0082818363444228,0.0385808921153245,ABCB10
30.22064124925132,0.3033860631028228,0.1149545379281668,2.639183007219808,0.0083106104264485,0.0386583342382629,RAB8A
156.53247235654493,0.3957672791046308,0.1499629905206398,2.6390996720631565,0.0083126536845707,0.0386583342382629,COX7C
6.751632899772925,0.7139021765363454,0.270631040019096,2.637916834986747,0.0083417036480675,0.0387633160336257,FUOM
16.134529149940033,0.3220582993273766,0.122093783918281,2.637794398631584,0.0083447158124033,0.0387633160336257,SF3A3
19.495579774244955,0.2945718632094308,0.111726671305318,2.636540225963123,0.00837562689337,0.0388847996282538,STAU1
32.2633081072272,0.3322502691497232,0.1260346612847851,2.6361817119417483,0.0083844818455459,0.0389038053151367,CNPY3
15.622870484864974,0.2918008526855205,0.1107780545291463,2.6341034235146816,0.0084359787399652,0.0390761804332518,KCTD20
5.8483004804079695,0.498403969203104,0.1894199429964284,2.6312116946023028,0.0085081020752777,0.0393433514754356,RNF141
17.872734782188918,0.3750844668774078,0.1426776610408583,2.628894139006073,0.008566302292431,0.0395676970217376,UQCRC1
5.8828898444228175,0.535869997259211,0.2039142471684789,2.627918375985089,0.0085909126871956,0.0396589534277263,CISD3
9.268033608680584,0.4014238933352809,0.1527962669338428,2.627183905671518,0.0086094789454106,0.0396681556549956,APEH
20.199329989746467,0.3534208246146321,0.1345339743388879,2.627000550242969,0.008614119474419,0.0396681556549956,SYNGR2
32.48631962918773,0.342431039094752,0.1303660873215441,2.6266880147300578,0.008622034566549,0.0396681556549956,STRAP
7.887838982464659,0.4448126724306039,0.1694276664656339,2.625383927605638,0.0086551313187806,0.0397645427144181,HK1
6.084438687027369,0.5540074393332804,0.2110273444790078,2.625287451259147,0.0086575843212519,0.0397645427144181,THG1L
9.74447899059312,0.3285681199596516,0.1251957073977068,2.624435987376912,0.0086792605537797,0.039841706733109,STX8
23.134887319230128,0.3691474971637115,0.1406710333308145,2.624189845080554,0.0086855357787126,0.0398481262480969,ARHGAP30
71.01664291104991,0.3332888643012633,0.127186010048041,2.6204836850796145,0.0087805131375638,0.0402161282774857,EDF1
167.54553255712577,0.4461953480716368,0.1703623801235861,2.619095528883507,0.0088163254584724,0.0403172092509065,LDHB
22.538362515594105,0.3436732770494163,0.1312399197229614,2.6186641821702374,0.0088274800928387,0.0403182447392874,FDPS
14.94847042501372,0.3606569615291566,0.1378035836989543,2.6171812941893284,0.0088659238475281,0.040426040043612,PMF1
16.004975488680653,0.3629351737701523,0.1386881756726943,2.6169150470814717,0.0088728420982746,0.0404350210736208,GLRX5
15.439658399231009,0.3308705460650017,0.12646341641081,2.616334078704511,0.0088879549124487,0.0404813152673458,IRF2
31.40387814662233,0.354715372717679,0.1357274862927588,2.61343801765084,0.0089636340856896,0.0407347410164955,ECH1
4.494624685214597,0.5616756232592907,0.2149349351769322,2.613235595213617,0.0089689451954747,0.0407347410164955,STK32C
4.5546693564870475,1.317269913819924,0.5043781949363353,2.611671017987198,0.0090100910847285,0.040813114484973,RAB31
6.316284081436452,0.5162995733269897,0.1976912602468926,2.61164592042255,0.0090107524820574,0.040813114484973,CETN2
133.0595216728452,0.2011007462043153,0.0771369544632108,2.607061007318185,0.0091323087684276,0.0412950165726744,HNRNPK
5.8292962083367135,0.9569720664796536,0.3672755140754313,2.6055972418654356,0.0091714235673127,0.0414489502038231,TESC
6.037363133367858,0.4759916232428932,0.1829729676322085,2.6014313994167564,0.0092835630210509,0.0418862470706832,NR1H3
4.760084222584672,0.6699302879239991,0.2576534925373517,2.600121121303567,0.009319086191606,0.0419642497873654,SAP30L
5.804872205038463,0.4478023590207831,0.1723264941512051,2.5985694261723102,0.0093613112794987,0.0420512778805852,WBP1L
9.593241458989176,0.3752894290849066,0.1444883765283226,2.5973676090916724,0.0093941326127644,0.0421755261422516,COA5
16.764316449443278,0.386572753035051,0.1489019698143657,2.5961560717899617,0.0094273232657628,0.042263682058102,HPCAL1
23.886500692438215,0.3516249119020272,0.1355915200521197,2.593266243839342,0.0095069141759333,0.0424718402031446,CYC1
2.383431693115704,0.5750507329258192,0.2217899970550932,2.592771272651106,0.0095206064963313,0.0425097681319798,ZNF792
7.1546375799516815,0.3946219289742088,0.1522235252456261,2.5923846418446246,0.0095313140420476,0.0425343348102519,GLRX2
13.19760875837394,0.4017546234738314,0.1550228367873473,2.5915834840833067,0.0095535358910035,0.0426102302212826,CLPP
14.268087284171724,0.3894074214319814,0.1505139922819301,2.587184191504112,0.0096763851353149,0.0429938787061764,KRCC1
92.88777999615596,0.2842614632835931,0.1099232574140148,2.585999268680248,0.0097097136562541,0.0430716993948169,CALM1
25.682939070363,0.2679065619081977,0.1036540041549144,2.584623373620978,0.009748542040526,0.0432204758617136,UBE2R2
5.892162057970902,0.5303365662594077,0.2053377945593909,2.5827518377578347,0.0098015797597392,0.0433896430307968,TMEM60
78.00667356932045,0.2725236292517491,0.1055182778954414,2.582714906717811,0.0098026289358525,0.0433896430307968,EIF3M
99.483734215065,0.3302433359245987,0.1279028358170877,2.581986035062393,0.0098233559826592,0.0434578460932909,PSME1
211.0518558324544,0.2518277279577094,0.0977022142171048,2.577502771821743,0.0099517083372249,0.0439068082200135,CCNI
20.58321137582544,0.2845834850106716,0.1105815085257756,2.573517840411242,0.0100670456610361,0.0443199515605207,SDF4
17.853934707687916,0.4857067183511102,0.1887539927361585,2.5732261941077668,0.0100755334511726,0.0443334323260804,PCBD1
17.97238121881774,0.2903679236157101,0.1128557770852155,2.5729114726351847,0.0100846999471352,0.0443418618290998,COA4
23.35996485786957,0.3511518673362557,0.1364924292663794,2.5726838420535825,0.0100913344837475,0.0443418618290998,PCMT1
143.0849333086966,0.2123006055545372,0.0825396526765499,2.572104420968243,0.0101082398722663,0.0443651721269928,LRRFIP1
6.46677654926968,0.3687863561865034,0.1433927544576398,2.5718618599759724,0.0101153244000229,0.0443651721269928,COPG1
17.553853658245554,0.2317278735358286,0.0901846894587421,2.5694813047156972,0.0101850887282062,0.0445754472405856,PSMD1
14.35536913780818,0.4383020306823298,0.170667503550817,2.5681633677369833,0.0102238960080196,0.0447013558602648,IFNGR2
23.774322257760545,0.462100588935248,0.179936410716324,2.5681327480949117,0.0102247991803738,0.0447013558602648,PHPT1
8.677126734253685,0.4975391549378465,0.1937773705483262,2.567581310087831,0.0102410768349411,0.0447286403481888,TSTA3
14.674569247013116,0.3888597382652214,0.1514931410743966,2.5668471556362844,0.0102627838122781,0.0447955163088272,PPP6R1
10.050215786842877,0.3415163066278815,0.1331568446585373,2.564767192431255,0.0103245052862808,0.044992817436907,NRAS
27.128060654353572,0.3550950310840338,0.1385927334010668,2.562147541000157,0.010402711566284,0.0452371241128828,RAB11A
7.376835936771816,0.4258716419040125,0.1664059208449196,2.5592337084021146,0.0104903190927836,0.045521188160985,DPH5
4.702682482803762,0.4808378397652757,0.1879112540974383,2.558855998672358,0.0105017232663311,0.0455464866290825,CSTF1
12.332660618738789,0.3761199661007052,0.147004250345712,2.558565247033187,0.0105105094290906,0.045555998320024,KLHDC3
15.796283205199597,0.3353456659752384,0.1310789183160064,2.5583493538357067,0.010517037690155,0.045555998320024,MCTS1
8.714178728270946,0.4405090098263581,0.1721928740049071,2.5582301960637723,0.0105206423730125,0.045555998320024,BCKDK
91.16968863337668,0.3029372573963009,0.1184256612164553,2.558037289254396,0.0105264803933298,0.0455571352192256,PEBP1
16.76106824673886,0.4579204996830577,0.1791116721628766,2.5566200915518453,0.0105694580705919,0.0456475757115961,DNAJC15
21.226138422458614,0.2671493134749067,0.1045378666408418,2.5555267393464716,0.010602721445662,0.0457417301649972,PSMD2
86.77795230320922,0.4887072228243782,0.1912722033013017,2.5550352554602074,0.0106177043129782,0.0457821962751163,CAT
4.912600283608569,0.4437684893203578,0.1737072487919969,2.5546918301132138,0.0106281847939384,0.0458032162190249,SNX19
53.81440508884035,0.3438780559142863,0.1346409242628439,2.554038141055634,0.010648159170839,0.0458651073194127,CCT8
27.555124151586902,0.2740716327054797,0.1073699581517643,2.552591408465367,0.0106924848363366,0.0459874720002382,LRRFIP2
57.69733350620454,0.3017644916218506,0.1183930015774803,2.548837242076051,0.010808272917707,0.0464327398511915,POLR1D
28.87552110261866,0.2953362612486854,0.1158970844862643,2.548263078038754,0.0108260795305872,0.0464844434284963,UBE2J1
9.874282776247949,0.4006571952648581,0.1573616597826314,2.546091569053722,0.010893660819704,0.0467255131537018,EPN1
3.3343556617918084,0.88510091457974,0.3483909984191133,2.540538988079613,0.0110681752630673,0.0473595575544971,NCF2
25.876483775731327,0.316897682055029,0.1247399467394402,2.540466709649736,0.0110704632149173,0.0473595575544971,WAS
26.237503158514713,0.3038223163182888,0.1196496920079168,2.5392653438521657,0.0111085536655605,0.0474881546694985,UBE2N
43.231915914118865,0.2461180018719991,0.0969355181014737,2.5389868099158313,0.0111174014577142,0.0474881546694985,OCIAD1
6.5960193475261235,0.4240468443529945,0.1670844240827435,2.5379196575678304,0.011151358135129,0.0476059285904593,ZNF264
31.34449641729562,0.2616044172437347,0.1031182111501735,2.5369371164008454,0.011182703916725,0.0476717505164958,TXNL1
5.858901521196481,0.5059538482777961,0.1994387958009126,2.536887801823967,0.0111842792485769,0.0476717505164958,NUP37
4.717186604503616,0.5126587973839013,0.202156152430826,2.535954464998652,0.0112141314596668,0.0477425168644325,MOSPD2
433.5392538654131,0.4252619952641165,0.1677543903770338,2.535027514381742,0.0112438494279186,0.0477761277563823,BTF3
44.61565498447517,0.2917330710543748,0.1150894177404172,2.534838361180826,0.0112499222500587,0.0477770866451298,CLNS1A
59.031872464737226,0.3084960200062908,0.1217953363484296,2.5329050294976128,0.0113121596846915,0.0479666096438063,CCT4
9.312769616245705,0.3641191546836289,0.1438839246032773,2.5306451411274273,0.0113852969450539,0.0482266777283751,NIPA2
31.39229188101823,0.3093929674086035,0.12231920060494,2.5293900375286484,0.0114260971823588,0.0483512692171578,BIN2
73.83308289205536,0.2616491483002056,0.1034441378395479,2.5293762775233253,0.0114265452035652,0.0483512692171578,EIF2S3
5.955201965508111,0.4925766216035747,0.1948076057508674,2.5285286973523693,0.0114541722130516,0.0484430854828391,PGM1
17.395309171574965,0.4191659065773774,0.1660286183303097,2.524660572332521,0.0115810084722478,0.0489035763445672,TPST2
11.997762868348133,0.3631128845047864,0.143913391847371,2.523134781576754,0.0116313810789455,0.0490909167335041,UBE4A
9.7437058509265,0.3977607290716262,0.1577020383239228,2.5222294733731885,0.0116613608157782,0.0491920388362022,MZT1
53.475191817929385,0.2727459100074086,0.1081915300794938,2.520954364976707,0.0117037029460445,0.0493451789329874,UBE2D2
16.125999012018077,0.3388686614081341,0.1344490220968622,2.5204248876127937,0.011721325173486,0.0493835175866468,GOLGA7
7.067811760983498,0.4153223286109357,0.1647896493134556,2.5203180560262486,0.0117248836272298,0.0493835175866468,SRD5A3
5.0195268114449645,0.4375448420247192,0.1736610448339808,2.51953362622579,0.0117510415664406,0.0494427191757913,FAM114A2
9.601564098122449,0.4708450439438668,0.1870559551867458,2.5171347443806447,0.0118313572090206,0.0496783246428096,BCL7C
19.939820201118284,0.371954805394909,0.1478029543145783,2.5165586650132448,0.0118507169459902,0.0497132196120031,CCS
28.07585403974237,0.3952633919976439,0.1570671185251711,2.516525391877614,0.0118518359814199,0.0497132196120031,LSM5
7.897368610474062,0.435217269642905,0.1732438078379229,2.512166380284538,0.0119992501141297,0.0502541633431852,HDHD2
12.189947324917831,0.351396958020131,0.1399637581883729,2.5106281981025163,0.0120516554070087,0.0504219540863637,TSNAX
9.42680428607128,0.3187442470422078,0.1270350529451409,2.509104689237661,0.0121037606613363,0.0505622844395601,RTCA
136.77358479524133,0.3203766722684768,0.1278018540494522,2.5068233528482993,0.0121821575871469,0.0508377985927361,GNAS
8.97812098395922,0.3888731784442722,0.1552339392405992,2.5050783375506076,0.0122424275046768,0.0510221356598414,DERA
17.70481932125866,0.4080637537220782,0.1629852282233113,2.503685506780878,0.0122907229930401,0.0511602127234491,ABHD2
13.053623029184363,0.4016336190049179,0.1604973452779292,2.5024315405928927,0.0123343477479906,0.0512984294014294,DCTPP1
8.793842017945734,0.3711519556102348,0.1483201613371211,2.5023702257620464,0.0123364843683525,0.0512984294014294,TMEM87B
3.778570511826986,0.4503093999684202,0.1800389493615358,2.501177670528141,0.0123781062510192,0.0514453235895618,GFOD2
23.89617072476358,0.4602143506788785,0.1841694941457498,2.498863087035846,0.0124592436422271,0.0516774009140293,TES
14.167973418152023,0.2850214711550396,0.1141501626093155,2.4968993879626744,0.0125284497697435,0.0518591504906658,DCUN1D1
22.97600457515255,0.4787828518243992,0.1918172197708307,2.496036864659044,0.0125589548862527,0.0519480780148177,NME1
8.03469944221742,0.3752426291281295,0.1503974578729648,2.4950064611137446,0.012595483667957,0.0520559214754357,TRIOBP
6.841138543492298,0.4598356751682906,0.1843148546903829,2.4948378465790775,0.0126014701601287,0.0520559214754357,GRPEL1
7.620418263157256,0.4647427912362551,0.1862956086799428,2.4946524211136216,0.0126080564158502,0.0520568110024822,C5orf15
4.458561099172445,0.5209226483636975,0.208840402967367,2.4943576097442013,0.012618534299916,0.0520737594770779,RASSF3
12.675988169194673,0.3244479364270549,0.1301537117664375,2.4928058679515877,0.0126738118877382,0.0522251642167048,GTF2F2
10.26602744924575,0.3041826031395673,0.122024987412564,2.4927894654160623,0.0126743973371344,0.0522251642167048,API5
13.30714536619104,0.3792779442461808,0.1523475958016899,2.4895564793807763,0.0127902594710634,0.0526494761400802,PSMG1
14.66137910364845,0.3132919471327157,0.1259258072234945,2.4879089841900455,0.0128496613154906,0.052840756219866,PAIP1
19.456808002633455,0.2503508978356514,0.1006360921801724,2.4876850085498066,0.0128577557684531,0.0528474458672184,BUB3
5.323255288539324,0.505785586608268,0.2034003924396618,2.4866500036783745,0.0128952193457717,0.0529747799267474,PXN
27.50177262567252,0.300644466779385,0.1209961689612197,2.4847436853620053,0.0129644742601212,0.0531523929651031,PSMC5
20.07156206780913,0.3335171850542124,0.1343464512077057,2.4825157795837844,0.0130458289678917,0.0533026954736707,SMARCB1
8.468046138633408,0.3495326665940425,0.1408056126395711,2.4823773714813697,0.0130508979738565,0.0533026954736707,LRRC47
7.748745242211733,0.770791437842111,0.3105136201959669,2.482311202180633,0.0130533219486984,0.0533026954736707,TSPAN4
7.333658584900435,0.5124185343574509,0.2065335867604096,2.4810421510370837,0.0130998881134474,0.0534661267607286,PLGRKT
36.71612601334645,0.3418141409224003,0.1378643258120271,2.479351630010879,0.0131621477304129,0.0535917706982494,C19orf53
19.082006312284797,0.3266459517096066,0.1317484195963346,2.4793159015525235,0.0131634663800497,0.0535917706982494,SNX17
4.635736012123944,0.4510170549727266,0.1819881476720641,2.478277078710875,0.0132018578894958,0.0536945648656397,ATPAF1
3.898521811560575,0.4961085362629006,0.2005488074627117,2.4737546063700364,0.0133701497765506,0.0542709855063065,TGDS
3.839493052551986,0.4663147018957078,0.1885518600708382,2.473137638210067,0.0133932549900939,0.0543377788103563,PINK1
9.04989438750794,0.3006476285398747,0.1216285371814112,2.471851059849985,0.0134415503933958,0.0544526069729487,ARL1
74.25165356631895,0.3041826182473474,0.1231841552019749,2.4693323402559693,0.0135365434951677,0.0547288950514672,TMEM123
1.8027580742258469,0.6193925132172944,0.2509510222527937,2.468180873132104,0.0135801681079929,0.0548781175125669,CIPC
5.814879110474773,0.6790332004506363,0.2752280268948135,2.467165891902966,0.0136187247469615,0.0549523950160113,VANGL1
26.86442773219973,0.3331461570382855,0.135057701017773,2.4666950090794515,0.0136366452423441,0.0549975460390887,MPP1
12.92928498887044,0.3181154493688406,0.1290899726546757,2.464292483970234,0.0137284033411864,0.0553130097144152,ZHX1
65.41296614002684,0.5342866188056493,0.2169792212346981,2.462386102067036,0.0138016001344124,0.0555257876407108,HMGA1
6.654400218676618,0.3892724580315309,0.1584417143241149,2.4568811293925985,0.0140149051943283,0.0561627220906607,FUCA2
4.981347359356931,0.50383757487658,0.2053880368044127,2.4531008851132614,0.0141630610988715,0.0566730520268753,SUSD1
31.805120631785098,0.2726423930436768,0.1112231437764317,2.451309896362145,0.0142337350313965,0.056922861189773,CPNE1
60.54992990327131,0.3220782994509842,0.1314261345058258,2.450641195999774,0.014260202178915,0.0569780498796648,MZT2B
21.78920386183699,0.3547946440080757,0.1448887934514977,2.4487376529009826,0.0143357822381525,0.0571682170170544,SYTL1
13.590345353994469,0.3131563616059953,0.128128219963217,2.4440857891875503,0.0145219728985303,0.0577135411254334,SCARB2
19.642572324431836,0.2725678021839391,0.111606003543883,2.442232438479589,0.0145967451318758,0.0579543267602319,TFG
22.114993508658888,0.2585658426573707,0.1059778491190916,2.439810250978106,0.0146949782680375,0.058231167520919,PNKD
4.8234384195142415,0.3502230934041356,0.1435934404517401,2.438990891940088,0.0147283394692854,0.0582818763910589,DEDD
8.974287032407801,0.3295613380667499,0.1352745881273559,2.4362398187934633,0.0148408416094467,0.0586669166864002,RECQL
6.118254304547523,0.3769884697514419,0.1548474521331292,2.434579739983891,0.0149090944581676,0.058851309573762,WDR77
16.43034899261593,0.4070697786789503,0.1672909300720431,2.433304534224584,0.0149617112151083,0.0589775129654921,STARD3NL
91.07581076570916,0.2702639873863231,0.1110698207138511,2.4332801264044837,0.0149627199091255,0.0589775129654921,RSL1D1
11.693915794954323,0.4442151016276628,0.1825862874679403,2.4329050543056847,0.0149782279269709,0.0589915035079984,TPGS1
6.003450096793484,0.3485003217402403,0.1432480527418414,2.4328450898268055,0.014980708576563,0.0589915035079984,NUP93
9.125274083377915,0.4628608179822179,0.1903682353584141,2.4313973237750024,0.0150407106601336,0.0591598323681709,RPA3
9.167982773042894,0.380810559137362,0.1566327264028641,2.4312323987638806,0.0150475593239377,0.0591598323681709,EDEM2
7.211043968434587,0.382249508382207,0.1572321476021245,2.431115482499725,0.0150524160437434,0.0591598323681709,MED8
22.95903771837037,0.2792670708009835,0.1149434858950691,2.429603283964469,0.0151153575361882,0.0593786473212473,APH1A
9.035050781811124,0.3332386010903378,0.1373334875982281,2.4264919424840787,0.0152455888585836,0.0598039877885197,EXOSC1
4.050636679405221,0.5692623340655592,0.2348642028883745,2.4237935243631665,0.0153593353814017,0.0601347050318321,BET1
18.96514081033471,0.2946378558722863,0.1216096062780836,2.4228172830240116,0.0154006705687291,0.0602388124543253,TMX1
7.922924955682748,0.4915515789470312,0.2029574233459572,2.4219443213424228,0.0154377156687041,0.0603548204444889,CYB5A
41.72408546272683,0.2755310626232694,0.1137939153843421,2.4213163040629673,0.0154644147651202,0.06040140202954,CCT6A
10.35891116600647,0.5263898103587059,0.2177325738345073,2.4175978866570533,0.0156233312089745,0.0609347204336665,CAPN2
16.674602792800275,0.3421524547494118,0.1416231867408464,2.4159352901408018,0.0156948503170086,0.0611844570325751,NUDCD2
6.520247367447385,0.488554329516686,0.2024722456371918,2.412944687698689,0.0158242208128671,0.0616006232786744,SORD
26.123439146603648,0.3017657025532744,0.1250738828042659,2.412699564348874,0.0158348660748187,0.0616127098558782,MTIF3
22.8897730633785,0.3693315784144748,0.1531284446201358,2.41190707141754,0.0158693257122977,0.0617174014255996,NDUFA3
7.326241044757085,0.3168980692803039,0.1315033669238657,2.4098095485553084,0.0159608498714735,0.0620143149309605,AP3M1
26.50554028627226,0.3164004283703406,0.1313580678212781,2.408686680751316,0.0160100360122238,0.0621463203115823,IDH2
43.764719652801986,0.3032457732136877,0.1259094722938684,2.4084428890776572,0.016020732661726,0.0621583127155573,TMEM173
2.589358174330355,0.5943392993185417,0.2471418966964741,2.4048504412365013,0.0161790855856463,0.0625572946539401,ZW10
4.585112412781027,0.4596079036676119,0.191127325923885,2.4047210488920205,0.0161848146981311,0.0625572946539401,GSTZ1
1.965059998511236,0.6413865821716092,0.2670475492574857,2.4017692128422707,0.0163159985051938,0.0629376771100787,CENPBD1
11.185396873795291,0.2883045839722572,0.1200534833008684,2.4014678795260886,0.0163294425986252,0.0629376771100787,CUL4A
13.473040069327766,0.383167466035897,0.1595847148584593,2.401028609636833,0.0163490582174105,0.0629835712845173,C12orf10
19.88162746657665,0.3315360141065173,0.138219074241499,2.3986270775280354,0.0164566651573173,0.0633383942536222,IMP3
20.52120279323716,0.3025990442572656,0.1262386465078626,2.39703967547227,0.0165281339384626,0.0634639954939746,ATXN10
4.360455519361485,0.4621355098963579,0.1928918342257479,2.395827235255096,0.0165829044862882,0.0636145129377752,WDR92
9.414046419465878,0.7122058705340387,0.2974180497284739,2.3946289446260667,0.0166371923921392,0.0637628982346012,LTC4S
41.45404784355762,0.2935425419980235,0.122597281538671,2.3943642005261827,0.0166492075071542,0.0637790316647713,LAMTOR4
10.809773384837976,0.46443561087293,0.1941503145081471,2.3921445198248223,0.0167502453408714,0.0640759619289608,LIPA
44.50878626786642,0.304048184547469,0.1271925182006087,2.390456520940348,0.0168274414559102,0.0643411437230898,ANAPC16
9.25044120758414,0.4301775194853424,0.1801369711002295,2.3880579142523084,0.0169376724434989,0.0647323299980493,CD244
9.513885621043553,0.386929669671068,0.1621741335200213,2.3858901618444555,0.0170378388823564,0.0650309090849661,SPPL2A
30.80097073141972,0.3368481532845592,0.1412032032062365,2.38555603297873,0.0170533242888597,0.0650345452481358,TMED2
71.59816607657498,0.2575521912788632,0.1079663136849674,2.385486569731085,0.0170565451556425,0.0650345452481358,ARF1
32.73267389730937,0.2360635346010068,0.0990131496018595,2.3841634727330536,0.0171179964117213,0.0652079947226923,MAX
16.27988445396428,0.3420721966492225,0.1437304988090538,2.379955538202549,0.017314727064425,0.0658346369676207,KDELR2
15.448075816192562,0.3453891572199166,0.1451886521106395,2.3788991233055627,0.0173644272136161,0.0659928998895153,CHMP4B
12.642190832825149,0.2834977920399684,0.1192291086529392,2.3777565331398596,0.0174183223538227,0.0661669511636847,NKAP
37.206974376264235,0.2701756016267306,0.1138414478574878,2.3732621704262704,0.0176317439160281,0.066884391614608,LYN
5.454926567882239,0.6000929081147394,0.2534426991709005,2.367765613599652,0.0178958691996845,0.0677604945461642,EPDR1
47.848578504269106,0.3711337563007847,0.1567719435745196,2.3673480588340796,0.0179160748383066,0.0678055801314515,SNRPE
3.910674982887521,0.4748409444817955,0.2008733962227034,2.363881695689314,0.0180845865600969,0.0683447482538967,ESRRA
6.800499166183947,0.3778773917450332,0.1598701280312421,2.3636522744961317,0.0180957883218265,0.0683447482538967,ZMPSTE24
11.637099005038262,0.3337854680739698,0.1412492118069385,2.363096146194377,0.0181229671665609,0.0683669273859506,FARSA
25.916559947073413,0.2280553632803017,0.0965524027290421,2.361985376172359,0.0181773592286693,0.0685232481110492,SMARCE1
5.871981810587457,0.4038596879476601,0.1710293998572009,2.361346577166605,0.0182087045649306,0.0685663067152958,ANKMY2
21.35634743774212,0.2435798278371553,0.1031535394657671,2.3613327191549303,0.0182093850902205,0.0685663067152958,TXNRD1
10.800044137390833,0.3929035795802705,0.1664522678486575,2.3604579538532224,0.0182523872792466,0.0686649431209597,LYRM4
20.717861040204717,0.2363491170342306,0.1001808259919254,2.3592250781929094,0.0183131446012159,0.0688301308815711,UBE2A
26.739583450285316,0.2762254795974753,0.1171903625174983,2.357066516935048,0.0184199470575817,0.0691679170071233,HM13
12.992722463869669,0.3368410221140105,0.143080038477101,2.3542139469575245,0.0185619240972356,0.069605085726715,ATP6V1E1
26.002368346363067,0.3681043753155091,0.1564532862317816,2.3528069251940917,0.0186323058376475,0.0698161250031075,ARF6
18.272343118985933,0.3624064434544698,0.1540354282144269,2.3527473364762383,0.0186352917184894,0.0698161250031075,GLO1
13.335258483976077,0.3583202030907035,0.1523174894649831,2.3524560728338373,0.0186498924279052,0.0698388043209963,GTF2H5
20.984159192865192,0.3362568624911463,0.1429602148271785,2.352100987660376,0.0186677059745477,0.0698734885561291,POLR3GL
24.004255508828543,0.2508788992480325,0.1067307669130925,2.3505771250788,0.0187443226669246,0.0700667534347382,NDUFS2
5.376235627672178,0.6287948201599322,0.267921217124546,2.346939249188429,0.0189283407206428,0.0706548524569997,HLX
18.98241323122222,0.2441690983493044,0.1041468956879021,2.3444683275150884,0.0190542287893436,0.0710496029664701,CERS2
15.175648692785463,0.2573082611497703,0.1097566726295438,2.3443518738787756,0.0190601798681315,0.0710496029664701,PHF11
5.704079740363213,0.3735470025687085,0.159369694761806,2.3439023531231067,0.0190831667741652,0.0711028525817165,RNF135
31.992463676665658,0.2657970884938974,0.1134099156418259,2.3436847385844506,0.0190943035179219,0.0711119207132817,ACTN4
18.204937402630712,0.3256705876820915,0.1391210035916351,2.340916031902985,0.0192364929391689,0.07151109363328,NDUFA6
21.058589084426735,0.2653526504498869,0.1133757368441682,2.340471231641094,0.0192594221270077,0.0715637736242748,MED4
9.22587966187755,0.2799920953611636,0.1196945807723141,2.3392211539950276,0.0193239908275033,0.0717401232443998,XPNPEP1
9.551061143193312,0.3985024887369346,0.1703641089102954,2.3391223144703823,0.019329104122551,0.0717401232443998,ARMCX6
25.73333271193753,0.3395374477840531,0.1451608562321522,2.3390427460763887,0.0193332213173624,0.0717401232443998,LSM4
19.53424683288306,0.2684139994998665,0.1147834715443597,2.3384377200696016,0.0193645529188425,0.0717911805353278,FRG1
4.48621931589134,0.4306050507615508,0.1842757247177286,2.336743222261894,0.0194525396722155,0.0720519953135418,FN3KRP
7.749137215121413,0.3309690574132487,0.1417165987974554,2.3354290197599017,0.0195210199017726,0.0722401510948298,GTF2H3
21.457113109366084,0.3803004821029309,0.1628862094154103,2.334761693256959,0.0195558733822967,0.0723363700347426,ARF5
9.414328035660812,0.3832933146974127,0.1641941516884567,2.3343907852739862,0.0195752688530387,0.0723669003370133,AKT1
87.30827146569176,0.1859119591092775,0.07972534391042,2.331905389058836,0.0197056689197745,0.0726930116223376,CSDE1
6.762823093863179,0.4615048143440003,0.1979331490829708,2.331619622494583,0.0197207106106798,0.0727156707580619,BOLA3
8.502196602954765,0.4994572345972528,0.2142847295093941,2.330811139649392,0.0197633204694223,0.0728399150002931,REEP3
7.998334844301603,0.5022276209819753,0.215600934210818,2.3294315621605284,0.019836214649932,0.0730756131219994,CHMP6
12.197033465959937,0.2965940259665569,0.1274585340137567,2.3269844444825107,0.0199660931826561,0.0735035593833133,BABAM1
6.245104008209915,0.3165264356607538,0.1360290002788286,2.3269040793650344,0.0199703710477243,0.0735035593833133,STX6
4.548454387272904,0.4696041880396798,0.2020834568623088,2.3238131182586033,0.0201355123449895,0.0740446765845677,SLC12A7
9.385215796494558,0.3621213424538821,0.1559152364095278,2.3225526304737283,0.0202031979589511,0.0742267673213082,ARMC10
17.422040467020736,0.2728022101247683,0.1176747681385812,2.3182727651819057,0.020434501589092,0.0749417919589187,VPS26A
5.012815693146737,0.3951564456448842,0.1704946305651979,2.3177061021506744,0.020465299166289,0.0750210675135703,DPP3
89.39720515496552,0.3744386831148806,0.1616822231363852,2.315892717525458,0.0205641270540598,0.0752820260567754,STMN1
9.75582477763462,0.3713345492798754,0.1604050597139003,2.3149802751994897,0.0206140115670338,0.0753970852794239,HCFC1R1
39.42985937166358,0.2355755029207449,0.1018389392553105,2.313216385042626,0.0207107451503935,0.0757170016214164,UBE2B
14.635725905121715,0.2934515905598477,0.12695224608236,2.311511608620705,0.0208046127051838,0.0760261585036032,SMAP1
6.3868762782325055,0.3826454540173682,0.1655613527296264,2.3112003357586457,0.0208217918364255,0.0760549222599165,CYB561D2
15.007298005560113,0.2463498106312957,0.10682043101526,2.306204986161336,0.0210991811099438,0.07693057066013,UTP6
314.50823602999316,0.3435910354442762,0.1490626021958995,2.3050116553897637,0.0211659206567603,0.0770707387194247,HINT1
4.8809615041533245,0.4335657414598757,0.1882105432157179,2.303620902698014,0.021243933433855,0.0773203474779642,BAK1
34.339834507459706,0.3429486007294758,0.1489434174757626,2.302542848429562,0.0213045779300939,0.0775065477590371,UQCRQ
48.78799992328375,0.550931385614062,0.2393438695932578,2.3018403878499893,0.0213441749910647,0.0775470226109336,LSP1
9.315962356308944,0.4321444166026008,0.1879149711893302,2.2996806154800824,0.0214663211253157,0.0779059148609233,IMPA2
3.3117914081670707,0.3992925396769176,0.1736492332395327,2.299420113915108,0.0214810948698641,0.0779059148609233,UNC119B
30.620310330026136,0.3760065094162677,0.1635776845261142,2.2986418380084133,0.0215252857368504,0.0780064055912206,CALM3
18.930618165991817,0.2598576909610025,0.1130701540903467,2.2981987868643716,0.0215504777228678,0.0780064055912206,SPOP
27.629257365526975,0.4621934404991632,0.2011162943870763,2.2981401974800093,0.0215538110490752,0.0780064055912206,ITGB2
4.965550208954825,0.7270649487122764,0.3165189242348614,2.2970662827502353,0.0216149888507143,0.0781832996455009,EHD2
8.726361165726635,0.501727483171018,0.218479562049047,2.296450425227344,0.0216501406177887,0.0782107348933807,CDK2AP1
9.95542860758438,0.3782341827486171,0.1647052729502002,2.2964303204972603,0.0216512889889642,0.0782107348933807,RNF166
6.94896472477384,0.3940672588557602,0.1716466950635466,2.2958045228302795,0.0216870607295723,0.0782941086376992,FH
65.8207357528383,0.2291340831384982,0.0998126245361511,2.295642301796285,0.0216963419724792,0.0782941086376992,UFC1
15.491567915887078,0.3113074904056679,0.1356221611544566,2.295402814375799,0.021710050219741,0.0782941086376992,AK3
3.476849958187698,0.4767548695928457,0.207704054834173,2.295356583064677,0.0217126973654419,0.0782941086376992,SLC39A13
32.09227842897688,0.6298375475193962,0.2749718911288105,2.290552481323805,0.0219893099345494,0.0791805069253227,HOXA9
39.47937532537169,0.2647421383743323,0.1157182464198653,2.2878167148658424,0.0221481970244907,0.0796535730136945,COMMD7
42.97003011932577,0.3116743678061511,0.1363254501640932,2.2862522546669948,0.0222395053374184,0.0798413875711978,NDUFA1
3.1361951252317346,0.4176798930203528,0.182823247258959,2.2846104053098473,0.0223356822641409,0.0801032121185112,GPKOW
21.597621096074835,0.3643784131213859,0.1595922527666042,2.283183593217845,0.0224195561390858,0.0802761582876734,SLIRP
17.308332465717502,0.2586702246124823,0.1133706248021769,2.281633580690255,0.0225109824115478,0.0805370360560914,USO1
26.93597868293231,0.7500981827730909,0.328757675064167,2.2816142090878535,0.0225121270777276,0.0805370360560914,RGS10
3.996473007470777,0.4250704282400466,0.1864724324135599,2.2795349571958305,0.0226352844060621,0.0808714074691446,CDC23
1.7945980114188698,0.7605199767553328,0.3338175493015985,2.278250434545656,0.0227116609342159,0.0810733864104318,IL12RB1
33.85240342359397,0.3870670400637028,0.1699793424919813,2.277141647856194,0.0227777683451607,0.0812599862827148,SLC38A1
31.23830279286184,0.2859756315433537,0.125632426211077,2.2762883768787643,0.0228287553260424,0.0813847119411399,EPS15
21.094990499566343,0.2833566120595293,0.1245629733439974,2.2748061037127134,0.0229175639285049,0.0815945162787858,GOLIM4
26.864438337521495,0.3189232507875699,0.1402179854332495,2.274481763535197,0.0229370363474032,0.0816282770011464,CACYBP
33.25765497811093,0.2164142920840693,0.0952035219248637,2.273175274491077,0.0230156196762905,0.0817299558344067,PPHLN1
15.785947666293238,0.3494494461724171,0.1538193806094381,2.2718167553911957,0.0230975804191427,0.0819497740359596,CDC26
13.241466159324974,0.2654503138057371,0.1168739210570039,2.2712535987927263,0.0231316304320423,0.0820009668841738,ZNF146
5.754181075023075,0.6005448814717399,0.2644120621925403,2.2712461621150757,0.023132080365686,0.0820009668841738,PRKCD
4.987186909281747,0.3722744064818536,0.1639351006331924,2.270864537514903,0.0231551796093456,0.082047256109264,ERAL1
14.031191716205678,0.3376936182385956,0.1488046447420129,2.2693755213358098,0.0232454994770799,0.0822602755423214,URM1
12.18272589540743,0.3043508776493603,0.1342696594883374,2.266713707394157,0.0234077205068638,0.0827448434784571,SNRNP40
4.595869622986586,0.376390104915038,0.1660813754053027,2.2662993005477032,0.0234330642282645,0.0827448434784571,DNASE1L1
3.67541401492192,1.1353453391614126,0.5011408549561372,2.265521415652261,0.0234807013554478,0.0828772400757513,CSF1R
6.612193391855235,0.3458584861192769,0.1527396457912033,2.2643661658877288,0.0235516031351829,0.0830916015619945,GOT2
186.886362175431,0.3120181860340172,0.1378389186850669,2.263643599431546,0.0235960439846445,0.0831229178232551,COX4I1
8.80422868659281,0.3185266658983332,0.1407158888227946,2.2636154919183156,0.02359777418325,0.0831229178232551,VPS72
16.924654354869936,0.2502109230300092,0.110538659658634,2.2635603127694117,0.023601171135718,0.0831229178232551,DDX1
4.47621072439931,0.4481106824145788,0.19836389657254,2.25903347412168,0.023881302722074,0.0838205002328466,PIP5K1C
9.272173532044818,0.4344431399980301,0.1923416941761985,2.258704967005488,0.0239017433010051,0.0838209268607024,MGAT4B
169.4815906328142,0.3230960686515102,0.1433924211218978,2.2532297462000908,0.0242446667638703,0.0849134899818192,ITM2B
39.66793239234064,0.3331429989906418,0.1479029785748335,2.2524427986559017,0.0242943036738921,0.08501445623956,CSNK2B
10.418750381878862,0.3927988307377484,0.1744481004509113,2.2516658520353436,0.0243433961632178,0.0851321876735665,LRP10
4.77300927980304,0.4393422909538009,0.195126162181182,2.2515806493741977,0.0243487850438287,0.0851321876735665,SLC15A4
4.403139433277228,1.09648486508667,0.4871010353293159,2.251041951379483,0.0243828804452043,0.0851628657773022,C3AR1
16.600828427175045,0.2806983674567324,0.1247022852405638,2.250948063343312,0.024388827061423,0.0851628657773022,CUEDC2
8.007876338425644,0.548060291946385,0.24351005916139,2.250667975827436,0.0244065745213178,0.0851884324706057,SLC39A4
5.357648648177916,0.6304854297068951,0.280538433595217,2.247411955741541,0.024613711633595,0.0858014666203521,NR6A1
5.850542978866476,0.3118365597937855,0.1389410285904828,2.244380676876215,0.0248079186997335,0.0862209713719792,LRRC40
10.534602582530956,0.2869221461813646,0.1279434540343328,2.2425699567589508,0.0249245594090787,0.0865159621629491,STAMBP
18.96918577931272,0.3148766315385324,0.1404432572541295,2.242020284169062,0.0249600613654599,0.0866024039987996,POLR2E
15.315786035000308,0.2615430955259893,0.116817715746815,2.2388992444677234,0.0251624726650665,0.0870991881159565,FAM219B
34.0872015534592,0.3693692643829483,0.1649838444710928,2.23882081040769,0.0251675776617878,0.0870991881159565,COMMD3
5.287298435786271,0.3514130988752423,0.1569745492816174,2.23866289461227,0.0251778585644216,0.0870991881159565,PPP1R8
9.826580987617394,0.3296069233901867,0.1472548453952408,2.2383434820463934,0.0251986646179517,0.0871189315091293,TMEM159
95.1645052168169,0.2209502354133889,0.098743773338503,2.2376118305298154,0.0252463793916986,0.0871517389140556,MORF4L1
5.886409670432537,0.341998982477916,0.1529359406175557,2.2362237489560868,0.0253371183033293,0.0873911328225007,VAPB
43.349786937367945,0.2552329870177718,0.1141505804529914,2.235932449970149,0.0253561963104287,0.0874200337774317,KDELR1
4.653382541907355,0.5085061621816807,0.2275933843808042,2.234274794784278,0.0254649977262712,0.0876759933565833,OPN3
11.410050742156438,0.4275500406994907,0.1913979986188542,2.233827123505635,0.0254944501452938,0.0876759933565833,PDLIM2
21.166841938737676,0.3307215589064514,0.1480648170851381,2.233626903522155,0.0255076322096935,0.0876759933565833,COX14
7.235153859861174,0.3638090041496649,0.1628877174506664,2.2334956241243367,0.0255162785707936,0.0876759933565833,MFN1
36.821555650906355,0.3700586942364082,0.1656984549507319,2.233326160744467,0.02552744356538,0.0876774869158136,PSMB8
7.174785750318288,0.2968810214687225,0.133097483342001,2.230553230716398,0.0257107377323967,0.0881958178049595,ACBD5
15.895879655051994,0.3381133000577056,0.1516373782307026,2.2297490500218,0.025764107566848,0.088341805677178,PPA2
99.14214543680902,0.4449998863607288,0.1997065873087269,2.2282684430073525,0.0258626193770375,0.0886322038513381,MIF
2.2366990187512164,0.4697190761797969,0.2108152325641284,2.22810785760897,0.0258733234392264,0.0886322038513381,TMTC3
13.741319909636989,0.5252465632304667,0.2357493194822852,2.227987611518577,0.0258813411319658,0.0886322038513381,HOXB2
69.1615792742219,0.2268085009545424,0.1018658301560296,2.2265415263109913,0.0259779306851112,0.0887769433827033,NUCKS1
34.88315037909855,0.2239927638661197,0.1006492855718051,2.225477931547948,0.0260491710024339,0.0889831840555549,CRBN
34.29544285063263,0.3167127760725634,0.1423836520678253,2.2243619367320018,0.026124102624613,0.0892018564754337,IL18
7.660675442835684,0.3578734215992184,0.160907134070428,2.2240991592242234,0.0261417734604804,0.0892249084985739,MSH2
7.137117441562216,0.2739949583588645,0.1232137336997108,2.2237371608803675,0.0261661334573522,0.08927076262214,RBM18
33.661009326408056,0.2396850807614705,0.107829705809622,2.2228112277765533,0.0262285316746837,0.0894089830262164,MLEC
4.698680082850559,0.398787554433466,0.1795548653819113,2.2209788277541183,0.0263523954425216,0.0897189263170186,KRBOX4
19.019042927502145,0.2770999194772874,0.1248883718515631,2.2187807829429973,0.0265016420146882,0.0901894697634394,SMAD2
7.097474642996353,0.3631006252736516,0.1636815709469334,2.218335412918118,0.0265319713108691,0.0902181517973579,RPA1
14.524933569641396,0.5534071470223524,0.2495580611146507,2.2175486720427307,0.0265856209227384,0.0903623579699235,CEBPA
27.759170356546697,0.2816925068350178,0.1270570596882299,2.217055136693933,0.0266193240053262,0.0904052994653287,NUDC
18.687779401500183,0.3278564718970898,0.1478802934146306,2.217039636091587,0.0266203831249028,0.0904052994653287,SLBP
6.1726921097856975,0.3889441703557164,0.1756996394953228,2.2136879248751686,0.0268502541616504,0.09111022705766,PEAK1
9.062359820824438,0.5033367014150681,0.2275107511898562,2.2123644653392085,0.0269414921098643,0.0912682139426624,ZMAT3
155.31002324462574,0.3163985324682934,0.1430307033650245,2.2121021922182806,0.0269596046933173,0.0912917239739312,UQCRB
58.65338939097074,0.3278277910463956,0.1483572625784638,2.2097185223609306,0.0271247034466319,0.0916608568496399,IMPDH2
5.70960682433833,0.5139775447551409,0.2326592623109021,2.20914284542136,0.0271647068030898,0.0917201732595237,SLC35D2
18.86979935605763,0.2569225195954795,0.1164055121490353,2.207133621529354,0.0273047254874398,0.0921548583056054,EIF2AK1
8.01137507042106,0.324770779998928,0.1472485593853207,2.20559563607727,0.0274123249100894,0.0924035094225828,EFR3A
36.35975622327238,0.183825956927625,0.0834776737859881,2.202097262543516,0.0276584388164935,0.0930029232796579,C9orf78
24.38876913431153,0.3063920525550914,0.1391830816026694,2.2013598853182392,0.0277105564829139,0.0931019016317285,NDUFS4
16.930568788972405,0.4399406499112431,0.1998512620151648,2.2013403642047566,0.0277119373810131,0.0931019016317285,ANXA6
10.607924783943792,0.2720946686266104,0.1238050609223873,2.1977669297152964,0.0279657192261768,0.093804553282878,MAGT1
8.773771154635666,0.2942062155720488,0.1339533878471295,2.1963327714249625,0.0280681337309992,0.0940638571069292,MBIP
23.53588868872982,0.2071467685929778,0.0943204968793393,2.1962009896743107,0.0280775605781177,0.0940638571069292,DNAJA2
3.532816301283123,0.6910277811977265,0.3148061014640078,2.19509017768111,0.0281571296626004,0.0941965226833911,PAQR8
5.180319314243426,0.3604734723330037,0.1642538965345699,2.19461139089103,0.0281914857453618,0.0942189604205624,TP53RK
33.77876000712173,0.3252672712470851,0.1483170450642028,2.1930538806668163,0.0283034972998435,0.094446713046088,TMEM230
4.284046901877478,0.6298045212105376,0.2871886544092114,2.1929993108750643,0.0283074287418761,0.094446713046088,OAS2
5.846998960099581,0.3775390847402061,0.1721904026412526,2.1925675237939006,0.0283385531306977,0.0945119663799718,MRS2
2.4790546982890955,1.7308028491027545,0.7914932396951038,2.1867563262694296,0.0287603172744345,0.0956064086449979,CLECL1
13.881962938600674,0.3571282623843129,0.1633452722141564,2.186339754701282,0.0287907576778937,0.0956686787255267,FAM162A
11.43642071591615,0.3303902786547855,0.1512251793238183,2.184757063156269,0.0289066637690035,0.0959757617458463,F11R
15.702927923717423,0.3625372750407119,0.1659983134142404,2.1839816777898124,0.0289635944338557,0.0961257230377886,RUFY1
8.809767849039522,0.4178461358900039,0.1914494290163216,2.1825405175503625,0.0290696643277317,0.0962558395197916,SHMT2
260.6225839764616,0.2868720489443643,0.1314493726405481,2.182376706572985,0.0290817420067646,0.0962558395197916,PFDN5
32.33735044858564,0.1924582107935535,0.0881893663963697,2.1823289888323316,0.0290852610175456,0.0962558395197916,MARCH7
25.059991806434404,0.3146737462957569,0.1442150793428139,2.181975336627215,0.0291113530134007,0.0963031844018208,PPP1CC
54.28844458307621,0.1637354339499735,0.0750796229251545,2.1808238716542068,0.029196446205942,0.0965065380051587,YY1
72.64413982462894,0.2276117141927195,0.1045365105618652,2.1773418011501136,0.029455074508427,0.0972433995185284,TOMM20
1.608354667240178,1.0420554253856429,0.4788472011462563,2.176175245237287,0.0295421591944367,0.0974298372385512,GGT5
4.8317840909695695,0.5595567974892708,0.257151750091473,2.175978959078549,0.0295568339170585,0.0974298372385512,RASGRP4
31.92422655379472,0.3104052011181697,0.1426816855485468,2.175508369730855,0.0295920415982921,0.0974849741603578,SRI
5.207192324818932,0.3857232949870678,0.177396724577166,2.174354097610645,0.0296785525611534,0.0975869026065131,ARMC6
42.045587972211955,0.2937797910546757,0.1351660322889503,2.173473513128283,0.0297446972119574,0.0977650526624717,SNRPD1
18.03047575742816,0.3010143932575708,0.1386148081987386,2.1715890038674095,0.0298866771675951,0.0981133142372115,CSK
30.881535545993913,0.204089967666242,0.0941015910120073,2.1688258983867783,0.0300959042409064,0.0985586187595925,APBB1IP
2.6714788660742452,0.431851925808945,0.1991309569627657,2.1686830234522216,0.0301067571195622,0.0985586187595925,LRR1
15.038113814463468,0.3392259140975924,0.1566693034039103,2.1652353506866087,0.0303696664286192,0.099260217755299,CISD2
22.521434395966796,0.351839813327617,0.1626170132940578,2.1636101057359265,0.0304942852939422,0.0995878517733023,PLEKHO1
14.387987416591796,0.2873084841889423,0.1328041118884013,2.163400516019977,0.0305103879289731,0.0996006311496761,ESYT1
16.174002274921012,0.294510053963362,0.1362149555643887,2.162097786862671,0.030610639592119,0.099848118206469,ZNHIT3
19.398537747338448,0.3503295940991213,0.1620454567869468,2.1619217289116945,0.0306242098267383,0.0998525213464802,AGPAT2
12.944670682104316,0.262205273388551,0.1213369925956881,2.1609673008977217,0.030697865400126,0.1000527555582091,SF3B4
18.911436160181935,0.2711273667418497,0.12552325964623,2.1599771030961494,0.0307744421460109,0.1002623471989855,YIPF3
33.040745512387296,0.328385263183566,0.1520989957962082,2.159023216849881,0.0308483657913974,0.1004631314792778,FKBP8
35.60129082279759,0.2692937267344628,0.1247487222233734,2.1586892589750852,0.0308742826429968,0.1005074754884173,TMED9
63.47223621246464,0.2867908601470995,0.1328686234151526,2.1584543647375005,0.0308925228417712,0.1005103179052557,NDUFS5
3.164268083746581,0.3973468591130862,0.1840965513190024,2.158361230920419,0.0308997575055687,0.1005103179052557,FIG4
3.4674791489504977,0.5904725206260125,0.2736329228346364,2.157900133175314,0.0309355971514785,0.1005868540886314,SMCO4
2.7247033426904252,0.4258183326464223,0.1974118686918191,2.157004720476913,0.0310052966421263,0.1006532693137918,DNAL4
5.020835680879609,0.349580135280639,0.1621476976168115,2.1559364728493953,0.031088626002905,0.1008436534615868,ZBTB33
109.23008926885952,0.2130456106084531,0.0989280930187467,2.15354005224867,0.0312762598638451,0.1013290351053799,SERBP1
41.84799131823081,0.1881846777066855,0.0873898752489603,2.1533922227326237,0.0312878663041088,0.1013290351053799,XRCC6
32.14520111182808,0.2441491630053943,0.1134401002239545,2.152229789319586,0.0313792605110323,0.1015124802907035,GNAI3
12.403820816898522,0.24291437281622,0.1128680526551268,2.152197784066101,0.0313817801021071,0.1015124802907035,CRLF3
4.6645558622102685,0.4450982638171258,0.2068364165282463,2.1519337420755473,0.0314025732453222,0.1015395433270786,C1orf216
5.217682456202924,0.337011288455032,0.1566479524892187,2.1513928723596094,0.0314452033048352,0.1016371662198609,HS2ST1
145.83104197419246,0.3797311125182987,0.1765363632589995,2.15100790289414,0.0314755759124397,0.101690455217661,AIF1
10.395797689002816,0.2669538055828167,0.1241150167963998,2.150858231931208,0.0314873911666313,0.101690455217661,GDE1
18.99897285822685,0.3778601982893554,0.1758095074710522,2.1492591824226093,0.0316138602003861,0.1019001387366293,FDX1
14.921157219223812,0.3208698927880152,0.1494509704686991,2.1469910284404463,0.0317939958621977,0.1023975185968781,TMCO3
9.16390457382824,0.3209000332366354,0.1494752988979998,2.146843228295624,0.0318057645574442,0.1023975185968781,C1orf174
11.891216974315023,0.3191125187385374,0.148663425276512,2.146543564060847,0.0318296370062108,0.1024340149577585,COX11
41.323948555005586,0.2223274572320679,0.1036494365318418,2.14499436438101,0.0319532975825581,0.1025202525316565,OSBPL8
9.005204609644583,0.547383873513356,0.2552183414083752,2.144766988503723,0.0319714818463304,0.1025270714938641,MYCN
15.748237221178693,0.3722143413676909,0.1739123868422087,2.140240543679055,0.0323353321836852,0.1035313476774657,UBE2V1
7.595027792957117,0.3140900760185235,0.1467683468970084,2.14003961112221,0.0323515657028942,0.10354275102168,MTIF2
15.773327502135638,0.2575265820524428,0.1203967207116751,2.1389833587674274,0.0324370161399757,0.103775590790815,ARL14EP
9.42728066167378,0.3088351963329522,0.1444675428957175,2.137747968454629,0.0325372040237346,0.1040146690445757,PIGC
14.584205246900693,0.22161885874752,0.1037660521531753,2.135754942477478,0.0326993934906343,0.1044349449601518,PSMD3
6.363285256047846,0.379662439615054,0.1777779331520029,2.1355993563635183,0.0327120839384952,0.1044349449601518,TMEM189
17.354548982947627,0.2377732334513049,0.1113499665168021,2.1353687018435346,0.0327309051337602,0.1044349449601518,PITPNB
9.282346725325418,0.2645628312793712,0.1239083390520831,2.135149525070834,0.0327487983471224,0.1044459138541521,APPBP2
12.780019573273938,0.336149600212718,0.1574863437029327,2.1344682485409576,0.0328044700790721,0.1045596476617034,AASDHPPT
4.701688337900091,0.4206431833827101,0.1971724798727407,2.133376745346014,0.032893833131717,0.1047857740815827,VKORC1L1
4.738184874175867,0.3886966451385726,0.1823400802143844,2.131712592654158,0.033030480964578,0.1051122229229186,C1GALT1C1
18.995937135998144,0.2844366090217222,0.1336601816833863,2.1280579259984433,0.0333322811534834,0.1058934950641963,PIN1
4.644963931920664,0.7162666748179446,0.3366321449431528,2.127742954966172,0.0333584013595392,0.1059352885770676,TIE1
3.976171315604407,0.3641338634395522,0.1712482661233545,2.126350658506856,0.033474072904386,0.1061788236419792,GLE1
4.297646912023724,0.4544308216505623,0.2139103278353566,2.1243986966367068,0.0336368189004049,0.106612275886427,PPCDC
44.841951672073904,0.1605611895879894,0.0756501255262028,2.1224180194172475,0.0338026503301085,0.1070548278477972,KIF5B
8.048735615543503,0.3209605153358333,0.1512523589214976,2.122019898561827,0.0338360670921483,0.1071191414993971,PIGS
14.219395205982956,0.2962120901826126,0.1396332458024651,2.12135790785566,0.033891694627962,0.1072536935728418,GMPS
10.611482324313457,0.3026342315411574,0.1426782446777518,2.1210958420793347,0.0339137377903221,0.1072819014652427,RMDN1
4.158976841700555,0.6284180689355637,0.2964501516392313,2.1198102462107182,0.03402205087145,0.1075754425222029,HVCN1
67.08261675316764,0.2910078739731437,0.1372884510207979,2.119682113166668,0.0340328624305341,0.1075754425222029,EIF3G
5.863231385291572,0.4474082988874102,0.21116928716644,2.1187186114558916,0.0341142545094793,0.107773831088221,TTL
3.828546470374396,0.5699448321475324,0.2690161320333609,2.1186269679799463,0.034122004776065,0.107773831088221,SLC30A1
10.952457670074798,0.7960821193674394,0.3764547043821032,2.1146823511585406,0.0344570295657462,0.1085383147963423,MAMDC2
12.431678038640062,0.2675040831067198,0.1265225536308855,2.114279829405998,0.0344913740925277,0.1086024244961476,PRKAR2A
42.8298343004356,0.2943572747293859,0.1392331346526483,2.1141323540817587,0.0345039645076489,0.1086024244961476,GUK1
10.69529540873902,0.518890934153285,0.2454737767034551,2.1138344841621586,0.0345294065391991,0.1086406549217542,DNPH1
44.057577888297864,0.2564581993651856,0.1213642156588508,2.1131286349353395,0.0345897593923395,0.1087886543475005,MBP
19.726457198855773,0.3052077429266823,0.1445052555381143,2.112087493220491,0.0346789455264486,0.1089852553448506,MXD4
5.451685014469928,0.3781508437834273,0.1791159368378198,2.1112071346606265,0.0347545118591003,0.1091807444831636,TPMT
15.089067470029027,0.2444079501449058,0.1157968463235945,2.110661541350679,0.034801413874423,0.1092860694726789,BRD3
5.69207260894767,0.3062351107246192,0.1451505667867295,2.1097755076256233,0.0348776970693484,0.1094835431247199,RAB35
2.4650531961663096,0.4448993181933309,0.2111040330251218,2.1074884824222515,0.0350752590117251,0.1100614214227365,ZSCAN32
20.523888329899385,0.3177334268842073,0.1508068049861975,2.106890514080499,0.0351270710602992,0.1101816881511344,NDUFB6
10.179559416845716,0.4435597354225846,0.2105495355075469,2.1066763902059797,0.0351456400895202,0.1101976305339484,EHD1
30.19827494052297,0.2356345249401437,0.1119493006282838,2.104832487721777,0.0353058921214101,0.1106152011211817,ACP1
3.5832176790326415,0.688392386891681,0.3273837058211238,2.1027081514796144,0.03549128906892,0.1111108517172973,MXRA7
30.73645641749503,0.3008300421053849,0.1431190396579162,2.101956824364042,0.0355570580893393,0.1112741178276491,ISCU
10.88633901259015,0.4206376818849438,0.2003253650073371,2.0997724470365373,0.035748863104161,0.1117852073717205,DTD1
16.518131765026926,0.2490265842126645,0.1187885455923592,2.0963854971946265,0.0360480078722681,0.1124858805507576,COPB2
1.8349726709840664,0.82723766964687,0.3946317692667679,2.096226746224438,0.0360620814021846,0.1124858805507576,CYP7B1
7.425186022394756,0.3306879071869895,0.1578231935575013,2.095306144381793,0.0361437866231122,0.1126787029749904,SLC39A6
25.506257590148845,0.2684912975628644,0.1282624959443326,2.093295437501799,0.0363227896896356,0.1131935600892497,DICER1
60.42638586739815,0.2577416269035649,0.1232306953548422,2.0915375520798545,0.0364799038362029,0.1135965298192127,CD47
2.4272125330097056,0.6427864324080663,0.3075035622285509,2.0903381663277045,0.0365874331089861,0.1138012622510567,GPR146
8.11885264492584,0.2611558927890607,0.1250023267239496,2.0892082542254387,0.0366889807354175,0.114073691624466,SEC22C
4.434428527007695,0.4724030472578484,0.2261434873951414,2.0889526941468652,0.0367119817324881,0.114101788792758,KIAA1841
7.450322629378662,1.0385020776085276,0.4971785860450307,2.0887908424810315,0.0367265551083309,0.1141036812890389,HPGDS
6.28876797604948,0.3400013472657099,0.1628123239729811,2.0883022793909225,0.0367705759821332,0.1141970263588029,ARFIP1
5.678227737810425,0.3379216755279093,0.1618322869428452,2.088098005111021,0.0367889949746871,0.1142108198853223,VPS33A
8.5778693526857,0.3118319818710899,0.1493930864773112,2.0873253858266647,0.0368587315601748,0.1143063870576341,VAMP7
1.755021241631196,1.0183135718110354,0.4878634929443911,2.0872920120856584,0.0368617464076448,0.1143063870576341,OSCAR
17.6169348289388,0.2885015872529227,0.1383434601756433,2.0854009787425873,0.0370329180823406,0.1147936167112313,ARF3
15.288056268595104,0.3398639915321116,0.163014127391881,2.0848744643774886,0.0370806971506651,0.1148981328851289,GMPR2
17.3072502835588,0.3325177699454116,0.1597710218306847,2.081214516470909,0.0374142754203672,0.1157003464853722,ARRB2
9.175507929584455,0.3126161930037455,0.1502128512717476,2.081154777084928,0.0374197413565678,0.1157003464853722,C1orf131
384.1996587603352,0.2787654048153856,0.1339972189339476,2.0803820186208473,0.0374905072180244,0.1157728399389561,EEF2
52.2067303537449,0.2483278887170116,0.1193844631213774,2.080068731092238,0.037519229156756,0.1158177640498125,PSMA1
14.111287545039351,0.2587471060169737,0.1245191381630061,2.0779705821465915,0.037712068740504,0.1163251467265603,CDS2
6.207053085031847,0.3554525064502266,0.1711352483459278,2.0770268538233876,0.0377990807927222,0.1164392473517092,CIAPIN1
2.9079054075249076,0.4796226377006829,0.2309373992416214,2.07685129942453,0.0378152857896577,0.1164392473517092,PUS3
124.81420061111912,0.1577631415370389,0.0759646471694923,2.0767968708528017,0.0378203111579288,0.1164392473517092,HMGN1
7.902119802461327,0.3000460300740636,0.1445021945469376,2.07641157987121,0.0378559011671496,0.1164860883113635,KEAP1
2.2324226185977225,0.5327245766125711,0.256719389785466,2.075124037408143,0.0379750404784069,0.1167836114975774,SUOX
3578.3156253964,0.2958514302829741,0.1425902881459788,2.074835769881411,0.0380017581931723,0.1168218082003052,EEF1A1
7.061660403640321,0.303787546952326,0.1464898474579371,2.073778846957671,0.0380998545726635,0.1170299374060371,DRG2
23.615170502898213,0.2391421862352767,0.1153932470833594,2.0724105810327167,0.0382271674333266,0.117338161193731,RPN1
10.575186758606614,0.261175392454789,0.1261724347008637,2.069987736021718,0.0384534929331766,0.1177625273648153,UBE2J2
2.90615476762348,0.5748248915925119,0.2777143756876598,2.069842046056005,0.038467138513229,0.1177625273648153,ZBTB46
41.77799574022345,0.2985065576344238,0.144227170780155,2.069697103671515,0.0384807181573928,0.1177625273648153,BSG
33.96512720245117,0.1975668871476062,0.095520801927825,2.068312693782519,0.0386106288882381,0.118071649942288,NUDT3
11.2405107634304,0.3062876267822355,0.1481639089197754,2.0672215589835545,0.0387132816347303,0.118341273564303,CYB5B
33.180349222882334,0.2048073464050988,0.0990841738315197,2.067003624144338,0.0387338124622114,0.1183456264132783,MRFAP1
20.477533803814143,0.2134957011353932,0.1032979554142647,2.0667950326721662,0.0387534717501816,0.1183456264132783,USP10
7.18886451103217,1.0622308121718758,0.5139766700114783,2.0666907160361063,0.0387633065435893,0.1183456264132783,GTSF1
51.075762619751245,0.2395854653136843,0.11596306473177,2.06604978807572,0.0388237786833013,0.1184574666248151,ATP6V0B
8.932510231266084,0.342108586849164,0.1656678254758247,2.0650273272228503,0.038920414710548,0.1186636972387642,TMEM69
4.85801865399862,0.4057510234605909,0.196543719293698,2.064431389202885,0.0389768329049702,0.1187913844336113,JRKL
19.199889200939698,0.2862716946271998,0.1386920528491248,2.064081457779116,0.0390099937089761,0.1188248248197208,MPLKIP
7.239294313979461,0.3137902506853148,0.1520295179123427,2.064008720110789,0.0390168896085315,0.1188248248197208,CLPTM1L
6.772527127296454,0.2878319573078125,0.1395019076623528,2.063283306522764,0.0390857191643521,0.1189723702528081,CINP
5.0132256256167835,0.3200702166306882,0.1551335636224975,2.0631912859911345,0.0390944577320756,0.1189723702528081,PDHX
15.66556319368509,0.2409483070834823,0.1168061351235621,2.0628052356034017,0.0391311364118861,0.1190396558531354,TYW3
3.509238681206328,0.3478795392403279,0.1686909006855791,2.06223061129264,0.039185785638042,0.1191500592408775,BCL2L12
23.333162915656523,0.3468351429080022,0.168193721890003,2.062117057703431,0.0391965927352195,0.1191500592408775,NME4
25.309645672539265,0.3258022569509494,0.1580820800625759,2.060968939818999,0.039306003394186,0.1194382126195218,AP2S1
12.448913040006795,0.524797836236803,0.2548456002208712,2.0592776009551184,0.0394676529588118,0.1198848298611343,ISG15
10.65698081998696,0.3699360130709839,0.1796865511832376,2.0587852047632493,0.0395148196138354,0.1199834972369564,CSNK2A2
2.96928426399652,1.0764432163902364,0.5231434845511534,2.057644313995047,0.0396242894931757,0.1202604430112102,KYNU
42.69192898381815,0.2897109157771633,0.1408844104608738,2.056373127654329,0.0397465644552331,0.1205527758588382,SCAND1
10.463538504464347,0.3211963089334879,0.1565086506363972,2.052259141123739,0.0401444845922623,0.1216242430861606,KCNN4
3.6646860418488862,0.4985655489832487,0.2429754400567775,2.051917464854662,0.0401776842367767,0.1216797101181255,B3GALT4
10.579502703380438,0.364377032049309,0.1777439749127656,2.0500105965793796,0.0403633967656441,0.1221515981378068,HAUS1
18.323788882882685,0.3087851883339536,0.1507234718783022,2.048686806944537,0.0404927500976736,0.1224202321882618,TAF10
14.90959613375971,0.2816947004564162,0.1375181742026798,2.048417978857422,0.0405190613659157,0.1224412908361307,IDH3G
22.408775448796764,0.3477989966377744,0.1698763701319909,2.0473653655746284,0.0406222243220179,0.122662304115007,NENF
10.065755980921724,0.3071050207271607,0.150145087075047,2.0453884087040444,0.0408165808006662,0.1231126916656491,FLOT2
15.661623946328364,0.2305750919367324,0.1128136867029659,2.0438574314464852,0.0409676335420072,0.1234200831918795,LSM12
64.49319633818075,0.2683642216314761,0.1313177892027636,2.0436242740662003,0.0409906793524953,0.1234200831918795,EIF3D
4.916757967748407,0.3527028643660589,0.172589792379965,2.043590524690857,0.0409940161281068,0.1234200831918795,RAB28
4.464331902368462,0.4266986461963643,0.2088832533077727,2.042761396327249,0.0410760637407002,0.1236215531584757,SCAF1
4.578043005745619,0.3722434807815221,0.1826053350702524,2.038513719428359,0.0414985841303991,0.1248471763363372,SSH1
2.7109188685859147,0.4054397299835952,0.1989545181756987,2.0378513325620844,0.0415648029347187,0.1249126077139318,CREBL2
2.7983312425798017,0.6562152524941529,0.3220281468521327,2.0377574411079995,0.0415741964976511,0.1249126077139318,LRRC61
410.67548698009045,0.2886354980517888,0.1416771110115997,2.037276847268272,0.0416223066453916,0.1249738991848968,HNRNPA1
19.779020179561552,0.3982032083139574,0.1954683047134761,2.037175330791643,0.0416324750436041,0.1249738991848968,MAGED2
6.823129578842661,0.3622857061991295,0.1778659372117532,2.036847031412319,0.0416653735520075,0.1249982192011883,TRADD
4.601512271257173,1.074300596230727,0.5275455428954203,2.0364129897382046,0.0417089021577338,0.1250196036430093,LY86
12.165805005902524,0.319976537229787,0.1571609151159863,2.0359803644159316,0.0417523270254082,0.1251038738997472,ASB8
8.822606262079299,0.8674250501622531,0.4262803878427265,2.034869712284967,0.0418639842733367,0.1253465062284479,CD7
5.535502872844434,0.3798070986334278,0.1866872964820039,2.0344560438264203,0.0419056361732734,0.1253793310771942,MTHFD1
9.857245878549866,0.3794134994193773,0.1866037465610207,2.0332576725371725,0.0420264971134742,0.1256860036070293,MALSU1
14.840831289928474,0.2707833579953308,0.1331851431758354,2.0331348642831255,0.042038899505325,0.1256860036070293,MIEN1
12.286168961006108,0.3553453402740302,0.1748305738126767,2.0325125778902216,0.0421017917577303,0.1257806682640929,G6PD
5.6726775790217285,0.3600372194416109,0.1771518710735004,2.032364757198818,0.0421167431612481,0.1257806682640929,ALDH6A1
5.499388591558427,0.3756297098759678,0.1848737849099547,2.031817058643135,0.0421721795942028,0.1259002117151011,COQ5
103.49220378166778,0.2731858398734176,0.1348508353720315,2.0258372083475966,0.042781469587502,0.1274398060515784,LDHA
54.613475969729656,0.2025934744096255,0.1000939561201765,2.0240330411796723,0.0429667522009291,0.1279450919219359,SSB
3.4373645721312864,0.4577665268824794,0.2264244105004509,2.021718973986542,0.0432053925519695,0.1285152029640128,CCDC106
4.768294405092594,0.3494887515893473,0.1729043496754704,2.0212837458705564,0.0432504007699921,0.1286022651716178,INPP1
3.929731037138728,0.4904304893052193,0.2427295559597967,2.020481137395766,0.0433335047691734,0.1287556608977876,TOR4A
21.585060276724253,0.2980795294432219,0.1476461332545431,2.018877994788597,0.043499901904652,0.1291561404298372,NUCB1
23.95849400185988,0.1983342313644441,0.0982652809171898,2.0183551048063917,0.0435542915274183,0.1291937699782939,BTF3L4
4.105453723135026,0.4209908287080106,0.2085868274575328,2.018300167078969,0.0435600093367029,0.1291937699782939,TACO1
10.638022855817203,0.2970617769754984,0.1472245114268091,2.017746733180222,0.0436176450088904,0.1293177711783904,ARL6IP6
8.249185724585939,0.280427007969195,0.1390356786905674,2.016942777639852,0.0437014852225121,0.1295193455760416,PRPSAP2
36.417539739866875,0.3965345250126595,0.1967062232811149,2.0158717827954424,0.0438133849176224,0.1297568568908638,CNN2
9.945010235643796,0.3968036550162565,0.1969943931129385,2.0142890807494487,0.0439791917109023,0.1300450193789824,HDDC2
46.05126455351635,0.2637510588524812,0.1309468812474095,2.01418358604626,0.0439902623379644,0.1300450193789824,CDV3
17.0564677428583,0.2519651915258755,0.1251477094754169,2.0133424141923246,0.0440786192129387,0.1302120020205792,DECR1
11.38937065965756,0.3045528646899064,0.151485237766235,2.010445830767208,0.0443840239564961,0.1309721414765366,PDCL3
55.999920213155995,0.2705229260310426,0.1345918181954143,2.00995075078241,0.0444364015779838,0.1310333932983978,DRAP1
80.5357735229454,0.3180491907091293,0.1582840816334508,2.0093567680776476,0.0444993115556146,0.1311229263328262,LSM7
7.817767370964235,0.2961263323974484,0.1475002738920324,2.0076324238842274,0.0446823664050555,0.1315736446693007,ARHGAP1
6.173473519158552,0.3340590433623951,0.1667206768062198,2.003704937874464,0.0451016770198465,0.1323342667639599,ALDH18A1
3.554913387778774,0.3944610489242769,0.19687956949071,2.003565174104518,0.0451166595605623,0.1323342667639599,SKP2
3.848292829379699,0.3864368371521308,0.1929608415946762,2.002669733187941,0.0452127495577127,0.1323683456454973,TOMM34
14.002615856907791,0.2570276089401129,0.1283426291311903,2.002667474400748,0.0452129921667352,0.1323683456454973,DDRGK1
5.264406667821751,0.3139752945742254,0.1568143785457674,2.00220985783258,0.0452621659201468,0.1323683456454973,RIOK2
6.087370792660936,0.4073735937118568,0.2035240888915256,2.001598906206032,0.045327886748794,0.1324622126457029,IL10RB
5.890447001727236,0.3252813490736098,0.162522075988351,2.0014594761694076,0.0453428966797247,0.1324622126457029,COMMD5
19.170153739121616,0.2138080535850009,0.107032061719817,1.9976075406703515,0.0457592250927579,0.1333447318947666,NARS
69.48095401319347,0.4382083829735305,0.2194117170945184,1.9971968169081804,0.045803806719312,0.1334017503281964,CST3
2.989375009536205,0.4666656444083405,0.2337337380491674,1.9965694653382664,0.0458719726341684,0.1334994706483318,PDZD11
29.95344512279132,0.2019736715941512,0.1011954455224143,1.995877092605072,0.0459473027093309,0.1336069076291612,HDAC2
12.597279249048952,0.2174216565660012,0.1089816440637815,1.995030066152747,0.0460396007734537,0.1337325197013475,PPP2R5A
3.032685840840523,0.4294335304636942,0.2153597359151587,1.9940288682043612,0.0461488997885819,0.1339031846768832,NACC1
12.897259737710929,0.3134073464257411,0.1572966822162091,1.992459993497847,0.0463206105026029,0.1341196698854601,UXS1
6.37658977860079,0.3713961047282021,0.1864356721929525,1.9920871384732848,0.0463614978783387,0.1341495911617292,GALK1
22.53827814556411,0.2873534777783972,0.144463836580227,1.9891031872105756,0.0466898146217609,0.1348922700620569,NDUFS7
16.141904110142036,0.2735874448790052,0.1378366600335563,1.9848670506989965,0.0471592651176005,0.1359383093670341,DCK
3.490352716994478,0.6000984317648684,0.3023612770318405,1.984706631933144,0.0471771205345091,0.1359383093670341,COMTD1
26.486982742850692,0.2826210519661223,0.1424230491352767,1.9843772035640257,0.0472138054000395,0.1359383093670341,DIAPH1
7.880753465638299,0.3524574998878899,0.1776608607452412,1.9838781508173613,0.0472694251944813,0.1360020184163172,WDR18
21.016830404426926,0.4216248829523604,0.2125264477593553,1.9838701836760015,0.047270313584915,0.1360020184163172,ARL2
41.91747880463844,0.3289170635296274,0.1658123550056681,1.9836704177947635,0.0472925934294278,0.1360182262977314,PLEK
29.36712665873047,0.1859176020769877,0.0937347000657064,1.9834447856200803,0.047317768755775,0.1360427475381553,PSMA3
2.8159949096805454,0.6748689519804147,0.340298596209397,1.9831670171367544,0.0473487767633654,0.1360840151014629,MILR1
15.1545561050247,0.2457554935682598,0.1239361675639409,1.9829199046474475,0.0473763769249211,0.1361154626770501,GID8
13.005034482103024,0.244598709621756,0.1235849657635176,1.9791947030984385,0.0477940890729579,0.1371227183339674,IFNAR1
13.308252801439629,0.2490060334983831,0.1259144984219683,1.9775803153653275,0.0479760717400178,0.1374744586327002,AAMP
18.660303437269377,0.2950356100074117,0.1492181694363487,1.9772096864736288,0.0480179331516541,0.1374753089636179,PAICS
26.553381382728052,0.2910086095159124,0.1473774075669096,1.9745808690778737,0.0483157318573024,0.1382310381673734,MGST2
64.40082941098237,0.3780697614969573,0.1915099122169905,1.9741524452717871,0.0483644114415629,0.1382734800171487,ITM2C
29.240421195909008,0.3107191967701991,0.1574732737595546,1.9731551224662736,0.0484778916710786,0.138452587502406,NDFIP1
10.057968899554137,0.2979606095048859,0.1510654733149528,1.9723938433216623,0.0485646641267648,0.1386035174920697,CALU
115.37569191186844,0.35909410805907,0.1821620601903865,1.971289233794145,0.0486908021147347,0.1388180544590013,PRSS57
33.0649195006429,0.2281894401342455,0.1159889606994761,1.9673375703872145,0.0491443064219182,0.1398182896147262,M6PR
3.715189836235577,0.7257438142234265,0.3689482365290581,1.9670613445695853,0.0491761390089569,0.1398601572719064,KLRG1
9.820821631370215,0.272487334052997,0.1385898944870181,1.9661414352149695,0.0492822752299411,0.1400163146225485,SNRNP27
6.47517830886785,0.3065486869382788,0.1559139749704889,1.9661398985966576,0.049282452680755,0.1400163146225485,TOR2A
33.128825053899,0.249445512041215,0.1268868512518878,1.965889369782148,0.0493113912657571,0.1400498359515124,TUBA1C
42.74234089479394,0.2366023315620554,0.1203729973764269,1.9655764724555251,0.0493475540600096,0.1400729157569284,SPCS2
10.372975162729462,0.2019677204319789,0.1027552359937953,1.9655224230536952,0.049353803018504,0.1400729157569284,EFTUD2
13.35042414480636,0.2695010303803639,0.1371644930647888,1.9648017089456729,0.0494371923410094,0.1402279743137917,ACBD3
30.580109536781052,0.1879712223302027,0.095671650691337,1.9647536231673208,0.0494427602494228,0.1402279743137917,FAM49B
29.75659461333905,0.1683499555356835,0.0857173989412103,1.9640114797597512,0.0495287606371642,0.1404231447488788,NAP1L4
18.76909453480359,0.2109727816861575,0.1074455216251226,1.9635325744170284,0.049584323294835,0.1405319131606303,PSMD11
32.93054866120626,0.2333509950082496,0.1189830990903164,1.9612112711160767,0.0498543825991213,0.1411993622937332,CWC15
27.17956744232783,0.3548536279486071,0.1813073293095136,1.957194059942435,0.0503246569344666,0.1421371489151492,LAT2
66.40458028825513,0.2738128934834797,0.1399709198813905,1.956212717009398,0.0504401010608966,0.1423647895573702,NSA2
12.70483472335553,0.2789496613217482,0.1426179219727174,1.9559229125152369,0.0504742357637859,0.1423994645048543,MAVS
13.58279146017644,0.2527209661146755,0.1292156630088383,1.9558075254188765,0.0504878320516284,0.1423994645048543,PIP4K2A
2.2102763125301945,0.5084031651594949,0.2599730897260125,1.9555991956525371,0.0505123877287447,0.1423994645048543,LIMK1
5.364195446283362,0.4778986900392595,0.2443848485801823,1.9555168530935405,0.0505220961448504,0.1423994645048543,PXMP2
8.055574555372079,0.4237595287452438,0.2168402848808382,1.954247242287637,0.0506719847831611,0.1427085762796464,SYNE3
44.641531106111955,0.24067958538737,0.1231636749970862,1.9541442344349,0.0506841620809611,0.1427085762796464,ILF2
3.1729574422248876,0.5466254293405333,0.2798789131287361,1.9530782910004427,0.0508103189137661,0.1430145076969974,NIPA1
15.69052846890384,0.1910821139586106,0.0978985180602296,1.951838676874067,0.0509573607554259,0.1433789926765101,SNX1
9.85298765569134,0.3019649334000615,0.1547338083761362,1.9515123202165812,0.0509961320777782,0.1434357266671014,PPIE
8.652822676192343,0.3120665818182058,0.1599920661464912,1.9505128556341835,0.0511150226397923,0.1435754039153465,UBAC1
2.515052123149693,0.7214500601176272,0.3699865746923262,1.9499357800146433,0.0511837738648668,0.1436697410683019,ECE1
22.73548242479744,0.296447196735816,0.1520625958078692,1.949507669265205,0.0512348278287903,0.1437143076515778,TPRKB
12.106868976864812,0.3228571345778544,0.1659272773599239,1.94577491847542,0.0516817827232303,0.1447196184480861,GCSH
12.622218471989772,0.2971276714685656,0.1527822409913797,1.9447788534881492,0.0518016002750865,0.1449557793999082,DRAM2
166.86161806397885,0.1710619833238071,0.0879680151120189,1.94459296490862,0.0518239866938118,0.1449687761982664,PCBP2
33.59651428523322,0.2219718068261562,0.114188651456208,1.9439042671528843,0.0519069965928061,0.1451016315976117,TOP2B
7.845058951266712,0.488875178354939,0.2515620680322534,1.943358083271358,0.0519729081174927,0.1451865409326609,SPNS2
65.01333085532247,0.1687447926636864,0.0868759894377766,1.9423639806087836,0.0520930525652854,0.1453922214100801,VAPA
5.684621694430531,0.333518666372457,0.1717184582186159,1.9422412117621748,0.0521079061651789,0.1453922214100801,TAF1B
5.956051260321989,0.2961428586843681,0.1524811704292802,1.9421601883736672,0.052117710991326,0.1453922214100801,LRRC8D
8.730759185610156,0.2522025257952071,0.1300762772856041,1.938881793499167,0.0525157333740937,0.1463526798771214,RDH14
7.411440494699304,0.5997998944076167,0.3094996307651594,1.9379664296360015,0.0526273183455335,0.1465501384087248,LPXN
5.215126521113381,0.3622882776702855,0.1869528310058862,1.937859275631288,0.0526403936151765,0.1465501384087248,SWI5
8.77452217339865,0.2692699079719619,0.1390791073903167,1.9360917180484407,0.0528564686960333,0.1470014314892064,SLC25A46
13.417443907453066,0.2319000931059123,0.1199378377776798,1.933502365915324,0.0531743419079755,0.1476844145921374,SEC13
29.228981705865117,0.2912389237980058,0.1507314289949545,1.932171185133225,0.0533383804614547,0.1480393704995062,SNRPC
10.51899405391543,0.3494229886946786,0.1808908394436373,1.9316787393402155,0.0533991705060104,0.1481354638786574,RPIA
2.6000460274875845,0.7021841452793657,0.3637811394661926,1.9302379070826512,0.0535773666796719,0.1484635014597706,TNFRSF25
3.9100958964183135,0.3457054803479397,0.1792472122702846,1.9286519213847224,0.0537740886627638,0.1486111647455029,GID4
21.83310615879899,0.218232796099254,0.1132242724006263,1.9274382733683773,0.0539250337119387,0.1487523445451767,SNAP23
8.473487101436348,0.3674965517629008,0.190730409129979,1.9267853167161144,0.0540063901120951,0.1488819883960626,REEP5
6.644507514974505,0.3914826427634585,0.2033036347919911,1.9256057234982624,0.0541536235206799,0.1492081790098336,BIVM
3.908541808475619,0.5289663232562838,0.2747279918445938,1.9254183736599575,0.0541770387816706,0.1492081790098336,STX2
60.59456988760263,0.2175402763544345,0.112984534075871,1.9253987117241411,0.0541794966493913,0.1492081790098336,YWHAQ
7.368322308939556,0.5192090781960853,0.2697798703169313,1.9245656749190745,0.0542837170953231,0.1493753188113831,ANPEP
92.60748927976373,0.3316955665928203,0.1723699379706914,1.92432375678652,0.0543140145678916,0.1493753188113831,TPM4
6.60358685531021,0.3128975589497345,0.1626584227067442,1.9236480579542767,0.054398712846259,0.1494592746021461,RNF146
2.3551350704562974,0.4711379276141285,0.244958665005732,1.9233364437347171,0.0544378105362496,0.1494661793990913,ZNF641
18.912192065156407,0.3563623294970818,0.1853327660934601,1.922824209710302,0.0545021305799882,0.1494860257330061,FSCN1
10.697632631942271,0.2398725637430099,0.124754887960869,1.9227508249476293,0.0545113505247888,0.1494860257330061,TMEM33
18.842980738277017,0.2130575843951647,0.110894002873307,1.921272376095725,0.0546973778068233,0.1495061980690355,PSMD6
11.868058926793834,0.2983196700416192,0.155275731353209,1.921225341795526,0.0547033046231058,0.1495061980690355,PSMC2
10.322724428943491,0.3156704298344979,0.1643137920207697,1.921143842840632,0.0547135756162839,0.1495061980690355,MSRB2
10.238632938686036,0.2871747654103949,0.1494842662154321,1.921103623016268,0.0547186449554463,0.1495061980690355,CAB39
45.00329522954272,0.2791445377837115,0.1453066693674088,1.9210717512070477,0.0547226623822225,0.1495061980690355,NPC2
145.70260253983213,0.6364672202680283,0.3313391576284564,1.920893458000892,0.0547451406954539,0.1495061980690355,CD52
15.597932867457198,0.2169253024964182,0.1129478765256482,1.9205788472451617,0.0547848240235814,0.1495645830593665,HPS1
6.268668960023346,0.2994345034672324,0.1559272142554605,1.920347932187509,0.0548139656835611,0.1495941595191642,THAP1
4.078618716284906,0.3921882974050177,0.2042972695796119,1.9196942681223024,0.0548965286919911,0.1497194712757877,DNAJC17
5.488570547236773,0.3080036575426519,0.1605415995474448,1.9185286456027095,0.0550440134717204,0.1500716163087846,SURF2
34.322499717626506,0.2114657249746073,0.1102332870321438,1.9183472675812017,0.0550669926824153,0.1500841885283574,RNASEH2B
3.074727229579609,0.4055373251405744,0.2115925024506446,1.9165959116872235,0.0552892878104133,0.150639803500796,CCDC127
12.733557806359634,0.2933886012296877,0.1531037541009624,1.9162730721561283,0.0553303465399739,0.1507014205260424,TRAPPC4
10.908364979408256,0.2724487364003186,0.1422334601673058,1.915503820829808,0.0554282823419246,0.1508675866142125,SHARPIN
9.933982953126115,0.8615560773267386,0.4502545917773897,1.9134864875574669,0.0556858017291831,0.1513463325028838,TNFRSF4
2.5717222924525256,0.4364844087827813,0.2282194507328,1.9125644522465288,0.0558038341144638,0.151536433549114,PRADC1
21.895658198693024,0.1939182949095071,0.1014711085138078,1.9110690496016345,0.055995707945775,0.1519532218509645,VEZF1
47.42919050742587,0.2518183993154592,0.1318157922943675,1.9103811078501496,0.0560841615091962,0.1520450178140817,KDM5B
28.08212326187324,0.2465604320283825,0.1291499222442174,1.909102442680116,0.0562488777071307,0.1524409883067879,YWHAG
10.090587121504296,0.2136975813416637,0.1119710728458628,1.90850704481358,0.0563257135147745,0.1525986091277265,BECN1
12.245524647703808,0.2282779278697436,0.1196253091200529,1.908274507701792,0.0563557460352004,0.1526293672037197,COMMD1
33.53370561073474,0.1917428715911125,0.1006258294407673,1.9055035139261192,0.0567146511106058,0.1534996403526864,LAMP2
16.623354846040975,0.2351415141079179,0.1234165420295038,1.905267399662722,0.0567453208855088,0.1535317936938717,PSMD14
9.412362069488289,0.2616342644452334,0.1374066196694025,1.9040877730252008,0.0568987538417204,0.1538834752507205,ABT1
22.920637279185488,0.249799978602188,0.1312287459197162,1.9035461845761432,0.0569693132855176,0.1538834752507205,NDUFA2
3.0772432471778868,0.4974466460212023,0.2613659177512582,1.903257510776987,0.0570069521327297,0.1538834752507205,LRFN4
4.28960344429683,0.4100270612032894,0.2154876246034497,1.90278704848058,0.0570683378747665,0.1539978166363004,MCM6
42.83021357572521,0.2340619167023916,0.1230652188717442,1.9019339407857032,0.057179791300229,0.1541967243281093,PTTG1IP
15.058413845410255,0.368018344365382,0.1937307661003751,1.899638099684722,0.0574806287310832,0.1549057445124277,SRM
4.2902101179523005,0.3470329830928491,0.1828132811850092,1.8982919667726308,0.0576576316098604,0.1552803256045386,SLC25A20
11.107578299452202,0.302602953152515,0.1595282947342318,1.8968607020882424,0.0578463252265419,0.1556858772813156,SAMD9L
11.304381813367565,0.2243063771551189,0.1183189336090496,1.895777542217156,0.057989466708087,0.1559683780354769,CDC16
14.2809731296971,0.2383107969746111,0.1258018043519334,1.8943352855888391,0.0581805202542091,0.156359277964488,CCNY
8.807662122418414,0.4058274118780575,0.2142725103525377,1.8939779592368555,0.0582279354859309,0.156359277964488,TRPV2
28.67102999689435,0.2730041750888125,0.1441447303765392,1.8939587619725176,0.0582304837652597,0.156359277964488,RNH1
3.8781569111886256,0.337861554001615,0.1785762288578972,1.89197384311699,0.0584944659644631,0.1568943228691215,TMEM19
108.24401170994568,0.5172824345093476,0.2734219749459106,1.8918831765869537,0.0585065477643144,0.1568943228691215,LMNA
26.060919533189065,0.190172796133578,0.1006460876393983,1.8895200061322013,0.0588221846327128,0.1574307470140507,SSR1
7.712203343998093,0.5199646840869376,0.2753718683237375,1.8882273169445456,0.0589954400559642,0.1577394439454463,GAS7
5.241966399498298,0.2984018769063691,0.1581616551034587,1.886689139103752,0.0592021493425019,0.1581368951544896,TRIP4
9.824618522767508,1.245365076264474,0.6603140195741635,1.8860194382478956,0.0592923352855465,0.1582886953504285,F13A1
35.6815767516125,0.1848143409397935,0.097993825125352,1.8859794553726443,0.0592977232245333,0.1582886953504285,NOL7
16.57236880940234,0.1748611461187862,0.0927490718674044,1.8853142419448743,0.0593874244659596,0.1584763701212789,CIAO1
10.138327604088348,0.4218693773103156,0.2237855386370244,1.8851503089955204,0.059409547421525,0.158483647398394,ACAT1
16.672776493535952,0.2787129894203847,0.1486353388790809,1.875146190147457,0.0607726145351114,0.1615396985577085,LAGE3
5.5205675695044345,0.3164261396681581,0.1687604580630217,1.8750016638968363,0.0607924946243463,0.1615399914066776,SLC41A3
5.703531335425379,0.4739592643641465,0.252940085301713,1.873800523941456,0.0609579241728962,0.1618745928999815,OAF
9.539505887233664,0.2269248864235273,0.1211062707406298,1.8737666103972976,0.0609626003956796,0.1618745928999815,WIPF2
2.851115809340489,0.4500348623777606,0.2402872290732788,1.872903791489128,0.0610816715401087,0.1620975440578852,PRMT6
15.213898725110203,0.3220089144675752,0.1719553432028849,1.872631047513578,0.061119350931141,0.1621448754734914,CORO1B
12.867193838555322,0.2801448796737544,0.1496868306074825,1.8715399246334936,0.0612702814133679,0.1623543222240805,TOMM5
4.478425899282896,0.3315604581140494,0.1772872851284697,1.8701874636626472,0.0614577899756965,0.1626203374000699,DYNC2LI1
5.1582972391674895,0.4105570043204609,0.219596011125788,1.8696013748869391,0.0615391942178007,0.1626930311228237,BCAT2
4.946796834705006,0.3353456634185709,0.1793714722351885,1.8695596308585345,0.0615449956187306,0.1626930311228237,ERCC4
14.236113112814571,0.6120656807228082,0.3281477849156142,1.8652135070185096,0.0621514830237255,0.1640642191252709,CLEC12A
31.611747898639496,0.3650854764553614,0.1961130272724006,1.8616074695958795,0.0626584396471209,0.1648364811193256,FABP5
34.645923757115284,0.2054077133287883,0.1103690101071159,1.861099534456592,0.0627301219578555,0.1649719428766133,RWDD1
3.8257183727098143,0.4451631648316862,0.2392687685876907,1.86051513308364,0.062812679435122,0.1650827930731367,PCTP
4.4988463312426035,0.5931244148531782,0.3191110741351463,1.8586770028607185,0.0630729350744484,0.1656069898757448,GIMAP6
3.714962893778196,0.3667929063055428,0.197431236216439,1.8578261137130136,0.0631937115047774,0.1658499663238249,HRAS
4.411693703329587,0.3510876157781069,0.189159212712324,1.8560429108575636,0.0634474419498523,0.1662697396318932,KCTD3
3.130899691057074,0.7313785910517124,0.3942715535796881,1.8550123244026784,0.0635944666614035,0.1664948372605986,ITGB7
15.071601287237192,0.2464828430038815,0.1330626686705719,1.8523816293968067,0.0639710413711483,0.1673199036631411,HNRNPH2
16.443511779703638,0.2840178193950148,0.1534564309708275,1.8508042810470893,0.0641977149762284,0.1678053515901353,IFT57
10.22364023046516,0.2586893064511509,0.1398071637667527,1.85032940717355,0.064266086682446,0.1678866568347892,PRKCI
6.483955289780804,0.3436473659301289,0.1857744184371761,1.849809940577697,0.0643409476242598,0.1679353455735041,ATG4C
13.43279620779475,0.2285431366423018,0.1235525718070149,1.84976430113716,0.064347528216307,0.1679353455735041,CASP6
2.333172947425586,0.4605217091134962,0.2489672340853053,1.8497281813224655,0.0643527366004756,0.1679353455735041,CHCHD4
13.788730123081296,0.3249595143019275,0.1756914759285583,1.8496031898216063,0.0643707627384916,0.1679353455735041,ATP6V1B2
8.14383742874662,0.3581426973842628,0.1938476117180484,1.847547639148538,0.0646678103992498,0.1685343244244797,MAGED1
6.316839965512447,0.3530167306751777,0.1910838899122287,1.847443710913203,0.0646828590619469,0.1685343244244797,TMEM203
6.483567121970298,0.3124900570980755,0.169231473683575,1.8465244690970548,0.0648160898449832,0.1688276283466236,MR1
40.128484354893,0.2300502646868185,0.1249596945298275,1.840995735084053,0.0656221837021906,0.1707096030024194,GABARAPL2
4.7523983212638194,0.3092021303917106,0.168056359474288,1.8398716440065288,0.0657870839524535,0.1710296732343296,CCDC22
11.511156642716148,0.3190968365492656,0.1735592703845404,1.83854677334302,0.0659818762180695,0.1714238592750352,CPPED1
6.526874160390242,0.3015353268342959,0.1640956196892292,1.8375586588195068,0.0661274653451145,0.1716960658833591,MTMR12
11.42962670702779,0.2213510684820074,0.1204737030716466,1.8373392934586583,0.0661598225895861,0.1717255115563876,PSMC4
8.830475449478264,0.2776022568114634,0.151123771761227,1.836919854343434,0.0662217278097258,0.1718316093786184,NUDT22
29.162432819541717,0.229318312562841,0.1248521165667207,1.8367194635446464,0.0662513204258666,0.1718538219681765,TMCO1
8.411704127173259,0.3208637543150734,0.1747709624055201,1.835909981262076,0.0663709712519216,0.1720549511736839,IFI35
16.7348417012657,0.2319908195878797,0.126384191438404,1.835599982462564,0.0664168397655948,0.172110324718474,AIP
8.219177000208088,0.25645964820395,0.1398199343062943,1.834213765557497,0.0666222688493959,0.1724328662554369,PPP4R1
31.091032864583585,0.2393190559809374,0.1304924598403948,1.833968462803508,0.0666586756913937,0.1724724632914433,NT5C
8.524984527997079,0.6293286436719797,0.3434139065016682,1.8325659845371536,0.0668671405795786,0.1729023435682712,SAMHD1
12.368208693441629,0.2721652509587176,0.1486155341562939,1.8313378376212712,0.0670501333476025,0.1732110779586659,PIGP
7.7667088613907165,0.2937049216258043,0.1604009632710144,1.8310670686531896,0.0670905330889774,0.1732606655720715,SMC6
3.036393945574599,0.4273302191705682,0.2340992695955909,1.8254231203232112,0.0679372029563775,0.1750046927353596,PPIL1
3.5916544060933573,0.3548457985886792,0.1946974946662114,1.8225493820402028,0.0683716680152546,0.1759574486150065,ZNF768
32.800295385376465,0.2155107408069423,0.118276210760586,1.8220971015310752,0.0684402534541442,0.1760784984174473,ITGB1
6.410534628434742,0.3232152529711701,0.1775137957770364,1.820789486002203,0.0686388631411546,0.1764228218705173,TMEM218
11.540745096188576,0.2575101822474094,0.1415282599961786,1.819496560293771,0.0688357071174572,0.1768731329738185,RPA2
6.942726516911333,0.2705654880679876,0.1489750460563509,1.8161799256342848,0.0693427764048848,0.1779522066596462,NIT1
20.512397210749885,0.2380327140917713,0.1310879810039253,1.8158240921007371,0.0693973603629073,0.1779673212539581,STUB1
17.217456363456904,0.2221321259980802,0.1223317768726648,1.8158170483315847,0.0693984412152041,0.1779673212539581,COMMD2
15.21408937501272,0.2790961723575194,0.1537234037336946,1.8155737225349,0.0694357875605946,0.1779673212539581,SHKBP1
2.115789053083177,0.8488197713607627,0.4677251489717771,1.8147832615517137,0.069557223700414,0.1782167921466701,RASL10A
23.973732202546245,0.2162126341952812,0.1191479801960599,1.8146563109126972,0.0695767429871347,0.1782167921466701,PPP2R1A
4.735431126698159,0.3879942293239229,0.2138711454413787,1.8141494895124628,0.0696547140994754,0.178304720835468,PCCB
4.823374597755665,0.3038619418555369,0.1675744774328999,1.8132948794497008,0.0697863526527174,0.1785298332890902,TMEM199
5.9524557829578315,0.2938613377419181,0.1621412729655524,1.8123783806998357,0.0699277510059105,0.1787479493098289,SLC35B2
18.26441853379451,0.2151953802924449,0.1188409021211508,1.8107854825358591,0.0701740644090975,0.1791291097428104,KLHDC2
6.912339789909365,0.3040121316611732,0.1679100817192293,1.810565086672561,0.0702082007136255,0.179160277336363,ACTL6A
14.724339467509198,0.190071839240934,0.1050732192431456,1.8089465670704967,0.0704593049164799,0.1794794664503849,YARS
3.663559476186126,0.3562108443035426,0.1969202207029779,1.8089094305903133,0.0704650750670462,0.1794794664503849,NXT2
5.920342226580875,0.3035645452109716,0.1679185677408198,1.8078080899279685,0.0706363742370102,0.1797476841764592,AAGAB
12.270908168690909,0.4939790608092097,0.2734373409488349,1.806553044639365,0.0708319963752019,0.1800212262462753,C9orf139
3.5769715860145515,0.3480235558637904,0.1926707866921944,1.806312009405885,0.0708696170038914,0.1800608335008696,RAP2A
10.724362181916216,0.7409172724090686,0.4105533760745545,1.8046795266750444,0.0711248453697623,0.1805969892841293,LGALS3BP
18.35363820116619,0.2372608109626537,0.1315295311152137,1.8038596271952367,0.0712533154584711,0.1808108200655799,CAMTA1
14.139040769565293,0.3143223655338614,0.1744706681528801,1.8015771296206424,0.0716119622044869,0.1816644964833476,C11orf1
8.134992277008218,0.2731109723643615,0.151633671468099,1.8011235217094843,0.0716834130945754,0.1817329098342462,SMARCD2
10.460974155989936,0.2563548350575273,0.1423729427419394,1.800586755604172,0.0717680382443097,0.181834617207521,TMEM248
13.296893938332632,0.2580312133109395,0.1433359362457683,1.800185076187112,0.0718314195046688,0.1819027980893588,SDAD1
4.754476573772832,0.3385637324078576,0.1881253107762238,1.7996713520945686,0.0719125471855153,0.1819750458509898,RFXAP
2.727314324455969,0.4970148084506649,0.276265385994723,1.7990484282390646,0.0720110204382416,0.1821678167185364,SLC29A1
12.55626251460965,0.2280611040819746,0.126826194383699,1.7982176725416847,0.0721425200700894,0.1824439899389356,MOB4
5.527370844371405,0.3158220847039217,0.1756579980609619,1.7979374021689347,0.0721869281749071,0.1824771442531949,CGRRF1
13.634981903051722,0.2565249302354201,0.1428111426824652,1.796252907280442,0.0724543037830232,0.1829493560602851,LARP4B
8.127095345696532,0.2778163757837646,0.154697687047289,1.7958663835668076,0.0725157699416548,0.1830479938811435,ASNSD1
9.945529493615902,0.2350575329731337,0.1309203614456631,1.795423800985238,0.0725862031660208,0.1830584926172667,ATF7
23.19573523057479,0.1793823239346793,0.0999111805154328,1.7954179202894196,0.0725871394052067,0.1830584926172667,TARS
26.0839493904087,0.1780870077881647,0.099198580019651,1.7952576312371211,0.0726126621127395,0.1830663567180483,DYNC1I2
6.62608963001144,0.2864450727090561,0.1596756287950077,1.79391855144529,0.0728261699496847,0.1833783157654465,GLT8D1
6.42350741629112,0.251091240047038,0.1399877535524645,1.7936657577188293,0.0728665339114796,0.1834234284013248,FAM199X
1.4995977672430207,0.6913049011295216,0.3858949782610646,1.7914327474400091,0.0732238777854922,0.1840653650497006,RMI2
2.111142410425444,0.4065078127806242,0.2269259347428659,1.791367801310352,0.0732342923923675,0.1840653650497006,ZBTB6
3.509736081185199,0.4139051249883002,0.2312059541415451,1.790200976982219,0.0734216081050567,0.1844229818095353,WDYHV1
58.39377298415955,0.1756938354337872,0.0981635387425007,1.7898074752038151,0.0734848670591421,0.1845141173499734,CCT2
31.00186884695927,0.2333519952432089,0.1303865038080048,1.789694396490771,0.073503053723432,0.1845141173499734,RAB7A
11.96970667566413,0.3775394018433321,0.2110353356078325,1.788986667829479,0.0736169627021026,0.184686583432263,GMDS
9.03934022565588,0.2987162125812292,0.1670194462472267,1.788511573311418,0.0736935101459417,0.1847651645911291,NHLRC2
10.57772211823248,0.3915185401929574,0.2189528148757581,1.7881411591585126,0.0737532365842836,0.1848581889969882,LXN
8.825367507904353,0.3954209621189987,0.2213263431349771,1.7865969162010191,0.0740026604948701,0.1853696317914114,HENMT1
70.71272575025901,0.3571244818524119,0.200077715203565,1.7849288287256924,0.0742728618410268,0.1855470896940433,NME2
3.5221553005148207,0.370617423749729,0.2076391898061316,1.7849107583966533,0.0742757933304407,0.1855470896940433,LINC00847
28.74265451209717,0.2249825016917952,0.1262455653040831,1.782102216025474,0.0747325645115884,0.1863410999768656,TAF9
2.779532126064923,0.3981655906022272,0.2235464476489099,1.7811313701909717,0.0748909920344714,0.1866791628778724,APOBEC3F
50.88567867626813,0.1293839938516776,0.0726698965466433,1.780434540300085,0.0750048732625615,0.1869060138543429,ZC3H15
5.018912357466751,0.2771000247301504,0.1557208351732196,1.7794665975295594,0.0751632964227938,0.187243687521539,LANCL1
2.5552314102518516,0.3672691190016763,0.2064978554939229,1.778561419551811,0.0753116939822421,0.1875561876040538,RETSAT
12.745014009809724,0.2179716786606746,0.12264332100476,1.777281280993807,0.0755219719329848,0.1879080489233918,RAB1B
25.554671864149444,0.2100306862731223,0.118235801428478,1.7763713167722035,0.0756717355486342,0.1881744241076277,AP1S2
13.14248594762352,0.2938245799293444,0.1654090816153917,1.7763509540095488,0.0756750896607104,0.1881744241076277,PTPMT1
14.200024611541169,0.2126764535021707,0.1198288139878385,1.774835671191365,0.0759250245463815,0.188738477507905,IFT20
8.804103295286948,0.3464199101695141,0.1952385720594372,1.77434154796037,0.076006672049948,0.1888839772871427,YIF1B
17.582432635056424,0.1952117152079348,0.1100775348463587,1.7734019523638724,0.0761621257284056,0.189014586451603,ADAM10
8.995704541346528,0.2630042637625726,0.1483153105558389,1.7732779089152408,0.0761826677637298,0.189014586451603,IRAK1
3.250984679092264,0.3979516662567551,0.2244275813347562,1.773185202504902,0.0761980232250128,0.189014586451603,MANBAL
9.365232471730994,0.2512975148685987,0.1418183403831812,1.7719676749115376,0.0763999232568045,0.1894578977029893,HNRNPUL2
70.9345287259103,0.2424956308843203,0.1369334284658148,1.7709016242506403,0.0765770622182774,0.1897819761557612,LIMD2
168.34463541514842,0.2216674674072626,0.1252337750812697,1.770029429069058,0.0767222383715757,0.1900169571353586,H2AFY
15.116975733331037,0.22890005140336,0.1294975896773533,1.767600864028979,0.0771276534805289,0.1907415425512718,CCDC82
9.540743722748909,0.4234657981132212,0.2396686553821899,1.7668801848032123,0.0772482961816779,0.1909820962482573,S100Z
4.865759284190428,0.4228481399425178,0.2394498941361858,1.7659149170557795,0.0774101241904539,0.1912008167471331,SLC27A5
22.80451760888313,0.3463927789052393,0.1961682497966189,1.7657943080206326,0.077430363800791,0.1912008167471331,MYO1G
14.172487628988032,0.2235495802399107,0.1268203334498361,1.762726639796574,0.0779466054569185,0.1920692741822923,PRKRA
10.01113033545876,0.3306081785285513,0.1879310528576536,1.759199310073397,0.078543661419291,0.1930166187840683,GYG1
9.796070266032917,0.2762918825395066,0.1571057628199481,1.7586362051922464,0.0786393193624591,0.1931204407644638,MARK2
13.730733806822808,0.257688668308483,0.1465361338940605,1.7585332809092742,0.0786568139596298,0.1931204407644638,TEX264
16.100330517239435,0.2425091294416273,0.1381021563208527,1.7560126206733944,0.079086253615456,0.193941710171636,WIPI2
4.037120149608389,0.3391683295468054,0.1932033696945929,1.755499037532043,0.0791739851433536,0.1940302708659329,UQCC1
2.7675552124036704,0.3524313816194006,0.2008428476368356,1.754761923395289,0.0793000390870141,0.1941164228220468,POLR1B
7.147012991505431,0.3918643896733644,0.2235137243638731,1.7532005732024845,0.0795675846772747,0.1947130082054542,CYP51A1
7.501969578754435,0.2595288091222767,0.1480701103731603,1.7527427275378045,0.0796461779425783,0.1947782766168861,STK38L
5.061080713258353,0.487631150395572,0.2782119556185272,1.7527325499418571,0.0796479257338511,0.1947782766168861,DOK2
8.81381182958928,0.350620969387992,0.2000733678656747,1.752461974966063,0.0796944028147046,0.1947899986236768,HIP1
13.15148831903626,0.2296507064736691,0.1311921592837504,1.750491094341747,0.0800336095280934,0.1955021295826762,ATP6V1A
10.560356752646369,0.2662389951158493,0.1522071836170773,1.7491881052451044,0.0802585094900748,0.1958758306581247,CHID1
23.384927127119457,0.2375869852107147,0.1359495495787394,1.7476114186984406,0.0805313367365786,0.196365727387223,ARHGEF6
7.331049850983229,0.3885892522541259,0.2223958724321699,1.7472862603268162,0.080587695192728,0.196444527869863,ISOC2
29.312810563425764,0.2025953179184993,0.1160399519741552,1.745910046253914,0.0808265839128383,0.1969093670697085,RIOK3
11.20701760799716,0.2496945611477291,0.1433164540757092,1.7422602502837805,0.0814629155215926,0.1981807199701823,RAP1GDS1
4.04446597158364,0.3198738263238094,0.1836704578027172,1.7415638320420042,0.081584794711912,0.1984015945211408,NDRG3
10.30424786338755,0.2684485252376166,0.154223021202826,1.7406514484278397,0.0817446935481217,0.1986367920463618,TMEM220
3.067435643350606,0.3777903979801218,0.2170465886207232,1.740595880271076,0.0817544402951798,0.1986367920463618,ZNF579
10.46105302897309,0.2706092094192222,0.1555545181637137,1.7396422335635329,0.0819218584884241,0.1989252617262744,ZADH2
14.18798322689503,0.2185663457139612,0.1256523371545431,1.7394530866954012,0.0819550973397628,0.19894685096946,NDUFS1
28.042546728384984,0.1455934296018424,0.0838788392891838,1.7357587543610258,0.082606499852863,0.2002901217500723,FAM204A
6.133454671709478,0.2653561100705732,0.152994810391415,1.7344124901472031,0.0828449204973417,0.200570620854453,OGFOD1
6.37408046899121,0.3091472935594601,0.1782815603597285,1.7340396445693909,0.0829110492054626,0.2006712627540981,HDDC3
3.034584002760279,0.3997534281788077,0.2305902971810189,1.733609059296158,0.0829874719690836,0.2007750360305147,PLA2G15
23.045714292839367,0.2120975213531773,0.1223740763623988,1.733189966844541,0.0830619097238678,0.2008543512528309,GAPT
5.488151768649626,0.2793702520618489,0.1612464776631725,1.7325665410529152,0.083172740544178,0.2009374435704344,ASCC1
2.459910352870964,0.3369568940346497,0.1945964070090355,1.7315679113181366,0.0833505236617065,0.201139140236209,ZNF765
7.980568975767474,0.3908549918674454,0.2258173847475214,1.7308454453338336,0.0834793339576052,0.2013905042124571,TSPAN14
6.033690291131661,0.2981363410556607,0.1723800422440991,1.7295293421119142,0.0837143996759201,0.2016847848079737,AKIP1
4.807411424237355,0.3756611888319,0.2172115448080704,1.729471558078723,0.0837247325992714,0.2016847848079737,MOCS2
5.483566774491583,0.3515596027225416,0.2033111051910951,1.7291706834808929,0.0837785515928259,0.2017549499159979,MVD
6.1213685377905405,0.2704076169156408,0.1564096134274736,1.7288426906126682,0.0838372532794445,0.2018368286818921,COX15
3.5127903476350135,0.4684906135667117,0.2710336715749161,1.7285328824437844,0.0838927309839571,0.2018645239089087,ZNF487
2.642244383632582,0.422584127519432,0.2445240815049014,1.7281902253498962,0.0839541255940266,0.2018807564288796,METTL18
73.3589880324461,0.2229794058627435,0.1290450685438103,1.727918845554666,0.0840027751028702,0.2018807564288796,TMEM59
10.081650476108903,0.3597089550598087,0.2081753306649881,1.7279134559833136,0.0840037415075499,0.2018807564288796,SMAD3
10.186709102178432,0.2331945257320817,0.134970357947306,1.7277462198264564,0.0840337331153254,0.2018934528918919,DCTN1
6.182249927788409,0.4733047662851412,0.2742086642286986,1.726075168399457,0.0843338904870616,0.2023415940245592,FBXW9
10.202195352720755,0.2758071867263728,0.1597938734484542,1.7260185310880625,0.0843440789680147,0.2023415940245592,SMIM20
44.42977724007629,0.2345661032574262,0.1359587140662629,1.725274506076194,0.0844780140730415,0.2025439709480112,GNA15
8.59154314535697,0.2692879209998714,0.1562223176546353,1.7237480856940888,0.0847533301718678,0.2030581815751344,ACYP2
5.902763526400111,0.2624098719443795,0.1522910040715765,1.7230818953760878,0.0848737163180676,0.2032541430348567,MIEF1
4.585919228202465,0.3172954458715113,0.1842182834310139,1.7223884620026442,0.0849991723809946,0.203302559376634,NDUFAF1
22.9035718301466,0.2348986298287118,0.136450648286414,1.7214914899902314,0.0851616750998442,0.2034666804797741,SCCPDH
18.591480754760667,0.1953413822182088,0.1135057985001276,1.7209815251684193,0.0852541764145647,0.2036281424973423,PTPN11
8.392455309745687,0.2981676642177262,0.1733121547811099,1.7204082690813376,0.0853582549486843,0.2038171540577731,THOC6
9.450712863617923,0.2285819197372236,0.1329113433453301,1.7198074594981885,0.0854674462274557,0.2039511683544955,CEP104
15.281214468796016,0.2016832097415357,0.1172789879574978,1.719687501179889,0.0854892609979375,0.2039511683544955,SSRP1
10.355365292575318,0.2195038790269217,0.1276981811465374,1.7189272161600695,0.0856276257302987,0.2041620454748384,C15orf40
9.685377816536212,0.2214202531770714,0.1288662197604073,1.7182179595920786,0.0857568668949586,0.204410548249331,FBXO22
5.075590458595604,0.3105746382783792,0.1808032392805769,1.717749303132884,0.0858423522256236,0.2045546398470605,SLX4IP
21.713738840254177,0.2245219762552758,0.1307200444243321,1.7175787940099838,0.0858734710387471,0.2045691346523623,KCNAB2
7.170132567183621,0.3078726872378149,0.1792879958829042,1.717196322719182,0.085943307220602,0.2046758272513958,PHF19
14.968316278511894,0.3894986033818604,0.2268631200423871,1.716888154007079,0.0859996097257448,0.2047502363254839,TNFSF13B
7.282671650631096,0.2669488958514288,0.1555075867408873,1.7166294034015797,0.0860469065420809,0.2048031673042073,GPN1
5.77293617320307,0.348033098428843,0.2028200949415261,1.715969507504581,0.0861676235299811,0.2050307664133593,HMGCL
18.58323160990742,0.2327398276932096,0.1357429908057972,1.7145623970093773,0.0864254879003903,0.2055844720914379,SNRPA
25.147792996768754,0.326303216845811,0.190353375841388,1.7141971630579496,0.0864925217529657,0.2056242057734893,RAB34
20.859885138203097,0.2272872774146352,0.1326899235438787,1.7129204037823906,0.0867271840055328,0.2060029533387952,METTL5
26.61002927292253,0.3809763625450861,0.2224168449032532,1.7128934758102654,0.0867321387676476,0.2060029533387952,CTSW
7.021149775995454,0.3979617439121843,0.2323667626169944,1.7126448698178784,0.0867778932067229,0.2060029533387952,CYB561
6.694733963265903,0.4209726757772805,0.2458709607709646,1.7121691575827365,0.0868654995054547,0.2060911720264433,DBN1
9.959591228085571,0.1933017467469216,0.112960483089107,1.7112333575489291,0.0870380431014172,0.2063997752913555,SS18
18.33779965514159,0.2125684326723009,0.1242225968864125,1.7111897352030934,0.0870460929695277,0.2063997752913555,DBNL
9.402170213125906,0.2849912507421447,0.1671516554057881,1.7049861100704122,0.0881970149766923,0.2087048390890682,CMSS1
33.6236332295993,0.3474294034362138,0.203979085320417,1.7032599341763903,0.0885194349695852,0.2091758766978388,GSN
9.810640842871871,0.2929720008390739,0.1720091324030539,1.703235152378876,0.0885240706916077,0.2091758766978388,DUSP22
6.332343294439684,0.2699902786626527,0.1587942644885399,1.7002520810953952,0.089083519687018,0.2103761385441112,NME6
76.34170682286866,0.264285219637501,0.1555806034713284,1.698702882883505,0.0893751799884266,0.2109429796896111,LCP1
9.769553858905482,0.2785135564006842,0.1641696246131952,1.6964987101414035,0.0897914742376052,0.2115932537286966,NUDT16L1
6.901354081225825,0.2609172575223288,0.1538272405492379,1.696170695064981,0.0898535584989413,0.2116441125669789,C6orf89
30.25840032428137,0.1850210017289177,0.1091231249603345,1.6955251400303233,0.089975845294082,0.2118100351189698,LEPROTL1
5.571771830591129,0.7384988737320887,0.4358624887419072,1.694339138620817,0.09020085736441,0.2122174504821752,CD79A
9.076852075071828,0.2684926491089121,0.1585468148339908,1.6934597480879188,0.0903679904035408,0.2125494673538664,NRBF2
37.97795631986224,0.4960422391420365,0.2930091384002886,1.6929241246543585,0.0904699106457022,0.2127279539240382,PTPRCAP
29.17003527017973,0.1234284498060159,0.0729293581090423,1.6924384501159109,0.0905624063701207,0.2128676275333352,SUGT1
17.911536358448117,0.2598440342090149,0.1535779961718538,1.691935307700261,0.0906583090295679,0.2129258531418797,MYL6B
11.200663334094866,0.2314277287250346,0.1368614989858279,1.6909629840383322,0.0908438725680093,0.2133003686072425,ACSS1
2.8298058713238614,0.4600882328301576,0.2721178460268843,1.6907683180202098,0.0908810603656838,0.2133263844435515,FAS
9.18985717391258,0.3263548717141656,0.1932254413141542,1.6889849985311405,0.0912223048288494,0.2140044366226036,BCOR
19.62324114979136,0.1946571988374408,0.115293608022519,1.6883607181364346,0.0913420062259425,0.214162665880426,AP2B1
4.238456431400613,0.3317938111689952,0.1965356645980767,1.6882117138765975,0.0913705954072567,0.2141678528607846,ALDH5A1
2.836140030920115,0.4042030724897296,0.2395974394053869,1.687009149567071,0.0916015926454297,0.2146477239764285,ARMC7
6.276668641614188,0.3526873375267873,0.2091548270541951,1.686250049755729,0.0917476474990556,0.2149283336338256,AP1S1
10.355089303145473,0.2815995649341675,0.1670215220997256,1.6860076557440868,0.0917943247982222,0.2149760469837413,ARID3A
6.8755513257221486,0.2199186038588524,0.1304489325244833,1.6858597429885214,0.0918228174163375,0.2149811579108579,C8orf76
8.046263671172337,0.3245526017146142,0.1927219040888992,1.6840462595518135,0.0921727289692103,0.215430025288163,DAPP1
15.787767280708149,0.2791942440228348,0.1658863880426273,1.6830449280208033,0.0923663943377178,0.2158184920657732,IFNGR1
44.60280692770189,0.2349715286923447,0.1396255615749541,1.6828689964924994,0.0924004546027633,0.2158184920657732,CCT3
11.294058717608872,0.3224831119537993,0.1916565872541267,1.6826090695552427,0.0924507947999528,0.2158184920657732,FAM89B
15.96666902239332,0.2363703609436887,0.1404985685646924,1.682368463667672,0.0924974127052181,0.2158184920657732,TMEM18
16.46247938473596,0.1951595736488653,0.1160917949285005,1.6810798193710554,0.0927474116611673,0.2162165765145215,CTDSP1
15.358902290354392,0.2339976403657946,0.1392355053526315,1.6805888682859016,0.0928427995023977,0.2163772146988282,BCAP29
6.596775008604399,0.2826138143782158,0.1681988238968222,1.6802365666455483,0.0929112973927994,0.2164378179388599,COPS7A
22.47899600669224,0.2699908667862871,0.1607345051871602,1.6797318439616191,0.0930095011366487,0.2165321074936773,MFNG
2.2126098869572126,0.4184535999603861,0.2491598355122332,1.679458485353836,0.0930627232092738,0.2165368460015988,IL15RA
21.86654201092804,0.1887821283711683,0.112449236527293,1.6788208991116464,0.0931869542638273,0.2166848614939479,DKC1
16.016864007831437,0.1646010910382306,0.0981380332035001,1.677240572948023,0.093495448079951,0.2172167490080408,BFAR
3.0102554861569013,0.3474380202926604,0.2072350571506965,1.6765407603792222,0.093632319243415,0.2174518333844185,ZBTB34
6.4796050485041805,0.2366387678374123,0.1412595053112013,1.6752059786425413,0.093893824940813,0.2177707759271596,DUSP12
10.932487562774163,0.2836199018931885,0.1693681254571708,1.6745766130883295,0.0940173310356581,0.2179953495721801,PIK3CA
2249.949023382267,0.2626332004472474,0.156849338126644,1.6744297654300002,0.0940461670151421,0.2180003491292842,TPT1
4.153527979711216,0.3363337805444349,0.2009591155068341,1.673642818820015,0.0942008179194228,0.2182350108362927,DHRS1
9.698675321103924,0.2058065612609191,0.123018138980055,1.6729773590078982,0.0943317532579414,0.2184764047252379,CUL2
10.567055186495756,1.1877091015903072,0.711193223937532,1.6700230846049653,,,CD3D
48.94133286518496,0.1805823707826091,0.108145073218365,1.6698159741219067,0.0949557788942703,0.2197348256429008,TAX1BP1
3.20043402241171,0.3465039885426668,0.2076820938149758,1.668434587583499,0.0952294869913767,0.2200204614444975,SGTB
3.889601237696008,0.3871985138648739,0.2320881865651522,1.668324956971383,0.0952512362519238,0.2200204614444975,SPIN4
75.26262604894286,0.2065780942630672,0.1239501830889922,1.666621937256444,0.0955896039848422,0.2205768579949578,SSR4
9.878616168246005,0.2721691843911168,0.1633659135042597,1.6660096255882664,0.0957114972697419,0.2207957775807628,TBC1D1
11.749907545643342,0.2792215504721078,0.1676630425250265,1.6653732764656783,0.0958383075381551,0.2209709115105423,TMC6
64.98961527623094,0.2475473204906297,0.1486644976917675,1.6651407991427798,0.0958846686422896,0.2209709115105423,UXT
18.68732782055532,0.2281297259306371,0.1370074006148988,1.6650905345753213,0.0958946948652832,0.2209709115105423,PKN1
7.492688438815232,0.225480772997575,0.1354168886598054,1.6650860555807645,0.0958955883265674,0.2209709115105423,TBC1D20
13.607925177526376,0.2461585125243031,0.1479856292257019,1.6633947080690634,0.096233451725442,0.2215619988866122,UBA3
4.531647474362166,0.3413576312582937,0.2052432332298986,1.6631858009951035,0.0962752489920837,0.2215957914124834,AGPAT3
7.928417578818194,0.2543751188062933,0.1529818478888376,1.6627797501252035,0.0963565315334908,0.2216269444037797,RFK
20.445669698368892,0.1997909873819143,0.1201597274648191,1.6627117221151315,0.0963701546281519,0.2216269444037797,ERCC1
153.57012465688916,0.2416534824524813,0.1453636899818579,1.662406082857698,0.0964313800878613,0.221705347973527,COMMD6
13.029709436153468,0.2286526443922189,0.1375911682076364,1.6618264629250272,0.0965475746469879,0.2219100513194201,SLC25A11
50.212990777461066,0.1697923199072419,0.1022315278167982,1.6608606320695365,0.0967414404621657,0.2222931130529686,JAK1
4.98253442564419,0.289477884309616,0.1743597686357423,1.6602332440252812,0.0968675392775925,0.2224577468907276,PITPNA
11.73264857866686,0.2223699708080411,0.1340552451033795,1.658793511858158,0.0971574082070071,0.2229980849605213,TCEAL3
4.074558576326841,0.307832437128432,0.1859659531952691,1.655316104046206,0.0978603939576808,0.223982431100339,UNC119
4.095143079489266,0.3032114379966066,0.1832801706622394,1.654360299322202,0.098054327901489,0.2243006476156403,IKBKG
4.728515539998661,0.6244056883210664,0.3776866575298468,1.653237348665732,0.0982825680775159,0.2246693030187521,SLC27A2
5.334932194145284,0.2531402373421404,0.1531249180572287,1.6531616183300233,0.0982979755589326,0.2246693030187521,ALKBH3
7.431328038149454,0.2531185359884755,0.1531595166006699,1.6526464799991962,0.0984028326343896,0.2248460697582768,VPS26B
3.0837274200375195,0.4436146053224913,0.2685868967859412,1.6516613827071542,0.0986035991905156,0.2252418252685779,ACP2
14.360776902946442,0.2180441114950423,0.1321123669954917,1.650444363792854,0.0988520837213281,0.225746332053374,RAB18
5.686523163082447,0.4204207715424994,0.2547592342805418,1.650267055990326,0.0988883271789142,0.2257660020617234,PRR5
5.806080372803318,0.2885823210226359,0.1750052193002528,1.6489926539134885,0.0991491396957531,0.2262982180039103,CYBRD1
2.435525603047184,0.5817906081074942,0.3529789299902974,1.6482304145561502,0.0993053978254217,0.2265283097798773,SVOPL
8.86504616580217,0.2648689259377448,0.1608287265040133,1.646900598514254,0.0995784788711172,0.2269611578398603,QSER1
49.84964387896352,0.4141029022937704,0.2515647965393172,1.6461083108226158,0.0997414616925645,0.2272692368906705,MGST1
4.179788172932732,0.29123825233467,0.1772547349613779,1.6430492104943089,0.1003727519819892,0.2285165105725366,ORMDL3
8.587438278009078,0.2831672234560166,0.1723691071163454,1.642795673733373,0.1004252156243157,0.2285269741180819,CLUAP1
447.0605643285823,0.2469242094845806,0.1503108833906908,1.642756691428462,0.1004332840604616,0.2285269741180819,NPM1
20.889115363754417,0.1968555986616008,0.1198627448833594,1.6423418206646652,0.1005191847356784,0.2286587579274021,RAB1A
39.74203959325707,0.2443636528049451,0.1488556609171603,1.6416147783653046,0.1006698630169008,0.2289377819958521,IQGAP1
25.27096032566605,0.5996526921566628,0.3653313621950697,1.6413939623296745,0.1007156623847574,0.2289782073861582,KRT18
9.49122548395174,0.3228300078674748,0.1967053151419928,1.6411859925312042,0.1007588125015804,0.2289789580118931,PCGF5
2.3484494836355054,0.4235083731054133,0.258402132045286,1.6389507693039922,0.1012235130573664,0.2297474700459394,APOBEC3D
9.375577848148788,0.2435406718335844,0.1485973239742143,1.6389304014374133,0.1012277553507589,0.2297474700459394,C1RL
10.299226622389508,0.2214005034787088,0.1351255613371524,1.6384798056549152,0.1013216433074864,0.2298442941325575,NCSTN
18.631486451082736,0.2600295417317972,0.1587342763092336,1.638143618239252,0.1013917378411379,0.2299394643075043,AGO2
2.399101554733238,0.3206563062820169,0.1957693359890855,1.637929171399417,0.1014364698313306,0.2299770796314658,ERMARD
38.52377541106767,0.1819712817823452,0.1111349505259583,1.6373902262172804,0.1015489591065814,0.2301682510013529,MLF2
51.4506320080179,0.3175650355828675,0.1940336946456057,1.636648913802763,0.1017038489687975,0.2304553937670672,RNASET2
7.222151077381179,0.4751987116583536,0.290535150287559,1.6355980031607968,0.1019237485700333,0.230787823572989,TSPAN13
6.983770863950949,0.3109143468879647,0.1900985585437911,1.6355428955887767,0.1019352900838229,0.230787823572989,MOB2
3.928900711224097,0.3273782227338888,0.2002248621620464,1.6350528061242184,0.10203797827111,0.2309079591275241,KBTBD4
1.6451639799913516,0.7048898966663071,0.4311200653905069,1.635019924270564,0.1020448709349516,0.2309079591275241,MYO1B
11.957032860537392,0.1727818265166861,0.1057469587207091,1.633917689992622,0.1022761347584179,0.2312391524933683,CLPX
9.44190380204857,0.2597525536776749,0.1590442171019802,1.6332096721952472,0.1024249064356388,0.2315114551827399,STT3A
3.3886551158298692,0.2779608515370245,0.1702324039409694,1.632831617847631,0.1025044152911707,0.2315630570484257,AAR2
1.704058614284694,0.6202313840186178,0.3800897473109409,1.6318024582526391,0.1027211073117509,0.2319243348561252,NCALD
132.3588080869471,0.1558684387905177,0.095785883348691,1.627258979521096,0.1036821060801101,0.2337066175946427,HNRNPC
74.43160633133404,0.1095289242084865,0.0673462334917013,1.6263556034203923,0.1038740295483386,0.2340746540097835,KTN1
6.814416194371618,0.3074186218778035,0.1891241559979856,1.6254857569917074,0.1040590962569787,0.2343624243428262,IMPDH1
53.84970735859638,0.4041059788078916,0.2489842081002636,1.6230185114598186,0.1045854477373293,0.2354829687136176,LST1
12.939219217574736,0.1939129194024268,0.1197352922624135,1.6195134762559773,0.1053368293130119,0.2369136339985193,RBM42
99.17210123944236,0.2187356500727845,0.1352762734984411,1.616955024084879,0.1058879896604869,0.237825938294623,ST13
7.833297624027967,0.4304697144154786,0.2663188368512223,1.616369760040513,0.1060143923966984,0.2380444078794786,SLC45A3
3.989493498267537,0.3134212394799339,0.1939570357789263,1.6159312716924268,0.1061091735566242,0.2381917739371365,SAYSD1
28.956119564257087,0.2140184265501189,0.1325587805146493,1.6145171652847792,0.1064152966356053,0.2387477728746653,SKAP2
5.659142732766107,0.3482517173725473,0.2157380725863019,1.6142339328318407,0.1064766943368222,0.238819947687668,HIBADH
5.200216440461502,0.2463095596880953,0.1526053703455254,1.6140294350743167,0.1065210417825396,0.2388210121837913,NUP133
15.493482390047502,0.1909088352103134,0.1182956900837708,1.6138274782041662,0.1065648525788891,0.2388210121837913,USF2
3.4821645316761964,0.9016454794949728,0.5592974520714514,1.6121036778472315,0.106939380557717,0.2395362258592767,MDFI
6.482431947745996,0.2172368889307754,0.1347619970887419,1.612004078477132,0.1069610522224636,0.2395362258592767,INIP
9.880353190070922,0.2778366273880627,0.1723601394259644,1.611954064979186,0.1069719358904052,0.2395362258592767,RPUSD3
22.209887483237456,0.2073129216342447,0.1286323296133753,1.6116704273129177,0.1070336761914398,0.2396088131945903,ERP44
12.796682461903895,0.2674966916860756,0.1660834490989849,1.6106161880504355,0.1072634032839032,0.2399273510069959,TMEM70
6.084469162103731,0.2385028692351876,0.1481105912073782,1.610302594101768,0.1073318132091933,0.2399644379303819,PPP3CB
9.83257454368942,0.2154636938910434,0.1339485592710992,1.608555516113953,0.1077135677573599,0.2404720115151334,DESI2
6.738200570226935,0.2857666746550766,0.1776778121947785,1.608341925900158,0.1077603130845127,0.2405106578021179,TGFBR1
739.1891633207928,0.2507291366485915,0.1560208005360761,1.6070237800799916,0.1080491516775746,0.2410211241706843,NACA
15.600767270196195,0.326570349852448,0.2032307374819709,1.6068944781613992,0.1080775179245364,0.2410211241706843,SQLE
7.98860719853456,0.2804353164060237,0.1745779551847012,1.606361559850594,0.1081944917294062,0.2412161505923543,LYAR
3.2747851852020613,0.3262514793711154,0.2031296948114302,1.6061240069994782,0.108246666071389,0.2412666416992144,ACSF2
16.25015037243409,0.5887622599615305,0.3666097979192707,1.6059643340224603,0.1082817466457482,0.241279016046471,CPA3
8.543625704987765,0.2685389382134778,0.1672740609627628,1.6053830263214437,0.1084095374913246,0.2414320879917179,DAAM1
31.967710456291535,0.149072952205065,0.0928688802320731,1.6051981226923553,0.1084502104921038,0.2414568582918204,PRKAR1A
137.59773726070668,0.2259675204150696,0.1408046282606223,1.6048302048482033,0.1085311767976285,0.2415207193894556,ANP32B
10.206961003349218,0.3882888857938763,0.2421065813269613,1.6037931875527909,0.1087596467255032,0.2418821647779223,SNX10
4.81562546906224,0.3160926014783197,0.1972045803062793,1.6028664293060275,0.1089641467728159,0.2422051260284763,MED11
9.166392793503608,0.3003353370604065,0.1873904186100898,1.6027251515208225,0.1089953480658037,0.242208590983324,KIFAP3
48.82228532627568,0.1930516595830709,0.12052974456894,1.601693094708668,0.1092234929022567,0.2424518230112306,SF3B5
41.9687472569509,0.2097600715969943,0.131092043756137,1.6000976534258553,0.1095769214924716,0.2430405414090912,HHEX
6.947405370633081,0.2571550177295593,0.1608622024778411,1.5986043568251067,0.1099085410537261,0.2436415325420499,IMPACT
29.86345731010066,0.3237753787020666,0.2026004926428868,1.5980976871204766,0.1100212383004258,0.2438252069847518,AKR1C3
3.306281092001576,0.3019378208049718,0.189039050187886,1.597224597271705,0.1102156516585165,0.2441799462410766,WIZ
7.424098249079049,0.2672970466406773,0.167362899529478,1.5971105148880236,0.1102410747378939,0.2441799462410766,TRAF7
11.346759595923125,0.2441354602778216,0.1529587314146459,1.5960871146087807,0.1104693451162981,0.2444867331921104,UROS
24.754284336899723,0.1743521668103706,0.1092622266299499,1.5957222563372044,0.1105508173078852,0.2445159911497608,AUP1
52.36057720050651,0.116178236344737,0.0728165597896224,1.5954919688652245,0.110602264507345,0.2445159911497608,HNRNPR
9.832604100522532,0.2242819808431595,0.1405943989782299,1.5952412220766206,0.110658303905622,0.2445737087402861,COQ4
4.791427829648996,0.2643951112216377,0.1658597720449464,1.594088234668435,0.1109162737082923,0.2450113199433513,METTL6
10.045389101402982,0.2342508105483884,0.1469898725975171,1.5936527218429963,0.1110138389553302,0.2451605616497306,DCTD
10.216170862492874,0.3960470768887112,0.2486238792335073,1.592956710794236,0.1111699026547866,0.2452962405784933,NTHL1
2.5881658530242566,0.5221223636000288,0.3278202137991996,1.5927094841071805,0.1112253789430079,0.2452962405784933,SLC35E4
22.47532113269473,0.1967196809024734,0.1236660423451394,1.5907332131924197,0.1116696289321396,0.2460103904029422,NDUFV1
68.19959418947873,0.1427571736127516,0.0898788059411843,1.5883296636825617,0.1122118131364896,0.247005044487677,DEK
9.69534940615035,0.3559636141987672,0.2248015500599618,1.5834571163046711,0.1133173135548748,0.2490359787673164,HTATIP2
10.951331708955484,0.2744084819813824,0.1734782992447953,1.5818029296803544,0.1136945660174804,0.2494624862859379,PMVK
234.37979700828413,0.2624354254645443,0.1660941262698797,1.5800403744448102,0.1140976206349405,0.2500782344978807,EIF3E
8.414029279111979,0.3749355990316211,0.2373315665873192,1.579796587630388,0.1141534573472476,0.2501335210470261,SCARF1
43.71706801009821,0.1561672846839708,0.0988669941800504,1.5795694607602688,0.1142054976349785,0.2501804614411285,SP100
12.960147027809786,0.2114215056194334,0.1338954234549856,1.5790047199821686,0.1143349744248581,0.2503969648956086,SDHAF2
11.406539489852864,0.2527574411151134,0.1602040838246786,1.5777215853730775,0.114629585148884,0.2508404767679517,SLC6A6
9.129816690728187,0.2181529541421413,0.1382984426907526,1.5774071630723294,0.1147018682930983,0.2509314500195197,CHMP1A
5.201121673849476,0.3150445844874027,0.1997927700752379,1.5768567819984838,0.1148284827803685,0.2511191703210207,SNRNP25
12.219724722801548,0.2182301307538495,0.1384035355220593,1.5767670235495326,0.1148491420254136,0.2511191703210207,MEA1
16.52993583014286,0.2143182850531001,0.1359491754501136,1.5764588813688247,0.1149200877934311,0.2511506219387003,STK10
53.566913833592366,0.2544198988770763,0.1614346685129961,1.575992946376289,0.115027428797242,0.2513072515246697,PLAC8
3.5994461195148033,0.3056716348361704,0.1943008458553283,1.5731873605108546,0.1156754411231949,0.2524529993102633,FAM104B
9.28510132306109,0.2462242421567367,0.1565922349116091,1.57239113609766,0.1158598686815481,0.2527022848581055,SRPRB
7.810002670643283,0.3024066314898731,0.1923346921907257,1.572293734663304,0.1158824453999903,0.2527022848581055,SEC11C
5.375503486042634,0.2438542550589233,0.1552110530813865,1.5711139781459755,0.11615617632036,0.2530965644569765,NABP2
34.15769142049375,0.3068506487922561,0.1953735887677351,1.5705840831794706,0.1162792895054784,0.2531995711784202,FLNA
9.03319771156157,0.2077097245305642,0.1322561903214842,1.5705104163795276,0.1162964130011762,0.2531995711784202,RWDD4
11.16745935751023,0.2213167043167884,0.1410403096223306,1.5691734150996772,0.1166075369775423,0.253629065869509,MGAT2
3.952884221529689,0.3521585696775844,0.2244408046592897,1.5690487752981257,0.1166365742953505,0.253629065869509,PNPLA4
1.8861740343745548,0.5018467236340939,0.3200397095418159,1.5680764251178752,0.1168632976102218,0.2539601076524262,SENCR
4.4558715578586705,0.4058303865873646,0.2591720179702625,1.56587269631064,0.1173784230389191,0.2548067818909468,ST6GALNAC4
4.104044675004115,0.263733290642229,0.168439721101159,1.565742859926965,0.1174088280283214,0.2548067818909468,SLC35A4
14.378525330684464,0.1999194321155109,0.1277221615611231,1.56526815449985,0.1175200468216886,0.2549771781006698,RTCB
7.067225409517659,0.3184012283504435,0.203446765981476,1.565034601628586,0.1175747962930634,0.2549771781006698,LRRC8C
1144.759170889774,0.1820378524914857,0.1163497602351928,1.564574367179692,0.1176827430543019,0.2549771781006698,PTMA
7.835895005037682,0.2831547299043922,0.1809924038520612,1.5644564295407446,0.1177104175272371,0.2549771781006698,CHTF8
8.127221739309665,0.188307266109054,0.1203741253025142,1.5643500265178736,0.1177353897446905,0.2549771781006698,METAP1
11.12717338402152,0.2007530569897888,0.1283305686228363,1.5643432359424994,0.1177369835973353,0.2549771781006698,MAP3K7
41.49987172599738,0.1656205498687217,0.1060987720325486,1.5610034564576607,0.11852293533284,0.2563603098085862,PRMT2
17.64892225268953,0.1974061119798863,0.1267524024966171,1.5574151502584324,0.1193719514320263,0.2578051306354331,GOPC
4.403804977909007,0.2501563205826891,0.160630548354984,1.5573396414600942,0.1193898683544828,0.2578051306354331,RAD51D
24.81570768121656,0.2181811503136089,0.140145833729609,1.5568151011506886,0.119514390798323,0.257937688117564,ZNRF1
5.424256324685472,0.3026620840565414,0.1944523757057479,1.556484372885936,0.1195929558164025,0.2580390921509968,ERI1
45.37563524549585,0.1696359385364277,0.1090209702195792,1.5559936606211069,0.1197095998279624,0.2581544312996255,MYH9
21.503051307386603,0.1964030249778733,0.1263392053137985,1.5545691022042738,0.1200487272257285,0.2586545321389858,TPP1
18.89197309262829,0.2693052474760591,0.1733222390696208,1.5537835705427476,0.1202360507888745,0.2589409975772405,BMI1
10.633798427404471,0.2552334969461355,0.1643091516254077,1.553373591314118,0.1203339082508468,0.2589540069311744,ZBED1
4.551931563529377,0.3151582051769615,0.202976667084356,1.5526819397718434,0.1204991390587785,0.2591048592761262,IFI27L1
11.59100372704754,0.204885420654695,0.1320031041109044,1.5521257779101725,0.120632131083916,0.2593225843427199,KCMF1
6.0508708830719655,0.345482289385947,0.2230176291809229,1.5491254689362457,0.1213515615040388,0.2604580008010249,ABHD14A
23.7420130054114,0.216586813318768,0.1400787955006484,1.5461784386757207,0.1220614792539465,0.2614323321058971,TAOK1
17.81678261020859,0.2454169492991445,0.1588101146460232,1.5453483542037725,0.1222620253082014,0.2617374640159082,NUDT1
26.88655408127982,0.2260221511999283,0.1462620195599925,1.5453236040352936,0.1222680088298521,0.2617374640159082,MAF1
3.4200897063599065,0.3814721932559807,0.2469536209509205,1.5447118847137469,0.1224159688800387,0.2619855635722358,ENDOG
23.331568345698862,0.1604478674556372,0.1039079999077689,1.5441339222971695,0.1225558924657899,0.2622163386588033,SERINC1
6.618080714192469,0.2358224875889799,0.1528170365032343,1.5431688310745957,0.1227898176977322,0.262648062934076,LIX1L
29.66030676392544,0.3691750414970198,0.2393311415132887,1.5425282274706469,0.1229452839594873,0.2628429919500186,PIM1
18.363471829658803,0.2253427378697849,0.1461350494654358,1.542017049941763,0.1230694504289374,0.2630396231898634,LETMD1
27.139484518226617,0.2515227821443343,0.1631543693695002,1.5416245554215209,0.1231648549090179,0.2631746938968581,SMAP2
6.575296880061568,0.2549404448974258,0.1653925810062398,1.541426122903346,0.1232131102997946,0.2632089736626462,POC1B
5.709199637914691,0.2793922048176959,0.181578877609586,1.538682298821226,0.1238818757949341,0.2644302003971804,DCAF12
3.4618926193872595,0.5035225881581403,0.3274705792650489,1.5376116819050116,0.124143589440221,0.2647122310323712,ACTA2
57.570529700667095,0.1865591939509384,0.1213441556485334,1.537438642626488,0.1241859295750008,0.2647280280025099,WDR83OS
11.79845864717667,0.2476537945180244,0.1613339798391629,1.535038029588779,0.1247744868686544,0.2656415664939487,C21orf91
5.785280250389231,0.3295306491097119,0.214707083920947,1.5347916943021862,0.1248350036313286,0.2657011760019762,CLIP2
5.861998107182965,0.3061044762583593,0.1995672259582965,1.53384141503438,0.1250686715510319,0.2660476615097077,ACADS
2.3520500947160055,0.3387304615759778,0.2208536759324852,1.533732504771745,0.1250954736899152,0.2660476615097077,ZNF234
4.922131859402574,0.303974220918403,0.1983231010748979,1.5327222056880063,0.1253443154846197,0.2663109914922578,AUH
58.654441954304694,0.146961029954446,0.0958837213878466,1.532700523376572,0.1253496601736903,0.2663109914922578,PAIP2
10.378387733282098,0.2208295155818289,0.1440972929998568,1.532502873472081,0.1253983890585759,0.2663452656609368,SAMM50
2.9367018692686884,0.3202543147051291,0.2090516822456346,1.5319384721756608,0.1255376186193299,0.2665716948384991,HS1BP3
7.323802068126659,0.1874131179103418,0.1223626213172089,1.5316206525561271,0.1256160730791565,0.2666465933153715,CAAP1
35.736543196227984,0.3200547729492164,0.2089789637812969,1.531516699853885,0.1256417423182494,0.2666465933153715,TWISTNB
5.042803311816528,0.2613988875997199,0.170707585172537,1.5312669752519763,0.1257034239934905,0.2666465933153715,C6orf47
2.7717134656567355,0.3739806935430628,0.2443544116230336,1.5304847211844246,0.1258967925201263,0.2669874621546723,CDK5
14.946214483218576,0.2034901451535032,0.1329835891445201,1.5301899013445934,0.1259697303159896,0.2670695743059816,CD302
10.694465809489245,0.1977576388910825,0.1293779942602168,1.5285260837583738,0.126381972441006,0.2677384228196682,PRPSAP1
32.989185505183805,0.2179592662173238,0.1426788970865125,1.5276209072822131,0.1266066877516545,0.2681449573921123,CREG1
43.51555522919837,0.2234665888549545,0.1463884292833777,1.526531775420374,0.1268774832284785,0.2685792527098181,TUFM
16.7146616830217,0.2235077963352818,0.1465720996426146,1.5249000108496689,0.1272840391827326,0.2692306197675663,RNF5
46.06307817658417,0.2260182402109781,0.1482575119114209,1.5244977289651047,0.127384423739926,0.2692677326461813,CD53
11.07162923437117,0.2287368434078991,0.1501077390141279,1.5238177918752789,0.1275542337989328,0.2694554160034174,TAF12
16.256089360610634,0.1621646376543096,0.1064294531244046,1.5236819592106376,0.1275881782544635,0.2694554160034174,UFL1
26.558989078194656,0.2763285027570732,0.1814642133181815,1.5227713371371772,0.1278159233372008,0.2696148029893307,BRI3
28.875456516736342,0.2078148700437317,0.1364791406689342,1.52268595057937,0.1278372945767543,0.2696148029893307,SUMO3
20.281756678712433,0.2090194195044792,0.1373395513873315,1.5219171563695644,0.1280298397892197,0.2698998505979655,PDAP1
5.824512194731342,0.2950856690854332,0.1939907361716114,1.5211327865903317,0.1282265182325909,0.2702447460610008,TMEM80
2.0915168766174137,0.3130462753336822,0.2059482067747721,1.5200242829792343,0.1285048727269712,0.2704825644132102,TNFAIP1
2.067992249010746,0.3343116540068496,0.2202598368732503,1.5178057822644762,0.1290633670033442,0.2712388816317711,SLC25A14
3.0412591337895227,0.4097863612090585,0.2701294198128832,1.5170001160662716,0.1292666547279439,0.2715962550223784,NUDT14
25.24892027259919,0.3493480839255153,0.2304654327145589,1.5158372334223218,0.1295605146391866,0.2721436928320807,PTMS
10.97720924629869,0.2665782481436378,0.1759529156053262,1.5150544520762024,0.1297586150514628,0.2723414113326722,CDK2AP2
13.643547442416304,0.2542893298192547,0.1678520517353706,1.5149611052723857,0.1297822542430185,0.2723414113326722,PAPSS1
11.000705778125662,0.2351046987279824,0.1552276284345695,1.5145802399930508,0.1298787394088809,0.2723919865785333,PPIH
19.44636105866732,0.2151464853530296,0.1421756370640357,1.5132443912041549,0.1302175921630308,0.2728225501446473,DNAJC19
18.267900334787115,0.2787008899892711,0.1842864352815602,1.5123244940055451,0.130451332827916,0.2732422047005644,GLRX
3.3919491475485004,0.2781002207981003,0.1839431450691832,1.5118814060371946,0.130564035070171,0.2733381323490565,SP2
4.3794190057832045,0.3673062389674334,0.2429871196771478,1.511628433043965,0.130628414226376,0.2734028618452147,UNG
10.76320194946146,0.3591288570859447,0.2377951959148867,1.5102443752248325,0.1309810794575056,0.2740006145026313,MAP1A
6.734093664844548,0.2120646584428582,0.1404669073353499,1.5097125897174923,0.1311167773966704,0.2741888540859952,RP9
14.498286461668144,0.2861677980796484,0.1895875113519586,1.509423252823831,0.1311906544838772,0.2741888540859952,IL6R
9.600391810897372,0.1899288348111867,0.1258335228176725,1.5093659508077646,0.1312052893741575,0.2741888540859952,SUCLA2
4.781812045803826,0.2654583783448989,0.1760094993095428,1.508204837728928,0.1315021095274231,0.2746686444142572,WRAP73
14.409483689797357,0.1700374303183324,0.1128575653932581,1.5066551340694618,0.1318990773387716,0.2752163843041631,PPP3R1
13.005157244035155,0.1920882597829261,0.1275320209795765,1.506196312953339,0.1320167856749186,0.2752511242025415,AGGF1
15.017125993346248,0.2338843660311354,0.1553568023745207,1.5054658853450604,0.1322043412408918,0.2753657183200264,DNAJC9
5.112825325316434,0.2639497347671524,0.1754366826655641,1.5045299007980053,0.1324449803482346,0.2757217667325924,RIPK1
19.341555299933848,0.3468273459248889,0.2306659261576581,1.503591586768804,0.1326865587371172,0.2760137147253017,HOXA10
13.835991654039464,0.2053885212496422,0.1366276367274626,1.5032721502703013,0.1327688786853282,0.2761146621882964,OAZ2
2.1943998070934545,0.3691133458246685,0.2456427906189799,1.5026426987519674,0.1329312063627657,0.2763819051374449,TMEM184B
4.882328712986566,0.5077071871315196,0.3379579745928747,1.5022790562735957,0.1330250552112058,0.2765066716181029,IFIT3
6.909115599919854,0.2251511830541855,0.1501306443765347,1.4997017030680004,0.1336916892289219,0.277468832280803,IMPAD1
7.824086717896728,0.306956549213663,0.2047228469099944,1.4993761265376269,0.1337760833483992,0.2775734832503225,PNMA1
18.52101510421868,0.2052201687978587,0.1368979663375002,1.4990739036394514,0.1338544607505339,0.2776656000996733,PTDSS1
10.81083461949338,0.215814011648852,0.1439862719264772,1.4988513054845372,0.1339122112706098,0.2777148929675516,TRIAP1
6.510684889505896,0.2830301266433582,0.1889920222102984,1.4975771111037697,0.1342431572719923,0.278330585655785,PDRG1
2.2410386061558856,0.5648575799677276,0.3774556152417748,1.4964874203975336,0.1345266836280729,0.2785441923830371,DHCR24
85.11878225841109,0.1873538920396606,0.1251975812752582,1.496465747431223,0.1345323274035705,0.2785441923830371,EID1
18.76856425629662,0.242221541370436,0.1618764736092782,1.4963356686104177,0.1345662045855348,0.2785441923830371,TSPAN3
3.2092680558714837,0.6410443234771658,0.4285988589391674,1.4956743586854755,0.1347385353660173,0.2786506131297716,NRG4
3.022115469493629,0.3594212815855003,0.2403630431200918,1.495326722943526,0.1348291941590984,0.2787675469316784,RWDD2B
5.215209816435516,0.2389130590394018,0.1598140615785913,1.4949439159451692,0.1349290796845322,0.2789034935750854,SNAPC5
9.619680589693624,0.2426810463940956,0.1625835923779416,1.4926539809131507,0.1355277852854966,0.2799993763761802,TCEA2
39.55082920947028,0.2154173413761234,0.144413583422122,1.4916695249258982,0.1357858020444101,0.2804615238889977,AKR1A1
5.169588327785374,0.226357210021169,0.1519152494836536,1.4900229620827203,0.1362181984588099,0.2810812379680863,C12orf73
9.60911450016759,0.1810983585199209,0.1215422745874362,1.4900030391453694,0.1362234368319204,0.2810812379680863,CCDC43
4.2900089393058245,0.2790338066729321,0.1873081354900059,1.4897046833708956,0.1363019026456783,0.2811721399944049,RRS1
8.096933345168527,0.2301652728222722,0.154777939593428,1.4870676882433775,0.1369969344589699,0.2822496095472122,PSMG3
9.240931633516052,0.1924086523607152,0.1296844314015724,1.483668087844061,0.1378969963429424,0.2834607187718698,RNF2
23.593332231762805,0.1925957290372486,0.1299178894384182,1.4824419475236312,0.1382227394949522,0.283874475104214,PUF60
2.427327285437616,0.3613695906475107,0.2440398302352343,1.4807811917389886,0.1386648900439886,0.2845381257030213,SMUG1
8.275982970597713,0.2104857992995861,0.1424565719195084,1.4775436223364682,0.1395299740299585,0.2861178426856616,CDC27
32.86985304280901,0.2017300183185333,0.1366506131442891,1.476246711791384,0.1398776737640296,0.2867387035438751,PRMT1
18.783760363929275,0.175505455340086,0.1189263756867205,1.4757487927018629,0.1400113420923915,0.286940726420098,RAP2B
7.319496909283068,0.2212012706323402,0.1499225381883286,1.4754370710724836,0.1400950749929837,0.287037817439407,RBM15B
9.078483046860606,0.2486367319063398,0.1685317517740824,1.475310909006858,0.1401289748826085,0.287037817439407,MFAP1
9.580331127032364,0.2901573824742207,0.1967200212951514,1.4749763677530274,0.1402188970489485,0.2871500270142753,TIMM10
9.025471036313784,0.1834427367712441,0.1246158539425215,1.4720658003584055,0.1410031096750422,0.2884668024924311,SRP68
31.682721349137697,0.1471319494263692,0.0999729626417247,1.4717174077720308,0.141097204793759,0.2885500442834416,IK
6.67441877468319,0.330451456734411,0.2245443101850144,1.4716536636449786,0.1411144262583077,0.2885500442834416,MPHOSPH6
7.404884058355606,0.26329645314018,0.1789884892835582,1.4710245010396108,0.1412844909759032,0.2887532705763144,RP2
14.290926438616935,0.1855716300698981,0.1263368036283789,1.4688643747530536,0.1418695791218687,0.2897316498387376,UBA1
19.332407029646408,0.1832299000549524,0.1248045009676389,1.4681353527663463,0.1420674602801273,0.2900632728508046,HEXA
9.056050617898393,0.2951203896861354,0.201099810089687,1.4675319163877725,0.1422314135569317,0.2902529670763458,TAP1
9.687552522512917,0.2318671517750017,0.1580705716805842,1.4668584374043985,0.142414568891553,0.290481638146001,RNPEPL1
22.658925139966183,0.2047786646481658,0.1399152268854943,1.4635909843876769,0.1433057373686575,0.2918667423135856,FKBP2
27.60350095655567,0.1849901130253226,0.1264486497927506,1.4629662976118878,0.1434766011845099,0.2920511128413087,SIVA1
12.345182991036989,0.1960505621571735,0.1340217918977534,1.4628260030036198,0.1435149959306646,0.2920511128413087,PIGT
7.535965682108604,0.1978649927225362,0.1352710921969246,1.4627293201306366,0.143541459940117,0.2920511128413087,TMED7
16.139382523015033,0.2013161451451758,0.1377034368426534,1.4619543982421397,0.143753706592817,0.2922646271634507,TTC1
6.117896540466511,0.2701425495368165,0.1848659761416759,1.46128863285144,0.1439362480451405,0.2925629559146377,PIGK
16.442767653593215,0.1949261000681645,0.1336436533547315,1.4585511184041833,0.1446886958490519,0.2936540819132149,IDH3B
3.0067005763779324,0.3263482860619082,0.2239357351397773,1.4573300945389829,0.1450252834115954,0.2941180418853676,WDR89
4.157267698015551,0.7515858985360758,0.5163833060271246,1.4554806279825718,0.1455362494094513,0.2947913015214437,PDGFA
6.417191508764893,0.2531156765478839,0.1739058218771739,1.455475577618409,0.1455376465961943,0.2947913015214437,RALGAPB
28.107095584791548,0.2598939337162073,0.1786789944890575,1.4545298649087903,0.1457994597413379,0.2951021514853784,PHB
5.693657466913267,0.2311757378029563,0.1590778682265689,1.4532237600374491,0.1461616372473914,0.2955423751419043,CUL4B
9.524703372249371,0.2146423082290312,0.1477942108641651,1.4523052491298518,0.1464167485966314,0.2959849710002661,CSTF3
8.539738521419249,0.2027891721522314,0.1396921678556038,1.451686055597973,0.1465889183372263,0.2962597209333357,SPAST
11.16132586466241,0.2166889646514276,0.1493055587642382,1.451312104150064,0.146692972320554,0.2963234306134108,SIPA1
10.156912853250288,0.318439063408715,0.219720030877736,1.4492946416246932,0.1472553168607857,0.2972160892794677,CASP1
5.132462853666508,0.2674398253286642,0.1846845838050297,1.4480896013009872,0.1475919933819285,0.2974687978998755,IDH3A
6.629279376092755,0.2802564315263116,0.1935504597656301,1.4479760568157447,0.1476237469091108,0.2974687978998755,BNIP3
17.47405961826308,0.240758825114224,0.1665733443912661,1.4453622576533178,0.1483561589060119,0.2987966907618988,POLR2I
2.8735747876083924,0.3015215528920836,0.2086986468618304,1.4447700424799923,0.1485224883811953,0.299057972538873,RBM45
10.326127653449362,0.2296931426274204,0.159308781608684,1.4418109303705815,0.1493557185088443,0.3002953187550163,GRK6
8.743430263749763,0.2777245833462234,0.1928401622433544,1.4401801995776646,0.1498164236309777,0.3009958193972755,GXYLT1
9.617675753222636,0.3524447916884107,0.2452272301578791,1.4372171942793792,0.1506562888321503,0.3024600825669535,NINJ1
7.24881063319918,0.7488390687976954,0.5214561190532171,1.4360538527332398,0.1509870179548363,0.3030496005180467,TRH
10.535044262123211,0.2177315861603174,0.1518520178585203,1.433840585267538,0.1516177602024788,0.3041661474624244,TMEM134
2.486463550096986,0.3585400601578219,0.2503360984462014,1.432234753130796,0.15207664887924,0.304937005642275,CRADD
38.26573275928756,0.1609781897534529,0.112414384177962,1.4320070418978592,0.1521418060146982,0.3049928108307408,BNIP3L
2.7298647063080113,0.3312238511294759,0.2315748555640595,1.43031008406632,0.1526280418543772,0.3056857592754054,GEMIN5
9.59234437011499,0.329666277164332,0.230511991788555,1.4301480569684617,0.1526745298743029,0.3056857592754054,SYNJ2
16.860172950753036,0.181522203351166,0.126972233788601,1.4296212481650634,0.1528257537380677,0.305913580057264,DOCK11
39.900738919180455,0.186203953322378,0.1304946736115702,1.4269084566365655,0.1536062829683379,0.307325401110257,SPTLC2
13.37607830652028,0.1853095908217392,0.1299282892892702,1.42624513749403,0.1537975947042993,0.3075575492728413,TNKS2
14.2018648357661,0.1818946056764874,0.1275761246586798,1.4257730916590583,0.1539338504698183,0.3077547081450662,ZNF770
8.367433626184553,0.1761640439139412,0.1235836094951853,1.42546446598814,0.1540229846896534,0.3078575851025339,RAP2C
3.219872407868661,0.2917154684109682,0.2047252549165416,1.4249119803508803,0.1541826460958915,0.308026014975435,TEX261
12.168357832318843,0.26855421244222,0.1886776991548379,1.4233489895476816,0.1546350120020597,0.3087787593032332,NFIX
7.604902437961436,0.3241333635980504,0.2278099556618135,1.4228235225998207,0.1547873205988637,0.3089318995147327,MLLT11
3.7780056864938345,0.2250929639619656,0.1583302762927381,1.4216672214086803,0.1551228801084523,0.3094002823267308,SEPHS1
14.81241159964298,0.2465101737282649,0.1734025886758438,1.4216060764184284,0.1551406397969873,0.3094002823267308,APMAP
7.657553410931662,0.2282571961989221,0.1607851437603285,1.4196410866116431,0.1557121975126297,0.3100712224375663,CKAP5
27.97635331195128,0.1247090951489556,0.0878509159534832,1.419553726850027,0.1557376449496722,0.3100712224375663,UPF3A
8.122915511480727,0.2502014984099896,0.1763397649654947,1.4188603373660371,0.1559397375954963,0.3103223565252802,NUDT2
8.114636944550423,0.2577033692854808,0.1818138697051184,1.417402147060874,0.1563653853154606,0.3109585874370949,ATF1
17.158091923546205,0.1573037893255501,0.1110299812207542,1.4167685844492075,0.1565505974843301,0.3110833978707347,GINM1
7.411083582874727,0.2154007856782551,0.1521619142564597,1.4156024963987388,0.1568919200057549,0.3116100822476965,COASY
6.806387509134424,0.4417140164190488,0.3121996594720695,1.4148446451414725,0.1571140509239357,0.3118996380222252,APOBR
13.999812630934612,0.3342399022317464,0.2363441405002082,1.414208541512168,0.1573006808053595,0.3121302485054293,CD151
39.69221348553368,0.16147541611907,0.1142399727985128,1.413475617714539,0.157515925542619,0.3123320001875676,RTN3
7.398787244069529,0.1937426065881698,0.1370705581583469,1.4134516499477163,0.157522968152364,0.3123320001875676,SNRNP35
3.8795300383373386,0.2567567135632913,0.181696927318562,1.4131043235152227,0.1576250521911646,0.3123806661810621,HEATR6
29.9506102644704,0.16036602914247,0.1134995638846169,1.4129219853698936,0.157678663952185,0.3123806661810621,CEP170
8.862111034339998,0.6136814254206103,0.4344146392169434,1.4126628571422115,0.1577548775933147,0.3123806661810621,SH3BP5
5.242502107754978,0.3223777997776874,0.2282178500472085,1.412588014964654,0.1577768950347868,0.3123806661810621,DDB2
16.007075055226693,0.1689577101101904,0.1196721633817232,1.411838019266511,0.1579976610395267,0.312615708151552,SNF8
1.5357880477564243,0.4403798440814256,0.3120159579618941,1.4114016698312857,0.1581262108863016,0.3127691283350207,CCDC24
12.660994776237931,0.1929614508044465,0.1367719978489328,1.4108257087651517,0.1582960119951011,0.3129534754444644,ACOT13
17.05556677990201,0.1465553116561538,0.1039677927916702,1.4096222274317212,0.158651260171541,0.3132768117113731,FAM136A
16.265277704223973,0.2833133432166907,0.2011886594432016,1.408197380512265,0.1590726317168074,0.3137178124204745,AHCY
21.03755250329504,0.2662202878987076,0.1890863084506834,1.407930008682474,0.1591517961622467,0.313734457525143,LYSMD2
28.58124284109422,0.1824964848349507,0.1296583750919414,1.4075179077752704,0.1592738709074552,0.3138993726929129,ZNHIT1
6.862542152253448,0.235916168335618,0.1677276071671833,1.4065434565012749,0.1595628098899386,0.3143171937344958,CCDC107
7.558822826452445,0.2043224138636004,0.145430501893207,1.4049488326296162,0.1600364940684498,0.3150983597670612,CDKN2AIPNL
4.554248685540214,0.2580263096957328,0.183943860405913,1.4027448870885957,0.1606929268514997,0.3160100855122995,NRM
2.0188071242036263,0.4881851914186568,0.3480679177150376,1.4025572785433589,0.1607488988312857,0.3160440934433194,IL17RE
7.495679585494523,0.2089702435689721,0.1490727150160212,1.4018007490271678,0.1609747547405445,0.3164120088970386,MRI1
14.62763422972362,0.2504960426180829,0.1787551627594285,1.4013359880139769,0.1611136242947515,0.3166088081078438,DPM3
2.853645283736866,0.3900006313741574,0.2792266110964658,1.396717275057362,0.1624986072402209,0.3185643104900396,ST6GALNAC6
15.549928155435142,0.2735878391654646,0.1959119313359633,1.3964838042267942,0.162568854356821,0.3185643104900396,C4orf48
18.72783936112027,0.124214562913612,0.0889497206277787,1.396458156776045,0.1625765726035326,0.3185643104900396,PPP2R5E
3.2574611852278075,0.3404843195234178,0.2439170027748963,1.395902358793907,0.1627439002575325,0.3187212896137151,CCDC102A
8.747227356037172,0.2406122529868846,0.1726083198639167,1.3939783040387723,0.1633241563930259,0.3195681416500922,IFI44
6.815682530555514,0.2811200938417746,0.2017698819310634,1.393270844742933,0.1635379035987959,0.3198344208486744,DEAF1
7.294657032883503,0.3649795147981988,0.2620973695789403,1.3925340623774245,0.163760734367097,0.3200404115076656,TNFRSF1B
5.824944494207764,0.2399422489696146,0.1725265246123795,1.390755708484246,0.1642995182135629,0.3209398430129148,MTMR2
21.559414355738056,0.1610769373316562,0.1159462977597316,1.3892374352947954,0.164760561718994,0.3216097825623268,GLUD1
4.75651079164351,0.2312875421166475,0.1666210260700311,1.3881053764453295,0.1651049596636929,0.3218975484161382,ANKRD40
11.820759558310856,0.2374668819558167,0.1711592097708462,1.3874034723211537,0.1653187667867774,0.3220716345881443,DGCR6L
8.983032692422235,0.2450806189046017,0.1766608187236613,1.3872947078772735,0.1653519161788356,0.3220716345881443,SACS
3.378244861855963,0.3069552058934312,0.2213949569509002,1.3864597916812806,0.165606549811377,0.3224138952844321,ZNF69
10.813802318753911,0.212817095908138,0.153546246172396,1.386013017011141,0.1657429287527215,0.3225281663620332,DRG1
19.56111193873289,0.1449839282099218,0.1046191474684174,1.385825938351197,0.1658000600122506,0.3225281663620332,CTBP2
2.318589629036818,0.3327164391618565,0.2401594079599049,1.3853983151782427,0.1659307059034023,0.3225838205892696,DECR2
2.9437276656602407,0.2549942789097585,0.18417606531114,1.3845136634827164,0.1662012272834796,0.3230328801458877,PCGF1
4.007071355132937,0.3102452798391812,0.2241980562535533,1.3838000427992747,0.1664196899495414,0.3233805675571233,RNASEH2A
5.417810358301517,0.2673501949937131,0.1932443566636361,1.3834825482591795,0.1665169547981224,0.3233979050038764,DHX32
3.278941166099611,0.5310272478736943,0.3840947795873171,1.3825422163879597,0.1668052773783608,0.3236679936971233,ZNF185
8.776637462674218,0.6120761121073954,0.4428536669700691,1.3821181978578116,0.1669354117325943,0.323843601440415,HPGD
7.102935248595679,0.2415427432954618,0.1751776265102742,1.378844708124272,0.1679426388665645,0.3256429288511389,MTX2
4.404496080897266,0.2541772671092782,0.184493408081315,1.3777037876456275,0.1682947614621772,0.3262482789816015,PDK3
8.282922361232632,0.6420023984005622,0.4661730131471749,1.3771762420701867,0.168457765247121,0.3264868121048924,CRNDE
36.27310804135955,0.2289662711085227,0.1663145372280436,1.3767062995495916,0.1686030703100445,0.3266909384641626,CTSD
23.7614551930053,0.1879581109404201,0.1365477161771087,1.37650131545686,0.1686664803372785,0.3267363231000243,STAT5A
4.549779855454727,0.3452521341938137,0.2509096308836263,1.3760019214007135,0.1688210384058088,0.3267754099720876,SLC43A2
9.999557422876302,0.1764373143979694,0.1282790617850965,1.375417873678804,0.1690019308265531,0.326998526351827,ZMYND11
7.663935388222627,0.1700599471705761,0.1236731387491565,1.3750758563304917,0.169107928605831,0.3271261564010997,MKRN2
3.6088080115502894,0.3154800885475002,0.2296436300424373,1.3737811429352544,0.1695096370219377,0.3277480464046979,TMEM8A
22.934372657380237,0.128174181537492,0.0933873846410277,1.3724999584278048,0.1699078518176398,0.3283625963107698,PRPF38A
11.349890139622792,0.1728073879298206,0.1260054946082961,1.3714274005829197,0.1702417606853826,0.3288523467045536,LRRC41
9.865832320991526,0.350346986658329,0.2556406586149374,1.3704666094842308,0.1705412916626422,0.3291797700054026,ALDH2
7.04427357415433,0.1864689954127284,0.1360699164347947,1.3703910482085524,0.1705648649690055,0.3291797700054026,EIF2B2
22.372798663363874,0.2109861548282064,0.153963262848601,1.3703668714508774,0.1705724080532217,0.3291797700054026,ESYT2
6.879234370704263,0.2276608376161896,0.1661716752269201,1.3700339561799648,0.1706763021500194,0.329302494655917,DPM2
3.4813805659600385,0.3284750854784181,0.2398582269679091,1.369455155367112,0.1708570434965752,0.3294956106704075,GDPD1
24.75893308851509,0.1898047123840188,0.1387412489342447,1.3680481748724571,0.1712969971344798,0.3302661075001971,PARVG
2.1565736551122017,0.3683395202055814,0.2693805436872809,1.3673575498948438,0.1715132611719936,0.3306050618156074,LHPP
16.683617969509065,0.1955893174600708,0.143115962140269,1.366649216027855,0.1717352828636111,0.3308881963919618,COX16
24.23649848229917,0.1878531376954308,0.1374780333161701,1.3664229343709675,0.1718062543871401,0.3308881963919618,MAZ
2.950275447638583,0.283061815961277,0.2071614343784219,1.3663827768454615,0.1718188517831045,0.3308881963919618,TADA2A
3.396648322106945,0.2617150345948071,0.1915400574938165,1.3663723297318946,0.1718221291507886,0.3308881963919618,ADO
29.511355472599828,0.1384407763274228,0.1014937521775363,1.3640324981310918,0.1725573377513166,0.3319150518124933,CNOT7
3.0742186819219053,0.2789647367558105,0.2046569997416605,1.3630842683511877,0.1728559541505623,0.3323504101880414,DNAJC18
2.2347052375157195,0.3047393675280531,0.2237448281255931,1.3619951356238542,0.1731994202672634,0.3327731393230478,TTLL1
56.48135590170197,0.4147459887981972,0.3046052204904472,1.36158529433741,0.1733287987828216,0.3329072935036362,IFITM3
4.665029405964121,0.2719536468121956,0.1997473622381368,1.3614880505304257,0.1733595072644684,0.3329072935036362,RABEPK
21.23292376637455,0.2017458674532556,0.1482139992618011,1.3611795677741432,0.1734569494981338,0.333016149988076,ABHD14B
39.96593744223523,0.4571263542008843,0.335884525621118,1.3609628289828648,0.1735254365118937,0.3330693779043185,CYTL1
3.965379121118542,0.234139805089692,0.1720806849190045,1.360639662725062,0.1736275909284723,0.3331089564396683,ELK1
26.277001716883905,0.1567654441365093,0.1155045837474256,1.3572227097004996,0.1747104570046105,0.334363310392113,LAMP1
3.6420264450633297,0.2384348672977924,0.1757853691193223,1.3563976825394606,0.174972670233981,0.3347463564696462,UBR7
3.142337305640651,0.2846593541161989,0.2099914758020355,1.3555757586301014,0.175234189119497,0.335168202082259,THAP3
6.803899191856758,0.2574550037044396,0.1901971522442238,1.3536217586152544,0.1758570814763703,0.336123558536473,OSGIN2
11.36374550139153,0.1987654015796151,0.1468754799221656,1.3532919292243186,0.1759623865352528,0.3362461787604189,UBL3
4.540909517226489,0.2562159346442467,0.1893960628829299,1.3528049672427436,0.1761179454693745,0.3364647492238156,LINC00623
1.607684474515119,0.6318758438460668,0.4672859437359886,1.3522252323580903,0.1763032741711758,0.3367400778991767,AIF1L
14.68548836681643,0.1992669732603127,0.1474051602459029,1.3518317332167564,0.1764291501376798,0.3368230340595751,MICU2
10.256765459582583,0.1972202451551928,0.1462639384730095,1.3483859877845858,0.1775342683942369,0.3384038844022302,RNF6
10.94401090512354,0.1807750855756246,0.1340922504443144,1.3481396946999296,0.1776134563752724,0.3384038844022302,SP1
11.709280030097668,0.1874659774268465,0.1390793572992932,1.3479065554166116,0.1776884393837177,0.3384038844022302,RYK
139.50243371996933,0.3047158424326338,0.2260847262048924,1.3477949065717991,0.1777243565906708,0.3384038844022302,PRDX1
8.684876508579617,0.2518092227816809,0.1869132973389433,1.3471980130180743,0.1779164677386795,0.3386339291620662,MPZL1
10.944216379406974,0.1905377605760859,0.1414493982216329,1.3470383258721104,0.1779678895038815,0.3386529168924583,CUTC
5.39883836360829,0.2979364792706763,0.2212487885208601,1.3466129295554796,0.178104927778267,0.3387708028271787,SLC7A6
11.316416283242086,0.1804368101049381,0.1340211016299499,1.3463313456648651,0.1781956811346486,0.3387708028271787,FAM200B
6.42403142181957,0.2493234584771486,0.185259646956397,1.3458055360314367,0.1783652395950672,0.3390142760482192,SLC43A3
10.010561655435028,0.1980865904534108,0.1473996800018876,1.343873951767562,0.1789891505214257,0.3397531954502081,MPV17
39.21626623490665,0.140818389539846,0.1048098626326906,1.3435604818350768,0.1790905556956414,0.3398395101228719,RPN2
32.22080454897441,0.1483301632714975,0.1104778503384014,1.3426235468661978,0.1793939018185956,0.3402570965087615,MFSD10
16.502703457726277,0.1821230417533221,0.135726097613743,1.3418424677000445,0.179647079225139,0.3406116247630596,ING4
13.539571070009831,0.2722154808139373,0.2028904677417612,1.341686890684351,0.1796975393444551,0.3406116247630596,SNCA
14.04035353297392,0.1770166005829291,0.1319383775230448,1.3416611899142905,0.1797058761906192,0.3406116247630596,LASP1
9.91932190065558,0.193194268350642,0.1441724444086021,1.340022146001119,0.1802381451468653,0.3414620644551441,UNC50
2.584481290241159,0.3027031548162988,0.2260003980657149,1.3393921311956307,0.1804430497195741,0.3417710151271767,FASTKD3
11.717375386074265,0.2319823967060537,0.1732473581454924,1.3390241513018388,0.1805628106763609,0.3419185923607288,PHF5A
5.680255468772277,0.2546885868166221,0.1903027311071517,1.3383338501496191,0.180787631980865,0.3421492448390945,SDHAF1
8.69057776374095,0.2004010150643909,0.1497783944870421,1.3379834638414974,0.180901827337797,0.3421640812910045,INPP5B
13.385377608165722,0.1696271756333482,0.1270989532357049,1.3346071805860953,0.1820049466469971,0.3435348623360161,RRP1B
46.72491197101333,0.2249907928682408,0.1686069708753409,1.3344097916010076,0.1820695927952105,0.343577515641955,NDUFA13
16.512033791016716,0.1574720539913421,0.1180367253005128,1.3340937203267027,0.1821731436161962,0.3436219544733845,FUNDC2
13.512308845817136,0.2469844805311614,0.1852545065854053,1.3332171242878652,0.1824605613134277,0.3436535757745962,PAFAH1B3
69.8023540679512,0.1460946769260393,0.1095875375057697,1.3331322178705547,0.182488418221267,0.3436535757745962,SSR2
5.5035851821664235,0.486994524893421,0.3654270851012346,1.332672220392499,0.1826393934081902,0.3438586367599821,LFNG
3.2181320071038657,0.2965407481527993,0.2226120380479834,1.3320966411029431,0.1828284339532454,0.3441352531287649,PDE6B
3.7659422221842953,0.2341051561095224,0.1759456415723597,1.330553880263319,0.1833358463569285,0.3447726583619018,RSPH3
1.521611455380138,0.7625986058566621,0.5736539118608743,1.3293705317599431,0.183725754964061,0.3453469389950179,LAMA5
6.258858435516672,0.2076743308536005,0.1563159514838418,1.3285549483736958,0.1839948437420527,0.3457731987618015,COG2
8.73325747353598,0.1764718512111613,0.1328529649418579,1.3283245224402251,0.1840709219653361,0.3458365428860754,YIPF5
15.74731767501186,0.1824037820494041,0.1373391481130484,1.3281266452829714,0.184136272359265,0.3458365428860754,EMC7
3.6790248150156537,0.7298642376796803,0.5497006121872302,1.3277486353445895,0.1842611606858792,0.3458365428860754,MYL9
6.441446441633656,0.1941003721788423,0.1461894857621496,1.327731410825562,0.1842668528798445,0.3458365428860754,ATP6V1C1
14.859541240326465,0.1911373200184004,0.1439629540588865,1.3276840647505583,0.1842825000276554,0.3458365428860754,CHRAC1
4.332565676188905,0.2953390084070913,0.222697055944668,1.3261917951913658,0.1847761763167152,0.3466833838539335,GEMIN6
23.843728256332927,0.1707265091096149,0.1287598140184207,1.3259300691843996,0.1848628619386619,0.3467664014923799,CDC42SE1
6.075468286964963,0.4237610781183887,0.3197654523307454,1.3252247077651047,0.1850966327693795,0.3469659523649001,PLD1
20.558459606495404,0.2450012241705012,0.1849135364141762,1.324950184402608,0.1851876743786232,0.3470569925109474,PSMB10
3.7479792067261215,0.2475185610879144,0.186920376321716,1.3241925035604492,0.1854391198838816,0.3473933408076959,ATRN
12.143846098352808,0.2143865375416055,0.1619622618464234,1.3236820423321334,0.1856086648859396,0.3476067845021803,RUVBL2
12.12380783303816,0.176182554062238,0.1331231557074327,1.3234553607596096,0.1856839918277352,0.3476681707663667,ADIPOR1
11.858819419071583,0.16201971543814,0.1224584239869198,1.3230589628970386,0.1858157703042305,0.3478352025557544,NNT
2.563936211126191,0.3032499542643938,0.2292632346799484,1.3227151518111082,0.1859301228182474,0.3479695450178423,PROCA1
5.857910602371606,0.1698167607585406,0.1284255136157255,1.3222976959754735,0.1860690397009291,0.3480642078558332,YTHDF1
4.116864126468563,0.2844843795048568,0.2151719823825286,1.322125568370263,0.1861263409797041,0.3480642078558332,CENPB
11.787767263615914,0.1637088145904166,0.1238660493381561,1.3216600954430149,0.1862813622385207,0.3480642078558332,MED1
4.388619084036284,0.2533103662737623,0.1916726260896996,1.3215782109398204,0.1863086429472182,0.3480642078558332,POP7
4.5850381549137875,0.2668169225514203,0.201897216360691,1.3215482974998016,0.1863186096698635,0.3480642078558332,ZNF740
7.439232153968559,0.2603386112472032,0.1969956403482711,1.3215450392046608,0.1863196953101565,0.3480642078558332,G6PC3
5.010710638608121,0.2158825712108432,0.1633568601292302,1.321539671122843,0.1863214839262531,0.3480642078558332,PIGN
21.769228285277915,0.192018280457265,0.1454814418175063,1.319881615540593,0.1868745465781709,0.3489912955493636,ARPC5L
5.754601890713924,0.2328270129062261,0.1764881259218657,1.3192219685606643,0.1870949159294038,0.3492694900752019,UBXN6
14.763378418353106,0.179367556465275,0.1361202717039938,1.3177137704759094,0.1875994830383931,0.3498916630693244,SEL1L
17.40511763916629,0.2114732123662038,0.1605331355197208,1.317318145450571,0.1877320053948746,0.349996877319535,POLR2J
9.199268276943608,0.3427792814458817,0.2603146450157003,1.3167883098747972,0.1879095924211652,0.350150348842267,IFI27L2
5.4560514540951415,0.2673208294056163,0.2031732627715542,1.3157283874807328,0.1882652226943447,0.3506530965661023,ZBED3
8.822723717117455,0.2204603484276066,0.1676125300531556,1.3152975398539188,0.1884099246238022,0.3508426376711686,FXN
25.86903084645799,0.1501239037271076,0.1142183595890456,1.3143587796852372,0.1887254951403923,0.3513501984033142,NDUFA5
6.551775861646679,0.2383834887656664,0.181520646527651,1.3132582619429656,0.1890959376608225,0.3519596598238226,DUSP18
2.9303021089452352,0.2802463231658538,0.2134452551153856,1.312965814181985,0.189194467860162,0.3520628551321758,NCOA5
7.638260137747273,0.1894639581126316,0.1445047696544946,1.3111259826622517,0.1898152038226729,0.3528317017541276,EXOSC7
66.80220448702337,0.1243247807550746,0.0948298521801684,1.3110299963229768,0.1898476295377262,0.3528317017541276,CANX
7.9354898284573165,0.2633888094077586,0.2011004446651508,1.3097375783843896,0.1902846263830349,0.3533874962551611,PIK3AP1
8.93833985884225,0.3960269262742796,0.3023787964359876,1.3097046847929923,0.1902957581373645,0.3533874962551611,SPATC1L
8.14512084589881,0.3628318741615273,0.2770602536958929,1.3095774991954603,0.1903388044326232,0.3533874962551611,DPYSL2
8.047007873830966,0.208171804745669,0.1590404755890722,1.308923429552248,0.1905602892637701,0.3536380021744869,TCF3
4.360350416188157,0.2589698478595012,0.1978800170929319,1.308721576155308,0.1906286803263988,0.3536431325494969,TMEM251
24.372644377796966,0.1970877035714288,0.1506050840409895,1.3086391128588215,0.1906566253693239,0.3536431325494969,LTA4H
12.77804405735068,0.1612299294428145,0.1232143480379978,1.308532098819312,0.1906928946289418,0.3536431325494969,CNOT8
12.50274807721977,0.2220113460788728,0.169745250688751,1.3079090294311573,0.1909041665494777,0.3538743069137438,MBD2
5.86802105335146,0.1981535341159429,0.1515221602007818,1.3077528320172438,0.1909571573570998,0.3538898281677712,UMPS
1.5532720851795994,0.4130001213852142,0.3158389018734613,1.307629044222931,0.1909991607171547,0.3538898281677712,PKN3
8.945340212934868,0.2937469522429755,0.2247431484657639,1.3070340708861397,0.1912011404479062,0.354042744589815,SLC25A1
6.436806167444261,0.4186723935618778,0.320330084200581,1.3070030390892595,0.1912116793384963,0.354042744589815,HCK
10.808102506274844,0.1886050031144941,0.144361434053566,1.3064777608437388,0.1913901370267813,0.3542126409163828,RPAP3
6.685159227047178,0.1643767305629694,0.1258320831980701,1.3063181216210724,0.1914443970246828,0.3542328279186331,C9orf85
19.804105532868288,0.2781063555616246,0.2132068746644443,1.3043967554954423,0.19209834086076,0.3551513299783815,CASP3
20.72819607766337,0.1348944939080307,0.1034291413207545,1.304221345990835,0.1921581238323858,0.3551513299783815,MED10
33.513529487392425,0.1587524020836959,0.1217571831373666,1.3038442414078455,0.1922866947249637,0.3552282574265609,METTL9
13.269364187886351,0.1536728647074441,0.1179416715024819,1.3029564762799737,0.1925896210532434,0.3557074578720732,DFFA
6.473959100510181,0.2454860991290755,0.1885769487650866,1.301782114604482,0.1929908795382142,0.3563680173348584,LMNB1
12.532844979275051,0.1705957819303104,0.1311826467516071,1.300444732246725,0.1934485869526063,0.3567136376050003,ATAD1
97.92324308600162,0.1864734742291999,0.1436219670737199,1.2983631823778372,0.194162564470288,0.3577231824772769,SNRPD2
28.29124936665688,0.1388400651354726,0.1069500725476333,1.298176446524954,0.1942267098111506,0.3577606956417745,TM9SF3
46.1886929434003,0.14821418738481,0.114225187943839,1.2975613352256616,0.1944381157265544,0.3579886984230906,SSBP1
1.898915248202159,0.3343741533875248,0.2578473013989398,1.2967913628468934,0.1947029833233633,0.3583956018777206,PRR11
28.344119631308068,0.1802243854879427,0.1390333598175728,1.296267210433648,0.1948834411434247,0.3585612182873025,KRT10
17.453259515423927,0.1716054443100668,0.1323894201742468,1.2962172059081845,0.1949006633602619,0.3585612182873025,TMED5
13.963814247055264,0.2860229909828616,0.2206716027855532,1.296147702614986,0.1949246030635415,0.3585612182873025,ADAM8
15.465096419157884,0.1711420076301809,0.1320749687103574,1.295794421163167,0.1950463206148539,0.3587043632104369,RNF167
1.95745365200546,0.3909757800399032,0.301863655868946,1.2952065359257598,0.1952489907417273,0.3589155238134204,BMF
22.32830593116137,0.1962355540965101,0.1515596931865953,1.2947740258019085,0.1953981947380944,0.3590985079270447,MAP2K3
11.072418851525033,0.1404469973300194,0.1085049821524298,1.2943829356399217,0.1955331819513072,0.3591728140169233,EIF4EBP2
35.864191494351985,0.1736642529195461,0.1341843003897583,1.2942218457383787,0.1955888030116471,0.3591728140169233,ARHGDIA
4.848542824614583,0.2168932227061477,0.1676250921126417,1.29391858923125,0.1956935427710345,0.3592477955475451,SUMF1
11.761875616256685,0.219742314909681,0.1698891742693685,1.2934450700270497,0.1958571706444847,0.3594138248742017,DUSP3
15.204890822354178,0.1733360717214432,0.1340155901567573,1.2934022938576997,0.195871957185757,0.3594138248742017,IVD
2.5307125872071943,0.2775711902055411,0.2146542329399395,1.2931083929903486,0.1959735727264195,0.3595025562895203,ATG4A
6.4712570219281345,0.210112220386732,0.1625674852563269,1.292461527933703,0.196197360885732,0.3596878249489155,ELAC2
38.505782001888,0.1227167681437835,0.0949803307569411,1.2920229606045617,0.1963491932412624,0.3598854324751807,ACAP2
2.797969851861982,0.4912440350508408,0.3804042457312643,1.2913736914437044,0.1965741287512339,0.3602169109724898,GPRC5C
3.6216141366779215,0.2482518047801592,0.1926827691954468,1.2883964965665726,0.197607977673529,0.3616969584329351,FECH
6.056482610482352,0.2646031589525259,0.2053920756990491,1.288283192289443,0.1976474017137505,0.3616969584329351,B4GALT5
15.586211921541286,0.1618207268171226,0.1256638291944857,1.2877271674307973,0.1978409530899331,0.3618991771894999,ERLEC1
17.33632529164085,0.1437301413045838,0.1116167445277482,1.2877112830400834,0.1978464844578994,0.3618991771894999,TSN
15.839961591195072,0.1512035786905263,0.1177306729763269,1.2843176282609892,0.1990308412285323,0.3635772420474709,ACAA1
5.9292861355034,0.2254132471163243,0.1756952219293607,1.2829788120644112,0.1994994992730125,0.3643519017791206,ZMYM1
83.90362153986402,0.1538157777691336,0.120001611621224,1.281780933531472,0.1999195044338073,0.364955824559571,RSL24D1
3.812525024747154,0.4837360948184869,0.3776405986780073,1.2809430355525444,0.2002136752917392,0.3653314380020632,PTGIR
127.95377329659144,0.2442645613130415,0.1907328047483195,1.2806636049596165,0.2003118485650824,0.3654271298560591,AHNAK
72.53569162610393,0.1464732186298425,0.1143859144813262,1.2805179666920845,0.2003630300679797,0.3654389104208621,PCNP
10.116358482181855,0.1978067566100143,0.1545797156963573,1.2796423885173165,0.200670934816322,0.3657618651159288,BMP2K
21.77289059651732,0.1496574160534483,0.1169534284606899,1.2796325684778946,0.2006743900764543,0.3657618651159288,IPO7
26.342208032502224,0.2047448419729918,0.1600866916292388,1.278962291551264,0.2009103350588419,0.3658939285723098,NDUFAF3
4.951654577891998,0.2336361123722011,0.1828239691218307,1.277929330024063,0.2012743453190673,0.3662834466819819,CEP89
9.08598874886854,0.2649714588720048,0.2074174849830682,1.277478891876617,0.2014332279127871,0.3664093733916705,MAP4K2
2.3540518582079,0.3259965275117458,0.2557054134587609,1.2748909892137308,0.2023478288770435,0.3679092367054566,EEPD1
4.233028074620597,0.2330856184963365,0.1829772381316981,1.2738503481431545,0.2027164578302097,0.3684974809634357,PI4K2B
3.5916249317261224,0.3347226126720676,0.2635448872784653,1.27007818716815,0.2040567806627571,0.3705217677323085,ARID3B
13.69494515618176,0.2502519411735526,0.1971104056371244,1.2696028926766074,0.2042261184987093,0.3705557521614144,CHCHD10
7.609357098900056,0.2975447997677258,0.234368795318443,1.2695580884112316,0.2042420866258314,0.3705557521614144,ST3GAL4
23.029653918286,0.1280442362849891,0.1009918337450374,1.267867227841885,0.2048453692033998,0.3711289383062039,MFF
28.331404697123492,0.2020469120304706,0.1595196150393568,1.2665960357327926,0.2052997706684772,0.3717812786777528,MZT2A
2.185177097422045,0.5324350368852444,0.420717680155803,1.2655399618291996,0.2056778326040372,0.372142066033567,H2AFY2
6.934205033682207,0.1865759741187551,0.1474851727430172,1.265049025937346,0.2058537539730165,0.3722954899764316,HINT3
11.240880355745206,0.1678480941931767,0.1327507196472217,1.2643855689763832,0.206091669985366,0.37264329175712,PEF1
2.784123977781367,0.2435804474535982,0.1926734827580811,1.264213652895014,0.2061533517509484,0.3726723533533184,ZNF623
8.129453894100717,0.271881629004163,0.2151742120583093,1.2635418826605798,0.206394504735233,0.3729432769110104,TTC39C
4.319721232777908,0.2156719922197903,0.1707960978203265,1.2627454313779003,0.2066806812134428,0.3731303239494126,CASP7
6.858373853239464,0.2011564899692637,0.1598498202761108,1.2584092345040072,0.2082437939392634,0.3751474649024495,PHC2
4.31378412028823,0.1969865484591885,0.156560275017548,1.258215396192357,0.2083138683769971,0.3751669866670584,ELP4
85.25000373202553,0.1569014223762792,0.1247807451430847,1.2574169371753798,0.20860269932142,0.375438911047428,CNBP
18.43022783658581,0.1334883557981914,0.1061835007648349,1.2571478133295744,0.2087001163308817,0.3754783510865228,DAP3
14.519740388474531,0.1460911118554599,0.1162405805634432,1.2567995716067897,0.2088262212261645,0.3755930120270725,WDR48
6.576219838264163,0.2151372914933064,0.1712006641872583,1.2566381825364323,0.2088846819718914,0.3756154789595786,WDR3
10.785042954090391,0.1763186983165216,0.1403909116724093,1.255912481912981,0.2091477025756123,0.3759229823460907,DERL2
3.913799594400392,0.3087537931874096,0.2459039183094277,1.2555871224422548,0.2092657026791532,0.3759737016119537,MAPK12
1.8358539965682343,0.3246026456351049,0.2585278546807965,1.2555809355084415,0.2092679469992859,0.3759737016119537,ZNF175
2.622976697992273,0.2761981064177359,0.2200963031282609,1.2548966179444725,0.2095162919102553,0.3763371336994277,ELAC1
18.37054430220364,0.3833955109296286,0.3057338416126939,1.2540172488177384,0.2098357360160972,0.376745286527693,PBX3
22.223044931983218,0.1740255640080121,0.1388500986174931,1.2533341044821371,0.2100841417592863,0.3770456857417491,SEPHS2
3.741246360489092,0.2277142563235139,0.1818384352132963,1.252288912717519,0.2104646074444188,0.3776254517848806,DCAKD
15.72170907744076,0.1717287688778977,0.1371603338473784,1.252029388241242,0.2105591555159828,0.3776787195788516,STIP1
12.561547967116164,0.1980270165803278,0.1581743943169913,1.251953689694359,0.2105867392487147,0.3776787195788516,C11orf74
25.700788201699385,0.2084587642899242,0.1666646781628787,1.2507675086751182,0.2110193122944125,0.3782054838248836,UBE2E3
6.721621623514616,0.2360256045642157,0.1888980145853346,1.2494869524295142,0.211487022772969,0.3787114755814004,NT5DC1
5.089648623171131,0.2584626704514842,0.2069701656502374,1.2487919195477903,0.2117411901843016,0.3790835374662419,SSX2IP
1.991691361865537,0.283355976111093,0.2270730755829428,1.2478625014597635,0.2120814151061419,0.3794770931204327,TBKBP1
60.35786746938493,0.0761494629682863,0.0610264480685842,1.247810832488665,0.2121003407515623,0.3794770931204327,PRPF40A
24.14103905670894,0.1264057148231825,0.1013616798086598,1.247075966596038,0.2123696442972095,0.3797925943428538,DNAJC21
7.096492847798031,0.2032097536337637,0.1633033592166453,1.244369709285507,0.2133635258271317,0.3813196346311227,AASDH
3.507090300543358,0.2128779879598714,0.1711188811942016,1.244035646295967,0.2134864439006909,0.3814558786600799,HCCS
10.644430086998703,0.1707687318103413,0.1373361338789651,1.2434362828419248,0.2137071070357513,0.3817666750304163,FBXL3
8.480936980193947,0.235838953520175,0.1897325714676809,1.2430072058573658,0.2138651781232535,0.3819655454524819,PPIL3
6.345401262037225,0.1916976872348914,0.154663495264565,1.239450116570664,0.2151788513877895,0.3837246605608094,PATL1
3.66862026298658,0.2496702111910313,0.2016666176081725,1.2380344062502564,0.2157033035274566,0.3844846522070683,CENPW
7.2533390299770115,0.1844510457449943,0.1492713265183569,1.2356763354837008,0.2165788973038405,0.385716253240994,C11orf49
2.443351450960565,0.2867648183379736,0.2322135151387032,1.2349187262708907,0.2168607533221994,0.3859966009978093,GRK4
4.911338731039118,0.4364011680237028,0.3535807606718801,1.2342333536317018,0.2171159622023182,0.386164828901279,HOXB6
3.302193100454427,0.2721769225025876,0.2206849189731842,1.2333281484253134,0.2174533600732145,0.3864313625833485,NUDT18
8.892830636155919,0.224908011697906,0.1824641638949681,1.2326147057970789,0.2177195476971066,0.3866521243714537,RFX3
5.334355392125351,0.1871880390501598,0.152034597912567,1.231220009262688,0.2182405896873257,0.3874499693303535,NUP43
11.70949631409222,0.1776270503910241,0.1442763626331771,1.2311583626670792,0.2182636407817424,0.3874499693303535,RBL2
6.9894600398670175,0.1864522599953277,0.1515798577002201,1.2300596057035156,0.2186747850719483,0.3880954971378997,FAM210A
8.547291417632994,0.1957891191677789,0.1592673388192383,1.2293111733975235,0.2189551596087815,0.3885087099160377,EXOC3
12.981770671085794,0.2587746012855873,0.2105371717573566,1.2291159756996457,0.2190283261714524,0.3885541583037207,CARHSP1
8.56160882240546,0.1923875189600622,0.1565804787710553,1.2286813814215132,0.219191289561101,0.3885551707933687,RAB5B
4.4854188389791085,0.3973258689968049,0.3233953568427782,1.2286072158728265,0.2192191087207722,0.3885551707933687,ROGDI
4.837884779852001,0.2089464224550763,0.1701260640168985,1.2281858377345511,0.2193772138614143,0.3885921169801467,AGA
29.562426082482183,0.1261877375654353,0.1027444017517774,1.2281714177507714,0.2193826258266328,0.3885921169801467,MED28
16.083885472336274,0.1650442767178613,0.1345476210050304,1.2266606832958469,0.219950150837577,0.389344168651179,CRTAP
8.51467368094486,0.1976451060695052,0.1612004563593695,1.2260827948829651,0.2201675196757812,0.3895601566199237,CCP110
10.07030579220753,0.2230698817336076,0.1819982874259647,1.2256702240912594,0.2203227996619784,0.3897505079103758,HADH
3.968703796235032,0.2452956302044506,0.2002899275850347,1.224702775431922,0.2206872280426005,0.390102654218504,SNAPC2
12.658310718662907,0.4668834711394566,0.3814352662775557,1.2240175789087195,0.2209455961724225,0.390260801194307,RASGRP3
29.76356036686438,0.173112884325293,0.1415972966726263,1.2225719585984114,0.2214914097224043,0.3910558143564749,ANTXR2
3.8680059335259953,0.2103121548079726,0.1720915472905061,1.2220946241650474,0.2216718458186773,0.3912102686224873,MARK4
17.97167110775434,0.2775020590815286,0.2270741137147763,1.2220770326559276,0.2216784975562564,0.3912102686224873,SMIM3
86.72960983754535,0.2165737805681918,0.1772927946334111,1.2215599681645386,0.221874074922649,0.3913931490053896,ALDOA
3.4378639524892214,0.2622500582200924,0.215078273503744,1.2193238022041648,0.2227213179708289,0.3924437596584697,UBTD2
19.22430154817932,0.1479333245063977,0.1213336420333891,1.2192275944843785,0.2227578212331394,0.3924437596584697,ATP6AP1
1.749002700808168,0.3958551710141476,0.3250082691558539,1.2179849209446416,0.2232297030144632,0.3929362135569105,PITPNM1
10.524771287009152,0.2090135121873628,0.1718796926030429,1.2160454153829598,0.2239676220550318,0.3939805037269462,LCMT1
7.1456874610236465,0.2310297026479654,0.1900293332176912,1.215758108161678,0.2240770812906536,0.3940882116284827,TFDP1
31.436203103463317,0.2236098431747235,0.1841597225936403,1.214216876662723,0.2246649175517591,0.3947654602590862,TSTD1
16.28852354676197,0.1621392890970595,0.133581103461219,1.2137891130996048,0.2248282646927426,0.3948993445409287,PARP4
8.069894922023373,0.2611344796983521,0.2151908673991178,1.213501682736479,0.2249380714082772,0.3950073031328247,ADAM15
10.861242647354644,0.1847504434304002,0.1523380905647567,1.2127659126189814,0.2252193314289789,0.3953927949712318,LAMTOR3
9.430773332284666,0.2026953015054418,0.1672112289987872,1.212211062134541,0.2254315980577688,0.3954547683437864,NIPSNAP1
15.800855320920911,0.1266324593491605,0.1045142569260461,1.2116285669883788,0.2256545942482243,0.3954547683437864,SF3A1
29.27508586739459,0.1638242610848372,0.1352222972098524,1.2115181036349147,0.2256969006110972,0.3954547683437864,ATP6AP2
4.083003868516834,0.4045994093785635,0.3346321013531537,1.209087256549753,0.2266293245146213,0.3967834177435121,SEMA4A
5.352951784611801,0.2051657177295344,0.1697877990612796,1.2083654942454742,0.226906706287385,0.3971839539576314,EEF2K
5.216304434672894,0.2465688047429722,0.2041996405953562,1.2074889261513204,0.2272439072158362,0.3976038470793571,GSPT2
49.818509208186086,0.2011316525632805,0.1667079177387087,1.2064913010222238,0.2276281112239917,0.3979791026486418,SMDT1
55.5995426114369,0.1982747565038903,0.1643621439235792,1.206328609318207,0.2276908107056985,0.3979791026486418,LYL1
2.5765268672758124,0.2767454066411117,0.2294413448589926,1.206170608924868,0.2277517139904815,0.3979810211754116,CHST14
6.093806307689494,0.2759792912593801,0.2288871657830811,1.2057438446370938,0.2279162737980438,0.398183423819503,TMEM14A
13.069806205307277,0.3203698328500945,0.2661157734926272,1.203873895355438,0.2286383228632315,0.3989331061532061,CD79B
2.919694243669934,0.7319960788441814,0.608207813593925,1.2035295543455558,0.2287714616644903,0.3990801907046436,SPAG6
4.090000222213464,0.3712640407483599,0.3086426397557248,1.2028929024265629,0.2290177672772269,0.3993393462275332,CISH
3.5319036451804933,0.7320920328518306,0.6088561055872239,1.2024056688168532,0.2292063939337468,0.3994977484711274,RXFP1
23.143690864326064,0.1406304571851178,0.117086285626699,1.2010839393563444,0.229718642376955,0.4001345186233425,HDLBP
10.936035245900108,0.2178924680991133,0.1816126884640325,1.199764564590242,0.2302307899070772,0.4005091749819588,MTHFD2
6.499165841203829,0.1539347348349785,0.1284240531016258,1.198644110018591,0.2306663587660141,0.4009306142261437,BBIP1
10.104430858523152,0.1837374743143968,0.1533760760702564,1.1979539379416175,0.2309349496471718,0.4011414697208846,ASF1A
9.73545443490573,0.1575358472547002,0.1315954365923301,1.1971224180267814,0.2312588432465371,0.4015333634014991,CXorf38
7.185542436918604,0.5507904800814619,0.4603551714891969,1.196446818007316,0.2315222404463602,0.4018199292028908,NPW
26.131774300584553,0.1162529716321371,0.0971880695832568,1.1961650450578012,0.2316321586307682,0.4019253277069457,USP14
3.5897326768626123,0.3888496396888539,0.3251207206886944,1.1960161716705235,0.2316902483367713,0.4019407683990994,CERS4
1.504144103328192,0.4261395241375104,0.3563594637193221,1.195813686803471,0.2317692735963019,0.4019925142337897,GAS2L1
2.718596983281046,0.308804471272997,0.2584847798869439,1.194671776837545,0.2322152935208162,0.402339093163399,TMEM102
24.95049845506391,0.1047907356243282,0.0877318998692953,1.1944427942452802,0.2323048053761576,0.4024088540870434,NDUFA10
4.923054540715037,0.2501660235064925,0.2097933791384587,1.1924400309191296,0.2330887518027862,0.403339303468989,OGDH
55.857098159291574,0.126491885834079,0.1060927868462725,1.1922760217182782,0.2331530333329577,0.4033651144110942,CHD4
5.220622094909184,0.2013523356768371,0.1689542474838503,1.1917565771531349,0.2333567066493013,0.4035213665776244,ZNF260
4.827531895194194,0.2459847260673137,0.2066562470761252,1.1903086867570052,0.2339250877783381,0.4042189867118652,SLC35A1
4.346332125183618,0.2865426102541177,0.2408483004159715,1.189722367810888,0.2341555309052055,0.4044999668131998,PLTP
3.077869704306882,0.2736797245842618,0.2301556333670724,1.1891072166275127,0.2343974789335394,0.4048178574939829,KBTBD3
7.5279123311349885,0.1774205600963833,0.1492179726567314,1.1890026176976054,0.2344386368451263,0.4048178574939829,VRK1
42.55186758386581,0.1083247056685839,0.0911611578146569,1.1882769840289091,0.234724302379781,0.4051398974958156,RBBP4
7.007001141028753,0.2008264886337149,0.1690766829341933,1.1877834669365908,0.234918729664635,0.4053042525527307,GSS
6.173523380125168,0.1952160571538158,0.1645674531509796,1.1862373356092355,0.2355285857561651,0.4060135177665875,GOLPH3L
29.907862095784346,0.1529169259532344,0.129157916908282,1.183953176186824,0.2364315985491296,0.4071406937291756,LMAN2
4.653238831215091,0.4479347653221568,0.378439022679724,1.1836378874206308,0.2365564358948131,0.4072698351657223,HAVCR2
14.84404619465844,0.2382397672590348,0.2013073296750901,1.183462955092364,0.2366257197598654,0.4073032981162546,UBE2M
22.755198844974117,0.1630544548554073,0.137911117266863,1.182315523844905,0.2370805281537432,0.4076058678189646,GALNT7
14.576739698337333,0.1741342851212793,0.1472887833754878,1.18226440011629,0.2371008064794442,0.4076058678189646,SDHA
30.730481567766965,0.1085475334431196,0.0918253667924316,1.1821083567080966,0.2371627089788687,0.4076265239937602,SERINC3
22.188331397182388,0.1682422597460362,0.1423938084434428,1.1815279160319685,0.2373930703375442,0.4079307162503344,TMEM160
16.74717853197807,0.1340634705859581,0.1134774307751995,1.1814108732470323,0.2374395406298605,0.4079307162503344,LLPH
12.973850781280923,0.2047688012809628,0.1733775624849244,1.181057100735096,0.237580040402187,0.408058612988526,IL27RA
15.07994733201413,0.2256063840433571,0.1911090024238505,1.1805115467192735,0.2377968207597454,0.4081855056554723,STXBP2
1.9095736285010076,0.2746837213190795,0.2328581084750204,1.179618451416502,0.2381520009562924,0.4086320227684066,XKR8
4.446947204248757,0.2577751339733686,0.2185549110766985,1.179452489552643,0.2382180445286155,0.4086320227684066,DEXI
8.829338726714532,0.1768313182148188,0.1499361252610532,1.1793776710378403,0.2382478223557323,0.4086320227684066,LYPLA2
6.791481513162753,0.1978268965611259,0.1678949572439984,1.1782777744398123,0.2386858853487115,0.4092115755737141,SLC33A1
97.79591239352588,0.1378106983064996,0.1170340431870549,1.1775265944306263,0.2389853891753159,0.4096391052971485,SPN
9.430189229779645,0.188300401717959,0.1599352133689805,1.177354240829618,0.2390541458532642,0.4096710205048284,STAT2
5.284402619295555,0.3103125804798058,0.2636069155757017,1.1771792094380442,0.2391239850573386,0.4097047770818859,SEL1L3
8.536521792911016,0.170757324855456,0.1450912667255907,1.176895954588412,0.2392370369493965,0.4098125427491655,MTFR1L
12.281928809273408,0.1885728397496169,0.160257361301347,1.1766875369614112,0.239320244086815,0.4098691499545935,IRAK4
4.746337948221588,0.3749033600870493,0.318655545559697,1.1765160384344069,0.2393887272171253,0.4099005218128942,UNC93B1
4.918868594768675,0.1961248497123433,0.166977613932888,1.17455774515481,0.2401716967727695,0.4110689012003141,SAAL1
3.374272932684343,0.2604553936069941,0.2218869929746862,1.1738200158344023,0.2404671249863275,0.4114053055531079,SPRYD7
12.51702747873899,0.1381081002292104,0.1176574197913932,1.173815476100668,0.2404689437427051,0.4114053055531079,GAR1
8.892228162642665,0.1599844857588655,0.1363551708284089,1.173292400918129,0.2406785685780268,0.4116777441597356,FEM1B
8.976111612721212,0.1952497621971259,0.1664654657410442,1.1729145221079,0.2408300853492917,0.4118256074712363,LY75
18.103254320943392,0.1727098224212476,0.1472836964223401,1.1726336764796923,0.240942738570034,0.4118256074712363,TANK
7.6758603759701405,0.1706741202580863,0.1456283759113878,1.1719839570410262,0.2412034972312549,0.4121442442234596,AP5M1
5.715244172908286,0.215121572467276,0.1836970890834693,1.171066855444442,0.2415719052351118,0.4125215275321149,FAHD1
9.636129565457702,0.1838626023475789,0.1570171997019123,1.1709710955018366,0.2416103956939782,0.4125215275321149,RNF187
17.511635591524755,0.1460995154619986,0.1247720246091233,1.170931672541889,0.2416262429040144,0.4125215275321149,TXNDC12
8.776685130261372,0.1942299283922948,0.1664352290638267,1.1670000965829714,0.2432103305384161,0.4146195724659708,HAGH
6.456528989145923,0.2312704726267376,0.1982038989736423,1.1668310957772456,0.2432785865919091,0.4146494224118668,INO80C
11.564735454045024,0.1506722708939252,0.1291656530930933,1.16650415405194,0.243410670041987,0.4147880260506936,CCDC28A
12.145186143573484,0.1850618388166769,0.158753952381963,1.1657148438825446,0.2437297565769914,0.4151586076695012,POLR2H
8.180913252452804,0.1991742662890563,0.1709072879335739,1.165393639424369,0.2438596907766061,0.4151767142457968,RCHY1
20.35622991477298,0.2141942406318765,0.1843300723129795,1.16201462921465,0.2452295226182724,0.4170177792536741,HEBP1
11.238303573899277,0.1277519518756171,0.1100183334892579,1.1611878477334936,0.245565515632257,0.4172555876453833,UCHL5
5.046281504782019,0.242914053700909,0.2092206734546511,1.1610423085343953,0.2456246942325656,0.4172555876453833,MED31
17.84276124442808,0.1363331665331028,0.1174836220493664,1.160444018961348,0.2458680735440797,0.4175822134543078,GANAB
9.63156068524097,0.1994672095429592,0.1720062970090493,1.1596506233284305,0.2461910811163719,0.4179570587579212,RNF113A
7.229250854829514,0.1870561615774979,0.1613860277178852,1.159060447937203,0.2464315464146755,0.4181046855802147,NME7
8.539329340195144,0.1995347677110042,0.172363806576871,1.1576372770696235,0.2470120902428673,0.4188287589488418,MRFAP1L1
15.09758532214608,0.1988640240244624,0.1718280662366956,1.1573430835828906,0.2471322178485901,0.4188586085958993,FES
12.673629101433727,0.1553176733833012,0.1343211021598255,1.156316251771761,0.2475518232090331,0.4192219580188621,PPP6C
5.927554433519557,0.1616376874244208,0.139876095339673,1.1555776348482008,0.2478539604644629,0.4193859413864416,ELP3
3.2352352342898927,0.3381599932910364,0.2927622088629531,1.155067092178331,0.2480629528853797,0.419652668328455,MCM2
41.15107254793446,0.2079513397090975,0.1801568918793627,1.1542791260427976,0.2483857515421643,0.4201117731010194,LMO2
34.20706303229652,0.1114625723920543,0.0967075658833943,1.1525734452509222,0.2490855078834988,0.421120977636265,HCLS1
13.656512231150495,0.124667452485768,0.1081928029503238,1.1522712147776446,0.2492096416713322,0.4211667893475433,BROX
47.192572051444216,0.1479287019917814,0.1286359699461546,1.1499792947004046,0.2501523993201133,0.4224876508566859,FGFR1OP2
5.713676217240325,0.1886328884223604,0.1640658872016681,1.149738630252216,0.2502515384745397,0.422567745582861,TRMT1L
15.694159914680322,0.1334167870136423,0.1161240866435009,1.148915706206841,0.2505907405739063,0.4228783439135457,FAM192A
19.643779537234057,0.139504964823548,0.1214612061530434,1.1485557343121486,0.2507392187120746,0.4230415354318318,PTPN1
20.74595272708718,0.1426620897230582,0.1242393286575243,1.1482844544042714,0.2508511545072998,0.4231430188850426,ATG3
3.375562587487274,0.3567855054924639,0.3108664279543179,1.1477132086610968,0.2510869765545415,0.4234533922450275,RCBTB2
14.524762543387958,0.1407882452140463,0.1227647733870779,1.1468130582552394,0.2514588911241525,0.4239056322210543,UBE2Z
14.13352982679427,0.137586344304604,0.1200109108797498,1.1464486295122336,0.2516095711482761,0.4240721546725585,RABEP1
4.8891916492419725,0.1625618100575003,0.1419113313142195,1.1455167712968364,0.2519951520981214,0.4245368778445175,MED27
4.506504503793505,0.2669495035367273,0.233061107536887,1.1454056249796063,0.2520411693089897,0.4245368778445175,RTN2
16.83182210230837,0.2079127329924237,0.1820320761696168,1.142176353571287,0.2533807228891628,0.4265943380226361,PPT1
14.585321906283957,0.2436777856123799,0.2134329813382087,1.1417063290056606,0.2535761091838382,0.4267704198025009,CDC42EP3
43.48833553278051,0.1556382325287189,0.1363506754453624,1.1414555301640974,0.2536804076158593,0.4268580334903596,RILPL2
5.280784545514101,0.1839791800817076,0.1612449949881171,1.1409915705927238,0.2538734308318671,0.4270948740636578,MCMBP
7.013647649181891,0.2690979676484447,0.2359082765628776,1.140688964241239,0.2539993806024704,0.4271480423951588,PDGFC
1.9241179591458513,0.2832286186216188,0.2486579019686775,1.1390292300354723,0.2546909628277179,0.42802958808418,CTNS
9.347389561501512,0.4906290532858053,0.4312947298449019,1.1375725677479078,0.2552990067977363,0.4289632293942635,PTPN14
20.434379227510934,0.1171773154506983,0.1030442193639308,1.1371556422476483,0.255473226584632,0.4291677085573659,ZMIZ1
19.0394315557867,0.1338487811536543,0.1179146657853722,1.1351326000218265,0.2563197642320366,0.4305012936361709,NBN
9.04598303700554,0.2652344606646872,0.233762107200231,1.1346341108976157,0.2565286547562674,0.4306750848599673,NPM3
14.898217273399656,0.3525656425129152,0.3111580682830022,1.1330756886954714,0.2571824697249383,0.4315067679922938,RAB27B
8.676077657607541,0.2227551587280213,0.1969948430245151,1.1307664470196332,0.2581534056996849,0.432486107402426,EXOSC5
16.196347941263696,0.1375798798461592,0.1216788320073933,1.1306804772567158,0.2581896012616612,0.432486107402426,RNF13
3.968541771190496,0.2094606124748542,0.185392472530661,1.129822638511996,0.258550966975196,0.4329139244168701,TTYH3
3.754306563535718,0.2056701353635115,0.1821517224676626,1.1291144139470002,0.2588495715789686,0.4333251074312134,IKBKE
6.857476197782871,0.1719398067612188,0.1523469195301085,1.128607045626795,0.2590636371952889,0.4333865363918694,FHOD1
3.835652721606769,0.2261977337705611,0.2004590049369206,1.1283989653731938,0.2591514645466496,0.4333865363918694,SLC17A5
56.501629190679544,0.1216933338665732,0.1079382634740677,1.1274346089124374,0.2595587733048015,0.4338900852441761,PA2G4
20.571809568312197,0.1370322268277691,0.1216220992438919,1.126704995882162,0.259867229481894,0.4343168607274608,RBCK1
5.169403959489394,0.1770511292961507,0.1572080830289633,1.1262215395345267,0.2600717585136407,0.4344809525281043,VPS16
10.248827491349688,0.1752371293658859,0.1556557658714362,1.1257991529245566,0.2602505428100954,0.4346907574205416,SCAMP3
3.852350681077402,0.2162068611519057,0.1921275922678378,1.125329571873778,0.2604494029968587,0.4349237744004299,PCCA
3.884126711183016,0.4256467465499983,0.3787561658086829,1.1238014980989135,0.2610972458150468,0.4357486919025219,SUCLG2
9.215662249994342,0.2254736865474454,0.200661132974694,1.123654009149249,0.2611598342096318,0.4357641423987956,IPO11
3.648046234207478,0.3638066883741674,0.32435603702353,1.121627615482845,0.2620208049050229,0.4367547933249575,ARHGAP11A
10.494422725008857,0.1702742965758752,0.1518543469340048,1.1213001143120098,0.2621601369195241,0.436895265509483,RASSF2
7.2706101827695635,0.1911689654196968,0.1705162854448624,1.121118519096011,0.2622374167969638,0.436895265509483,FAM3C
22.89963708009057,0.1649317418651763,0.147169680416991,1.1206910377046295,0.2624193984085413,0.436895265509483,NREP
20.59614976689834,0.1837511426312064,0.1639645869135258,1.1206757879255722,0.2624258919496441,0.436895265509483,RBMS1
21.108851494973255,0.1326546882512467,0.1184446993609437,1.1199715054111457,0.2627259049146914,0.4371275440965065,TMED4
11.13271031654913,0.4792300897514862,0.4280649272601388,1.1195266400796575,0.2629155323474667,0.4372507797636299,HBD
5.1282892690225745,0.1876027713029295,0.1676078775007314,1.1192956685589606,0.2630140230740718,0.4372507797636299,TBC1D10B
3.758906892076528,0.221403796953994,0.1978705776973952,1.118932382623294,0.2631689867550754,0.4373304435175352,AP5S1
6.646701179634517,0.16460418903611,0.1472634284623773,1.117753340084452,0.2636723546299852,0.4380259197619992,RPE
3.247138086230505,0.4071296159476723,0.3642754778269471,1.1176421162806995,0.2637198735982453,0.4380259197619992,FGR
7.824190740714789,0.17621405728378,0.1576752988758994,1.1175755399865883,0.2637483203070659,0.4380259197619992,YEATS4
5.859643828424573,0.1641095068778819,0.1472865181876451,1.1142194743771738,0.2651850428065918,0.4399648700046014,GOLT1B
5.19926922419357,0.2118597640543202,0.1902532444696813,1.1135671543729289,0.2654649238699755,0.4403398077429091,PWWP2B
8.819070833610576,0.1295485603234872,0.116501882521976,1.1119868410628486,0.266143808195305,0.4411531737929812,ZDHHC3
1.7276357813986014,0.3484810253400326,0.3134537792660401,1.111746127789589,0.2662473206143221,0.4411531737929812,HESX1
30.617454633380948,0.1739215190608651,0.1565725408925103,1.1108047303151654,0.2666524099248422,0.4415923878183797,YPEL3
14.039002985522368,0.1888613677504771,0.1700738129441982,1.110467064159037,0.2667978130857081,0.4416681184845152,UBE2F
52.81074233878393,0.2706322136224012,0.2437145539772195,1.1104474854123718,0.2668062456051361,0.4416681184845152,ITM2A
3.586087397198003,0.2167348140185825,0.1952611816616565,1.1099738932960823,0.2670102764533676,0.4417733593621846,C12orf4
3.0607351343368365,0.3422055681309847,0.308347663989326,1.109804315374449,0.2670833593430077,0.4417733593621846,IL13RA1
15.337958119652606,0.1427585832075343,0.1286347462387801,1.1097979930129973,0.2670860843531014,0.4417733593621846,CD2AP
31.756024747344703,0.1379670057805049,0.1244389806896981,1.1087121175039223,0.267554392789637,0.4421967029113475,PRKCB
2.00698257453036,0.2798096611413917,0.252381016607517,1.1086795072884958,0.2675684654092921,0.4421967029113475,MKS1
8.304199351506435,0.2905275659793119,0.2620724702742834,1.1085772026159313,0.2676126172924505,0.4421967029113475,DOK3
4.544727231036361,0.2204539688517401,0.1989506317534476,1.1080837839456614,0.2678256335420313,0.4423697698952776,AP1AR
3.2950198635761714,0.2250419603598218,0.2031398801099314,1.1078177275581629,0.267940542423453,0.4424701237150433,DNAL1
19.76617025683368,0.2655826591646739,0.2397900122862861,1.1075634745270118,0.2680503851265911,0.4424726660342173,HIST1H2BK
4.693066143301201,0.1887511611703896,0.1704521795977748,1.107355515287607,0.2681402509293794,0.4425316078254815,FARS2
6.680268247491146,0.1792788962236143,0.1624572173597825,1.1035452849507943,0.2697904371314136,0.4447157313220189,TRUB2
4.849954900481642,0.5301612442322204,0.4804707690295974,1.1034203918439875,0.2698446451957618,0.4447157313220189,ESAM
16.838912253366985,0.1371817246699551,0.1243554667539924,1.1031418903467782,0.2699655516867688,0.4448252717952385,COPS3
1.8471217289052015,0.2502970961406006,0.2270574543052192,1.10235137140286,0.2703089438777366,0.4452115259877012,MYPOP
4.424212009401229,0.1943521199212333,0.1763667257358253,1.1019772528540777,0.2704715609660362,0.4453188080310481,TBC1D13
13.46529872714402,0.1572466090810821,0.1430486083889551,1.0992529801724602,0.2716577354174651,0.4469179316743014,SMIM15
27.077277850814088,0.1302603786058436,0.1185101442051667,1.09914960849541,0.2717028144808815,0.4469179316743014,URI1
3.744191898667935,0.2447142865100243,0.2227767856488537,1.0984730109884475,0.2719979964692308,0.4472722135540521,ATAD3A
7.004647870742901,0.1924111081873078,0.1753271457068375,1.097440487105381,0.2724488829494386,0.4478333982256814,TMEM164
13.730173696746586,0.4106978519780693,0.3750413949426419,1.0950733906076706,0.2734844852124463,0.4492205573556784,CDCA7
14.533360264837585,0.157237255415193,0.1437049653123724,1.0941671714224026,0.2738816666021914,0.4495554636011462,CLDND1
10.92966666848534,0.2201084489485899,0.2012293148187435,1.0938190051824792,0.274034367070086,0.4497157688952947,PPIF
13.315726926470717,0.1326066770710351,0.121449362871858,1.0918680340130662,0.2748911098746405,0.450940626136456,PCID2
9.72262382661296,0.1518345244225748,0.1392062448351929,1.0907163295894704,0.2753977229647982,0.4515377550542145,PGRMC2
13.488741827806424,0.1314477256712176,0.1205208613869671,1.090663675636756,0.2754208996683643,0.4515377550542145,PHF6
4.202904673756003,0.2547393862727055,0.2335987171784096,1.09049993659918,0.2754929812269325,0.4515653258987494,CCZ1B
38.89351637558978,0.1676973966970834,0.1539079994736249,1.0895950650428767,0.275891557899895,0.452127942158051,PTBP3
8.867424410477616,0.1868962066325623,0.1716020045981832,1.0891260103294915,0.276098321245199,0.4522853614463756,TMED1
35.84572997606885,0.1007459843000273,0.0926029059201775,1.087935451905463,0.2766236040649904,0.4527827461568584,PCMTD1
24.464790662007452,0.1083361411481473,0.0996149002672846,1.0875495619376423,0.276794007545409,0.452880223398786,ABCE1
15.764581162974885,0.173083815172966,0.1592142901395291,1.0871123127282245,0.2769871769737749,0.4531055501607037,ZNF655
11.353592617864704,0.1422046060652058,0.1308869150500725,1.086469231938148,0.2772714462432543,0.4533890308692477,EIF2D
22.139767187922708,0.1211965528448244,0.1116261893516471,1.0857358255151808,0.2775958858195749,0.4538287280975884,STXBP3
3.930997844569682,0.195759638485449,0.1804462950252477,1.084863717806224,0.2779820195616584,0.4542782163676623,RUSC1
10.550179751090589,0.143245979114807,0.1321417231237208,1.084032928651078,0.2783501990679043,0.4546613766697777,BCL10
22.931891821157596,0.1288084900776892,0.1188596622249639,1.0837023062870172,0.2784968127291077,0.4547556868124579,SUZ12
6.48440538157081,0.1517297756480268,0.1402051160784514,1.082198566585307,0.2791643052987601,0.4557545531660678,CNOT11
9.290835050811298,0.2295904930436098,0.2123025053649961,1.0814309169309693,0.27950547517827,0.456220383076637,RCC1
5.188135776902785,0.180722689983842,0.1672185105477705,1.080757682817738,0.2798049167589035,0.4566179298655882,TMEM115
7.367442314817618,0.16482230388494,0.1525933328326171,1.0801409263780686,0.2800794294509258,0.4567208751508528,DLGAP4
12.501303329546436,0.185874054821922,0.1720991117847166,1.0800407561338077,0.2801240315853903,0.4567208751508528,RHOF
6.879432523391202,0.3128395565937533,0.2897031136408155,1.0798625967880455,0.2802033713292406,0.4567208751508528,GFI1B
9.672767469569244,0.1567721253042452,0.1453861623525724,1.078315313970947,0.2808930651956671,0.4576624597634688,ACTR6
14.5661016649577,0.1867992998628629,0.1735108063014952,1.076585970894962,0.2816652744857901,0.458237708408606,LYRM1
7.597357619145161,0.2644279095523668,0.2456321455575843,1.076519968313252,0.2816947753440739,0.458237708408606,GNG7
17.91203134671712,0.1495998892932578,0.1390044887500937,1.0762234416919645,0.2818273382936564,0.4583620981682856,SPG21
6.7334064672400356,0.158393016394983,0.1472915106180578,1.0753709818735755,0.2822086682036234,0.45879964741182,RAD17
5.52798556341072,0.1793549298446863,0.1670199102339147,1.0738535878357025,0.2828883077471303,0.4595388394834597,RMDN3
6.068060684674034,0.1978517400045826,0.1842937227238785,1.073567439413103,0.2830165975963162,0.4595645109219992,SMIM4
4.015049366083972,0.4325928593596083,0.4032399167589458,1.072792750372006,0.2833641142557438,0.4599460026983875,SLITRK4
55.53272621528512,0.0996586802416399,0.0929203460805307,1.072517316662481,0.2834877402976941,0.4600552782467643,CBX3
24.565768326848616,0.1384001281729314,0.1292659947408962,1.0706615336101646,0.2843216446724365,0.4611338147317345,RNASEH2C
4.0882710609605954,0.2023374556674738,0.1890075660912663,1.0705256929755442,0.2843827504059172,0.4611413878878248,GSR
23.410309110870323,0.140653005502384,0.1314146740016506,1.070299086239162,0.2844847055937712,0.4612151844060922,PQBP1
9.52369900824876,0.2049194662758149,0.1918682811593273,1.0680215877143855,0.285510774051664,0.4626033184168445,ICA1
7.0931202645684275,0.2195285913166526,0.2055994822908125,1.0677487553501612,0.2856338592560474,0.4627109960311585,GCLM
13.22376463352314,0.134297509896315,0.1259250674397581,1.0664874963085669,0.2862033279724644,0.4635416041353828,CTDSP2
11.196973677977178,0.1968415887347963,0.1846404109515058,1.0660807551305491,0.2863871383715938,0.4636554998284709,EEF1E1
8.896242741488289,0.2194050484741278,0.2059234036592548,1.0654692209593688,0.2866636468050891,0.4637356282012242,NUDT16
4.954599114940897,0.2058615071065672,0.1933087359982617,1.0649363881227711,0.2869047169355988,0.4639419042313037,C2orf76
12.84779031285248,0.1450031347877523,0.1361989391153073,1.0646421751126214,0.2870378866775844,0.4640654080020859,TMEM208
3.551770954745444,0.3346652317958356,0.3144244843994814,1.0643739543216937,0.2871593279056241,0.464169904711544,NINJ2
15.72859521248066,0.1635991192549186,0.1538113356772974,1.0636349950055464,0.2874940828504522,0.4644353797886605,TIMM9
2.353753007130938,0.4413894257384339,0.4152602026394675,1.0629225313017825,0.2878170842818514,0.4648652689596773,BIK
5.175818287051175,0.1752516011400223,0.164971948249339,1.0623115202297695,0.2880942862196154,0.4652210301779599,CREB3
3.087065775149744,0.2387007719127008,0.2247352789728962,1.0621419698928931,0.288171239283342,0.4652533483865219,EXD2
22.105548030580184,0.1730719787331006,0.1629694934992463,1.0619900388528916,0.2882402073284089,0.4652727645358414,SSBP4
2.319353876654814,0.2134107422976583,0.20102814601324,1.06159633130976,0.2884189799309915,0.4653617596614035,ASB1
11.958214730316104,0.1531031773602055,0.1442442884771256,1.0614158728682328,0.2885009465070854,0.4653617596614035,ISY1
22.967043088550845,0.1285447091503086,0.1211480196505115,1.0610549765578925,0.2886649174152433,0.4654066772296672,EIF2AK4
16.52528993601684,0.117730325913876,0.1109722744308066,1.0608985579301895,0.2887360047168037,0.4654294524641947,AHCYL1
3.555421692823499,0.1999749351753428,0.1885750837286409,1.0604525858946785,0.2889387496218367,0.4655726735434921,NEK4
7.386265773424136,0.1725353625600282,0.1628268473239722,1.0596247817581288,0.2893153347861232,0.4659955845727209,KLHL36
6.165451487895928,0.1971057307610738,0.1861251743754009,1.0589955465321736,0.2896018079297857,0.4662229392261686,CCDC58
3.1135245805009224,0.2230641006127371,0.2106621837817054,1.0588711111239737,0.2896584824948197,0.4662229392261686,CEP19
16.694939390382945,0.1654006246828373,0.1562755027673681,1.0583912497728634,0.2898771070438816,0.4662675834209194,NSMCE1
9.710919212946516,0.1526266379636341,0.1443771966037671,1.0571381184419797,0.2904485566803686,0.4667038043886227,CMC1
2.3937785245500627,0.240273866359003,0.2281189579085354,1.0532832017203109,0.2922112154842543,0.4684874213046782,ZNF71
4.1184184953160665,0.319226521560497,0.3031306943901185,1.0530986385353105,0.2922957867839003,0.4684874213046782,TYMS
9.16107312051908,0.1691185217595344,0.1609837825814272,1.050531420293796,0.2934738528475979,0.4700989711071796,CYFIP1
25.229108915516864,0.1359251724497882,0.1295506108245469,1.049205183863429,0.2940836933108375,0.4709835080444636,LRPAP1
12.09873160691631,0.1257453931679627,0.1198810583681852,1.0489179431646878,0.2942158864596318,0.4710105815559662,ATG5
6.354581980718513,0.1637215599582486,0.1563615493748085,1.0470704633771422,0.2950670807821715,0.4720931509694298,HSCB
4.667278828882859,0.1798095558675584,0.1717797275012783,1.0467449127035104,0.2952172434146126,0.4720931509694298,TTC31
6.393157365755861,0.1733737297737006,0.1656322260610297,1.0467391153085053,0.295219917969328,0.4720931509694298,BOD1
58.95068259691652,0.1466635481128926,0.1402413399358575,1.0457939733032526,0.2956561642711689,0.472496778378441,DDAH2
21.372009485983178,0.125791770901491,0.1202880448255537,1.0457545559404433,0.2956743673935863,0.472496778378441,SH3KBP1
6.036855579491115,0.1976356845954977,0.1890935074290232,1.0451743546492775,0.2959423938737155,0.4727556794412766,GFER
40.618290217485054,0.1285410634119343,0.1230790728632502,1.0443778980586955,0.2963105851959074,0.473251327528491,DOCK8
41.81802255725539,0.2526941169137905,0.2423567138245141,1.0426536691562895,0.2971087230080652,0.4740627564340756,SERPINB6
6.904083425644942,0.1930302203585377,0.1853601723775823,1.0413791586540575,0.2976996113174874,0.4747274637149083,DHRS4
66.21185912126573,0.1321697106812736,0.1270318918545452,1.0404451098989482,0.2981331531330612,0.475326047658584,ERP29
47.527225838095035,0.2283421038174208,0.2196446519099806,1.0395978314600842,0.2985267848312956,0.475860780112469,DUSP6
11.079566677666126,0.1343690623546194,0.1293310144420066,1.0389546771464628,0.2988258153890095,0.4761516648875969,FOPNL
14.784685728809473,0.1856162711117366,0.1787049713499957,1.0386743564520382,0.2989562112792531,0.4761737236574614,A1BG
13.665079318444889,0.1554103400825828,0.149719849738752,1.0380075878633346,0.2992665224913275,0.4765750838582416,GPATCH11
23.55483847791299,0.2012762851515237,0.1941003513009128,1.036970225981127,0.299749733366265,0.4771603105323344,SYNGR1
2.963395322692048,0.2207276527903031,0.2128646948653002,1.036938760229725,0.2997643984737864,0.4771603105323344,RPAP1
26.71839556474701,0.1724667408480279,0.1663913489136765,1.0365126671189098,0.2999630329708195,0.4772192255460604,NBEAL1
5.184593327108753,0.1434308726428403,0.1384243194867291,1.0361681615967135,0.3001236974227187,0.4773818827411007,MRRF
15.397009533084542,0.1282017952308771,0.1238052132369754,1.0355120909608724,0.3004298227929837,0.4776828336332885,PFDN1
2.8655037064207773,0.2319568932863517,0.2241523043088777,1.0348182411130575,0.3007538024632672,0.4781049260559059,KSR1
3.299992669330082,0.2061867251527861,0.1996123862241683,1.0329355259609725,0.3016340720385723,0.4789298792628799,RABL3
38.697309470989445,0.1258723892841402,0.1218818869747415,1.0327407329214195,0.3017252459690296,0.4789298792628799,CAPZA2
9.130616789627604,0.1553465872177838,0.1504295165835627,1.03268687386554,0.3017504582270486,0.4789298792628799,SUPT3H
3.894898636472832,0.2113212290123965,0.2048744541198756,1.0314669533603675,0.3023218975176941,0.4796645096343842,ACAD9
14.732925566753083,0.1407663499700226,0.1365728806286766,1.030704992982812,0.3026791826179494,0.4801381481598262,DEF6
8.244307685881049,0.157734776442997,0.1530778076578755,1.0304222333490018,0.3028118407195082,0.4802084650592981,PBX2
5.2946756154740715,0.3394761561468749,0.3297107795354076,1.0296180083199813,0.3031893582632869,0.4805071317252047,PLAU
11.25776204341006,0.1288075036895772,0.1251064846953439,1.0295829509017531,0.3032058219526564,0.4805071317252047,VPS4A
3.1646078550139034,0.2731181719191603,0.2653509452757451,1.02927152430282,0.3033521004179772,0.4806457266851448,MARVELD1
27.387056291727557,0.0917211648874448,0.08924178073561,1.027782773174152,0.3040520214264617,0.4814746254022516,SNW1
11.541582476933392,0.1350432917250514,0.131436977241463,1.027437594497956,0.30421445668082,0.4816385052390972,ITFG1
2.12124168561803,0.5568172671648917,0.5422776078204414,1.02681220676415,0.3045089003471468,0.481927557478878,AQP3
3.5113832657772113,0.1983075385176904,0.1931317471645482,1.0267992778459796,0.3045149895072142,0.481927557478878,PYGB
15.795888028401118,0.3350945060702417,0.3269350626873597,1.024957382410478,0.3053832970197446,0.4830225413813634,ISG20
13.42782212850893,0.1221337409979077,0.119165871175875,1.0249053675582374,0.3054078417157801,0.4830225413813634,LTBR
11.2186476464883,0.2391278878083708,0.2333802823651801,1.0246276394258411,0.3055389178259758,0.4830225413813634,TP53INP1
7.266901647294022,0.1659512861004436,0.1620919468815026,1.0238095679223498,0.3059252302844899,0.4835038794302838,ELP6
2.812695305606869,0.2130748159392138,0.2082451935762818,1.0231919992005136,0.3062170750610691,0.4837779815011592,MECR
15.2184616362282,0.1235911647136345,0.1211845306894152,1.0198592510985358,0.3077952176605729,0.4858015691528958,KDSR
6.814830402324202,0.1605870576909862,0.1576041965354375,1.0189262800174106,0.3082379662312301,0.4863124970216994,ZNF524
8.101987213499642,0.1522027821457157,0.1494898980700442,1.0181476080370355,0.3086078133672935,0.4865202475446952,CERS5
4.27794060655254,0.1828956479692669,0.1797511905166589,1.0174933887423494,0.3089187757574062,0.4869165348599086,DROSHA
2.801706654716819,0.2233066706169171,0.2197997041500224,1.0159552829265914,0.3096506812606676,0.4879532566526934,ZNF852
7.141994641264296,0.1999974969038309,0.1971553607921576,1.0144157181435682,0.3103844272441507,0.488661108865502,MVP
32.170384174745394,0.1206291779864348,0.1189380596439162,1.0142184793293385,0.3104785127785113,0.4887150699120046,YIPF4
11.335376816451948,0.1279737274362864,0.1263438968182435,1.0128999552735622,0.3111079497704729,0.4894229991479658,NKIRAS2
26.76411994333963,0.1121052425846137,0.1107208570541258,1.0125033852457554,0.3112974289127692,0.4896268126364268,NCKAP1L
2.465760869091224,0.2338217713562367,0.2315115037376811,1.0099790618662876,0.3125053216544102,0.4910540352381127,UBE2D4
18.326540807457963,0.1177194761126064,0.1165927266077867,1.0096639776562566,0.3126563064036166,0.4911968236154492,EMC10
4.838561696884333,0.1648049406486052,0.1633164996622519,1.0091138433007778,0.3129200396580244,0.4914959552090399,RANBP3
3.8229817464430766,0.2111520076939637,0.2093952043290823,1.0083898930279245,0.3132673230673263,0.4917321719333771,TRAM2
3.172268515300652,0.2255841726172897,0.223867418148141,1.0076686213802344,0.3136135737355943,0.4921329961577763,CNEP1R1
4.088084750122829,0.1719748257545916,0.1708548325405765,1.006555232868518,0.3141485566382386,0.4927832321541654,ZNF345
6.000973869741469,0.1741697091987142,0.1730619361881435,1.0064010205535106,0.3142227029153207,0.4928049338812064,KLHL20
8.243493974092182,0.1753981611866369,0.1743132439889807,1.0062239516219706,0.3143078529945888,0.4928438815618471,ADPRM
5.809755054927346,0.1754057122966809,0.1744258144870798,1.0056178485534528,0.3145994347032274,0.4932064430084557,TEN1
10.396488338459951,0.1715534361103973,0.1709641337781099,1.0034469354435018,0.3156452678661989,0.4946562109195841,CNDP2
6.287048645227127,0.1870850063306234,0.1864948388540871,1.003164524445623,0.3157814864599915,0.4947747892357795,ARV1
8.610944057543366,0.1978440544732218,0.1973188709534372,1.002661598037972,0.3160241643954432,0.4948525970003076,TMEM101
126.72803382155608,0.1008863334456084,0.1006260302781469,1.0025868372899334,0.3160602492766629,0.4948525970003076,YWHAZ
13.73906774141476,0.1169292008136458,0.1166316475944177,1.0025512219484616,0.3160774407375936,0.4948525970003076,EFCAB14
22.3978868840001,0.0940286473649661,0.0940516589857493,0.9997553299853368,0.3174289283095404,0.4963091797201022,GIT2
7.584660803489733,0.1792881285331587,0.1794652152936782,0.9990132530126816,0.3177882712292956,0.4966809418926118,FAR2
2.92441197158156,0.298884981268566,0.2995346713878548,0.9978310019461905,0.3183613142871337,0.4974814111761656,ADAMTSL4
4.6412071309276905,0.1859805095625167,0.1865417522576971,0.9969913293491256,0.3187687186370447,0.4979275855445024,LPCAT4
6.947662227187984,0.1881367045470694,0.1888312893815625,0.9963216645039707,0.3190938807662107,0.4982450028168751,TFB2M
2.4967600023478687,0.2199467272199463,0.2211009590399497,0.9947796164023204,0.3198434621198882,0.4986531060831152,TRUB1
23.044505916499343,0.1108514384475083,0.111521799081493,0.9939889722053812,0.320228236307688,0.4991178723471901,GOLPH3
5.720565597476113,0.1760567517889116,0.1771344282064409,0.993916053313626,0.3202637381858179,0.4991178723471901,EXT2
5.154962104355787,0.192370656365167,0.1937064659254249,0.9931039495564792,0.320659299457489,0.4995437818621817,MAPK3
8.84793771668117,0.3135345796010458,0.3160128133767222,0.9921578060421172,0.321120551618788,0.4997815312542751,CKB
19.021178413165572,0.1189894431676547,0.1199346854411668,0.9921186913524214,0.3211396296521431,0.4997815312542751,PTPRA
8.563563372678717,0.1998206252570696,0.2014888239107327,0.9917206392826916,0.3213338200599415,0.4998322184865376,MVB12A
3.207416924576754,0.2141295384431558,0.2161679890923754,0.990570062395554,0.3218955621497927,0.5004202127713008,YKT6
3.5705484368525364,0.194592625128697,0.1964953652704404,0.9903166156661016,0.3220193876482681,0.5005174845870266,INTS7
34.12753052000846,0.132120627797096,0.133631163075571,0.9886962348922992,0.3228117855037015,0.5014501778655635,SMARCA2
8.707983883674052,0.1647072736839702,0.1673846099976811,0.9840048836404496,0.3251131117002852,0.503963951815707,TCEAL1
15.304925246304528,0.168582335476155,0.1714959028182664,0.9830108632671012,0.3256020921361455,0.5045504826179491,ADSL
3.9726560633116903,0.3647932351417721,0.3713364247026767,0.98237934895252,0.325912996209912,0.5048254031732956,ANGPT2
6.186465566294675,0.1863744396751692,0.1897619529860901,0.9821486169507896,0.3260266371980762,0.5048254031732956,SLC2A4RG
4.87242184717862,0.1832513198397238,0.1866509849568369,0.9817859781565084,0.3262052974631978,0.5050063443675236,OSTM1
13.769067370255035,0.1301185195031929,0.132559208019679,0.9815879367948256,0.3263028928193934,0.5050617422290705,PXK
726.8398116464364,0.129120330803741,0.1315711656996011,0.981372553151534,0.3264090560410827,0.505130378202971,FAU
10.831412856577057,0.1687944620189854,0.1720452702842303,0.9811049251172418,0.3265410019424365,0.5051432273516943,PANK3
8.099528988218532,0.1552843706909216,0.1583929279944715,0.9803743933336572,0.3269013449031213,0.5056049383311384,TRIM5
7.334340950813232,0.1409540927898719,0.143831263833244,0.9799962055071156,0.3270879916925787,0.5057333052693216,DCTN5
65.04803021409626,0.1910729495712932,0.1949812687419091,0.979955412148901,0.3271081285458774,0.5057333052693216,DNAJC1
11.258125080860664,0.205583794651409,0.2099480416612376,0.9792127281812396,0.3274748808791574,0.5062045500687846,CD300A
14.619254020381245,0.2151279767131573,0.2201526062900293,0.977176606438842,0.3284817273378468,0.5071852218589469,PRDX4
2.839850961036836,0.2160016484918041,0.2212516041484962,0.9762715589028292,0.3289299101209711,0.5075187755928946,ZNF358
32.815925668460345,0.110306876249703,0.1129917095572042,0.9762386699163802,0.3289462043250483,0.5075187755928946,TCEAL4
9.583331563389905,0.1471157265180481,0.151020915226118,0.9741414048363912,0.3299863335778349,0.5086433374202016,BAD
24.087078918803183,0.2931611952692063,0.3012052076902807,0.9732939132003792,0.330407246752412,0.5090040748895096,FAM107B
2.230900540637052,0.2099177479712372,0.2158395284736965,0.9725639666453358,0.3307700586836679,0.5093709290433944,HOMEZ
4.9824961639609535,0.1548826301815023,0.1592781830949163,0.9724032957433058,0.3308499529929349,0.5093979585274678,WDR44
606.0900904608067,0.2477817781101628,0.2548643869734411,0.972210284271626,0.3309459452973793,0.5094357985923875,CD74
17.979657666007615,0.1688676110715317,0.1739890138349061,0.9705647922791611,0.3317650455363597,0.510230037093468,STAT1
5.45059072001852,0.2169398784066638,0.2236503350721037,0.9699957674408288,0.3320486018729626,0.5104565737105311,SDSL
3.72061061450549,0.2223288616496686,0.2292751068478571,0.9697034479944748,0.3321943313075982,0.5104565737105311,CENPK
8.148620668077276,0.1364664913404941,0.1407763979703027,0.9693847357089092,0.3323532653905698,0.5104959384109448,RBM12
9.261477709335768,0.2531071130088437,0.2611340246860468,0.9692613335743832,0.3324148162295564,0.5104959384109448,HOXA7
15.537255267603582,0.1396914012816788,0.1442182902686328,0.9686108538762884,0.3327393858815594,0.5108631195111277,STRBP
14.633896437956418,0.1757120792350877,0.1814298583931913,0.9684849053582336,0.3328022540133392,0.5108636516143142,PGM2L1
18.312248054397664,0.1408754806331164,0.1456084356671759,0.9674953239324824,0.3332964777215002,0.5115262057592747,POLR2F
8.651952361375775,0.1412943524544406,0.1460662437152375,0.9673306361591671,0.333378773195203,0.5115564236202824,TMED8
13.146642459786648,0.1289278135530151,0.1334078387677464,0.9664185758789574,0.3338347725879534,0.512159956217831,FBXW5
17.410874489685835,0.108166782551406,0.1121671695677399,0.9643354911089382,0.3348777526754026,0.5129895232678506,ELAVL1
3.0194990053239477,0.2062107272757223,0.2140551731615008,0.9633531590481113,0.3353703244088544,0.5135515218787011,ZFP82
3.777283586869184,0.2162897606636722,0.2246202325084724,0.9629130833328382,0.3355911432704125,0.5136908703055798,GPR180
3.674114656597101,0.1984876257419488,0.2061560498667713,0.9628028179149812,0.3356464863311024,0.5136908703055798,PEX10
3.4776616099644166,0.2120494247090199,0.2202433672297751,0.962795962376444,0.335649927372597,0.5136908703055798,KIF3A
9.695388870471776,0.1401693155761459,0.1456340608879991,0.9624761866933316,0.3358104595333079,0.5138403117690372,GLTP
4.2616850074460695,0.2834548390351519,0.29534525020503,0.9597406385861168,0.3371857648483565,0.515279221601475,XXYLT1
17.311745256122137,0.153272582455844,0.1597042351098574,0.9597277263837792,0.3371922650719724,0.515279221601475,ELK3
3.72903358776744,0.2712343426428478,0.2828400977117874,0.9589670801175942,0.3375753295586575,0.5156717176713014,STARD10
33.741403845404044,0.1318793158276822,0.1376161729064731,0.9583126244711816,0.3379051397392471,0.5160471353529151,TM7SF3
16.58781095773051,0.1125042839426773,0.1174085823090452,0.9582287915421832,0.3379474019426568,0.5160471353529151,STX10
11.297819553735728,0.1549871415111816,0.1617811314524777,0.95800505361596,0.3380602102545339,0.5161229405810531,RGL2
55.66345838184157,0.1177386089167773,0.1230751243621667,0.9566401783216087,0.3387489019397671,0.5170777653184826,GSTK1
2.0530638420324334,0.2277656713227758,0.2381266524940066,0.956489619861046,0.3388249261537994,0.5170909454156745,MBLAC2
9.305281310718287,0.1263563317989149,0.1321761096674288,0.9559695176143616,0.3390876350532069,0.5172083378793642,ENOPH1
9.278075498062666,0.1958978594192461,0.2049834524594012,0.9556764561668478,0.3392357209014685,0.5172411038413695,NAAA
29.449012320258227,0.1066841948635056,0.1117675343456826,0.954518639854263,0.3398211786399329,0.5179404683206289,YTHDF2
6.764214733091588,0.1795886063500051,0.1881777380739808,0.9543562813971176,0.3399033280615084,0.517969058856879,GIT1
16.16681426157714,0.1394059605357221,0.1461660181698823,0.9537508258157288,0.3402097860741208,0.518339392506366,DUSP23
5.020822895744114,0.1871439460524903,0.1963477094478089,0.9531251807255482,0.340526649197937,0.5186287512761125,RBM43
19.042471246601853,0.1422635776197233,0.14950356128612,0.9515731692000252,0.3413134942064911,0.5197302573912111,NUP214
6.204402869929455,0.1574315359565779,0.1656945485967844,0.9501310531325056,0.3420456662918714,0.5202113189557424,RNF170
3.4492379995078917,0.6384781570670548,0.6720931529336134,0.949984617876506,0.3421200686096335,0.5202113189557424,SH2D1A
6.270135561925719,0.1546489277045657,0.1632258236868035,0.9474538048667158,0.3434075850832742,0.5216265606215803,STK40
5.245042362037853,0.1663488759234535,0.1756761035129365,0.9469066799469616,0.3436863337637689,0.5216265606215803,DNAJC16
8.417865000943044,0.1399994201659736,0.1479098651793751,0.9465184759393284,0.3438842031778755,0.5217971818322044,SNUPN
10.84374798438752,0.1249455204897638,0.1321029961622407,0.9458189754932846,0.3442409254209039,0.5222414782053854,DCAF10
14.797010581231982,0.1964830990119241,0.2079487315569187,0.9448631763264388,0.3447287332731256,0.5225934099396492,SVIL
19.588463384187246,0.1162337279965608,0.1230947015967532,0.9442626407863738,0.3450354519377365,0.5228929262606512,HERC4
8.210214414989371,0.1786787470089544,0.1892330791191032,0.9442257550356404,0.3450542967075549,0.5228929262606512,FAM207A
13.570152950959931,0.1880694725136467,0.1993628509019865,0.943352643999398,0.345500556980911,0.5233014578500486,CD58
11.429786657913162,0.1264065184429221,0.1340191872601646,0.9431971721894984,0.3455800595470397,0.5233014578500486,YDJC
9.274086424826576,0.1515464812840565,0.1609108300935982,0.9418041109843586,0.3462929400573076,0.5238984358101777,PARP9
6.681354210249869,0.1437105158635791,0.1526369602707321,0.9415184605922436,0.3464392334751623,0.5240198031702243,MED16
6.79560268627988,0.1757755256231376,0.1867698142050857,0.941134553092848,0.3466359104157205,0.5242202524536095,CLIC4
3.691280042305632,0.1973947075714296,0.210168850664758,0.93921961768871,0.3476179988142768,0.5253264472102658,CCDC92
17.206465592494094,0.1118574946611707,0.1191655550510884,0.9386730470328892,0.3478986358440832,0.5255462661271961,FEZ2
24.72122713916376,0.3691198502119899,0.3934215843186157,0.9382297894287752,0.3481263324835491,0.5256715981976167,IFITM1
5.792835476840761,0.2335540664115432,0.2492092036303196,0.9371807421607132,0.3486655940458933,0.5260786194874518,MAPKBP1
15.160478783320306,0.0964263565544491,0.1028970663752033,0.9371147298100858,0.3486995453600906,0.5260786194874518,TMA16
2.842783627759886,0.2302424689724921,0.2456940471905976,0.9371104900798882,0.34870172599976,0.5260786194874518,CPOX
20.45902815616175,0.1114467751872623,0.1190425309707042,0.9361929243144944,0.3491738655924176,0.526596466547738,HMG20B
14.078709941561346,0.2906875293725241,0.3109139117989073,0.9349453927315248,0.3498164421454713,0.5270847430803517,RGS18
5.387203170841448,0.1372913927708351,0.1468650848240882,0.9348130151920024,0.349884670966568,0.5270847430803517,MED12
8.491226125528385,0.1437870945067655,0.1538736085521151,0.9344493565838916,0.3500721480202536,0.5272699578752982,SLC39A1
12.26874060403603,0.1598467463358703,0.1713378562161991,0.932933035733627,0.3508545441692298,0.5282536356010276,PRKX
26.897421393993437,0.0798045416121218,0.0856590113445411,0.931653778854962,0.3515154806665197,0.5289563522147573,ABI1
236.13862671785995,0.1175439149063537,0.1262206819173499,0.9312571689584296,0.351720551852134,0.5291674883417027,UBB
3.914848306321943,0.1698290880015857,0.18253427430049,0.9303956128371328,0.3521662892371556,0.5293507633106694,ALG6
2.8994848574134955,0.1984876432753249,0.2136940674513985,0.9288402136875792,0.3529719005473934,0.53017158076705,GYS1
1.531146457434473,0.2288322557583633,0.2464336142051603,0.9285756591950012,0.3531090411481586,0.5302666333831776,ANGEL1
16.828253061524222,0.1059412714312444,0.1141033369656503,0.928467775338919,0.3531649759969713,0.5302666333831776,CTCF
4.545241579452285,0.2313880222123905,0.2492756438929114,0.9282415987331462,0.3532822606099224,0.5303452786043866,SH3D21
12.697431340156207,0.1137848958966366,0.1227368064535785,0.9270641723896595,0.3538932166272741,0.5310673045108277,IBTK
3.381362437815677,0.1948395392169878,0.2102114020781373,0.9268742670036728,0.3539918193287583,0.5311177296612715,SLC25A43
3.039192613108429,0.7258669111451533,0.7832747532993799,0.9267079119907692,0.3540782084643205,0.5311498148268703,INHBA
65.7826523271733,0.1258172702141879,0.1359950640828916,0.9251605641915056,0.3548823933286884,0.5320693981774958,HSD17B11
6.448531848740681,0.1658847102146835,0.1795473791652182,0.9239049379943194,0.3555358119010325,0.5327570600358282,NOP16
10.748244274978092,0.2324730222643484,0.2516928317389154,0.9236378352860524,0.3556749080090956,0.5327570600358282,SLC16A3
6.290372186427238,0.1458838354003269,0.1579451714440562,0.9236359305355444,0.3556759000480883,0.5327570600358282,PAPOLG
5.609434283532787,0.2535725121872328,0.2745791800899968,0.9234950446866408,0.3557492815599959,0.5327570600358282,TMEM44
9.519689640948222,0.1183201519466409,0.128129077086,0.923444971567419,0.3557753648411692,0.5327570600358282,ACO2
11.758695354747369,0.151066931595318,0.1635995549214426,0.9233945145379976,0.3558016493226673,0.5327570600358282,UBE2D1
3.9914635129317424,0.1814350278350339,0.1966407217627176,0.9226727109655746,0.3561777911078377,0.5332225597548813,MDP1
22.980726721660403,0.1562020335447324,0.1694131204477796,0.9220185138664074,0.3565189187113885,0.5335377444671714,SLC39A3
10.747082907857232,0.1038451549435893,0.1126460308079864,0.9218714072633524,0.3565956550143019,0.5335548612198976,CEBPG
6.174036925836373,0.2014038745763564,0.2192936333309694,0.9184209843082276,0.3583985088608973,0.5355658770852948,ABCD3
17.14835314322013,0.1044588473620392,0.1138832095560275,0.917245375936198,0.3590140740306585,0.5361915552740835,RAB11B
6.595914863758471,0.1593821377798739,0.1740209340210155,0.9158791077435904,0.3597303058026366,0.5371630717677895,SNX20
8.2363820834971,0.1769865664244592,0.1938646267266684,0.9129389379218428,0.3612746571773355,0.539075095653033,RAB3D
6.734362527888697,0.1653561964843883,0.1812478470552846,0.912320886404521,0.3615998225141897,0.5394161785056697,SFXN4
12.92037465106893,0.4214525384067809,0.4620876464228496,0.9120619035573954,0.3617361314516516,0.5394681383631037,TM4SF1
6.037315395972344,0.1433705695255021,0.1572172433663216,0.9119264939116364,0.3618074136436685,0.5394759811829225,ABHD13
6.93426920333055,0.1393139705677809,0.1527997382459347,0.9117422069372388,0.3619044399258283,0.5394912672360873,CBLL1
6.088949996771782,0.1657176417838806,0.1817943630985165,0.911566447712552,0.3619969915749652,0.5394912672360873,PHC1
3.4940020310006865,0.180709538479117,0.1984982537899916,0.9103835173799828,0.3626202871844424,0.5402724888014329,KLHL12
10.849517124249797,0.1264590703555768,0.1389224967862877,0.91028503864364,0.3626722067159293,0.5402724888014329,NOP14
12.717275753488952,0.167193553009384,0.1840345654655738,0.9084899490832874,0.3636194216316266,0.5415276103867451,CCDC124
50.398316309976536,0.0703872870320228,0.0774817328888023,0.908437181355236,0.3636472889722274,0.5415276103867451,SF3B2
3.4125488925979672,0.2114960457442158,0.2332819245255408,0.9066113723742892,0.3646123457255409,0.5428657939000354,PARP12
10.68111316260119,0.1486972645138905,0.1640685396563637,0.9063118671338952,0.3647708060474769,0.5430027794159107,MKNK1
13.869778647298496,0.1588770653414668,0.1753784760134139,0.9059097156786504,0.3649836414342783,0.5431989314914346,FADS1
15.10175750455353,0.1872214930144602,0.2067265781458586,0.9056479079451684,0.3651222427267042,0.5431989314914346,ISYNA1
9.287842896221148,0.1508068393395915,0.1665804238006983,0.9053094949501456,0.3653014476251907,0.5431989314914346,NMRAL1
15.971536009911835,0.1592338230143088,0.1759341897278907,0.9050760586136692,0.365425094665344,0.5432839244014784,GRINA
7.809020825230228,0.1718873403251777,0.1900254932852661,0.9045488442287088,0.3657044468028345,0.5436003337867857,TWSG1
2.466636548307679,0.1989313555156733,0.2200652040579364,0.9039655149811904,0.3660136874896125,0.543862127746431,RFC5
12.5009215822716,0.1506280049390919,0.1671102481656893,0.9013690458393948,0.3673921337760062,0.5457118933073526,UQCC2
21.03304435512643,0.218005633245865,0.2420743236177331,0.9005731379843671,0.36781532223412,0.545844351248637,PLIN2
3.8492682207792286,0.1763674952454069,0.1960300613123123,0.8996961693769038,0.3682819624944191,0.546338401514506,TMEM129
5.843225024438757,0.2117505492449031,0.2355206701952535,0.8990741622353391,0.3686131594996613,0.5467304640173775,TP53TG1
8.950722015505947,0.1522049268478592,0.169499981103686,0.8979642703013216,0.3692045982801379,0.5474089589089108,LIMA1
4.512726995883147,0.1907535712502612,0.2126379427614134,0.897081531043088,0.3696754130885601,0.5477756366536327,PEMT
8.298728423852127,0.1514730458933573,0.1688537432807259,0.8970665556494501,0.369683403531202,0.5477756366536327,TMUB1
38.53615832990424,0.0961787188727814,0.1072488715625661,0.896780707074138,0.3698359447520399,0.5477756366536327,EIF2A
14.547146128818325,0.1284728877660484,0.1432655399283308,0.8967466135283998,0.3698541411599672,0.5477756366536327,ZNF511
13.060020497281402,0.1161830172639813,0.129829024136112,0.8948924790667432,0.3708445675604516,0.5491429796187839,PML
6.970532647616184,0.1296104204823752,0.1450018414398297,0.8938536172739474,0.371400217242,0.5496669398812501,NFYB
13.697884325844168,0.1065031843247456,0.1193549458163257,0.8923231760219005,0.3722197354024388,0.55018224637723,AATF
5.988874213476333,0.1654088525483761,0.185412231068485,0.8921140293451282,0.3723318159108373,0.5502483754399442,UBALD1
3.180708408931345,0.1977614775831128,0.2220003776695724,0.8908159511217723,0.3730279162939267,0.5509781460661018,CRTC1
3.619283749866338,0.2321863717444689,0.2607451415850718,0.890472475663424,0.3732122413396931,0.5510549680860688,FAM229B
16.379438613340113,0.1138490959842598,0.1278531458438849,0.8904676942660077,0.3732148076598096,0.5510549680860688,EMD
11.103732767318132,0.1336322040435865,0.1501313296419482,0.8901020484018171,0.3734110931831528,0.5511597280283599,TPD52L2
54.3516346746389,0.10598922969356,0.1193763479960168,0.8878578669293565,0.3746172109873049,0.5525651635928611,EIF1B
10.41012440083969,0.1119144149461878,0.1260746753558754,0.8876835465194185,0.3747109988334406,0.5525651635928611,COPS8
27.34738494442343,0.1116351879183172,0.1258381166392283,0.8871333336811594,0.3750071194787879,0.5528023043949443,ATP1B3
2.0083672937391155,0.220444567730917,0.2487647120024259,0.8861569068878519,0.3755329813801105,0.553477631828442,FBXO6
36.464623013711424,0.0777085484712365,0.0877528240714841,0.8855390045103796,0.3758659924803066,0.553599399835891,TERF2IP
3.313362037717572,0.1501750311803367,0.1695933388510258,0.8855007643446039,0.3758866075498132,0.553599399835891,ITPK1
16.62236439403998,0.1127651957591309,0.1273825621662124,0.8852482933416871,0.3760227308400331,0.5537000781571293,ADK
17.349392245640715,0.2235250046750601,0.2531589578141213,0.8829432962004076,0.3772669091848829,0.5552319731537605,CYTH4
48.96531240850758,0.1242592004243857,0.1407796548287116,0.8826502705634097,0.3774252585351237,0.5552649959471545,HNRNPAB
8.646877333977137,0.1712591851538077,0.194151218566403,0.8820917345684034,0.3777272015832582,0.5555319829308294,SREBF2
5.492341825832772,0.1344653891460985,0.1524554361119125,0.8819979961055102,0.3777778909251724,0.5555319829308294,TOLLIP
5.7610244148615335,0.267276822791275,0.3030751760879311,0.8818829250262648,0.3778401216705982,0.5555319829308294,SCHIP1
19.207442814462144,0.1605680594217106,0.182215644038412,0.881197990815004,0.378210666578098,0.5558200281672011,ICAM2
4.750283321932086,0.196873600219411,0.223544685289829,0.8806901401577115,0.3784855548811233,0.5560424481972653,PDXK
8.26535459299664,0.1858979753353734,0.211087718454981,0.8806669411940241,0.378498114903095,0.5560424481972653,ADCY7
12.894454548990874,0.1327917434371014,0.1509274251886809,0.8798383943215932,0.3789468620902868,0.5564078724454319,RABL6
15.327659411396768,0.1089759809382689,0.1238602007615893,0.8798304884716749,0.3789511455340629,0.5564078724454319,C5orf24
6.4987067667153156,0.1395386931944987,0.1586560901098998,0.8795041721867807,0.3791279719323113,0.5565674916742572,FARSB
19.723902461109617,0.1206870616007886,0.1372453462639178,0.8793526694064497,0.3792100865009211,0.5565880396621208,SLC50A1
10.614045342631137,0.1124174970270935,0.1280778173088976,0.877728082732433,0.3800913007051888,0.5574808863870218,CALCOCO1
8.02485477700084,0.1179230537731415,0.1344342262043758,0.8771802918243982,0.3803887189496093,0.5577168890251674,RNASEH1
6.707902116351332,0.1595276115635502,0.18200903948573,0.8764818055976699,0.3807681632286699,0.5579727098964541,FLYWCH2
4.439273840683897,0.1869986635161878,0.2133668754395218,0.8764184371682945,0.3808025988667125,0.5579727098964541,TMEM120B
6.726010907698707,0.1199177776994328,0.1369496944232477,0.8756337734410918,0.3812291588619455,0.5582862982116666,GATC
2.720402957255577,0.22828186572314,0.2611051523520641,0.8742909271102146,0.3819598390320685,0.5588982725100756,TTLL12
61.09734771935134,0.0842651382765834,0.0963896787526958,0.8742132909559743,0.3820021092806798,0.5588982725100756,FNBP1
5.1379161317687405,0.1965295578241275,0.2248947760163051,0.8738733789435771,0.3821872136024463,0.5590497175699228,RPP40
8.083500760826956,0.1711942037750933,0.1961182321740155,0.8729132517531202,0.3827103626777876,0.5597147616681944,EGLN2
10.084632966783216,0.1864204783730496,0.2136305693146803,0.872630162298777,0.382864694714052,0.5597742995410061,FAIM
3.713421297929957,0.1961519242916806,0.2249122817499748,0.8721263363898207,0.3831394600829646,0.5598412961977653,GNPNAT1
21.01961170667643,0.1041411524154656,0.1195137572253884,0.8713737634326738,0.3835501064863789,0.5602409581873796,SLU7
22.4900106434456,0.0919594749066243,0.105605681838135,0.8707815082106413,0.383873463875787,0.5606130604698938,PDS5A
9.722420495736989,0.1334390656541784,0.1533358835611098,0.870240302238179,0.3841690954384165,0.5608443235353405,DIMT1
9.990197234305857,0.1314229347684666,0.1511585129570977,0.8694378649105092,0.3846076798880317,0.5611678433799561,FAM216A
19.38840764769217,0.1067371171232579,0.1227724891805277,0.8693895337277802,0.3846341058124682,0.5611678433799561,BAZ1B
12.09109873910094,0.1361585004883132,0.1566696893932849,0.8690800435974388,0.3848033513067971,0.5611678433799561,SLC12A6
16.611118424525518,0.1465128894451108,0.168586653826042,0.8690657660024008,0.3848111601459628,0.5611678433799561,UBA7
18.46369186569514,0.097720752863838,0.1124644198601166,0.8689037207090314,0.3848997943018412,0.5611678433799561,HAT1
5.898522047207645,0.1690279479351766,0.1945466307477131,0.8688299935369788,0.3849401250941933,0.5611678433799561,CRYL1
2.716792583579235,0.2291361897207277,0.2639727412075838,0.8680297392545496,0.3853780524115818,0.56161663326971,CCDC71
7.333571952298505,0.1249350637310199,0.1441640017120913,0.8666176177637372,0.3861515572313603,0.562502090507959,NOL9
6.480931028904809,0.1294525685550672,0.1495886463720997,0.8653903333883753,0.3868245848530451,0.562802419342919,GSK3A
13.113147728139692,0.1231858034497988,0.1423506230984147,0.8653689093066617,0.3868363399073993,0.562802419342919,TMUB2
6.143279091859713,0.1313000246353144,0.1517305580053397,0.8653499094802886,0.3868467649935813,0.562802419342919,FUBP3
5.532015932348246,0.136299596576786,0.157521725506757,0.8652749081963255,0.3868879194038889,0.562802419342919,ZDHHC7
3.615642202566464,0.2150791386008329,0.2488080667636089,0.8644379637625592,0.3873473454540896,0.5632701832542031,TRIM69
19.5416188328305,0.094255387241715,0.1090689244725598,0.8641818712114314,0.3874879894346773,0.563374441578425,RCC2
10.287975406582898,0.1078213486646329,0.1250301865589313,0.8623625352571377,0.3884880501745359,0.5642119919854843,RSPRY1
2.667166903035063,0.2849806440861413,0.3306729890555632,0.8618201471492304,0.3887864963844659,0.5644588596228627,SCD5
2.884299874928468,0.1703178747858189,0.1977419614869158,0.861313772277355,0.389065252449377,0.5647632222000106,FXR2
9.83341027768241,0.1054185550352161,0.1226794402043026,0.859300913499921,0.3901745203295406,0.5657408599541653,XPOT
33.44785428158507,0.1053218290869567,0.1227386979046119,0.8580979828286023,0.3908383611183716,0.5660605023769014,CASP4
15.964782485105136,0.101441175775198,0.1182201620807817,0.858070010984096,0.390853805619491,0.5660605023769014,DIDO1
5.7846210795281605,0.3633215925670379,0.4234223202546802,0.858059613740974,0.3908595464949795,0.5660605023769014,MARCH1
10.912725832765783,0.1376069248375885,0.160500168041411,0.8573631200316516,0.3912442346460745,0.5664168393502967,ALDH9A1
6.001456606863148,0.1640011496039613,0.1917276687724778,0.8553859265799588,0.3923375321171868,0.5676978882467741,STRADB
9.054733870787691,0.1739725502192621,0.2036100004187968,0.8544401054045743,0.3928611823797806,0.5680638265164841,C1orf56
11.779359593161685,0.148569812582694,0.1738824236679804,0.8544268560828239,0.39286852082299,0.5680638265164841,CARD16
11.34495378235546,0.2453967495606177,0.287445442641649,0.8537159166810923,0.3932624128669605,0.5682593728477712,SERPING1
22.135203743326674,0.1096896468477026,0.1284875405640943,0.8536987039065111,0.3932719524748023,0.5682593728477712,MAPRE1
14.137379226705486,0.1384820522134659,0.1622989155904787,0.8532530960520476,0.3935189645948286,0.5683515858018663,ATIC
40.28833820778715,0.0939199869903094,0.1100810877931544,0.8531891251546113,0.3935544330518858,0.5683515858018663,ZNF706
8.013276184346498,0.1362826399862809,0.1598613502079987,0.8525052478848762,0.3939337275531686,0.5685978604198799,LPCAT3
17.5572815710298,0.1188822242521104,0.1395395861729821,0.8519605619636603,0.3942359814913775,0.5689336285351546,PSMC3
92.20262660047084,0.1350285481027019,0.1585827583417164,0.8514705477107447,0.3945080172245694,0.5692077789687736,TPI1
37.87372472566603,0.1665532373605378,0.1956302651632982,0.8513674365339687,0.394565274761857,0.5692077789687736,CAST
28.80023217924764,0.1134381190571791,0.1332751239773427,0.8511574828957881,0.39468187735286,0.5692754845278409,DHRS7
8.806428483005535,0.1182783538739862,0.1391484120556428,0.8500158365205699,0.3953162816779099,0.5699547012602805,METTL14
16.261672316978224,0.1408862274155227,0.1657614652449045,0.8499335307356879,0.3953620421910745,0.5699547012602805,AHSA1
4.4185947483198325,0.1546804997941739,0.1821423900839139,0.8492284510097394,0.3957541848088329,0.5704142832661203,GSKIP
9.536760965718637,0.1352188368485759,0.1592478524750322,0.8491093270458782,0.3958204609128506,0.5704142832661203,ASMTL
5.693467953299657,0.1585582256033862,0.1871386488745623,0.8472767467166371,0.3968408845625228,0.5713809458608589,MFSD8
6.490762236855207,0.1816912259297058,0.2145677116160574,0.8467780383230255,0.3971188515859758,0.5714738058860556,DDI2
19.019415478872805,0.0816584082925188,0.0964342624301476,0.8467779628808622,0.3971188936443481,0.5714738058860556,TRMT10C
25.43759573331657,0.1338139108801105,0.1580532384957978,0.8466382097173428,0.3971968094714432,0.5714738058860556,OCIAD2
20.00833275146755,0.0931258502890703,0.1100109585124096,0.8465143068321278,0.3972658960888202,0.5714738058860556,DDX42
6.598044388329056,0.5565990203155292,0.6578073406517372,0.8461429143737836,0.3974730230470116,0.5715484120190931,ELANE
10.48039041567726,0.139180345171432,0.1646009008308178,0.8455624754720276,0.3977968663600673,0.5717499023796146,GMFB
3.4742581810178272,0.153038775905342,0.1811856425466397,0.8446517823063586,0.3983052882718568,0.572279323099937,CTPS2
17.403467251835774,0.1389318062561627,0.1645635485546637,0.8442441079836898,0.3985330115287664,0.5724052095625858,CBL
16.120383865783882,0.0931076657020863,0.1103230012739636,0.8439551555606548,0.3986944652588462,0.5725364632038721,NCK1
9.61740658540282,0.2238867914300515,0.2653598539276003,0.843710109559888,0.3988314168948867,0.5726324912050818,UBASH3B
9.013706083336114,0.1549657792448245,0.1837219543508639,0.8434799193833842,0.398960091682392,0.5726389519852658,CNIH4
13.549497528162874,0.0940630789207186,0.1115216453263621,0.8434513196559119,0.3989760804861239,0.5726389519852658,ECHDC1
14.713711324265368,0.111139962007834,0.1319872540574563,0.8420507177113706,0.3997595650558008,0.5733606119134542,MGAT1
4.871716777480914,0.1821209335218369,0.2165799932909033,0.8408945385699494,0.4004070182752405,0.5740876901784506,IRF2BPL
13.599404422271672,0.0983693651908412,0.1170047680322956,0.8407295432925375,0.4004994659729729,0.574119497625467,NMD3
19.953711825894136,0.1028517821863637,0.1225132987202879,0.8395152465952805,0.4011802370878954,0.5747928664291063,POLR2K
7.524006947849098,0.1380865035683546,0.1647750899584925,0.838030211988591,0.4020137357770964,0.5757851419867932,ZNF100
20.907844765810054,0.0793383245679563,0.0947209939851353,0.8376002112098507,0.402255274185239,0.5760010530433256,PSMD12
8.831523185344484,0.1456061240160864,0.1739164239239461,0.8372189395968731,0.4024695134099501,0.576007826492419,GCNT1
5.309038360720526,0.162482884818857,0.1940883709714053,0.8371593001973071,0.4025030313982293,0.576007826492419,APOL2
33.54190222436176,0.2180660615833676,0.2604936805457325,0.8371261104166547,0.4025216851391154,0.576007826492419,NPDC1
6.2966984387189004,0.140863068588655,0.1684431665344393,0.8362646671086811,0.4030060257006985,0.5765999362634229,KLHL5
11.515179029368516,0.1230214493811442,0.1471699849020285,0.8359139906349786,0.4032032911014418,0.5767811784996291,EBP
3.8952810046771735,0.1891604708911872,0.2263878337469918,0.8355593485760836,0.4034028460742558,0.5769379467141776,PAQR7
4.950028640484133,0.2039301691053167,0.2440908566035354,0.835468283994555,0.4034540971147731,0.5769379467141776,AVEN
15.74654400360332,0.1718449631947947,0.2059030294364549,0.8345917185634651,0.4039476265180153,0.5774415773755603,BCAT1
6.424640724940478,0.2198963623402182,0.2642335292568515,0.8322046144509739,0.405293459697722,0.5787078933284889,UBE2E2
5.050000710457362,0.1622893091569139,0.1950261666698621,0.8321412040653764,0.405329246544969,0.5787078933284889,TMEM39B
3.030039526887763,0.1769645567296168,0.2128772574754595,0.8312985559296642,0.4058049901833667,0.5792859145332441,UBQLN4
2.7500074888722317,0.1627923170916415,0.1959119878151562,0.830946175918733,0.4060040363163648,0.5794688175966842,MCEE
18.58988964403236,0.1053981265062009,0.1268885906325605,0.8306351735863238,0.4061797581906449,0.5796183730659726,TM2D1
4.4866579727964595,0.1854352858142241,0.2236835950181742,0.8290070883345629,0.4071003962472163,0.580627917216967,ISOC1
41.33662751996899,0.0806962434389149,0.0973649962953565,0.8288013814956977,0.4072168063790055,0.5806925872465714,CHURC1
4.47517826341917,0.2301496620689341,0.2782013159516057,0.8272774026308689,0.4080798488192608,0.5814175056539601,ALDH3B1
9.22796707216266,0.1507389838503608,0.182557836648626,0.8257053579161996,0.4089712521802082,0.5822622320956167,C11orf21
8.136907452602715,0.1195982603315716,0.1448619548041694,0.8256015907920727,0.4090301324475388,0.5822622320956167,TDP2
16.042807106527242,0.1136161399479845,0.1377444961149329,0.8248325207359589,0.4094666807861676,0.5826003283586845,PICALM
4.022549018338159,0.2160661680991741,0.2619652787653729,0.8247893351267057,0.4094912025105595,0.5826003283586845,SH3PXD2A
2.453122557264995,0.4068595928085471,0.4935042895322937,0.8244296988667272,0.4096954456919595,0.5826003283586845,ALOX5
26.861115836645425,0.096299573902925,0.1171868596090794,0.82176085462285,0.4112130168668435,0.5842499671046737,CARD8
2.1774752066485674,0.3181520796095594,0.3872644505568942,0.8215370121167853,0.4113404507757218,0.5843294199041069,WT1
12.45951275808992,0.1392706194837974,0.1695927583455153,0.8212061696647337,0.4115288428489505,0.5844498080149076,ANAPC13
14.945692080595064,0.1695888426136877,0.2066962234552537,0.8204738324616796,0.4119460406924768,0.5846528474460121,PRAM1
5.805245946008663,0.120125546097627,0.1464468465763546,0.820267208928912,0.4120637953405657,0.5846528474460121,PDE6D
11.412329645287736,0.1342391596725309,0.1636547833372457,0.8202580880016342,0.4120689938124566,0.5846528474460121,SASH3
3.104975289736082,0.2146647755065453,0.2617730441747319,0.8200415599829975,0.412192415362909,0.5847264281129045,HK2
12.503149569283538,0.0931607201970689,0.1136960518040127,0.8193839514995453,0.4125673883109335,0.5850552117127105,EIF2B1
9.213484656151264,0.4728495564297533,0.5780786184989257,0.8179675589067512,0.4133757116206976,0.5859275345266307,DSC2
2.741578161776737,0.2028852340141181,0.2486995424301612,0.815784508614814,0.4146233949177016,0.5871221498186964,MYLPF
8.035152874536397,0.2000121242179641,0.2452662596434724,0.8154897640984483,0.4147920213168568,0.5871908534615449,HMGB3
5.7420161406811125,0.1501076526082047,0.18415910970533,0.8150976231824182,0.4150164320485889,0.5873508932855653,ALDH16A1
9.777624579493354,0.1233479836748135,0.1513704390174011,0.8148749813735682,0.4151438753475875,0.587383654625998,C12orf45
4.886147275251858,0.1620379594836477,0.1988831353744865,0.8147395664219529,0.4152214000774299,0.5873889982697391,MIS18A
18.14513116949419,0.1055282807609546,0.1295566539888998,0.8145338545868597,0.4153391859683319,0.5873889982697391,ZNRD1
29.3836056303482,0.104459587805172,0.1285475390741956,0.8126144503231573,0.4164391439749301,0.5885029826044886,KIF2A
5.483780663483327,0.1841170768035067,0.2267537420057901,0.8119692983889337,0.4168092484914668,0.5889241517246715,HIVEP3
2.433614401625532,0.1983757877211255,0.244551020157401,0.8111836441878032,0.4172602168606321,0.589384141656673,ASB13
8.07140198564588,0.1277744619503579,0.1575670744117905,0.8109210787047321,0.4174109945038574,0.5894685855670617,SLC7A6OS
2.446253891855718,0.1715063254451848,0.211673231182975,0.810240976087009,0.4178016911957749,0.5898164510643878,APEX2
9.034647807780752,0.1186332408081662,0.146694818247601,0.808707780038483,0.4186832520069257,0.5908567965714318,EPS15L1
11.779421712920255,0.0921115202633126,0.1139284334019235,0.8085033517344714,0.4188008773469373,0.590920733690524,SUDS3
7.9920072020580415,0.1369158787755816,0.1696782261963121,0.8069148401939,0.4197155482554138,0.5921090719604603,ARHGEF3
3.3955270616986497,0.1886684947846971,0.2339025886001074,0.806611401412299,0.4198904029236296,0.5921474980529748,PLA2G4A
23.80580836584796,0.0935023598396098,0.1159593713383725,0.8063372434709697,0.4200484215000517,0.5921474980529748,PRKCSH
6.171943770659645,0.1143936101661681,0.141885393152578,0.8062395122178202,0.4201047600807231,0.5921474980529748,BCKDHB
15.138661963199665,0.1256450355026361,0.1558858833240344,0.8060065018296896,0.4202391001656691,0.5921474980529748,SS18L2
4.791167161545336,0.1403551454041512,0.1741406041128664,0.8059874727044263,0.4202500723545712,0.5921474980529748,MSANTD4
153.33909165282017,0.1162421635596671,0.14435639942904,0.805244270565277,0.4206787341441637,0.5926492994296485,TXNIP
9.539268411033992,0.1136099266311282,0.1412013232928372,0.8045953393475839,0.4210532325042765,0.5927680845610688,NIP7
11.911190399032296,0.1069330803441313,0.1330187099129803,0.8038950341202832,0.4214575982416465,0.593132971965638,TSSC4
3.794071217597404,0.1827849357823843,0.2274635463475267,0.8035790293321071,0.421640138255636,0.5932876820538664,FOCAD
10.290668139842934,0.1498835479779875,0.1866805048442883,0.8028880578773162,0.4220394390847264,0.5935909611894143,EFHC1
4.939280161793471,0.1657652984254357,0.2064764858205638,0.8028289408678344,0.4220736121050663,0.5935909611894143,IDNK
6.768643582355399,0.1202167145850753,0.1500461394477427,0.8011983182475928,0.423016844668743,0.5946770489137657,FTSJ3
7.075054639134166,0.1233080055510224,0.1539201948045921,0.8011164857708692,0.4230642131117024,0.5946770489137657,KDM4A
14.631376399347834,0.0907394335462536,0.1134434213439671,0.7998650998996788,0.4237889602232215,0.5954909018029138,TMEM170A
34.12361086284072,0.073088652802826,0.0915444072963145,0.7983956088791949,0.4246409506822416,0.5961754652963224,PDCD4
12.74893061683029,0.1165651058159926,0.1462122538361742,0.7972321249257248,0.4253162319754788,0.5968158906872124,ATP6V0D1
20.45695801430303,0.1906243006289276,0.239712180149954,0.7952215882800822,0.4264846160443433,0.5979919152412887,POU2F2
4.619459663275883,0.1991920954719561,0.2505359176658528,0.7950640264587712,0.4265762590359656,0.5979919152412887,BATF
9.310252297920384,0.103529320967047,0.1302925934969066,0.7945909908494145,0.426851460638547,0.5982509922603033,ATE1
8.190812137926292,0.139067318743972,0.1750488269205058,0.7944487329076824,0.4269342433832556,0.5982643976478444,RGS14
2.2587277079111066,0.1956233770085434,0.246410947795647,0.7938907697022347,0.427259023654685,0.5986168522432153,MED20
4.62158441154749,0.2544139532279985,0.3207820693825583,0.7931052808459486,0.4277164863543452,0.5991479793837128,AMN
10.534135596269104,0.2078718649325208,0.2635120628305976,0.7888514199296985,0.430198852040335,0.6017485615183132,KRT8
5.471758958375369,0.1457339609739958,0.185054737598383,0.7875181303938104,0.4309786193094348,0.6024852520748318,SCML2
18.03890116664229,0.113167345473215,0.143774717148738,0.787115758023999,0.4312141055799383,0.6027113336800677,ITGA5
17.88624354274648,0.1053486291189536,0.1340795355552371,0.7857174376588802,0.4320330450219398,0.6032368439634775,TSC22D4
6.533198637548404,0.1301202138090007,0.1656761867959022,0.7853887533595691,0.432225672763509,0.6032996194312661,DTYMK
11.168399767966694,0.1147360798147295,0.1463504086655105,0.7839819571461757,0.4330506974189282,0.6041907354104383,DPM1
43.26048591492936,0.2473429015732714,0.3157434253218519,0.7833667520428759,0.4334117745546088,0.6045420979661502,DDIT4
5.77961342934399,0.1561992720191033,0.1996078425882587,0.7825307362361683,0.4339027292181385,0.6050203413722544,GMIP
3.072355499738455,0.1979667201034398,0.2531888250858733,0.7818935928009303,0.4342771107847495,0.605326281521854,VPS18
19.695335960375395,0.1139784758590158,0.1458567773811092,0.7814410677756951,0.4345431250144363,0.605326281521854,STAT6
8.10384860358024,0.1214231450128165,0.1553915749437551,0.7814010834034363,0.4345666341215513,0.605326281521854,STRN
6.323191071257502,0.2062980918378212,0.2641987609831419,0.7808442820478809,0.4348940859197429,0.6054976022157716,EIF4E3
2.438079798181588,0.2300356820204256,0.2946586771759737,0.7806852464862101,0.4349876400005935,0.6054998307401788,LRP8
10.635704620842036,0.3465816135297305,0.444600137223692,0.7795355523144037,0.4356643032658234,0.605947248034879,HOMER3
8.651132872497216,0.1090124510675801,0.1399053366986908,0.7791872250188452,0.4358694343275913,0.605947248034879,RNF20
12.100174767791463,0.1554712457455682,0.1999842939936474,0.77741727933148,0.4369126211279028,0.6070418342520141,SLC44A1
28.34100700210761,0.0829380661326078,0.1067294877430521,0.7770867066492311,0.4371076163129894,0.6071062948994452,AIMP1
7.465985964582259,0.1331418383338275,0.1716015246596851,0.7758779451282284,0.437821055927127,0.607890543412159,RNPEP
4.457653194634514,0.1308892996372119,0.168760869409936,0.7755903373504763,0.437990907437365,0.6079989487926862,SLC25A12
9.42231297369188,0.0955992453429495,0.123336707462397,0.7751078110472174,0.4382759564055993,0.6082120991491426,RIC8A
9.888173640762348,0.1044352370353693,0.1348466203539119,0.7744742638805008,0.4386503817800561,0.6085250033149131,ANAPC7
14.15221000524551,0.1037788845555198,0.134251372902492,0.7730191677882906,0.4395110368788045,0.6095936644705994,NUP50
5.422012730500464,0.1367400582746874,0.1769136751555365,0.7729196635278202,0.4395699266993969,0.6095936644705994,B9D2
14.818454515451796,0.1131668209028311,0.1465774697472389,0.7720614982505716,0.4400780044549421,0.6100911731254381,PIN4
4.3348579031274665,0.135812738623143,0.1760909994215096,0.7712645113566972,0.4405501630683495,0.6106421344243399,ACTR8
6.696200814350982,0.1784390502538516,0.2315650785689821,0.7705784108578166,0.4409568618456927,0.6111021910008744,GNG10
4.540504692792407,0.1369340486591352,0.1780276737358705,0.7691728245705014,0.4417907207107807,0.6119464280264094,PCBD2
4.475513409685246,0.2222668528753047,0.2890203010706765,0.7690354347148506,0.4418722751376904,0.6119556542627236,FAM49A
33.84776555836262,0.0797944163506848,0.1040591244405091,0.7668180640545705,0.4431896946703312,0.6133643284470318,RAD23A
4.4517720605906455,0.1570087117290226,0.2048227723035347,0.7665588643451493,0.4433438409298834,0.6134737551630953,GNS
7.774426412514969,0.1397870128543336,0.1824753896733204,0.7660595387936399,0.4436408765419976,0.6137808334278128,NSF
5.631344456631087,0.1327359749883049,0.173399672661246,0.7654914969050615,0.4439789278671185,0.6141445436942993,FAM78A
54.02104061154349,0.0860951396999294,0.112526909859184,0.7651071180010968,0.4442077616554727,0.6141586274545413,GTF2I
3.967763293836234,0.1524356933435887,0.1992457606103895,0.7650636725047593,0.4442336304658638,0.6141586274545413,FBXO4
36.94118356754094,0.1052535314861295,0.1375770811713254,0.7650513485967682,0.4442409686635455,0.6141586274545413,KRTCAP2
18.80560664095284,0.087794335736185,0.1148272911223092,0.7645772610160264,0.4445233138131121,0.6143775367332441,DCP2
6.797853847219012,0.1056026707702749,0.1383518416015206,0.7632906764944304,0.4452900611983195,0.6151251208878222,COPS7B
16.89628980478014,0.0885086800232963,0.1162117530392698,0.7616155656251723,0.4462894819373438,0.6160626023625252,MPHOSPH10
3.5935902462605127,0.1474902317979395,0.1940921745264582,0.7598978792307466,0.4473156294039224,0.6171928415838315,EXOC2
3.9453336056971815,0.1500301810816391,0.1975094979190162,0.7596099562926091,0.4474877660312709,0.6172435441712152,VSIG10
6.796531318406969,0.0988730516387091,0.1307196358096596,0.756374901339825,0.4494244517419018,0.6193704157839568,MBD1
7.0597170531092255,0.1239561693230238,0.1640803765743244,0.7554600489771227,0.4499729947668802,0.6194310785189775,MPPE1
9.418000507963995,0.1120223155524201,0.1483788593004025,0.7549749073459566,0.4502640382826768,0.6195869748750004,C2orf68
19.302708173331467,0.136587952822441,0.1810119819286605,0.7545796215648994,0.4505012547965491,0.6198090171649441,ADA
19.66256285076811,0.0973683134130455,0.1290823109658986,0.7543118238622845,0.450662004147631,0.6199257972879282,RAD23B
36.12194090239063,0.1023710467106866,0.1360566438247049,0.7524149047993668,0.4518015860323868,0.6209706912482141,ASAH1
2.398663252012494,0.3099093391774135,0.4124227407499755,0.7514361080425749,0.4523902389079424,0.6215706477411799,SGMS2
14.14169260673447,0.0868353376271376,0.1157475560728332,0.7502131411958035,0.4531263454296977,0.6222681291606824,KPNA3
29.04002757508192,0.0976424298478372,0.1303191685918988,0.7492560833748833,0.4537028720098814,0.6227458705178467,ATRAID
2.7247675387733437,0.1828897098853895,0.2444028844134564,0.7483124036130235,0.454271744652661,0.6230519417601512,PNPO
14.82921004931262,0.1123522962643627,0.1501559396531533,0.748237442514005,0.4543169502207126,0.6230519417601512,ZNF593
13.20095782173582,0.128662673502707,0.1719780392594404,0.7481343202698731,0.4543791426148382,0.6230519417601512,CTNNA1
10.925125484745648,0.109172070388759,0.1460018039105562,0.7477446679743773,0.4546141828452138,0.623159283346459,SOS1
20.55552746411485,0.0878457903537467,0.1176439582808511,0.7467088972306825,0.4552392979520739,0.6236405515666945,DNAJC3
26.58697781262124,0.0624743880502614,0.0836721285889203,0.7466570900472369,0.4552705776643413,0.6236405515666945,RBBP7
3.9205773943944062,0.1425168111581072,0.1911494383048456,0.7455779751276119,0.4559223917684606,0.6244287400503002,SCYL3
22.908356517290443,0.0763201496254532,0.1024475809959441,0.7449678058135384,0.4562911824714432,0.6246117128391844,RCN2
13.898354908345162,0.1134678063000325,0.1523303612470365,0.7448797821467776,0.4563443984466214,0.6246117128391844,WDR11
3.967061913853029,0.147338208047265,0.1978472510294641,0.7447068750291752,0.4564489420930622,0.6246117128391844,EID2
11.82857675165859,0.1034424823931899,0.1389474794485971,0.7444718162840653,0.4565910856429382,0.6246117128391844,MLX
6.0448214292065625,0.1318144244488146,0.1772041444526725,0.7438563294100576,0.456963397629491,0.6250163913676885,NELFB
12.685125635734352,0.0873115805629231,0.1174583835857686,0.743340559417522,0.457275521532604,0.6253386253460933,DTWD1
17.19975620996847,0.0959369745541573,0.1291697676996958,0.7427200362951741,0.4576511965658509,0.625747645103676,EXOC1
45.41503944453843,0.0846859441036705,0.1143784552509549,0.7404011876000879,0.4590565984301575,0.6272242321738866,CCDC88A
11.074400929913862,0.0922490148148448,0.1246413829073658,0.7401154629630898,0.4592299368713805,0.6272764650912821,C22orf39
18.28255010462902,0.0913895149915534,0.1235388191723948,0.7397635464203529,0.4594434818456302,0.6274632609327503,TATDN1
10.47324568830623,0.0953319247635881,0.1289247133433587,0.7394387180811131,0.4596406388886366,0.6276276170386113,EXOSC10
3.134176532645868,0.1589753357238517,0.2152565579162519,0.7385388731603844,0.4601870539377567,0.6282687414745882,YIPF1
9.603844561890352,0.10425448903878,0.1412205395431661,0.7382388523371501,0.4603693170787239,0.6283300570177561,RNF4
17.870395639195404,0.0985207990059509,0.1334587182531872,0.7382117878507206,0.4603857607839072,0.6283300570177561,POLE3
5.364686741410301,0.1131462059429215,0.15334606494394,0.73784877351946,0.4606063509683022,0.6285261345627919,GOLGA5
17.287796199944847,0.1089543752448677,0.1480130584529845,0.7361132617868067,0.4616617726617703,0.629755984043293,PFKL
4.304895422223892,0.1459528755242674,0.1984886895212169,0.7353208682889013,0.4621441018985271,0.6302132023827148,CETN3
20.07617006306116,0.0861976102565482,0.1173703479581964,0.7344070436533852,0.4627006951935134,0.6307519820530861,EMC4
17.047137491138606,0.1039700537800084,0.1417344880351941,0.7335550804980621,0.4632199464147253,0.6310366374776306,NOSIP
6.296265555370492,0.1313698031894995,0.1791565800987619,0.7332680893834911,0.463394933754105,0.6310366374776306,CMTR2
23.07808716466352,0.1293510552336161,0.1764110033745842,0.7332368886251228,0.4634139600390677,0.6310366374776306,NDUFB8
10.952073736834665,0.1043197137992364,0.1422843699319776,0.7331776065713249,0.4634501115534526,0.6310366374776306,CBFB
21.069266920528484,0.087346506020238,0.1192997819554127,0.732159812772189,0.4640710298650835,0.6316715617237377,NUB1
1.717347177190148,0.1990830181320864,0.2723775770075346,0.7309082499349031,0.464835196532688,0.6325009809939374,TMEM237
9.649878565080558,0.1813915163698686,0.2482318881701885,0.7307341442188365,0.4649415556762453,0.6325290356555072,DEPTOR
9.039689101070532,0.1040169423503719,0.1424563719940224,0.7301670040757219,0.4652881087783247,0.6328011213095358,GMEB1
39.85429191326058,0.1173553422656216,0.1608464941030006,0.7296108188125712,0.465628107268066,0.6331581402042549,GATA2
5.75537786421196,0.1117711061190599,0.1532438208508501,0.7293677846093711,0.4657767184700468,0.6332548363758325,PSMD5
6.705919647543897,0.1176104936907492,0.1616126335757066,0.7277308158935183,0.4667783825942333,0.6344055495970526,KDM1B
3.3917487642425814,0.1629107620100941,0.2242666102971963,0.7264155898829795,0.4675840368546494,0.6348669267429944,COPG2
35.37538559589843,0.0996095333068033,0.1372257253144496,0.7258809022765251,0.4679117850666537,0.6351008630863169,IKZF1
15.249561477161215,0.100698582842853,0.1387695013832666,0.725653561042453,0.468051177292991,0.6351845490219282,CABIN1
4.9833843474819925,0.1278576136661884,0.1763961314323023,0.7248323000510806,0.4685549176311783,0.6353405628882107,ZER1
5.987803355371492,0.1344803439299288,0.1857326394930201,0.7240533720783239,0.4690329691489343,0.6358832571620944,MMAB
12.48856846568486,0.10157381964151,0.1404459314777054,0.7232236532080248,0.4695424892060365,0.6363628593966701,HERPUD2
4.67871174946412,0.1310823195953045,0.1819120504341034,0.7205807382331076,0.4711675083280174,0.6379303580030208,TARS2
5.2507602221007375,0.1342395198429077,0.1867328568847133,0.7188853749813594,0.4722115483029928,0.6390262605471604,BCL2L1
10.04098362409482,0.0917607780385997,0.1277089453797942,0.7185148837124283,0.4724398741096371,0.6392293776038823,MSRA
7.442774884127259,0.1095435501054442,0.1526709946121185,0.7175138302056302,0.4730571058527222,0.6397822544037143,GBE1
108.53526474734896,0.1186852074483083,0.1657029678743171,0.7162527561867752,0.473835292825252,0.6405870578549197,TOMM7
4.934057400102192,0.1837524795320107,0.2569896979408101,0.71501885485827,0.4745973926524357,0.6415112151138217,SLC35F2
10.108319341384702,0.0963757112767923,0.1349859744371471,0.7139683339595201,0.4752467605930877,0.6421764975700545,DMAP1
4.864154882877864,0.1369865834949464,0.192149380333313,0.7129171234240874,0.475897042538593,0.6428425747367901,RASA3
13.741395773637263,0.0942113504816939,0.1323140837604937,0.7120281364168995,0.4764473530181675,0.6434795572746194,MAP7D3
9.816388094181812,0.1364434854766231,0.1919074081208543,0.7109860260876292,0.4770928952031745,0.6442449259139215,PAK1
2.47848180800907,0.1473010972757926,0.2074601488394001,0.7100211684019467,0.477691009317146,0.6447329430344235,TRAPPC13
3.285839450341335,0.1434514758110456,0.2023322184111122,0.7089897839185018,0.4783308165628029,0.6454898599726941,ZC3HC1
4.536978838495534,0.1131215095176746,0.1597780357550451,0.707991614636574,0.4789504648103019,0.6461126379337918,NUDT9
2.8360123440009417,0.1511513237660286,0.213900056327371,0.7066446188059607,0.4797873536314936,0.6470135845026338,ZNF747
14.916925508456924,0.0908915116822912,0.1291248437914846,0.7039041365971843,0.4814924752005297,0.6487920539022969,GATAD2A
4.5167879061223895,0.1847842452862543,0.2627698034171137,0.7032171995536823,0.4819204021400191,0.6492616003109803,RHNO1
3.774634285346328,0.124188610133497,0.1766531105605314,0.7030083406934572,0.4820505516122818,0.6492743430304574,JMJD4
3.13940135532958,0.1555264875932064,0.2214448503186891,0.7023260526012807,0.4824758495843917,0.6495815071600041,SLC30A6
14.369017685076594,0.0811151209067307,0.1155883296158888,0.7017587430866432,0.4828296319410475,0.6498436703327787,CMC2
9.690078986572852,0.1054461485021604,0.1505007315973371,0.7006354546121429,0.4835305463177815,0.650465606513433,NDUFAF2
22.262892252064866,0.087230005582559,0.1245628636996098,0.700289018667064,0.4837468282744038,0.650649437667515,OTUB1
17.621618280512642,0.1946606320134846,0.2786022811399287,0.6987043724732312,0.484736800829086,0.6516671722375011,CALCRL
10.343766364007728,0.1171094616831653,0.1680318464242261,0.6969480141728717,0.4858353280594921,0.6527064231460228,CCDC69
6.377334345228598,0.1447655131576018,0.2078386679166203,0.6965282957629335,0.4860980432840519,0.6528446929115694,TMEM156
2.7391477278627128,0.1815532134459123,0.2608278951571799,0.696065171006747,0.4863880170747193,0.6531267851302436,BACE1
10.685240209327429,0.0898121720836905,0.129077606057276,0.695799796936409,0.4865542164380273,0.6532426063942034,VRK3
12.801474253832454,0.0961098464138009,0.1382762224454391,0.695056928183903,0.4870196259623739,0.6535481798732309,C11orf54
17.204902871351656,0.1300838289611816,0.187269399751851,0.6946347301457393,0.4872842414465267,0.6537930273989441,PLSCR1
9.554463503353912,0.1045737480551066,0.150618423278501,0.6942958622116535,0.4874966853728862,0.6538734206709322,PIGF
6.366156638710581,0.1085280865954562,0.1565223657601893,0.6933711106931139,0.4880766871968119,0.6543190502190567,IFT52
6.55077948758892,0.2399715398698078,0.3462916752230167,0.6929751912611322,0.4883251206141377,0.6544375807802914,AGTRAP
8.318206067186335,0.1324290874125104,0.1912345678396279,0.6924955509276305,0.4886261789380155,0.654518771820086,DHTKD1
21.34535088292726,0.1555965732094794,0.2247537063848136,0.6922981414289724,0.488750117031505,0.6545774801285736,CD84
10.336564041659775,0.0912557071075078,0.1319996631791349,0.6913328785064092,0.4893563745234613,0.6548527573257784,MMGT1
8.258837697033776,0.1212947732516235,0.1756446071531057,0.6905692990954939,0.4898362463592185,0.6553114288063072,ERI3
19.59039066057702,0.0898955410911807,0.1303954856778301,0.6894068504279884,0.49056727367424,0.6559360486323376,RCN1
4.974856148216863,0.1081282408673968,0.1569839435579172,0.6887853522898938,0.4909583547273938,0.6561368525478467,FAM222B
26.15226849387137,0.0677734387736561,0.0984438329408939,0.6884477853919763,0.4911708406972842,0.6563134814942779,PRPF6
5.958684779954089,0.1932497482809144,0.2809327328163643,0.6878861937645229,0.4915244514296035,0.6566785959174772,CHST13
1.811737525532397,0.1917440326469458,0.2798415613378656,0.6851878317511403,0.4932254013627951,0.6584128009370036,ACRBP
4.432936800976146,0.1997909399160528,0.2919367826581304,0.6843637108586483,0.4937455252028537,0.6586425365553441,CCDC167
12.235233122148545,0.0773307988195714,0.1130083197656511,0.6842929704638976,0.4937901849583848,0.6586425365553441,GLYR1
3.0700746060163793,0.1430971291923727,0.2091217709033836,0.6842765751944835,0.4938005359121329,0.6586425365553441,HCFC2
47.28579252346504,0.0505558227960692,0.0739558709144306,0.6835944485673634,0.4942312911588272,0.6588944167170464,PPIG
3.0135633846270493,0.1777059858754313,0.2602676527994352,0.6827816824873479,0.4947448060405597,0.659390606479181,PAM16
13.030554398103396,0.0900826402058484,0.1319409009871556,0.6827499246395011,0.4947648767989058,0.659390606479181,GARS
22.03178017654489,0.0993631112903924,0.1459120438642529,0.6809795042199078,0.4958844593310432,0.660559490902177,PET100
9.857324782709686,0.5324321931673803,0.7820218212256941,0.6808405836206437,0.4959723674305117,0.6605689020822676,FOXC1
225.82098268281104,0.1413662424258901,0.2077991503216305,0.6803023121465328,0.4963130608209904,0.6606744304914812,SRGN
2.7230840619833696,0.2019273179335785,0.2968914153583299,0.6801386213537514,0.4964166919692379,0.6606744304914812,THBS3
12.814976115385637,0.1673358198367486,0.246114547742196,0.6799103156308834,0.496561249509074,0.6607070460411405,STXBP5
3.4901942180766112,0.1698217039690772,0.2498383903436034,0.6797262171579037,0.4966778324550884,0.6607545700082267,TMEM25
2.38006377765285,0.1822593666600447,0.2681911401017169,0.6795875754542791,0.4967656388938201,0.6607638019536715,CLHC1
8.624994366326506,0.2836147419198348,0.4178610513464752,0.6787297859083588,0.4973090896834439,0.6610844531673598,CEBPD
12.691097766611373,0.0904074007385314,0.1332298048715783,0.6785823999793147,0.497402497601256,0.6610844531673598,GNPAT
19.371328633202474,0.1668138136855467,0.2458733659662518,0.6784541832336703,0.4974837643768031,0.6610844531673598,PLD3
17.477987220175873,0.0731260343251904,0.1079842765857055,0.6771915008121704,0.4982844595780391,0.6620296454003508,EXOC6
7.097675180729932,0.1071923768810144,0.1584817210214709,0.6763706009129727,0.498805378033094,0.6626140048623657,PCYT1A
8.729622368537497,0.0894063309759043,0.1322997668127072,0.6757860057491575,0.4991765209775798,0.6629992446209044,UBA5
78.01351546140604,0.2354518987681907,0.3484938746107828,0.6756270796184192,0.4992774440420433,0.66302551523932,HOPX
14.09049058248493,0.102005447424106,0.1510563132161403,0.6752809283657719,0.4994972984213177,0.6631673929872012,ARRDC1
3.72170743612637,0.1226618702094063,0.1819029195623768,0.6743260113939187,0.5001040704569409,0.6637031745417028,PYGO2
5.879623231161721,0.1190676538665854,0.1765847566714167,0.6742804764747771,0.5001330139582847,0.6637031745417028,NTMT1
11.833997676218228,0.0954463194066004,0.1416371017986834,0.6738793592533647,0.5003880157274854,0.6637448709205798,MTMR14
9.513319802834388,0.1113958734777862,0.1653169911812168,0.673831967796199,0.5004181483956276,0.6637448709205798,ZNF32
74.38002431327725,0.0520585181692444,0.0772665875744905,0.6737520033359343,0.5004689939715692,0.6637448709205798,C11orf58
34.94527320677631,0.0611829793032514,0.0910219803427653,0.672178072514486,0.5014703386928787,0.6648570724419133,EIF3J
16.26975404819764,0.2018222839723891,0.3005439041164244,0.6715234653177574,0.5018871160926642,0.6650858945172169,BIN1
3.332936329485323,0.1396507771976609,0.2080999092149699,0.671075627685161,0.5021723523590454,0.6653559739136955,NDUFAF5
10.295189129104314,0.1245347126586451,0.1856283063969093,0.6708821250158138,0.5022956243999366,0.6654114051510833,C15orf39
3.9192251572724586,0.1245276254333962,0.1862430815395009,0.6686295372909451,0.5037318258543693,0.6667734892363602,MOV10
4.829957787288248,0.1293693432264518,0.1935222292838971,0.6684986200560297,0.5038153624671616,0.666776049031289,PPP1R9B
6.2351580032404526,0.1195722873459333,0.1789721810452437,0.6681054376585247,0.504066291073781,0.6668411084722377,GALNT11
4.843134099204598,0.1181251070700148,0.1768239408668083,0.6680379732006533,0.504109353449151,0.6668411084722377,PLOD3
1.754684847968952,0.3533446431364723,0.5294632914644968,0.6673638169685384,0.5045397720720175,0.6671944453148495,FAM47E
6.0345919861404855,0.1111574592913059,0.1669837938632042,0.6656781279168201,0.5056168566123105,0.6680781590199206,GTPBP10
16.52172074997394,0.0874710644270003,0.1315033163143327,0.6651624223522853,0.5059466124718741,0.6684057834288898,CERS6
22.72868421391155,0.0815572806515424,0.1228029592084927,0.6641312324817512,0.5066063219468062,0.6690609756953861,PHYKPL
3.812505611263082,0.2305481706956469,0.3474029166660705,0.6636333767953182,0.5069249896997264,0.669373641053081,GNPDA1
5.954115235150011,0.0886266826769651,0.1338682544525865,0.6620440599556406,0.5079429849662955,0.6702698339720169,UCKL1
91.451208044808,0.1154117074341905,0.1743457054259082,0.6619704635239043,0.5079901512063052,0.6702698339720169,PPDPF
3.4363962237332863,0.1329251236507084,0.2010233155438408,0.6612423205293271,0.5084569249148005,0.6707461306875743,ZSCAN2
25.200163143451032,0.0873915776051782,0.1323798102013135,0.6601579007575213,0.5091525053475465,0.671446920786766,RPAP2
2.2893143689897126,0.1572780215808598,0.2387581474680692,0.6587336317052539,0.5100668323293418,0.6724356384257908,NFS1
19.724561003453783,0.0918438320757978,0.1394728991507377,0.6585066535150748,0.5102126230734934,0.6724820000483402,TMEM147
6.98788913180996,0.1370927482586664,0.208304768096571,0.6581354306547109,0.5104511108198201,0.6726166790047976,FAM102B
7.487575522007039,0.1173129687762416,0.1783265075528843,0.6578549111183117,0.5106313659422186,0.6727080728909695,TMEM181
5.116409640257354,0.1138297493694866,0.1733090316846839,0.6568021773763464,0.5113081240014264,0.6730371758537049,TMLHE
2.6371331633799726,0.1411617508081099,0.2150385828964095,0.656448479648472,0.5115356064089153,0.673177233043525,TATDN2
7.13450844235624,0.108516186969271,0.1653846986864463,0.6561440558355851,0.5117314403579771,0.6733265055016153,NAB1
3.866721364146024,0.1313813881239612,0.2003605339218431,0.6557248852970746,0.5120011541800426,0.6734644930465434,ACAD8
6.23316974299056,0.1095495930846651,0.1676253359589798,0.6535383953621032,0.5134092449597227,0.6749906581763305,THAP4
26.888951837556323,0.0592170408469488,0.0907393276269401,0.6526061234485888,0.5140102368636348,0.6756528803929108,CGGBP1
8.172946653318572,0.0827304646143359,0.1268687646080748,0.6520948231025053,0.5143400035027332,0.6757794128671544,TBC1D23
12.363402841202433,0.0866205734113119,0.1329681320140943,0.6514385973485005,0.5147634019035543,0.6761182698848966,VPS37A
19.192521635294053,0.0878607314816844,0.1351297936929607,0.650195113013492,0.5155661973833734,0.6767375741075573,BIRC2
9.172147201947956,0.1038383590653481,0.1597918015991321,0.6498353358944298,0.5157985912130625,0.6769338722778563,EDEM1
12.527605133117945,0.1449002765594917,0.2240156098322899,0.646831159078476,0.5177412237321324,0.679047117032946,ENG
8.594216285387088,0.0990287472549141,0.1532164028286954,0.6463325429042598,0.5180640167176811,0.6792524198652394,NPTN
7.792251925435592,0.0981020572680142,0.1519147422834221,0.6457704880609191,0.5184280032218554,0.6796206023304638,HAUS6
3.0488673290301604,0.2624233040288671,0.4072119000930093,0.6444391825703726,0.5192906831949489,0.680533147134872,CSGALNACT1
6.002310624677648,0.1212189950775682,0.1887665884984823,0.6421634042432397,0.5207670915622453,0.6817872898683622,VARS
3.1023181450842605,0.2276778485048005,0.354603149788502,0.642063807500288,0.5208317541743137,0.6817872898683622,LDLRAD2
8.321483383650698,0.093038381511584,0.1454613174326312,0.6396090943880924,0.5224267684983868,0.683639759936556,PHF10
48.26810862344848,0.1227761740387914,0.1920585093623463,0.6392644327315711,0.522650922245449,0.6837304972250342,CLEC2B
19.545108133268982,0.0752589181746259,0.1180384179414252,0.6375798616004164,0.5237472083164444,0.6849453327710735,RNF114
15.55017085300406,0.073370271887559,0.1151187116529936,0.6373444493430537,0.5239005038898339,0.6849840843795394,CCNC
4.904338920642508,0.1029202253102891,0.1622515835117285,0.6343249358971554,0.5258687862236684,0.6865576162668968,SIN3B
12.553738295632195,0.1033185486025614,0.1631338802661301,0.6333359350860264,0.5265142914225347,0.6869149409569745,SLC25A39
11.481245402748574,0.096738440892228,0.1529018852016279,0.6326831141726046,0.5269405989354712,0.6873613719511071,BICD2
9.882488632119228,0.0805306053790358,0.1274333575951472,0.6319428986159156,0.5274241902706402,0.6878823717001439,POLR2D
4.258127957121627,0.1610857704260289,0.2550457379078628,0.631595617897455,0.5276511507463052,0.6879587606108282,PGAM5
4.006103168812037,0.1211703185878722,0.1921668317572369,0.6305475168625657,0.5283364243814122,0.6886324650854233,GALNS
50.01200862922496,0.11761570291266,0.1871189587512319,0.6285611233494834,0.5296364187292855,0.6901067098448399,ANGPT1
4.010076680448548,0.2133815861392362,0.3403292492246718,0.6269857399132047,0.5306685826973497,0.6912311476518483,MN1
4.171789321521995,0.1171668100149879,0.1870539366617513,0.6263798137906078,0.5310658467006506,0.6915281328113172,POC5
11.927527167306518,0.0885898974209714,0.141515537117667,0.6260082760192675,0.5313095130050699,0.6916396929549926,CDIPT
7.406201955643774,0.0889945202104564,0.1422965111549826,0.6254160378783133,0.5316980388163522,0.6920204962039526,GTPBP8
2.63939077272615,0.1347202085925803,0.2155277762340458,0.6250712133098105,0.5319243202801169,0.6922047493245478,ZNF468
19.475805981287284,0.078111792869207,0.1250236732474471,0.6247760191352563,0.5321180719410439,0.6923466187627818,UBA6
13.483160858999948,0.0738161848745828,0.1182101974183068,0.6244485373234911,0.5323330575116705,0.6924058282279305,LGALS8
9.000897870656026,0.1093223677424003,0.1752633626047739,0.6237605288272755,0.5327848651851907,0.6927729365735509,ZDHHC20
14.087221459149026,0.0767611075034841,0.1233569819940375,0.6222680407923276,0.533765632284116,0.6935899474764421,XPC
4.215470452250318,0.1257678093753494,0.202149504670465,0.6221524489034512,0.5338416298750057,0.6935899474764421,GAA
22.73747277889137,0.0779428504308927,0.1253615371047738,0.6217445336981643,0.5341098634106756,0.6935899474764421,AKIRIN2
2.4567930060499563,0.151572780825219,0.2438263957574206,0.6216422153736653,0.5341771557299291,0.6935899474764421,ZDHHC18
18.12223159656044,0.0757085936447021,0.121834269522369,0.6214063903489967,0.5343322685192838,0.6936811194901602,UBXN7
10.53430281312406,0.0730187440739588,0.1178151735951408,0.6197736831834568,0.5354067971228553,0.6947066544999072,RIOK1
4.740248320845358,0.1888088142418018,0.3047464826178134,0.6195602739034382,0.5355473279518927,0.6947066544999072,SPON2
23.43602629540031,0.0666429193222665,0.1076228301428255,0.6192266012130067,0.5357670899365958,0.6947935517603967,EAPP
12.028745328873995,0.0991196988022238,0.1600769419811657,0.619200351877574,0.53578438008105,0.6947935517603967,ZNF445
63.05486798260308,0.0496244868287231,0.0802021596893312,0.618742525400153,0.5360859904644039,0.6948538432875386,HNRNPD
4.362363016018239,0.1426576505965031,0.2319414320749194,0.6150589367337498,0.5385157990897285,0.6972290594774475,JOSD2
15.900434881724385,0.0727274674416318,0.1182996334742049,0.6147733962125074,0.5387043808490242,0.6973627211529431,DCAF13
4.005995522934828,0.1869768682837373,0.3042491762857514,0.6145517649918902,0.5388507773109843,0.6974417394912169,CHRFAM7A
5.452837456542866,0.1015504628426394,0.1653502335209051,0.6141537310245192,0.5391137450450654,0.6976480151782772,RRM1
4.822168752154012,0.1145509016499776,0.1866904835137894,0.6135872568004606,0.5394881064770629,0.6978407137987801,REEP4
3.9797472915161807,0.1186761262403322,0.1934921219427239,0.6133382850360275,0.5396526836924093,0.6978407137987801,OGFOD2
5.617938362137325,0.1099292783293056,0.1794447110863109,0.6126080711090497,0.5401355202068003,0.6979461185332527,COG4
30.90142486239447,0.0954764956844642,0.1563099839312363,0.6108150822052808,0.5413220074473548,0.6992004620379918,CAMLG
6.37715020446194,0.0995434086867333,0.1630074566190352,0.6106678231252717,0.5414195120487139,0.6992158737079248,UBFD1
126.74701003545808,0.0963803479308874,0.1579807923407164,0.6100763675309617,0.5418112206496561,0.6994182618212345,LAPTM5
6.403076326304946,0.1062536622586479,0.1741739224450085,0.6100434598192802,0.541833018887335,0.6994182618212345,SETD1B
17.18731873772046,0.1002831894159443,0.1649321051349308,0.6080270989926597,0.5431695009971484,0.7007006619273287,SUN2
8.110595407759149,0.260119845050604,0.428006158449207,0.6077479024906912,0.5433546870258837,0.7007506527364933,MTSS1
13.048948557544684,0.0707854321358824,0.1164789495704871,0.6077100832116161,0.5433797742918152,0.7007506527364933,SEC61A1
6.83592564448353,0.101626467980287,0.1673019190402234,0.6074435282230898,0.5435566088182354,0.7008680843701754,PIGX
8.864858317166107,0.0844033188934269,0.1390949814163414,0.6068034808588059,0.5439813378282256,0.7013050664869723,SLC4A1AP
11.591948566012562,0.0922555180429336,0.15239620226765,0.6053662536872627,0.5449356683980562,0.7024245695662592,SMAD4
11.162561258077712,0.1027776481012886,0.1698295470234694,0.6051811943364919,0.5450586097089833,0.7024722239640541,UBL7
14.808246119977152,0.0693126579980487,0.1150200095894658,0.6026139125308917,0.5467655628994994,0.7041168501894105,KPNA6
85.14136426731937,0.0422646147174198,0.0703718458379555,0.6005898269990252,0.5481132153361605,0.7051416633142984,SF3B1
2.2694656386065764,0.1461611391999719,0.2436435057372907,0.5998975378295964,0.5485745234311734,0.7054457713182433,NAGA
5.432852641774079,0.0940251174363874,0.1569860906990676,0.5989391609007427,0.5492134557928886,0.7058192795223651,POLR2M
4.74188924284341,0.124209333267265,0.2074524215553291,0.5987364829777967,0.5493486244634818,0.7058192795223651,SPATA33
4.8030723741654615,0.1051062239843535,0.1755619440823619,0.5986845528154142,0.5493832600369897,0.7058192795223651,ZNF414
2.7350340969151827,0.129532402056903,0.2170074617212755,0.5969029867888805,0.5505721530517231,0.7066800286813745,FOXJ2
13.861392162289343,0.1090365446366099,0.1829038313389082,0.5961413921098939,0.5510807743698208,0.7071301952019726,GAB3
14.88945351419743,0.0895975704981119,0.1503015699823054,0.5961186600290337,0.5510959592517638,0.7071301952019726,PTK2B
51.39851406567263,0.0557349110028342,0.0935231809578003,0.5959475547349387,0.5512102630768962,0.7071658124668424,ENY2
4.729935243777139,0.1697748298297662,0.2854068341307875,0.5948520130809727,0.5519423961891996,0.7079939276706358,GGH
4.428486970871549,0.1036666327028602,0.174375130064752,0.5945035433915656,0.5521753730330703,0.7081604781145976,PUS10
50.72174767179286,0.1657123398961172,0.2790574102376566,0.5938288460248731,0.5526265935388291,0.7083155914989447,CLEC11A
7.893701227068672,0.0815897087220825,0.1377695438488565,0.5922187621641002,0.5537041072051669,0.7093628504191626,ZNF512
10.48265301254763,0.079657475060627,0.1345852506027055,0.591873735820987,0.5539351423947152,0.7095475855944846,ABCB7
27.2203642502802,0.0775018318001425,0.1311769735445712,0.5908188739680672,0.5546417874407419,0.7101187786239896,MFSD1
4.225868985088115,0.1072594147637932,0.1820277972408013,0.5892474467616703,0.5556952930411034,0.7111333186278553,ZNF253
19.17767933782545,0.066578901913275,0.1130969105182403,0.5886889536433196,0.5560699493758895,0.7113301272751477,RAB6A
4.315332140718498,0.1068911864703303,0.1816086703733839,0.5885797536569379,0.5561432188729888,0.7113301272751477,UTP20
12.830598061107436,0.0672202825286404,0.1142337592031079,0.5884449833181322,0.5562336517042074,0.7113301272751477,GART
10.73935382543527,0.0701685462898663,0.1192593365085683,0.5883694169707631,0.5562843609458076,0.7113301272751477,AP3D1
3.5532540245686315,0.1133333221033265,0.1931405543479455,0.5867919478948732,0.557343445346882,0.7125728824799519,RFC4
28.352919356996136,0.1095623022833657,0.1868073550342807,0.5864988681160875,0.5575403219361739,0.7127130742397492,PSMB9
64.11630297802773,0.0801643737875099,0.1368895319800903,0.5856136157961979,0.558135196388116,0.7133619098525412,EBPL
15.997266739875526,0.0651471972386293,0.1115357398361936,0.5840925727870494,0.559158031509943,0.7145574406424374,OXR1
8.407311229449805,0.0933076173692836,0.1600569606813371,0.5829650705104474,0.5599168144538649,0.7152621145713783,TFPT
10.335784871504565,0.1285384544239383,0.2205218790287199,0.5828830000455326,0.5599720654648277,0.7152621145713783,EHBP1L1
3.809017066879574,0.141290193800982,0.2431179147894059,0.5811591215866208,0.5611332155633033,0.7162000431244389,IFT46
6.476930580306644,0.1061928115285844,0.1827311995031784,0.5811422013170623,0.5611446182942917,0.7162000431244389,RCBTB1
5.110929960283233,0.0967225305027489,0.166504672740529,0.5808997964488093,0.5613079895548055,0.716296670725022,COQ2
11.268484927193676,0.0947235448629336,0.1631007875073218,0.5807669374906075,0.561397540980377,0.7162990798486353,PPP1R11
5.492897052574653,0.0938062985649961,0.1615740562133156,0.5805777286493934,0.5615250860580073,0.7163499575612768,PPME1
5.025989975961623,0.0967679317742588,0.1672362497580353,0.5786301230401116,0.5628387746668362,0.7176897047132832,MTM1
9.539485927872612,0.1019849473409357,0.176690897806319,0.5771941203939509,0.563808328473224,0.7184984093096973,NTPCR
13.602263740654427,0.0788615170695824,0.136656856363644,0.5770769148950118,0.5638874982594847,0.7184984093096973,TP53I13
4.010910140184776,0.1000876078198876,0.1734546287932132,0.5770247154326952,0.5639227595938562,0.7184984093096973,CEP85
4.411256894648705,0.2591487718974791,0.4494045421715557,0.5766492048461577,0.5641764525922186,0.7184984093096973,CDKN2C
8.42855703189191,0.1280556040919815,0.2222699747773364,0.5761264166258345,0.5645297370759061,0.718724288196826,FAH
3.4320000838070426,0.1080985786286804,0.1878004456357485,0.5756034191651749,0.5648832694443031,0.7190623453231657,SSH3
6.58138206093818,0.0937726830136816,0.163080157068669,0.5750097663580019,0.5652846919281892,0.7192371874408648,ZKSCAN8
2.977758822147932,0.1639768549362555,0.2854225046855704,0.5745056967981452,0.5656256466505265,0.7195589535702089,GALNT4
22.376178307886477,0.0695940931167457,0.1212121988167268,0.5741509006199306,0.5658656914631575,0.7197522672704638,EIF4G1
11.26451342513186,0.0791294776397569,0.1378882435991675,0.5738667458103345,0.5660579776414758,0.7197801410542651,PRPF19
2.329511998275458,0.1180001450000391,0.2058906865589401,0.5731203629080102,0.5665632006565238,0.7203030827080217,SNX11
7.397028475327972,0.0947184138729156,0.1654463597071282,0.5725022541480238,0.566981759157767,0.7204989042112153,TRAPPC11
7.384842709300576,0.0910008515103,0.1591649001553501,0.5717394439444896,0.5674985078915171,0.7209313289772367,CNP
6.629812415992924,0.1121956272269707,0.196352416969412,0.5713992674938586,0.5677290255191965,0.721112057751804,TRIQK
18.635202191286087,0.1089925920159667,0.1911016675953528,0.5703382570514898,0.5684482978321208,0.7214838114395113,GBP2
9.566427246954865,0.0820216082126326,0.1438177553921966,0.5703162866709782,0.5684631964322082,0.7214838114395113,PLEKHF2
3.3080630816078074,0.1325608730647933,0.2331413691162772,0.5685858051158641,0.5696372602057791,0.7225726400865179,PAGR1
10.911688334599818,0.0694702026014494,0.1221925749971338,0.5685304741558888,0.5696748191699117,0.7225726400865179,PRCC
6.47177256061426,0.0816527718023358,0.143657282967114,0.5683858842090712,0.5697729732097042,0.7225849703704009,PGGT1B
3.1777652831901815,0.143697057851884,0.2534471235452095,0.566970561124761,0.5707341827418082,0.7232427120321518,ZNF585A
54.06593755158968,0.0944612108180424,0.1667649716806016,0.5664331655868372,0.5710993543970211,0.723524166342257,GLIPR1
23.48321167526188,0.0624815882493246,0.1103676030035917,0.5661225445594871,0.5713104786733866,0.723524166342257,PPIL4
28.185875910121744,0.0621056596535593,0.1098712320684518,0.5652586075931724,0.5718978783820368,0.7240461093205625,ACADVL
8.102881228935122,0.1020836924607066,0.1805973618183906,0.5652557237428659,0.5718998396224343,0.7240461093205625,SH2B3
2.7616013946474087,0.1315423445901771,0.2330293876368225,0.5644882215250315,0.5724219138765618,0.7243703667779753,ZBTB14
10.189148502411134,0.2842493344005579,0.5038828571869634,0.5641178903911164,0.5726739033301789,0.7244632077320586,BASP1
22.333702265949142,0.0582763952517275,0.103632945407966,0.56233464196462,0.5738880400471333,0.7254392288405208,USP47
33.87001012731708,0.1426440610203701,0.2539483044176123,0.5617051129658074,0.574316950165882,0.7257568511916829,EMP1
15.16164961538014,0.0629730314200808,0.112202021008202,0.5612468550408504,0.574629265443128,0.725888908426822,CRIPT
10.803601633073129,0.1388889839759526,0.2482942987447009,0.5593724248930897,0.5759075765930757,0.7272166026175034,CIITA
10.877708153292676,0.0995881716203034,0.1780399828034453,0.55935846573434,0.5759171013998121,0.7272166026175034,GAMT
11.722698616462052,0.0839979171511594,0.1502577432638528,0.5590255472136229,0.5761442850158276,0.7273910619382459,TMX3
6.622850773506892,0.1801084457722198,0.3227845773541843,0.5579834304617063,0.5768556988076606,0.7280642438920907,DPYSL3
6.805393215223124,0.1014274896992109,0.1824805362416274,0.555826346131009,0.5783295730151916,0.7295082722049173,STYXL1
10.042495291415689,0.0794663483994482,0.1430206914660419,0.555628333109523,0.5784649583442267,0.7295082722049173,UNC45A
5.342047491329225,0.2253525099839231,0.4057990877975754,0.5553302527292413,0.5786687897490059,0.7295637526676636,CPVL
42.29901286289587,0.3269204680628884,0.5897368397499476,0.5543497472559199,0.5793395106694861,0.7300714283899399,MPO
20.558724583409095,0.1663752008092145,0.3003572344661084,0.5539243997400299,0.5796305857414823,0.7303078278549376,FHL1
8.866919351055287,0.1953368299279958,0.352895773624292,0.5535255577641454,0.5799035847749421,0.7303864581704161,SPARC
2.1942316739089662,0.3782363415329365,0.6852976216582214,0.5519300367885625,0.5809962882503008,0.731031824960457,APOL4
2.2920984674843514,0.1166507188476379,0.2114206746304513,0.5517469805237133,0.5811217171849414,0.7310770671467524,AGBL5
31.21527870339592,0.0927323462509197,0.1682667918156546,0.5511030741735004,0.5815630181713671,0.7312944631391568,ADAM17
8.990822950704832,0.105677190106889,0.1918026850658455,0.5509682519335446,0.581655438380247,0.7312981361755652,EXOSC4
13.24974490968562,0.0754505998362639,0.1371284771124261,0.5502183166112534,0.5821696418869577,0.7317194499089881,CCDC57
9.741860823981453,0.0645589034616509,0.1174658177498585,0.5495973611585289,0.5825955691829977,0.7320295856980278,RMND5A
3.8498522368157433,0.1234760253254167,0.2249565638469786,0.5488882974288686,0.5830821097089256,0.7320881971472267,FUZ
753.6796333247504,0.0772113249462975,0.1406947305957222,0.5487861885045259,0.5831521897208395,0.7320881971472267,FTL
8.046614358403216,0.083795917631201,0.1528451418373361,0.5482406350892066,0.5835266837568517,0.7322986535059491,ANAPC15
18.29927782799274,0.0874570087922911,0.1597662037438108,0.5474061894374778,0.5840997039721074,0.7327926732928128,TBXAS1
4.596860835797388,0.1058706085869408,0.1935842733624707,0.546896742943094,0.5844496735069962,0.7331191713579468,FAM160A2
2.617077825907426,0.1397851956652324,0.2557917270724499,0.5464805186042625,0.5847356755069746,0.7332527938255815,ZDHHC23
4.910000531392619,0.1188149573617856,0.2176248664252551,0.5459622299301605,0.5850919003516291,0.7334743660284077,MINPP1
24.504021025768296,0.0457254832014293,0.0839765836492741,0.544502779398607,0.5860955363052796,0.7343945142080108,KRR1
14.44939019768131,0.0652472172161703,0.1201237658218311,0.5431665979648503,0.5870151021578147,0.7352085223377535,TRIM27
4.814166790541281,0.1409570556374062,0.259661989230958,0.5428482468877303,0.5872342912745424,0.7352576454189834,TRAF4
3.561295756397343,0.1068430087578744,0.1968876726451074,0.5426597172005801,0.5873641144310493,0.7353075193834999,RBMS2
6.880352792444374,0.0966106505665223,0.1781084244684081,0.5424260579187741,0.5875250326448249,0.7353962992862844,FAHD2A
8.611866492891037,0.1140322577674865,0.2103483706410028,0.5421114383724085,0.5877417393968336,0.7354422285775694,MTMR9
26.292642490370756,0.0678350075850375,0.1255138900469518,0.5404581720769078,0.5888810995672491,0.7364492485016706,ERGIC1
10.309564966722634,0.0766625828819035,0.1419723948078473,0.5399823182926692,0.5892092264315779,0.7364492485016706,ARRB1
10.759226672996666,0.0701673026772269,0.1299451143576756,0.5399764587077169,0.5892132674572993,0.7364492485016706,VCPIP1
4.329562765824661,0.0870907641324855,0.1613689895209789,0.5396995072660057,0.5894042798504012,0.7364492485016706,TATDN3
8.195835962264908,0.0963109992443992,0.1785625140873525,0.5393685216443805,0.589632596870673,0.7364492485016706,AGO4
16.263612186308936,0.1619441890806895,0.3003332314622282,0.5392150189049482,0.5897384983533513,0.7364492485016706,CD38
18.38081985194481,0.0836134192031327,0.1551317788571764,0.5389831781669457,0.5898984618092564,0.7364492485016706,SSBP3
3.551371963337998,0.1038901257252847,0.1931914295781317,0.5377574251205013,0.590744528322991,0.7372802109251809,TCTN1
6.952744442286862,0.0790976437871458,0.1473448334704598,0.5368199340562804,0.5913920007992752,0.7375447793952445,SCO1
12.716154614155997,0.0698240307970145,0.1300752956770861,0.536797017708526,0.5914078319174694,0.7375447793952445,PRPF31
69.67427749299848,0.156002735427242,0.2908378396993503,0.5363907790970658,0.5916885028252954,0.7375588921141044,CD34
18.2292464676154,0.0657275481527654,0.1225371620977846,0.5363886924385837,0.5916899446589101,0.7375588921141044,TBC1D15
9.73683642888265,0.0718551576660847,0.1344088359366132,0.534601443166812,0.5929254854809578,0.7386637209421857,HDAC3
10.614723681751665,0.1026359299991818,0.1922096716327994,0.5339790091065721,0.5933560569432084,0.739072003244353,MCM3
2.313861542606435,0.1482874818093102,0.2782031088190522,0.5330187805548886,0.5940205798935226,0.739786946854134,LY6G5C
8.191031082216691,0.0754714941724955,0.1424323939441789,0.5298759087211139,0.5961979705006253,0.7415944005115861,RNF40
11.260807886208422,0.0665068696506704,0.1261034651649025,0.5273992238333896,0.5979163824035924,0.7431662246151131,PDCL
9.76856071474697,0.067425053584032,0.1280056982533784,0.5267347821545317,0.5983777780585415,0.7435466687798254,ACTR1A
15.596974150636886,0.0590669239999087,0.1122670011070049,0.5261289908653599,0.598798586991695,0.7436971050781486,TDG
6.802522546281667,0.1133397696764309,0.2154791971830293,0.525989381611439,0.5988955846648398,0.7437045322638915,DPEP2
3.1944914097544186,0.1207159672634658,0.2300550279959989,0.524726489636059,0.5997733398369469,0.7444534640991949,TRAF3IP1
8.599440772931857,0.0986244715313493,0.1880003221555381,0.5245973538798218,0.5998631266220902,0.7444534640991949,ZNF107
6.254874754799981,0.0881352619143034,0.1698451218844208,0.5189154739120458,0.6038196865746615,0.7485226979529387,C12orf43
10.877571126271928,0.0818963386430142,0.1584803410125596,0.5167602373882065,0.6053235402894808,0.7499770504481194,PPP1R35
10.347775016640828,0.0865654609983019,0.1679314956408434,0.5154807957135109,0.6062170859833687,0.7507426204259026,BRD8
10.336086894203612,0.0729725896382288,0.1416149385305296,0.5152887851764116,0.6063512345854647,0.750794959508688,TXLNA
20.39726119060976,0.0605542527528615,0.117828603624571,0.5139181055374403,0.6073092484205203,0.751753350832309,SMIM7
2.885276661905853,0.1097839189647617,0.2137043578129748,0.5137186723203842,0.6074486952539746,0.7517857526558772,GMPPA
7.16725457148006,0.0932938687023547,0.1816407493262035,0.5136175062502683,0.6075194376192335,0.7517857526558772,INSIG2
3.578087269001401,0.1090226186329553,0.2125774359221347,0.5128607284212862,0.6080487459699059,0.7522610912150874,GLI4
12.956540747944358,0.0548742368433308,0.1072278813258361,0.5117534373040822,0.6088235818294154,0.7528295228704832,R3HDM1
6.853839565897418,0.0766128153082337,0.150111242060744,0.510373601980001,0.6097897472562332,0.7539101263172464,ZNF675
15.262774566255992,0.064191761288529,0.1258818220828269,0.509936702745632,0.6100958075390654,0.7539921467820072,SFT2D2
5.010587540759973,0.084740202215436,0.1665901365729598,0.5086747868672477,0.6109801981307648,0.7548108858370848,MAP2K4
11.680598884961409,0.0516582298432275,0.1015969041461367,0.5084626374925998,0.6111289349161029,0.754880502978001,WBP4
3.780446715744797,0.1250493404544367,0.2464778657876881,0.5073451121252082,0.6119126906924632,0.7552596045178731,PARP15
3.29115325592781,0.1775726066346203,0.3500964192285888,0.5072105765202863,0.612007074745175,0.7552596045178731,CRYBG3
3.774313723438386,0.1383832460263783,0.2729068727053842,0.5070713121093492,0.6121047830971365,0.7552596045178731,RAB12
3.671075954980376,0.1122594691812553,0.2215927281674686,0.5066026764940378,0.6124336299988082,0.7552596045178731,MLYCD
32.58676719292837,0.0554653743769573,0.1094908011588431,0.506575655579424,0.612452593260975,0.7552596045178731,PAFAH1B1
21.226330421464517,0.0785267733447187,0.1552681172494441,0.5057495043786903,0.6130325109372572,0.755632621340825,POLD4
2.2438960734036466,0.1053095038616366,0.208607184871651,0.5048220363379621,0.6136838368182846,0.7563213620878136,TOMM40L
39.262863966757145,0.060685321040936,0.1204721016101858,0.5037292471023445,0.6144516529459081,0.7568987116893254,CTSS
14.951010576719469,0.0581744950317883,0.1155410845745291,0.5034961827302494,0.6146154634755445,0.7568987116893254,SRP54
2.594364117903752,0.1598270477594917,0.317952356870088,0.502676090634533,0.6151920223403847,0.7574945772367817,NYNRIN
27.75974826358245,0.0659206938784673,0.1314122698463556,0.5016327163022171,0.6159259014991424,0.7582839447264567,VPS51
4.1763451787994885,0.0993510789754743,0.1993720329009531,0.4983200378201057,0.618258486714192,0.760655480082417,DNAJC11
8.203143494278917,0.0789776356382424,0.1585144928163512,0.4982360554863765,0.618317672097346,0.760655480082417,HSDL2
5.971315958012081,0.0868687868172051,0.1744275732399093,0.4980221028341949,0.6184684634476532,0.7606630478743358,PRMT5
4.1526186901108595,0.0785918872726759,0.1581387635184838,0.4969805348420464,0.6192027779202894,0.7614004361755734,DNAJC14
2.715982001024259,0.0929935058110257,0.1874615953703495,0.496066971089772,0.6198471613037664,0.761848850032051,TADA1
3.3654334591802897,0.0960247202595234,0.1940514635326392,0.4948415152940714,0.6207119967718158,0.7624553287502486,LACC1
65.75284207135424,0.0784241704656823,0.1584842490019658,0.4948388938304501,0.6207138473683336,0.7624553287502486,ATP2B1
6.219222034830132,0.1110844166803183,0.2252982725837998,0.4930548974315836,0.6219737983223617,0.7636585884435789,YBEY
9.844785037573,0.086732305117999,0.1773027940061392,0.4891761892652175,0.6247169653011706,0.7662207030134892,ZFP14
2.814205581158002,0.103281553709431,0.2113640165508821,0.4886430310836182,0.625094442622525,0.7664531308254794,ZNF251
17.393877137061367,0.0498675026685538,0.1020776922278942,0.488524981121456,0.6251780355924219,0.7664531308254794,CACUL1
5.823398472803491,0.1109414945598163,0.227359678014837,0.4879558923045999,0.6255810836441494,0.7666250336648626,TRAK2
12.431707184226944,0.0786798144612682,0.1612857865749977,0.4878285689773546,0.6256712736812455,0.7666250336648626,ZNF580
6.699313332709936,0.085951934911046,0.1762092827802289,0.4877832402180917,0.6257033838588874,0.7666250336648626,FMR1
3.081443978144283,0.2095765030289694,0.4300682073770515,0.4873099183665731,0.6260387199919424,0.7668059333014783,ITGAM
4.272623649154072,0.0886482763333867,0.1821373113790826,0.4867112381431991,0.6264629800404033,0.7668714394977583,TMCC1
2.6986018925912454,0.1011904456984705,0.20806335556705,0.486344389778243,0.6267230114875757,0.7668714394977583,ZBTB5
9.314765553271574,0.0836763815989722,0.1720647606145467,0.4863074885299788,0.6267491705991959,0.7668714394977583,TTC32
4.8353312488600695,0.0901440694920254,0.1855738060903609,0.4857585851751717,0.627138340872616,0.7671255862273253,TMEM185A
3.059809559190943,0.1206864436604648,0.2484539792707938,0.485749691007874,0.6271446476561661,0.7671255862273253,ALG10B
17.01294220450057,0.0804626046532577,0.1656996588847487,0.4855930615356484,0.6272557168383668,0.7671466041440346,METTL7A
13.874330395485424,0.0602152660836035,0.1240648687598053,0.4853530792845379,0.6274259095786807,0.7672399142722839,DHPS
5.254886011489445,0.109570154726849,0.2259175903819809,0.4850005461796404,0.6276759580804281,0.7674308324816966,TSEN54
2.99575913303265,0.110155664639158,0.2275179898291188,0.484162437976409,0.6282705921615649,0.7680429396397586,LNX2
36.69978851832128,0.0474562431540573,0.0981797445632891,0.4833608333892725,0.6288395528936305,0.7685933146429371,KDM5A
29.237112689689347,0.0675117336519389,0.1396997476638831,0.4832631037700359,0.6289089342433823,0.7685933146429371,ZBTB7A
5.509177343746068,0.0776130207438868,0.1610388065387736,0.4819522847444834,0.6298398426868829,0.769615874771126,TBC1D14
15.309297008753768,0.0446166677428896,0.0926506817710949,0.4815578999528644,0.6301200393483631,0.7698431282170268,ZNF281
2.9114401241363,0.1082374834294197,0.2249116067993124,0.4812445429995062,0.6303427064955756,0.770000038088705,TTC33
13.605898855234171,0.0637845382921485,0.1328031425102151,0.4802938927988268,0.6310184308750404,0.7700700635051104,MARCH5
21.34769197603071,0.0449468883546327,0.0935840143530498,0.480283824810813,0.6310255888766709,0.7700700635051104,ZNF24
1.2169414978430506,0.158047142382164,0.3290924514962538,0.4802514966951867,0.6310485733160625,0.7700700635051104,ZNF772
7.228003487182549,0.1923186212631517,0.4006700401636118,0.4799925174954916,0.6312327135894946,0.7700700635051104,HGF
4.504668634292845,0.0818421692716509,0.1705727043310612,0.4798081240056147,0.6313638356296125,0.7700961189624667,STRN4
16.191214445292573,0.0573618682112265,0.1199780371711106,0.4781030725600058,0.632576845303499,0.7712168492856032,NAA50
3.583090549668302,0.0999698984493417,0.2091481948825637,0.4779859491757728,0.6326602056983721,0.7712168492856032,ZNF189
14.791511232098374,0.0758428397519848,0.1590876183904193,0.4767362823036157,0.6335499232656334,0.7719372153265529,TSEN34
11.510256043532776,0.0753248329281672,0.1580818697092743,0.47649254823906,0.6337235149199018,0.7719372153265529,PTPN12
39.1348224776923,0.0382050091772134,0.0806969979013031,0.4734378003000846,0.6359008669412604,0.7740842989847678,ORMDL1
9.359688903214742,0.0633905193000543,0.1339436632314788,0.4732625476317167,0.6360258786252222,0.7740842989847678,KLHL9
28.35253038487391,0.0443718466281014,0.0940003683346488,0.4720390719122936,0.6368989001768867,0.7747656562967606,COX20
38.99161878673512,0.0826603290260023,0.1753602360283435,0.4713744170180173,0.637373381832399,0.7752274341995433,UQCR11
3.0678776523467164,0.1213065138474277,0.257524282454423,0.4710488373805941,0.6376058598188611,0.7753947731180107,LRRC34
5.9905350826575425,0.0802078369986595,0.1708682522348605,0.4694133401002598,0.6387742148780444,0.7761225442034946,ACER3
3.7504152428457473,0.0956464895837412,0.2042813455328822,0.4682096122592135,0.6396346989066023,0.7767282882567456,ZSCAN29
8.905768660885423,0.0906756191649015,0.1936751688333345,0.4681840202392264,0.6396529986145687,0.7767282882567456,TMEM63A
8.57647192922362,0.0732106792092625,0.156549193261814,0.4676528679826826,0.6400328513041758,0.7770740606250253,ZDHHC4
26.0680798213347,0.0618604490521473,0.132329693597654,0.4674721702313681,0.6401620985294,0.7771155113777637,PLAGL1
34.62775770310204,0.0469562833762838,0.1005234038927293,0.4671179203839122,0.6404155136055409,0.7773076591905638,BNIP2
4.1596899892885535,0.1015065078617022,0.2178295197519767,0.4659905965788233,0.6412222314375727,0.7777381590727153,CLSTN3
7.257391250942977,0.0679642008804727,0.1458685918910554,0.4659275859139921,0.6412673346604645,0.7777381590727153,TUSC2
3.822971414665908,0.0902419367843463,0.1938907805497065,0.465426651687606,0.6416259519799417,0.7777381590727153,BPNT1
2.984007390315748,0.107985382062568,0.2325110822390395,0.4644311188210403,0.6423388991475248,0.7783703314451171,PPP1R3D
12.102041056055269,0.1416083079319212,0.3052102934771963,0.4639696332604242,0.6426695021976424,0.7786554718945635,GCSAML
4.265775836968453,0.0783671177077953,0.1691513501667664,0.4632958449964077,0.6431523236335208,0.7788917272083774,FTSJ1
22.84978363055892,0.0666723069894116,0.1439809306568898,0.4630634535089473,0.6433188850896712,0.7788917272083774,AK2
25.242366801614683,0.0618438800601493,0.1335627380416107,0.4630324367929795,0.6433411169904956,0.7788917272083774,RHEB
4.911164341094191,0.0910212865568294,0.1974164941097663,0.4610622175582772,0.6447539677479581,0.780486617847195,HSD17B7
6.022283814155121,0.0812544584436243,0.1767125526951684,0.4598114689893557,0.6456515502665541,0.781457386643166,FOXK2
6.847065502290908,0.0866015181546476,0.1892201826716697,0.4576759039754044,0.6471853020311925,0.7826181889739343,EXTL2
6.255568010808092,0.1385713926094359,0.303291402504799,0.4568919246144582,0.6477487286114555,0.7830650018501032,ITGAL
6.230340984235985,0.0720862071865599,0.157797235717987,0.4568280734359088,0.6477946257676348,0.7830650018501032,C5orf51
15.455976265895735,0.0912578599697674,0.1997931281754451,0.456761755537612,0.6478422974552316,0.7830650018501032,MAP3K1
4.38716331499263,0.0854537958970936,0.1874008980087142,0.4559945913019049,0.6483938675975282,0.7833986269248758,XPR1
1.6494097462190451,0.166541658371866,0.3658042895597279,0.4552753019170744,0.6489111923302859,0.7836197667475847,PDE7B
7.106496243376449,0.0737277438392246,0.1619687079420478,0.4551974562000231,0.6489671904127321,0.7836197667475847,PISD
13.22827490473029,0.1001928838724586,0.2201122436416459,0.4551899622429808,0.6489725812729049,0.7836197667475847,C20orf27
3.142425450965456,0.1056475101393572,0.2323152005666734,0.4547593523009134,0.6492823761356579,0.7837700575350594,RNASEL
8.397949613095111,0.0709583602183042,0.1561294387659449,0.4544841817095017,0.6494803746261881,0.7838853974993476,R3HCC1
2.510445732428601,0.1007793498083176,0.2218682411933265,0.4542306247449935,0.6496628429938551,0.7839898227887742,SLC29A3
4.6026425160083395,0.0911219536168822,0.2007734294945888,0.4538546452399872,0.6499334495434528,0.784200563529172,DESI1
58.87563702711529,0.0445997380751326,0.098413396396494,0.4531876726969816,0.6504136082999759,0.7844524064391472,BZW1
7.977600085206813,0.0866149472644775,0.191867025608444,0.4514321676161202,0.6516781035417076,0.7854936987814268,ALG3
5.472176143219873,0.0813915614446195,0.1803872353665278,0.4512046613455794,0.6518420503918569,0.7855610001680938,ZMYM3
14.183192197027902,0.0851287368245377,0.188735872215959,0.4510469357257646,0.6519557213955386,0.7855610001680938,ABHD17A
19.997966570627728,0.0868285743474983,0.1925873381948075,0.4508529748703869,0.6520955177953875,0.7855610001680938,GRN
31.241028684705533,0.0813213428715682,0.1803974060873698,0.4507899788325271,0.6521409245320433,0.7855610001680938,KLF13
13.912704482615291,0.0653246797635608,0.1449468950572444,0.4506800903721461,0.6522201338122322,0.7855610001680938,CTBP1
14.098627797523664,0.0673477763350413,0.1500993516996631,0.4486879894711267,0.6536567499710599,0.7867181181342657,CTNNBL1
16.350852235976266,0.0611412562017794,0.1364023135935615,0.4482420758929519,0.653978499492884,0.786989443204176,IPO5
4.341172569431759,0.0720200445358274,0.1607525536156944,0.4480180433587595,0.6541401747364346,0.7870680853734954,PRKAB2
5.26959504102848,0.0815927466189714,0.1823829031670574,0.4473705879340828,0.6546075083984613,0.7875144215435553,PPP5C
29.879840042680677,0.0643186388025572,0.1440529474498681,0.4464930426011642,0.65524113714737,0.7880446469872181,KLF3
5.6909039982631215,0.0790204449217967,0.1772925509338815,0.4457065144900878,0.6558092582383533,0.7883797924180647,BLOC1S5
6.086225992548772,0.1065549060332743,0.2395059497680758,0.4448946096598274,0.6563959182521751,0.7889140444196077,GALNT6
19.56309734222011,0.0507776948070702,0.1143489296391459,0.4440592051653727,0.6569997797089728,0.7894625294120613,DAZAP1
11.116435335356163,0.0608095823310567,0.1370287807750629,0.4437723373666849,0.6572071901250083,0.7895956404222089,LINC00662
36.94509456323709,0.0499156781283717,0.1131099023310271,0.4413024598172546,0.6589940455741392,0.7912770531059944,PTEN
1.9471612303195456,0.1175285876995935,0.2665209950605323,0.4409730935939979,0.6592324760225735,0.7914470410785259,SNX8
8.893133006424543,0.064144854587938,0.1459835519103307,0.4393978208403816,0.6603733052378398,0.7924673633570846,RAB22A
7.46261390136324,0.0824124747548253,0.1877165384909728,0.4390261796713695,0.6606425669573108,0.7926740696928322,ANKRD27
17.541618005296883,0.0475553352545433,0.1087613798305746,0.437244684911351,0.6619339063604399,0.7936407848673741,MCFD2
5.741681180017045,0.0821387165117744,0.1879979999791323,0.4369127146080906,0.6621746506342632,0.7937943827749245,SH3GL1
8.044806888255032,0.0789383338092393,0.180836864900096,0.4365168233415743,0.6624617959290866,0.7939242203779064,ARFRP1
8.913620576252834,0.0509334305679635,0.1169376141623767,0.4355607127167704,0.663155480491092,0.7942033004398823,SUPT7L
5.755511638190003,0.0800293934854199,0.1837534132012301,0.435526024203855,0.6631806533963183,0.7942033004398823,SOX12
4.013761984864933,0.2010803035827431,0.4622247903018328,0.4350270859584092,0.6635427670527958,0.7944040951777868,CTSG
72.05971456978,0.0579426795663605,0.1337331196098661,0.43327097831408,0.6648179193831112,0.7954645217864111,RUNX1
21.45781259441165,0.0596896663643431,0.1383591755572665,0.4314109716535409,0.6661695736693495,0.7966877861647264,SNX5
14.031915445807028,0.2194182728114422,0.5087046171356218,0.4313274647415769,0.6662302830575909,0.7966877861647264,LPAR6
7.219426857665519,0.0794254895106164,0.1846126561730542,0.4302277598788447,0.6670299705739903,0.7972940154417898,JADE2
3.985271821152229,0.0812201065990604,0.1890270779843551,0.4296744543963309,0.6674324684896267,0.7976584320650489,GFM2
8.319929487029182,0.1849226375983606,0.4307097273117082,0.4293440010109884,0.6676728999742678,0.7977147244502266,MS4A6A
13.461453871231678,0.066394008195137,0.1547126929648915,0.4291438984272846,0.6678185073242855,0.797769740255371,PYCR2
4.75778113192267,0.1799500467620533,0.4201685528128051,0.4282806163321443,0.668446829489714,0.798286910809771,MMP2
128.58011848456212,0.0629232536161014,0.1473330185410631,0.4270818193992554,0.6693197345190154,0.7988623357807295,CD37
12.955659276246909,0.051354691717256,0.1205107960951893,0.4261418344352478,0.6700044981203832,0.7994460797519934,UTP18
4.444685124993236,0.0960825865117763,0.2257519033096246,0.425611412808319,0.6703910226767645,0.7997904871210166,DENND1C
9.59653053335984,0.0893824497298216,0.2102042280838592,0.4252171830443069,0.6706783591404205,0.7999593400798739,OAT
25.43875116436759,0.04743042016799,0.1115619848987495,0.4251485863310561,0.6707283611415025,0.7999593400798739,BAZ2A
4.872034960962414,0.0941566231608256,0.2220513734159947,0.4240308074313552,0.6715433457838822,0.800697603735605,DHFR
6.293961881922632,0.0746269177915444,0.1764004175678777,0.4230540880824643,0.6722557987268063,0.80107949998494,PKIG
75.38319123925791,0.0425730666586102,0.1007793276651248,0.4224384865919572,0.6727049911007947,0.8014978830977827,ARL6IP4
5.982670574669171,0.0719274887608931,0.1706036165156657,0.4216058852087019,0.6733127098898966,0.801766201344027,BRPF1
25.356146210048216,0.0451899910815207,0.1072238593607622,0.4214546216759073,0.673423140607601,0.801766201344027,RPAIN
15.626427916487094,0.0550763312024963,0.1307130919771069,0.4213528298461673,0.673497458217909,0.801766201344027,METTL23
37.31832059284291,0.0461209904208872,0.1095018804992187,0.4211890262580128,0.6736170569363291,0.801766201344027,STAG2
3.342619938425748,0.0899892625175455,0.2138621804063765,0.4207815629044361,0.6739145959430147,0.8019112401899727,PDIK1L
49.533491101427074,0.0361155872982862,0.0858355302001476,0.4207533548645125,0.6739351959839117,0.8019112401899727,SYNCRIP
6.250524703510711,0.0735279905257967,0.1749061920817876,0.4203852913990286,0.6742040113436184,0.8021142948003358,SNAPC3
11.91156695612592,0.0662125763338679,0.1576849787812066,0.419904145884055,0.6745554789670902,0.8022988091179177,PSMD9
6.384907808775005,0.0634028363569722,0.1514326835881226,0.4186866061848302,0.675445185572787,0.8029363550315364,PATZ1
12.326243164402443,0.0531584751334211,0.1269811790865577,0.4186327101056862,0.6754845801599292,0.8029363550315364,NAE1
20.663547314784825,0.0433483879827044,0.1036241146868126,0.4183233614464935,0.6757107114360779,0.8030201170041865,OSBPL9
6.100412933200168,0.0960531820027981,0.2302946370757324,0.417088227596073,0.6766138754359242,0.8035773221201944,DNMT3B
3.2018940432499488,0.0864298812459848,0.2074802029278696,0.4165692920400318,0.67699347436159,0.8036777101566979,NADK2
41.23996240793146,0.0301212063422304,0.0723353778909358,0.4164104373332499,0.6771096922448685,0.8036989098391663,DNAJC7
4.685820328137244,0.0649760701974848,0.1564046053378556,0.4154357862872872,0.677822913795618,0.8038448517596509,BET1L
4.277525886037216,0.0676269043759192,0.162852171961391,0.415265596776641,0.677947483213335,0.8038759084800696,TMEM39A
3.6781345577592375,0.0787710750823183,0.1900639142663686,0.4144451901160109,0.6785480994986908,0.8042691995590296,C17orf75
34.749793699332386,0.0800380844427211,0.1931675770141458,0.414345335174235,0.6786212168337821,0.8042691995590296,FIS1
17.259740633092104,0.1059655773541747,0.2557857323368155,0.4142747775104223,0.6786728834854375,0.8042691995590296,RBPMS
8.392741214632782,0.0648653416585011,0.1566807203754141,0.4139969582925126,0.6788763344454328,0.8043759140128937,SLC9A7
3.97314251456474,0.1011152935131704,0.2443089027648602,0.4138829668867646,0.6789598187427399,0.8043759140128937,SEC61A2
4.884840071651628,0.0777593593287931,0.1883764798887928,0.4127869857993845,0.6797626872236331,0.805151936086802,L3MBTL2
3.970286866231989,0.0911157677784908,0.2207690766583572,0.4127197937213532,0.679811921069985,0.805151936086802,RMND5B
5.741961369923567,0.074429037421319,0.1804829632461699,0.4123881616449385,0.6800549387996191,0.8052063331302257,FAM20B
8.753635498133312,0.0544136078670407,0.1321120047869212,0.4118748175444199,0.680431179401529,0.8053575403204281,TTC5
9.316496280433748,0.0790758329265369,0.1921186027423339,0.4115990424549988,0.6806333335737424,0.8053575403204281,ZNF787
2.330551702272821,0.0972839833392085,0.2366209535648172,0.4111384975572743,0.6809709825608751,0.8053575403204281,KCTD2
8.287468046193737,0.0960928525743338,0.2337410202923976,0.4111082105063405,0.6809931897861876,0.8053575403204281,ZDHHC2
4.554835294320696,0.0713949778586713,0.1737216961952546,0.4109732947715805,0.6810921167455035,0.8053575403204281,ATAT1
14.02123045767608,0.0490582743897987,0.1193994470956832,0.4108752224831062,0.6811640316917144,0.8053575403204281,BCCIP
9.003947485292684,0.062315048276074,0.1516663019458524,0.4108694382112754,0.6811682733024695,0.8053575403204281,NIPAL3
8.421267087626319,0.0861677393089668,0.2101504088007118,0.4100288921668517,0.6817847534362003,0.805969794607522,WASF1
17.890747344836743,0.0526272654387512,0.1287081163733054,0.4088884751145832,0.6826215070887605,0.8066088697646076,CHD8
4.095748170090929,0.0938638254540921,0.2306809196268191,0.4068989563850321,0.6840822025026991,0.8075174337835243,FBXO30
4.244913147469717,0.1231530734273278,0.3029031249522065,0.4065757771457772,0.6843195910148092,0.8075476061361667,PRKAR2B
9.308193636650232,0.0594363120907808,0.1462289899008546,0.4064605255844239,0.6844042555982076,0.8075476061361667,ZNF654
2.1491560875777043,0.0896858271366253,0.221153358369101,0.4055368084754169,0.6850829676933063,0.8080050298450949,SPDL1
2.070543484575859,0.0988156991954842,0.2437129051844901,0.4054594446719224,0.6851398232124428,0.8080050298450949,LRRC14
12.882575992784036,0.0580291303785034,0.1432374101427514,0.4051255207747137,0.6853852480548712,0.8080050298450949,GALNT2
41.22423964927325,0.0404991031900276,0.1000823838857729,0.4046576591965526,0.6857291692402723,0.8082938606264087,GRB2
2.463653213406955,0.1094473966500926,0.2712549853125094,0.4034852908749297,0.6865912534089116,0.8088416727623597,ADCY6
3.3242010553066947,0.0780368691556923,0.1934508306308338,0.4033938179599328,0.6866585338672153,0.8088416727623597,SNX12
5.185079274135346,0.0836172202566881,0.2073146451114433,0.4033348450213883,0.6867019111525722,0.8088416727623597,CTSO
12.922105105923668,0.0628031521791583,0.1559228050642616,0.4027836220190808,0.6871074106823909,0.8089848202717315,GUSB
5.979810190089947,0.0849268778529639,0.2110530832904356,0.4023958168670478,0.6873927481078713,0.8091978648026954,RHBDD2
3.0363655382613066,0.0883283825317916,0.2203024878502588,0.4009413756227259,0.6884632863426692,0.810114273143138,DOHH
10.95913344883593,0.0622829121299319,0.156141268082542,0.3988882176684188,0.689975571189659,0.8115431685894204,POLE4
7.026527177105068,0.0985244043179575,0.2471198211658222,0.3986908207247597,0.6901210322973192,0.8115974316208111,FAM110A
14.04088548531861,0.0541973744946065,0.1360285454645742,0.3984264796003503,0.690315842263904,0.8117097060207741,RC3H2
18.58150989584753,0.0481914714525778,0.1212844967475839,0.3973423870725489,0.6911149942364367,0.8124155686816177,USP7
33.90524852121149,0.0358890810115159,0.0909194861746807,0.394734754028013,0.6930386512407627,0.8140307577247577,G3BP1
7.111464094560918,0.0666224708023671,0.1688098549075875,0.394659842808577,0.6930939427490739,0.8140307577247577,ULK3
5.528630558089387,0.0727198369024462,0.1843180247398535,0.3945345931581188,0.6931863923936928,0.8140307577247577,SYT11
5.522627363539006,0.0673533866899276,0.1708223696000724,0.3942890316275009,0.6933676602589963,0.8141266204880384,NEDD1
5.963945582185086,0.0671690986619972,0.1712659438998013,0.3921917990963477,0.6949165031242642,0.8154764824110818,SETD4
4.693152628440812,0.151141569918055,0.3859206158486256,0.3916390151526374,0.6953249561926604,0.8157214956281735,MACC1
5.9041294413349235,0.0674700547707772,0.1724328658357672,0.3912830332184974,0.6955880387157386,0.8157958754623654,BTBD2
8.727426079900575,0.0648814787558234,0.1659132070950232,0.3910567452213971,0.6957552921472232,0.8158749271146614,AGL
5.82686954636588,0.1067011385992793,0.2743999174039838,0.3888526629626829,0.6973851411157137,0.8173169805015056,AIG1
18.369494399402768,0.0446269380794345,0.1148072397363444,0.3887118807308717,0.6974892926668035,0.817321814194816,UHMK1
3.2081082236200564,0.1151649287146621,0.2970092653093384,0.3877486064103641,0.6982020816961299,0.8179224673174305,MOK
4.667205116381029,0.0818422003315749,0.211539999922645,0.3868875879810091,0.6988394303707334,0.8182240000801806,TEP1
34.73243220731387,0.0533993842760243,0.1383890143844608,0.3858643297196598,0.6995971493737027,0.8187350769883306,RAB37
10.898256082221984,0.0553336195696917,0.1435329188612822,0.3855117000941716,0.6998583396858851,0.8188905043703643,PSMG4
2.6457669052026738,0.1125554580143752,0.292140028576253,0.3852791367308179,0.7000306171860231,0.8188905043703643,F2RL1
10.75858826207697,0.0539243487841892,0.140079374638458,0.3849556647676855,0.700270263316846,0.8190535816721942,PM20D2
5.818314911671175,0.0732166790405527,0.1903897166949872,0.3845621513153941,0.7005618403357623,0.819277343263706,TAPBPL
6.098839758827179,0.0834379285058501,0.2172129490634891,0.3841296242493447,0.7008823757172289,0.8194176408621372,AXIN1
5.530449001102759,0.071153859074732,0.1855070045164904,0.3835642716574988,0.7013014251911525,0.8197582338227105,RPUSD1
3.315438116192536,0.0772731411524272,0.2015124194865007,0.3834658992698151,0.7013743498536984,0.8197582338227105,RITA1
28.42793098880108,0.0654014849353316,0.1709537158705363,0.3825683729791538,0.7020398241198076,0.8201840724739702,EVI2B
19.47252498570357,0.0640613879286883,0.1678124479554556,0.3817439570733924,0.7026512917988409,0.8205464778173972,PYGL
10.786768003270502,0.0555589035240996,0.1457466650393218,0.3812018855396114,0.7030534501083814,0.8207258156161535,ATP6V1D
2.9053308227148,0.0845961586040686,0.2221018605216083,0.3808890137407844,0.7032856048977505,0.8208039751804198,DEF8
7.253646405334772,0.0615173163545674,0.1615603807128783,0.3807698154901897,0.7033740587704442,0.8208039751804198,PHF23
3.637247305964043,0.0643530717816684,0.1691456095537881,0.3804596049015636,0.7036042766700707,0.8209123699154196,TRIM65
4.1643083374267595,0.0982994492409325,0.2584284746781829,0.3803739095056895,0.7036678789484272,0.8209123699154196,ARSA
8.072776573859763,0.0543791866185182,0.1432877803079139,0.3795102869320866,0.7043089667727892,0.8213331581062309,ZNF639
3.073525797993727,0.0699982321996156,0.1846726360421081,0.3790395464093284,0.7046584973140223,0.8215361595440074,SCRN3
56.44586269994895,0.0393613574398804,0.1041048439317319,0.3780934292134585,0.705361189381592,0.8220662214287532,H2AFV
3.1687415603384688,0.0831976092376086,0.2202318535952438,0.3777728238645917,0.7055993637018382,0.8222265260706959,CBY1
10.765255834306217,0.0632787205025604,0.1678139029200016,0.3770767463332637,0.7061165716143647,0.8224736176254629,GPATCH4
7.074531869036548,0.1423135635594112,0.3775440435585372,0.3769455934678146,0.7062140376037507,0.8224736176254629,EPSTI1
3.639915374226976,0.0976211514642801,0.2598893632111612,0.3756258057585931,0.7071951031739433,0.8232584380799642,CDT1
6.0839768722817755,0.0936452825483612,0.2494129658946449,0.3754627679938585,0.7073163312563912,0.8232584380799642,PADI4
13.263837219937392,0.0504200001466235,0.1346347489133578,0.3744947018029542,0.7080362976619368,0.8237739695565549,VHL
49.98444610839375,0.0367809061126337,0.0983365989010134,0.3740306917636811,0.7083814819852716,0.824013328063549,TAPBP
8.61548259625634,0.0534142962899711,0.1428909937990348,0.3738114969309699,0.7085445652887646,0.824013328063549,ERAP1
8.73525829599405,0.1300041785726448,0.3485357841531598,0.3730009499268978,0.7091477369611494,0.8242923468572455,CD200
5.695108706410073,0.0651575771698127,0.17488918169204,0.3725649382049703,0.7094722722267532,0.8244296118170634,ZNF322
12.183969992198696,0.0561272863217558,0.1506703700654578,0.3725170801490144,0.7095078974785939,0.8244296118170634,APC
21.418742727707137,0.061150097115542,0.1643605316575271,0.3720485477800632,0.7098567037188761,0.8247176348765728,TRAF3IP3
88.23384590136216,0.1058559863583114,0.2849974066271971,0.3714278933659939,0.7103188532084047,0.8249711622668565,EGFL7
36.07937453905398,0.0472012961501255,0.1275225883925055,0.3701406687640572,0.71127768130353,0.8254296170900645,NAA38
13.216960559424283,0.0507810369196782,0.1372533585221333,0.3699802865770267,0.7113971788576686,0.8254510577174113,ELP5
275.5178396248764,0.0342582562924191,0.0926584303359426,0.3697262749672353,0.7115864523264799,0.8255192829559199,HMGB1
13.518002170672148,0.0683390796243181,0.1848849949593265,0.3696302106039069,0.711658038078754,0.8255192829559199,DRAM1
137.96337769871667,0.0595541534266981,0.1613543756787122,0.3690891751537127,0.7120612572040177,0.825608088137132,FXYD5
7.073652968337589,0.132618980095598,0.3594044707185421,0.3689964674909539,0.7121303578083241,0.825608088137132,TMIGD2
2.815127780727819,0.0750161623612427,0.2033039896329739,0.3689851955029017,0.7121387596610582,0.825608088137132,TTC38
15.723748621187148,0.0436752643701912,0.1184781298363224,0.3686356666038589,0.7123993069356279,0.8256758492157469,ERGIC2
7.918845286240643,0.0875708962073794,0.237751206428314,0.3683299762089054,0.7126272034536756,0.8258228449042666,IER3IP1
9.746428645371378,0.0556636707969838,0.1518444353294619,0.3665835410840611,0.7139296871032519,0.8268631429228449,B4GALT1
17.02000526485022,0.049562014026952,0.1355032110651518,0.3657626534261385,0.7145421899063499,0.8273379954264964,CCDC6
18.208947823199736,0.1168488459935771,0.3202876156170159,0.3648247396905261,0.7152422364695574,0.8277966450697951,GNAI1
3.4554949474950374,0.0853050600401037,0.2343390880930035,0.3640240334393048,0.7158400627493162,0.8283353944584462,RABGGTA
3.3158294719790433,0.0796134095599875,0.2188160202938663,0.3638372064946068,0.7159795772658437,0.8283353944584462,PCGF6
7.479809380282995,0.1337974461074985,0.3679735036547306,0.3636061965837645,0.7161520988787825,0.8283353944584462,C3orf80
29.821991939126455,0.0347092060714764,0.0956295405550699,0.3629548554767822,0.7166386080440084,0.8283456530729427,UFM1
12.178107309073908,0.0779722557704157,0.2148953640180432,0.362838240493029,0.7167257239483522,0.8283456530729427,ACTN1
13.23351607061567,0.0942922711887969,0.2613929755710955,0.3607299353886068,0.7183013441599335,0.8298091733537137,PLEC
10.911829612543285,0.038164046990103,0.1059392742975059,0.3602445574898703,0.7186642563381058,0.8301110600139473,PANK2
3.661052420693158,0.1829269755978275,0.5102460453426217,0.3585073853438592,0.719963641994996,0.8311419777820165,GBP1
3.2198900706135976,0.0780276528888601,0.2179619244791648,0.3579875387653719,0.7203526390380468,0.8314735716315695,DPH2
5.786486404389269,0.0540769341530961,0.1511797731643613,0.3576995322932795,0.7205681831530981,0.8314813241811307,EMC2
11.317337907449213,0.0447290546683239,0.1250834876474591,0.3575936001592019,0.720647468375307,0.8314813241811307,RPF1
131.90166352059882,0.0434976691047769,0.1216477567165457,0.3575706636837687,0.7206646356444459,0.8314813241811307,CALR
28.893147692828386,0.0566509434737568,0.1586001611772862,0.3571934798378381,0.7209469667154975,0.8315722282654334,ORAI2
23.80477280517084,0.0443027142999591,0.1241759999373424,0.3567735659250882,0.7212613270040071,0.8317007810240291,TRIP12
2.0502364350847504,0.0950957891207207,0.2673361950774131,0.3557161015671062,0.7220531854311325,0.8323781854060078,TRIB3
14.75155946335322,0.065423673410913,0.1847355586430243,0.3541477011328128,0.7232281952438526,0.8334975434890719,STAM
26.78445849985111,0.0318457088432366,0.0903761679698368,0.352368434716829,0.7245619712929149,0.8344018378080943,BAG1
3.435715438235494,0.0681732703676291,0.1935301685747693,0.3522617216203723,0.7246419923314258,0.8344018378080943,PRKACA
42.70426439007921,0.0330651713775078,0.0941958788922306,0.3510256687061401,0.725569091367937,0.8351266000946714,SMARCA5
3.890544272116406,0.0670312203781945,0.1911538502267971,0.3506663365590828,0.72583868327097,0.8352102353199685,ASB7
19.00631189131231,0.0451955176302998,0.1289825648037858,0.3504002087340513,0.7260383697627837,0.8352604220539067,DNAJC10
11.148003675880332,0.070640830548748,0.2016375199123911,0.350335743959956,0.7260867430974054,0.8352604220539067,MLC1
21.13768974856779,0.0375490404973046,0.1076038191449036,0.3489563920286104,0.7271220481967343,0.836097081043468,TFAM
7.387789867046242,0.0661504055470959,0.18963972005004,0.3488214680428809,0.7272233453648179,0.836097081043468,PTPN18
3.644442296410484,0.0662595250387977,0.1901692274764194,0.3484240111719113,0.7275217726080299,0.8363225104080209,GEMIN8
11.824189464111727,0.0568355514111655,0.1633802011295245,0.3478729430998037,0.7279356059344344,0.836680522730379,AKAP11
5.561975106169883,0.0642245284125543,0.1848984484784595,0.347350283039484,0.7283281791251683,0.8368962947028197,SLC7A1
4.344870669646487,0.0772913769047494,0.2239108089309334,0.3451882348769969,0.7299528630220768,0.8382916154256346,VOPP1
27.57516020400315,0.033577055825028,0.0975113788461699,0.3443398731751895,0.7305907011763395,0.8389062140685596,MAN1A2
5.582409140155856,0.0703574260915543,0.2050657618526962,0.343096894654183,0.73152556720883,0.8397436653081413,SV2A
14.136161794578268,0.0547372060130816,0.1607511003156038,0.3405090596930019,0.7334732013345843,0.8411522144708614,TIMP2
2.6268239484306437,0.099723263490404,0.2955501595184646,0.3374156984143797,0.7358035521932996,0.8429964701306016,FAM161A
11.336635305306826,0.0874489355855552,0.2606303594651858,0.335528584486476,0.737226385833533,0.8445081730892748,EMILIN2
25.19833435577616,0.0279884844020799,0.0835017811749407,0.3351842800028726,0.7374860795874627,0.8446872380584747,FIP1L1
12.55189657500046,0.038362277978424,0.1146172512327475,0.3346989878558823,0.7378521650330674,0.8449880925697538,TIMM17A
16.993359597783776,0.1136232877047915,0.3403655714500795,0.3338272059089748,0.7385099526061953,0.845622873142548,MEST
4.496267678579803,0.0666524825685307,0.2005086551639248,0.3324169847632727,0.7395744150684894,0.8466044473976783,ALKBH4
2.7021888442424338,0.0902261420254308,0.2715818707435683,0.3322244661560039,0.7397197706350482,0.8466522266226334,TTC24
2.551563648261908,0.0912411733294997,0.2751059558312701,0.3316582989045152,0.740147292582717,0.8470229030382886,E2F5
8.703071919279852,0.0649118803639667,0.1959399953137666,0.3312844846200016,0.7404296097396674,0.8471837226410144,WDR54
3.2854253666670723,0.0772632499901248,0.2336843163543432,0.3306308750004771,0.7409233217636402,0.8473176294094757,C2orf74
26.49442270766525,0.1091820327541253,0.3308081004821336,0.3300464305287532,0.7413648794171268,0.8477039504222422,BAALC
9.360772286789915,0.0433403076133756,0.1314337516469776,0.3297502130943112,0.7415887092197204,0.8478412401055457,CCSER2
6.705726366546632,0.0988122670952124,0.3017925185146129,0.3274178816014217,0.7433518435860038,0.8493816129130523,CITED4
4.25254070047743,0.0719004935286722,0.2200050906430991,0.3268128629137587,0.7438094299984778,0.849666832450379,LYRM9
3.725886818143816,0.0733389736610594,0.2255240832780761,0.3251935340787125,0.7450346020336813,0.8504557105656273,PRAF2
6.37584073892972,0.0506554087714206,0.1558191203702922,0.3250910969786116,0.7451121269074681,0.8504557105656273,ATMIN
39.105692213738735,0.0358644380157832,0.1103267502590919,0.3250747251374579,0.7451245174323003,0.8504557105656273,EIF4H
18.56006840441988,0.0519219269366878,0.1601805326648657,0.324146299633804,0.7458272755544717,0.8509958163151813,TRIM56
6.018515259000167,0.0488815733007607,0.1508519201627722,0.3240367987892799,0.7459101745746333,0.8509958163151813,B4GALT3
10.53817822519373,0.0463128552643078,0.143380267408362,0.3230071759623932,0.7466898074968131,0.851565191922894,IFNAR2
34.536839696063645,0.0443846671632434,0.1374288037745787,0.3229648075526185,0.7467218945205649,0.851565191922894,PSMA6
3.989600199348723,0.0661284431647392,0.2053209187000537,0.3220735791726317,0.747396953467609,0.8521052909403976,GPD2
6.22620149307304,0.0647450073777972,0.2010313757480725,0.3220641909098511,0.7474040656186305,0.8521052909403976,MFSD12
4.185644392674575,0.0720742623150129,0.223902680495252,0.3218999529420164,0.7475284888385907,0.852128248088745,KCNQ5
4.869583506290577,0.055724423734744,0.1732783751836937,0.3215890250336788,0.7477640592757531,0.852159013715785,PLAGL2
11.902824660126631,0.0427505535394657,0.1331971303292094,0.3209570163696748,0.7482429649033812,0.852585868947919,DEGS1
14.533813142323533,0.0407133975769545,0.1271588110293328,0.3201775578694493,0.7488337346725128,0.8530211133429669,PARL
3.188578268258655,0.0816399025201127,0.2551042951835817,0.3200255897744173,0.7489489320214637,0.8530334156045972,LHFPL2
9.944506735917477,0.0477921389098007,0.1495474155451127,0.3195785011435636,0.7492878739600186,0.8531816078772732,AAMDC
2.1242521433221837,0.1164339327602861,0.366087932817447,0.3180490869070709,0.7504477025794114,0.8540262086039513,TTLL7
7.806955142630203,0.0413027764513149,0.1299713070288539,0.3177838047142639,0.7506489363659729,0.8540556978518435,VRK2
16.97414705683202,0.0353842141558811,0.1115452262039741,0.3172185431869291,0.7510777805484505,0.8543011467832213,MORC3
33.405516944415794,0.0440941897500524,0.1393966536402911,0.3163217236465102,0.7517583239636744,0.8545193180521301,FMNL1
10.003424747716016,0.0667780411817868,0.2112406783861346,0.3161230199219527,0.7519091346391996,0.8545193180521301,SH3BP2
3.0678620930753024,0.0613369519346412,0.1942869588342372,0.3157028773453241,0.7522280425138932,0.8545193180521301,CDR2
7.98930654988631,0.0437158088953684,0.1385482027400301,0.3155277948815845,0.7523609507864573,0.8545193180521301,MCCC1
8.598150912554171,0.078633496699055,0.2493049515599616,0.315410890184997,0.7524496993495381,0.8545193180521301,THEMIS2
88.25654201757821,0.0386625742711659,0.1228915119579688,0.3146073610388097,0.7530597894836358,0.8549374090974924,TMBIM6
3.4067770697003756,0.0680558336949037,0.2167199126112384,0.3140266756058787,0.7535007786139778,0.8551771988490364,ATP13A2
6.771996086609315,0.0426949807657964,0.1359891012554239,0.3139588420810569,0.7535522985819437,0.8551771988490364,PTRH2
50.15781917851555,0.0400398981185098,0.1276470011741074,0.3136767628711963,0.7537665511953471,0.8553015539254522,DUT
8.880509161062498,0.0466976235008755,0.1492826876254094,0.3128133894403919,0.7544224422437311,0.8558081043417364,GPS1
43.35095992060603,0.067964003432283,0.2180502346455682,0.3116896596912898,0.7552763871314125,0.8566578788521338,FKBP5
8.290823054139512,0.0475153987262674,0.1531758326209161,0.3102016676733846,0.7564076024220188,0.8577388517399507,ZBED4
18.148819713677423,0.0283637850386852,0.0914489170345288,0.3101598789625448,0.7564393789790826,0.8577388517399507,SMU1
6.680621492367319,0.0531316013605681,0.1716086938705623,0.3096090306511112,0.7568582880670935,0.8578348144764393,PPAT
24.101668203052316,0.0354758436534756,0.1146420365354526,0.3094488263256284,0.7569801336589227,0.8578348144764393,CPT1A
10.55806527600435,0.0566561057252814,0.1832479874126198,0.3091772331322189,0.7571867113776939,0.8578719659826868,MCM5
9.274704945831548,0.0360289087787299,0.1167254673209746,0.3086636498927581,0.7575773976386398,0.8580766448718223,DLST
14.075601594209209,0.059394417250615,0.1928794920752821,0.3079353673714208,0.7581315132698245,0.8585852522422366,FRMD4B
12.168030869795114,0.0396669172334368,0.1294524006469027,0.3064208700279972,0.7592842201206436,0.8590572365834642,TRPC4AP
3.3358530336186587,0.0609103035774993,0.1993730958541672,0.3055091426280131,0.7599784078069315,0.8593826325739119,NMNAT1
7.203830534342681,0.0654120079627786,0.2154314339618968,0.3036326071818657,0.7614078067469353,0.8601497565227718,OGFRL1
2.933985412434978,0.0788464704050585,0.2599369943489456,0.3033291609858856,0.7616390251280363,0.8601749878149506,PSPH
7.768634859329136,0.0463067877792832,0.1527348141688147,0.3031842349191014,0.761749462662514,0.8601749878149506,METTL3
2.7399261957114387,0.0795619126242219,0.2631260296464468,0.3023718813799092,0.7623685875348022,0.8606401946320626,CDYL2
3.828139152614645,0.050603936742542,0.1685521975719975,0.3002270956504521,0.7640039384961259,0.861771974247908,PRKAB1
5.707000397755525,0.063773963986819,0.2125806359277132,0.2999989331507364,0.7641779693888451,0.8618493012941688,ERMP1
2.935057383332711,0.0548208352904317,0.1840067641836497,0.2979283698273034,0.7657578346401376,0.8630564505650131,PPP2R5D
8.402249853859974,0.0392860789756125,0.1318749641822257,0.2979039973146594,0.7657764369840099,0.8630564505650131,E2F4
8.191262049587346,0.0487234916521971,0.1637860639892124,0.2974825236377023,0.7660981485307755,0.8632999547158967,DUSP11
2.734682051255844,0.0699646260020124,0.2357634265376273,0.2967577585272591,0.7666514572204991,0.8636834587437,RGS3
9.474621615293266,0.0399707876589659,0.1348414921895106,0.2964279541106661,0.7669032797984454,0.8636834587437,ATG4B
4.521318776057827,0.0573422635175752,0.1938621025322717,0.2957889281533488,0.7673912789185123,0.8639584185007723,PIAS4
10.136691740829413,0.0425635046893624,0.1439979484755222,0.295584104773532,0.7675477140507658,0.8639584185007723,SPNS1
6.160515462260378,0.0664257066478023,0.2248129319767277,0.2954710214565351,0.7676340861969901,0.8639584185007723,ZFYVE21
6.814004955827716,0.0447179166597029,0.1517278672204344,0.2947244792859017,0.7682043615910015,0.8642431279856909,NUBP1
4.985576252278834,0.0485135347109508,0.1648374628525797,0.2943113408287428,0.7685200074940524,0.8643429500555504,PAQR3
3.111545550774959,0.0712076475043698,0.2432967854644633,0.2926781271212919,0.7697681901769757,0.8650496330540598,FUCA1
25.22834123182717,0.0361080589375768,0.123770738984806,0.2917334034986201,0.7704904673277977,0.8657422453981621,PARP14
10.537298310050058,0.0374736447029375,0.12889766430885,0.2907240011203572,0.771262413837749,0.8664904693342839,PRKAA1
8.988005431550764,0.0382380817061338,0.1320754819110196,0.2895168819591747,0.7721858628602256,0.8670043758789636,ZCCHC9
5.643972447999523,0.0415971002216598,0.1437636531954155,0.2893436504783142,0.7723184118679268,0.8670043758789636,CSE1L
29.81568612799622,0.0724662627137093,0.2505089916463559,0.2892760943926922,0.7723701045743727,0.8670043758789636,PRDX2
19.025618286709957,0.0448072584938469,0.155216039763123,0.2886767280123097,0.7728287732065315,0.8670043758789636,UROD
12.133089353941529,0.0559584096663807,0.193919773107985,0.2885647439120098,0.7729144784992071,0.8670043758789636,MOB1B
4.4922788805961105,0.0685477397842407,0.2376386628455938,0.2884536504431512,0.7729995048975679,0.8670043758789636,RNF19B
10.917997457089214,0.0870742185926784,0.3021971816256271,0.2881370968593252,0.7732417970066909,0.8670043758789636,SLC2A5
1.9589200001499425,0.0799710492709406,0.2775496179241805,0.28813244229645,0.7732453598033919,0.8670043758789636,ARNTL2
2.63740632764182,0.0636231512101451,0.2213252097848498,0.2874645471792083,0.7737566441029022,0.8672655060308387,SEC22A
3.1970643830063508,0.0553727423972619,0.1930952967205413,0.2867638069786887,0.7742931773652401,0.8675098796450538,ZSCAN9
10.204718957508812,0.0482230416093929,0.1691787682885819,0.2850419239791072,0.7756120229129736,0.868696441305932,PRCP
3.818846921720563,0.055635630778206,0.1953320358249856,0.2848259403186414,0.7757774975167526,0.868696441305932,MEN1
10.771688237987632,0.0388336249755447,0.1371967346260744,0.2830506504501337,0.7771380104216804,0.8698622853637741,GNA13
55.08610461123181,0.0517638060735596,0.183440891776664,0.2821824816278214,0.777803590359968,0.8701304951850082,MEF2C
37.892829145158984,0.0681760721375369,0.2419198882562203,0.2818125976700636,0.7780872107430413,0.8702890387964409,IL1B
8.030250577443418,0.0494839414180808,0.1757276402108999,0.2815945252476651,0.7782544386204586,0.8702890387964409,CAMKK2
2.960879382385002,0.0487313433005354,0.1739821885005815,0.280093863173658,0.7794054928267814,0.8712068785071998,SMG9
7.809683049123956,0.0398680254607476,0.1425923844717817,0.2795943528711895,0.7797887401367829,0.8715160437228359,DHRSX
11.526822187589412,0.0531254116196811,0.1907691298963156,0.2784801275162031,0.7806438178885142,0.8718147270554393,BLVRB
1.6209471213546462,0.0656355611373076,0.2358493749620193,0.2782944035695556,0.7807863718100209,0.8718147270554393,ZKSCAN3
3.476476315473661,0.0648408650724763,0.2334188239012866,0.2777876436387912,0.7811753769723069,0.8718732420763174,LRRC27
5.097783449626483,0.0449774750377607,0.1623870932333385,0.2769769083379757,0.7817978372237695,0.8724488019605873,SEC24C
10.42302795151424,0.040198153877587,0.1452104578821265,0.2768268516184807,0.7819130619858192,0.8724582315288993,NUBP2
14.717334822344355,0.0431512413324955,0.1562719690331485,0.2761291202732738,0.7824488950829785,0.8729369090282657,HEATR5B
2.9074458107806573,0.0582184357383472,0.2121705296908612,0.2743945439697642,0.7837814354509124,0.8738270035570208,POFUT1
13.49605178053319,0.0383008167238285,0.1399246215790477,0.2737246403928364,0.7842962403988338,0.8741347071587382,PIH1D1
3.6393593700291538,0.0626552695677834,0.2298549100065085,0.2725861699713496,0.7851713442484647,0.8744221144683393,PIK3C2B
9.010795852192814,0.0313579659479173,0.1155783074809999,0.2713135936263156,0.7861498522444565,0.8751540112655933,PLAA
12.288476279725172,0.0356841068106133,0.1321321797909442,0.2700637109527123,0.7871112395762755,0.8757469959937019,RIT1
3.583522254066254,0.0975030386278223,0.3614207984980888,0.2697770549813502,0.7873317760132515,0.8758257749122257,CD4
2.6118654538046138,0.0761038812965517,0.2823121061189858,0.2695735664430782,0.7874883386147324,0.8758257749122257,PPP1R16A
19.932119098000733,0.0366948824671878,0.1370102944345477,0.2678257325015653,0.7888334624128522,0.876395042320973,RB1
6.550091412050606,0.0439258614485992,0.1650470026331226,0.2661415278545865,0.7901302133292922,0.8774332662562716,ST3GAL2
19.33711421745457,0.0391205968596535,0.1471533360161855,0.2658492013755678,0.7903553489847257,0.8774447767057328,RDX
37.94442400590635,0.0347671996854913,0.1310590042633922,0.2652789854531391,0.7907945519278535,0.8775380950281676,RNF24
4.6228728344261585,0.0474559548844147,0.1789559337916096,0.2651823489668476,0.7908689917742536,0.8775380950281676,ELMOD3
3.2011405545901135,0.0546100146889,0.2065864544716538,0.2643446049188729,0.7915143924925847,0.8778655395017148,ZNF629
3.086018038589715,0.0499031919742525,0.1889304150867984,0.2641353005619872,0.7916756635789113,0.8778655395017148,SIPA1L3
16.010339678707755,0.0316313139858867,0.1202630544404873,0.2630177167297843,0.7925369237675175,0.8784727930815361,OSGEP
7.174657585640854,0.0333896801863272,0.1269700401982998,0.2629729039557658,0.7925714637862054,0.8784727930815361,THUMPD3
7.506961332143706,0.0375948326383777,0.1436620568356145,0.2616893664650481,0.7935609392625226,0.8793309512766575,UTP14A
34.466145781855516,0.0286510471200809,0.1095568610492978,0.2615175977631263,0.7936933805284103,0.8793584559047648,KPNA4
3.737885988407845,0.0434421774664511,0.1667331352844316,0.2605491547456522,0.7944402041521392,0.8797087556751768,ZNF776
8.240759461823224,0.05917441981883,0.2275430727817569,0.2600581028260348,0.7948189553476244,0.8798896740476141,MATK
4.8072139449298845,0.0484784144449336,0.1868443561232302,0.259458810802722,0.7952812582933315,0.8801629637701222,RNF14
11.362179664766945,0.037023893092932,0.1428957565600119,0.2590972187293969,0.7955602306801555,0.8803524708677614,KIAA1586
3.910223378343423,0.0471146191458235,0.182163723909945,0.2586388669190541,0.7959138918620393,0.8806245647128942,ZNF268
3.8236328263475263,0.0508105925934478,0.1968931783297129,0.2580617217136978,0.7963592728585055,0.8808787895663799,POLR3H
29.993841400891103,0.06313448469615,0.2450956326302508,0.2575912268146949,0.7967224012657371,0.8809105077247715,PNP
21.92251150960471,0.0352670196735573,0.1369395513553039,0.2575371346299611,0.7967641524872819,0.8809105077247715,CBX5
3.445239164779831,0.0542990925148109,0.2108982430527257,0.2574658362669996,0.7968191852397242,0.8809105077247715,APOL1
26.36988696599832,0.0361259022401901,0.1405065002987008,0.2571119639546255,0.7970923420431939,0.881093280145419,CMPK1
7.115291941388173,0.048097207204429,0.1874201874745773,0.2566276763059648,0.7974662077392908,0.881268107037834,NDUFAF4
6.697438955230809,0.0532483282447375,0.2080458518061818,0.2559451571970987,0.7979931852062955,0.8815509789933966,PRPS2
2.6374133949723446,0.0815957099142311,0.3190964493576612,0.2557086112317537,0.7981758453875409,0.8815509789933966,FZD6
3.994873941547366,0.0475416347841149,0.1859647520751011,0.2556486336986884,0.7982221616393923,0.8815509789933966,SHQ1
11.705897033403105,0.0391775144369185,0.1532781368976758,0.2555975381085974,0.7982616195780372,0.8815509789933966,LRCH3
5.697493840783619,0.1204768810416924,0.4720430332158818,0.2552243599930307,0.7985498173903803,0.8816656818961746,VNN1
4.251449522843482,0.0476308627126595,0.1873836023798368,0.2541890651462085,0.7993494979857574,0.8822753948455523,RCL1
6.193985168785127,0.0338661639046455,0.1335272051331297,0.2536274452152296,0.7997833915566861,0.8825158801363514,RCE1
6.695585218507086,0.0498184777047844,0.1971043859542956,0.2527517460536689,0.8004600581945893,0.8829232443763497,ALS2
27.524661410565574,0.0253222664789969,0.1004233647109857,0.2521551289570252,0.8009211595104171,0.8832329274330092,PHF20
4.261979014944205,0.0472750472595194,0.1875345231522875,0.2520871702173454,0.8009736864861827,0.8832329274330092,ZNF101
11.180256600570996,0.0463716526332493,0.1842742665433435,0.251644754870546,0.8013156621402708,0.8833017543451015,MOB3A
21.34740791177524,0.0304929420137138,0.121202438564072,0.2515868688367536,0.8013604093697513,0.8833017543451015,IP6K2
20.554272189077924,0.0445503985207543,0.1788992974687108,0.2490250054142672,0.8033414390559277,0.8851271438141836,TMED3
2.5735535702826065,0.0825853172616643,0.3318863195298568,0.2488361598593547,0.8034875191323053,0.885168736528255,CLMN
5.172767199697407,0.0371225562035059,0.1494862151387248,0.2483343107527059,0.8038757541290689,0.8853577014407092,NAA60
16.81316200373229,0.030301114935117,0.1227815534218204,0.2467888220229342,0.8050716617106694,0.8861970292116232,STARD7
6.170053050055753,0.0944398672479143,0.3834881660392756,0.2462654016766767,0.8054767907738185,0.8865235529920354,SCPEP1
4.847864486824274,0.0480437197885891,0.1952563924972608,0.2460545295041398,0.8056400212903856,0.8865837863924229,C3orf62
42.88203936668419,0.036969255722592,0.150584549671928,0.2455049724764949,0.8060654584886472,0.886721529603361,FBL
9.222291026203017,0.031469853887332,0.1288612763009804,0.2442149790122217,0.8070643266598699,0.8873146680755917,HARS
5.253456630088716,0.0521865805068872,0.2148534000877647,0.2428939010765934,0.8080875903522485,0.888200659237049,TM7SF2
7.168870051744193,0.0419619721899223,0.1734258946384681,0.2419590931181197,0.8088118604789818,0.8888771636817432,ZXDC
7.495637498871976,0.0371377884862404,0.15375958716959,0.2415315309430371,0.8091431815667403,0.889046446251178,PRPS1
3.9475109885729047,0.0467237745216483,0.1934896131884181,0.2414794972800386,0.8091835051731747,0.889046446251178,TANGO2
3.36660733934926,0.0482844069049808,0.2012154558831959,0.2399637080215628,0.8103583914746064,0.8899692951114825,LRSAM1
5.12195778897441,0.0478350029393824,0.200044708582526,0.2391215607667457,0.8110113235917883,0.8903363596760046,KATNB1
7.343077562746634,0.0396693743836424,0.1662711884901407,0.238582371028127,0.8114294363003103,0.8905560676977616,STK16
2.6009086797811194,0.0544948788319168,0.2294110878981102,0.2375424803186497,0.8122359675508551,0.8912018384393765,LMBRD2
9.169857432697276,0.0348846169003372,0.1469663194397041,0.2373647039221757,0.8123738695253402,0.8912334704473086,PEX16
6.302952239243372,0.0380111682374936,0.1606303244046128,0.2366375612972495,0.8129379779635051,0.8914932516359952,PELP1
10.211512600105312,0.0380472924691298,0.1609154589532799,0.2364427427707644,0.8130891323158898,0.8915393585820095,KPNA1
2.5955728578014017,0.0727207044624803,0.3080214410506093,0.2360897482150664,0.8133630288457815,0.8917155631390841,RHOBTB1
7.810227291023414,0.0402293754293875,0.1704964365226656,0.2359543474918288,0.8134680954153387,0.8917155631390841,PARP11
15.644495248266244,0.0305825971382809,0.1305903138118848,0.2341873317062027,0.8148395494298631,0.8929333724780627,MAP7D1
2.948908741208838,0.0521393265612667,0.2229627722414069,0.2338476779648859,0.8151032339099812,0.8929333724780627,TSPAN17
9.139790699772536,0.0523760722240159,0.2247133812046407,0.2330794541172354,0.8156997088117022,0.8934426703351767,PRDM8
16.786985875590727,0.0309563028688152,0.1333920199740968,0.2320701258952866,0.8164835475846777,0.8939417214678281,FAM120A
9.737402455593884,0.0263660532633834,0.1142369430757174,0.2308014601363043,0.8174690468336006,0.894701045864194,RNF41
6.729713386548196,0.0469867513289898,0.2037230078644892,0.2306403769585222,0.8175941968862999,0.894701045864194,MAD2L2
9.762085478160293,0.0325043480602218,0.1412974241779101,0.2300420425166072,0.8180591004349494,0.8949472365315266,CRK
20.054434016228164,0.0236071272796572,0.1029905749515283,0.2292163850019072,0.8187007381829369,0.895529281351108,GTPBP4
8.669627008067783,0.1119804000268318,0.4902308201128904,0.2284238269659279,0.8193167677967139,0.8959732277667368,MARCKS
3.884930214614653,0.0918416311246304,0.4020874613432839,0.2284120743725958,0.8193259035458399,0.8959732277667368,FGD4
3.9929357153228744,0.0435686691074075,0.1912856251924411,0.2277676070200031,0.8198269106640201,0.8962713470923126,MSANTD3
22.9236646502435,0.0240523046524387,0.1056602707003342,0.2276381131054837,0.8199275877511978,0.8962713470923126,COPS2
32.80392236406038,0.0286821675925783,0.1263894278460346,0.2269348637887529,0.8204743918111097,0.8963074664228982,ODF2L
9.570932591170491,0.0369492236555903,0.1630618434596079,0.2265963812971551,0.8207376064157234,0.8963074664228982,APOOL
3.452525297429438,0.0528774145539639,0.2337437258008597,0.2262196102710084,0.8210306191285893,0.8963074664228982,MOSPD3
3.133128306094578,0.0554829784015948,0.2455874645217316,0.2259194234919318,0.8212640905805926,0.8963074664228982,C16orf86
2.1014059456995136,0.0603900272014863,0.2683185039731326,0.2250684403321411,0.8219260320926706,0.8967143153419276,CTC1
2.791293868330147,0.0529792842869932,0.2377493392777828,0.2228367256368819,0.8236625836483323,0.898395363291765,NLE1
6.774679718622521,0.0430417378270417,0.1933847015469137,0.2225705419443434,0.8238697654826224,0.898395363291765,USP5
2.7714502695111407,0.0527127821890569,0.2368867698057937,0.222523116138028,0.823906680248094,0.898395363291765,ABHD15
3.2081007780288204,0.062606222273858,0.2818977773404621,0.2220883856003069,0.8242450790550115,0.8984667210456909,TNFRSF10A
15.69907618979157,0.0254099009703431,0.1146436771148577,0.2216424107269851,0.8245922645221584,0.8986132570786955,SCNM1
13.368229997144637,0.0297776151252265,0.1349053482323952,0.2207296857788766,0.8253029155950542,0.8992136383809073,SARNP
5.960255358844941,0.0390157885125992,0.1769608568359743,0.2204769416818719,0.8254997284370161,0.8992345395359098,RFNG
7.683820953468723,0.0355778798557977,0.1630890940053493,0.2181499632012843,0.8273122697012285,0.9005931191430241,DOCK7
17.90008868786217,0.022163431345377,0.1015985462614879,0.2181471306521867,0.8273144766067119,0.9005931191430241,ATF6
4.294141770843797,0.0403816537234861,0.1853742755492967,0.2178384978381068,0.8275549478414707,0.9006313465726711,TM9SF1
6.509987492456349,0.0393988118377318,0.1818108587967621,0.2167021931389364,0.8284404387401494,0.9012215622396405,TFCP2
6.942764126672125,0.0378284727646157,0.1748472187246901,0.2163515842032319,0.8287137026838276,0.9012937128483368,IFIH1
2.388783227287106,0.0516735302644916,0.2397920636908775,0.2154930795837572,0.8293829070225665,0.901700984985142,DSN1
5.515300181542407,0.0378788901270417,0.1758157806847822,0.2154464745969207,0.8294192391565691,0.901700984985142,MPI
5.463683733489854,0.0504899385952431,0.2348997020509759,0.2149425399623806,0.8298121178380028,0.9020080903092084,TRAP1
3.154416323154858,0.0486425365284205,0.2270215702547083,0.2142639418529515,0.8303412352827155,0.9023431617894758,PTRH1
7.9006218153013235,0.0363869993016914,0.1701640500002153,0.213834821759622,0.8306758691125322,0.9024667632653238,THOC3
4.476863855752431,0.0403247909698041,0.1887963089259395,0.2135888736342965,0.8308676767360841,0.9025551431282296,SWSAP1
6.840114990763882,0.0498456837119935,0.2340485593085208,0.2129715468416421,0.8313491558916061,0.9026432377272708,EGLN1
7.965068195245204,0.0338702103811821,0.1590514767658957,0.2129512474193175,0.8313649893417163,0.9026432377272708,TMEM9
18.265899289313452,0.0295530632071499,0.1388491990307433,0.2128428785578116,0.8314495176814359,0.9026432377272708,LPGAT1
4.709683523168952,0.0747598905910837,0.3513537068925773,0.2127767236391811,0.831501119859646,0.9026432377272708,CSF2RA
11.07961036951849,0.028146787672085,0.1324021360083351,0.2125856011138154,0.8316502033853276,0.9026851503535482,TRAPPC6B
6.894167269166867,0.0405652132911755,0.1929806452902471,0.2102035322255482,0.8335088228353175,0.9041513863045448,CKS1B
2.6400518288786063,0.047960909453953,0.2282274479702965,0.2101452295965518,0.8335543254230983,0.9041513863045448,SLC16A5
2.1372245483572416,0.0508853799546082,0.2437875579513697,0.208728371464957,0.8346602907111922,0.9049054532893792,CENPQ
4.617225672960928,0.0470897135579326,0.2259234576835621,0.2084321568054631,0.8348915501456118,0.9049360657763637,PDK2
6.090532416061686,0.0374930148490854,0.179937187351004,0.2083672385961421,0.8349422347188845,0.9049360657763637,KIAA0930
9.364466806755331,0.0637086879590731,0.3073965957157506,0.2072524186897129,0.8358127316966094,0.9056262561941218,NRXN2
3.996057155837083,0.0410500982947421,0.2005167525465993,0.2047215395890787,0.8377896906600627,0.9072670917377051,ZNF85
8.37887796642581,0.0404329364394199,0.1975072367076605,0.2047162276857056,0.837793841056922,0.9072670917377051,PRELID2
9.619270130298611,0.0332947511233818,0.162885600124509,0.204405736897132,0.8380364474334465,0.9073268599415254,EBAG9
18.989535518916213,0.0384757857740332,0.1888515014736102,0.2037356625380593,0.838560071969952,0.907569868771997,TNFAIP8
5.348105264518847,0.0425872430602879,0.2090844516163331,0.2036844094865308,0.8386001262251948,0.907569868771997,DZIP3
5.457543182606634,0.0478745382269479,0.2354435607645915,0.2033376409678722,0.8388711367719386,0.907569868771997,AKAP7
5.538903442667735,0.0343056958116915,0.1689873084101538,0.2030075284022353,0.8391291479210776,0.907569868771997,C6orf226
5.402352704233136,0.0511980288630816,0.2523291524895592,0.2029017589047704,0.8392118194709957,0.907569868771997,GRB10
2.446564057760135,0.045619840005419,0.2261701685678567,0.2017058230724709,0.8401467100170787,0.908167584012376,WDR19
3.7278831931262144,0.0406730373395631,0.2019208629472268,0.2014305839718666,0.840361902726733,0.9082800406322932,GM2A
9.699105182232698,0.0296472417227605,0.1474256170736163,0.2010996617226728,0.8406206464973109,0.9084395321425112,SLC30A7
6.474623109586072,0.0349084170454677,0.1742768202745865,0.2003044179396139,0.8412425075505291,0.9088711528752312,FASTKD1
7.368823441213562,0.0266578936628875,0.1343139694010583,0.1984744683055838,0.8426738587350713,0.9101693307000336,HMG20A
3.586868505053063,0.0413849198595729,0.2086553739657427,0.1983410207607095,0.842778259218756,0.9101693307000336,BBS2
10.1344732798528,0.0436503946632463,0.2215581100976081,0.1970155578778678,0.8438153629640816,0.9109281715919556,AKR1B1
13.402885111666166,0.0572699407749139,0.2909143063377846,0.1968618920666523,0.8439356157892817,0.9109376375976512,PDE3B
7.850122371130659,0.0265934149321584,0.1355277996459609,0.1962211074158095,0.8444371078582703,0.9113585534684884,TCTN3
93.76716377420014,0.022472562800742,0.114870150865132,0.1956344849509846,0.8448962667113765,0.9116313873932416,EIF4B
49.741265693732,0.0287647970303462,0.147341272338773,0.1952256592722307,0.8452162923252634,0.9117177986257065,IFI16
4.369890297141593,0.0505127014357003,0.2590159020810942,0.1950177615731312,0.8453790428543735,0.9117729882739026,KLHL7
15.036068818743074,0.0244052667671641,0.1257797677738048,0.1940317365750998,0.8461510319125911,0.9122443702015808,RCOR3
6.139957538062595,0.0373142541618564,0.1934309993075504,0.1929073121445633,0.8470315583338862,0.9129527586263269,RCAN3
10.63311659634308,0.0680943999280077,0.3565115721810882,0.1910019344152439,0.8485240776151799,0.9141996622090764,IKZF2
17.202031061728672,0.0210978795127658,0.1106426646794998,0.1906848463373545,0.8487725117171149,0.9143467624575538,SMARCA4
18.142059219236906,0.0254651817350148,0.1338557911545351,0.1902434068438294,0.8491183984330708,0.9144782435213684,SRPK1
5.092322293647252,0.0354913615115221,0.1867317899311192,0.1900659846114793,0.849257424525001,0.9145074348700294,TMEM128
12.81038780948191,0.0264663983672923,0.1398977225788674,0.1891839114991448,0.8499486767364359,0.9150106241914912,VTI1B
14.162298668361728,0.0284575368580217,0.1505465554513334,0.1890281499480812,0.850070754032695,0.91502149008051,MSL1
7.398407256302375,0.0911803013501415,0.4852690716093877,0.1878963789053017,0.8509578813975565,0.9158557493281656,MNDA
11.096305044257184,0.0282666123210048,0.1513935223959498,0.1867095227963402,0.851888389289868,0.9166157530797354,RHOQ
4.618509230505668,0.0312196842663157,0.1685582450650865,0.1852160020665894,0.8530596184032814,0.9172946209959096,TMEM184C
6.728317957239797,0.0518782532427759,0.2803531576332989,0.1850460814521396,0.8531928918821335,0.9172946209959096,HAGHL
5.804906027374177,0.0283879940502963,0.154048358882521,0.1842797564104226,0.8537939940058489,0.9176235819177694,OSBPL2
14.907456149229692,0.0209722055744006,0.1139016587735163,0.1841255500598286,0.8539149630866153,0.9176235819177694,NELFE
11.607900206789257,0.0399072311283264,0.217152960570796,0.1837747504037178,0.8541901650096245,0.9176423663283778,FLOT1
6.416906657749171,0.0299554702353955,0.16383620148694,0.1828379196021792,0.8549251945556336,0.9183112613006552,TRAF3IP2
5.682696008553113,0.0263601738519297,0.1444224682146152,0.1825212806414432,0.8551736553154422,0.9184132380948624,BTBD3
6.440778704453224,0.0389627604294909,0.2137754773585968,0.182260196122182,0.8553785343310951,0.9184132380948624,SPATA20
27.180255247592548,0.0254650591133414,0.1398422880432687,0.1820984157915254,0.8555054919635388,0.9184132380948624,TIA1
2.9582244187453557,0.0358439792479314,0.1969441165757329,0.1820007617955318,0.8555821280599796,0.9184132380948624,ELMO2
2.035862192401206,0.046412187803661,0.2552377780288198,0.1818390214885056,0.8557090602781451,0.9184288364025646,FTCDNL1
2.37568595414452,0.0382263958202215,0.2114854874270183,0.1807518628596828,0.8565623485066646,0.9190816169391264,AMN1
12.54054733574706,0.022710273705916,0.1259761270091723,0.1802744237744543,0.8569371335794005,0.9192639252300489,TMEM242
12.440934857064086,0.0249963508996191,0.1387906147256702,0.1801011613719433,0.8570731508746663,0.9192891462059462,NMT1
4.423750748820853,0.0419951038292846,0.2339420382246826,0.1795107204672283,0.8575367003392622,0.9195980197938154,C8orf82
4.660142455071497,0.0294658688753739,0.1642031347558818,0.1794476635246967,0.8575862086438468,0.9195980197938154,APPL2
7.913959330022572,0.0274359495938063,0.1534566718622159,0.1787862936219564,0.8581055079827721,0.919875832720599,WBP1
4.3555382996967555,0.0409615040633813,0.2292353171953763,0.178687579926744,0.8581830220082152,0.919875832720599,NPEPL1
5.810807673634492,0.0276899211455384,0.1562389709793785,0.177228005099913,0.8593292989541923,0.9208629117055352,WDR37
21.87717830482607,0.0239306345489889,0.1351741810252481,0.1770355430858433,0.8594804711592572,0.9208894311661164,CNOT6L
18.93004790908659,0.0216640821465944,0.1226662837510854,0.1766099166300267,0.8598148041914134,0.9209000871736844,RNF149
28.474169371736934,0.024230331816399,0.1377814069722918,0.1758606792371618,0.8604033972627428,0.921288973795554,NFKB1
7.146707072447905,0.0260923209240474,0.1489491028865986,0.1751760864509044,0.8609412740241726,0.9216915628580492,ZCCHC3
7.216505824611993,0.0253096762681963,0.1456017717388326,0.1738280789164746,0.8620005765397065,0.921977382687216,WDSUB1
3.500605228685259,0.0302442249233014,0.1742164555713217,0.1736014248718308,0.8621787121401161,0.921977382687216,E2F6
3.4915915703008595,0.0624334211595041,0.3596649481399233,0.1735877279184157,0.8621894772952161,0.921977382687216,GPR27
10.481923890324635,0.0267569617056943,0.1546847418690584,0.172977382141183,0.8626692060523397,0.9221441761713328,ALYREF
2.344288014412935,0.040514069356601,0.2354279818639472,0.172086890588961,0.863369218811597,0.9225303892911676,ZFP64
3.151622912801584,0.0416708571114865,0.2425305186535891,0.1718169628417188,0.8635814294231479,0.9226364879467236,CCDC126
42.0323548047733,0.0275257403068022,0.1609316010807952,0.1710399953889919,0.8641923171702464,0.9229271237221388,MYB
31.784669105642664,0.0154049286067349,0.0901754680785422,0.1708328100200967,0.8643552296158873,0.9229804732346336,OS9
3.8650445436521497,0.0314924418895163,0.1847523849587143,0.1704575661989631,0.8646503031979401,0.9230543019898574,ZNF337
13.712969320687431,0.0167417754719215,0.0987200274765533,0.1695884401561563,0.8653338142762498,0.923663304565805,UBAP2L
2.8013848283498595,0.0358893926508539,0.2147047332067519,0.1671569700156258,0.8672465409360295,0.9250772913688232,LMAN2L
62.80205095505593,0.0168073782001397,0.100618285893974,0.167040991116172,0.8673377957626428,0.9250772913688232,HNRNPM
4.56346623107364,0.0319829214732456,0.192104585581619,0.1664870277636195,0.8677736910515438,0.9252997722552287,SPIN2B
5.434116429396565,0.0310537145102262,0.1865366882685801,0.1664751036295571,0.8677830741974717,0.9252997722552287,DPAGT1
23.337691881548416,0.017295078004247,0.1042306360734472,0.1659308496597858,0.8682113694990977,0.9254050482881722,ARPP19
15.23630547005425,0.0281114221943276,0.1704539595341169,0.1649209104391677,0.8690062336141186,0.9260106852974652,MIB1
6.026530948690883,0.0308005662944706,0.1885237049902235,0.1633776839685382,0.8702210724109093,0.9267459909949076,KLF16
9.496311869951017,0.0288037338750657,0.1773943781581339,0.1623711764382371,0.8710135674873027,0.9272122474488952,NOTCH2
9.11726104514693,0.0237524187653148,0.1476470455872988,0.1608729702029209,0.8721934516404686,0.9280756209603164,KDM5C
17.782995532781314,0.0184433706207205,0.1148681721462682,0.1605611918089508,0.8724390226900562,0.9280952030204984,INTS10
2.523917126854335,0.04347406410901,0.2751260164487361,0.1580150967551646,0.8744449026788851,0.9291230682300192,USP28
22.26815494956194,0.0228830031062695,0.1452939616247086,0.1574945224865976,0.8748551244469601,0.929211618017742,MAFG
3.641921192940094,0.0280429433594143,0.1790764633192836,0.1565975943439051,0.8755619985887639,0.9294812382056372,ZRANB3
10.058506995881014,0.0612804350049306,0.392985146344901,0.1559357537425811,0.8760836626064039,0.9298430995284616,GPR183
2.688077371290888,0.0523997105117801,0.3370382847361725,0.1554710930029734,0.8764499412655932,0.9298918209888332,GPR132
10.005477021848558,0.0314859862232395,0.202923148374242,0.1551621215987213,0.8766935091644266,0.9298918209888332,PDK1
3.135337775513436,0.0346248902684721,0.2231552537190285,0.1551605426779144,0.8766947538870441,0.9298918209888332,RBAK
5.189048286520616,0.0451929132061911,0.2915605549580319,0.15500352306812,0.8768185398697581,0.9298918209888332,TNFRSF12A
4.49525627380281,0.0312765932319762,0.2026003498161916,0.1543758106062095,0.8773134253502369,0.9300114165200812,ZNF514
2.314981941177287,0.034632399883551,0.224598722319579,0.1541967804886842,0.8774545806303159,0.9300403915333132,ZBTB45
2.4732203198532576,0.0446933933492328,0.2907586465656613,0.1537130327064577,0.8778360083010603,0.930157699994166,PIK3R5
12.461021412386042,0.0300147423072896,0.1953788432750551,0.1536232982249505,0.8779067656780087,0.930157699994166,RNF145
2.0977535755411676,0.0430925856832924,0.2812855376926107,0.1531987248145837,0.8782415632529621,0.9303917818410417,TRMT5
25.476780217704835,0.0134285021349838,0.0879936655701703,0.1526076001945314,0.8787077311217905,0.9307507524583843,CDC40
8.883152068323312,0.0251272175224218,0.1665610123176866,0.1508589385521744,0.8800869919858283,0.9316220768902972,TP53
2.8261600287675535,0.031087342020862,0.2073390281451898,0.1499348304029523,0.8808160316288647,0.9318407177755952,ZNF550
7.720043105904912,0.021752390687995,0.1457169990405258,0.1492783328727856,0.8813340115590942,0.9322175027118912,ACOX1
12.06876799801776,0.0280260370638826,0.1880294930126757,0.1490512824070279,0.8815131673708989,0.9322226609513856,CMBL
10.885549914360446,0.02872408204289,0.192801103226119,0.1489829755237562,0.8815670665978896,0.9322226609513856,SPTSSA
7.611363288483263,0.0191569529956951,0.128897453432529,0.1486216560959658,0.8818521837015911,0.9323536444438532,RRP8
6.059112543662188,0.0198184299062218,0.1334243731713245,0.1485368035476835,0.8819191430555061,0.9323536444438532,GOSR2
9.576241142975256,0.0220272088330501,0.1494566436552089,0.1473819316046342,0.882830566270922,0.9327079051631172,PPFIA1
12.024334245333332,0.0240553406073197,0.1634542082366407,0.147168683307888,0.8829988785127401,0.9327079051631172,NOA1
6.766721004780222,0.0205281684455214,0.1395526997622537,0.1470997585893632,0.8830532804236784,0.9327079051631172,TRMT6
2.5495124538545393,0.0375231184426126,0.2586914622324673,0.1450496978864084,0.8846716334258635,0.9339343561657276,TMEM62
12.634395316250902,0.0209090978412834,0.1444061142540912,0.1447937156212973,0.8848737441445007,0.9340270460411724,ITCH
6.276781982589605,0.0210403881606531,0.1462437997030029,0.1438720014344727,0.8856015452532262,0.934379705755453,MED7
12.100808113072944,0.0188293765358959,0.1310840802775123,0.1436435034371309,0.8857819860891921,0.934379705755453,B3GAT3
6.83112952859865,0.0233676561201171,0.1631219467519164,0.1432526804970995,0.8860906257907524,0.934379705755453,TXNDC15
5.024305935738252,0.0243428987275423,0.1700171509735716,0.1431790768645824,0.8861487537998826,0.934379705755453,TAMM41
4.40681867309924,0.0246733891371403,0.1724600081362497,0.1430673082054332,0.886237023571749,0.934379705755453,COX10
4.642726117683501,0.0278620021540769,0.1956708142230914,0.1423922226965868,0.8867702051820501,0.9345604290200048,VEGFB
10.287177168806688,0.0190509371249763,0.1340868436820969,0.1420790929357972,0.887017532053518,0.9345604290200048,ZNF330
2.09193584330308,0.0334415022203615,0.235376475101955,0.1420766548818276,0.8870194578040026,0.9345604290200048,C4orf46
4.545280588928455,0.0262661936330729,0.1850218684535248,0.1419626439437384,0.887109512592695,0.9345604290200048,CHRNB1
9.60458060113524,0.0216106728762779,0.1523631465770956,0.1418366144423448,0.8872090622822392,0.9345604290200048,ACYP1
5.735455165496539,0.0228926820205067,0.1634685267442965,0.1400433617188969,0.8886257302471169,0.9359320497356526,C17orf80
7.423130596782311,0.0260587916418815,0.1895094746972757,0.1375065372510167,0.8906304258504426,0.9378017022711296,PDLIM5
4.024157388690788,0.0388689006155895,0.283430497455757,0.1371373263092722,0.8909222490458959,0.9378672631994353,ZNF467
19.256213527062055,0.015101899036393,0.1104866396936422,0.1366852958716788,0.8912795526324173,0.9379798408157962,FAM177A1
7.280700985977584,0.0176969600287183,0.1295850662171096,0.1365663540200573,0.8913735728716995,0.9379798408157962,NSUN2
3.2785826958015742,0.0318950478527698,0.2365370705483543,0.1348416456618356,0.8927370780299628,0.9389309646779284,TTC4
10.800378399817795,0.0179714978762195,0.1339696901584435,0.1341459986580917,0.8932871266567198,0.9392424434434044,DPP8
4.413086814523483,0.07140321665411,0.5327366625007374,0.1340309794316271,0.8933780774008249,0.9392424434434044,PIEZO2
16.786392264819774,0.0152444248216357,0.1141948446895868,0.1334948601495483,0.8938020288973676,0.9393255791794716,RAB5A
3.7516365138551544,0.0433289144243508,0.325951354653842,0.132930616196904,0.894248253543303,0.9396736728012252,DCUN1D3
3.823388613715841,0.0388509717696849,0.2938481461561076,0.1322144525255752,0.89481467001311,0.940147957911421,CTTNBP2NL
9.165670597108834,0.0174704919624081,0.1323580820117962,0.131994145705822,0.8949889222840901,0.9402101419366546,PRPF4
5.928890456774743,0.0210025804835656,0.1605808564035521,0.1307913094620976,0.89594039798347,0.9408760266071716,ARHGAP35
16.304529464062053,0.0184176872438908,0.1410122154108822,0.1306105800141166,0.8960833727887663,0.9408760266071716,SND1
5.7892524273475185,0.0234820329539126,0.1821708346952881,0.1289011657282594,0.8974358542482689,0.9419329948699556,PTGES2
22.61152351566617,0.0153157030549217,0.1190944746414666,0.1286012898669698,0.8976731456188255,0.9420276815649212,ARL5A
4.247091276491581,0.0241977558202186,0.1894990632872689,0.127693274048201,0.8983917130497018,0.9425563919378084,JMJD8
5.726048982231578,0.0190894645388903,0.1498131881304097,0.1274217896108936,0.8986065711902494,0.9425563919378084,ZC3H4
26.548177255843164,0.0159016352521589,0.1249397078639467,0.1272744712151485,0.8987231649874476,0.9425576923517436,CASP8
9.636176527988004,0.0166349993140507,0.1314170675622445,0.1265817265795533,0.899271460663682,0.9430116921307682,ARMC1
24.72772205664832,0.0185583658140266,0.1488362965041728,0.1246897850183094,0.9007691446591102,0.9440975732439186,GSDMD
9.818274188207024,0.0156900757355877,0.1260953896186376,0.1244302094076611,0.9009746555601226,0.9441918571991488,FAF2
4.234741922602259,0.0222730831729626,0.1799522843997398,0.1237721613107503,0.9014956743477194,0.9444955962424944,TMEM135
6.393123501583248,0.0227978276306565,0.1844130876009858,0.1236236968169208,0.901613229063156,0.9444976531634676,RAB4B
22.80124365485909,0.0267086383216667,0.2188140695377442,0.1220608819994532,0.9028508018094336,0.945309315938606,FNDC3B
3.343666747609349,0.0210678618046488,0.1729290877022003,0.1218294856266728,0.9030340617290236,0.945328458405046,MFN2
10.35312552191642,0.0266138991332749,0.2186024919025034,0.1217456347439294,0.9031004707269352,0.945328458405046,IL16
8.530072557496698,0.0377250916027115,0.3108485175502034,0.1213616584052672,0.9034045845135432,0.9453690893196532,STON2
16.830453769852728,0.0234873879806556,0.1973983417048901,0.1189847279252691,0.905287455171879,0.9465263974676168,ELOVL5
3.9970348158420346,0.0289990540432186,0.2468110348606217,0.1174949655698941,0.9064678333058884,0.9473968618498868,NT5M
22.627298484230796,0.0168097884906648,0.143314086879915,0.1172933439875313,0.9066275993526998,0.9474426543433828,SP110
3.4732313192219437,0.0235290761609842,0.2047412274031033,0.1149210467252849,0.9085077027431564,0.949285989656564,CC2D1B
5.406385471788217,0.0196348401279524,0.1723507243298173,0.1139237459215918,0.9092982415898284,0.9496283238105224,VPS11
8.766105699731797,0.0173754078443313,0.1530438031231445,0.1135322534447898,0.9096085938299862,0.9497758547633054,POGLUT1
38.84290850875822,0.0096973181877136,0.0856099812670258,0.1132732193629011,0.909813948421094,0.9497758547633054,ANAPC5
7.906898958271635,0.0248674069447366,0.2202299733119393,0.112915633466085,0.910097441886033,0.949853901858574,SDF2L1
25.24610754009526,0.0131701138421582,0.1171248974127968,0.1124450405769947,0.910470544533081,0.9500995682990748,CUL5
5.438978572364424,0.02117622514872,0.1885256555704585,0.1123254290491287,0.9105653799229048,0.9500995682990748,RABL2B
5.777231488980793,0.0268255913078977,0.2428660614456991,0.1104542608720794,0.9120491223810124,0.9508359983208736,FAM126A
5.474431041849103,0.0187508954042343,0.169832620486354,0.1104080909223267,0.9120857367322244,0.9508359983208736,ZMAT5
13.734244614165812,0.015934174204454,0.1464262617009346,0.1088204671713774,0.9133448897673684,0.9518141915861534,MTR
6.411896119610693,0.0195702977283973,0.1798999129424285,0.1087843646409111,0.9133735254224732,0.9518141915861534,LZTS2
32.28387983374955,0.0118603306086028,0.1106874226378236,0.1071515654259164,0.9146687393138117,0.9529252828343988,XPO1
11.116823029300736,0.0347104452853017,0.3239988850477703,0.1071313726285941,0.914684758625465,0.9529252828343988,OPTN
3.1905653605290216,0.0415602144629432,0.3901706599121768,0.1065180412906957,0.9151713419601896,0.9531482289903837,CACNB4
20.17540338319235,0.0168562217239748,0.1583704992726678,0.1064353639180829,0.9152369360737426,0.9531482289903837,MEF2A
3.926431632526915,0.0279389698562112,0.2646074142349261,0.1055864966482238,0.915910438969937,0.9537280740185236,BAG2
17.09219698858597,0.013752159833904,0.131392463182308,0.1046647539807728,0.9166418305516696,0.9542464514508464,USP1
13.297742634713773,0.0148886094195618,0.1445807085397558,0.1029778424101984,0.917980556642264,0.955196957827664,DCLRE1C
3.0263138358484767,0.024119520726151,0.234340703913588,0.1029250161126297,0.9180224831502442,0.955196957827664,CHCHD6
4.856213694881308,0.0195532474464612,0.1911287431328568,0.1023040654480183,0.9185153284805444,0.9555880760140728,PEX3
33.529101626269274,0.0182886620568195,0.179130753091266,0.102096718409382,0.918679905734712,0.9556376205930402,BEX4
15.008566871786536,0.0220914351106938,0.2180868475696606,0.1012965034658383,0.9193150917488347,0.956054933776216,ITGA6
206.9111599485101,0.0145341518907507,0.143932501144682,0.1009789434294685,0.9195671754336616,0.9560674081750596,EEF1D
11.25175502539599,0.011115607654126,0.1106680427922648,0.100440988867863,0.9199942298677444,0.9561586696306346,SIKE1
9.014010869871075,0.0142717604083412,0.1423100250643214,0.100286402183477,0.9201169525524024,0.9561586696306346,TTC9C
4.062404471080264,0.0293305749061846,0.2940350405626478,0.099751971227849,0.9205412391918324,0.956185541912322,IL4R
3.95455714903253,0.0227376052212709,0.2284752587793574,0.0995188947054833,0.9207262865638356,0.956185541912322,NCAPD2
7.648922134798364,0.0156869945240215,0.1576315644043177,0.0995168358780298,0.920727921156058,0.956185541912322,RRP1
16.041409830796546,0.0125134611245905,0.1259630317488803,0.0993423304508691,0.9208664697838866,0.9562078948537476,GATAD2B
1.8061591037524776,0.0461202918123527,0.4718120616577905,0.0977514047654936,0.922129695875914,0.9572762984375676,MPZL2
5.669354602752991,0.0170839211459194,0.1760617559037021,0.0970336860394804,0.9226996430719142,0.9575030205156988,ACSL5
7.733997499491423,0.0166726278577134,0.1728628691361945,0.0964500238890368,0.9231631639581348,0.9576191713472032,MTA2
4.804908525671161,0.0357014513261346,0.3712136940970025,0.0961749307578221,0.923381640860049,0.957724217754184,BANK1
4.542012037998576,0.0224712771923376,0.2342388671600949,0.095933170548418,0.923573649778134,0.957732017364524,SIGMAR1
5.089838020702942,0.0188867436867656,0.1970030726331789,0.0958703000634555,0.9236235830170664,0.957732017364524,TRAF3
8.18020462115307,0.0199144473127229,0.2094377332137058,0.0950852886304048,0.9242470831007764,0.9581353610779552,C20orf194
4.765109659350775,0.0199134482968963,0.2116279117113514,0.0940965118252319,0.925032491248961,0.9588279190657442,UFSP2
3.7614804544541807,0.0181628965508246,0.1936158871361497,0.0938089163006161,0.9252609487386514,0.9589430761217048,TCP11L1
31.009248671791006,0.009858049294147,0.1057730542546422,0.0932000060281366,0.9257446696016184,0.9593227261020704,CEP57
4.431769052517757,0.0175889568453055,0.1896851131091783,0.0927271337059631,0.9261203402955136,0.9595903246962516,HDHD3
3.02763041808024,0.0201883064337345,0.2182769970517617,0.0924893905744322,0.9263092201857144,0.9596643385491912,ZNF717
8.048440615211323,0.0263192646631554,0.2877642903802044,0.0914611907835454,0.9271261422133326,0.9602671704937432,MIR22HG
9.449956187789944,0.0163882476817494,0.1805034976103037,0.0907918566604769,0.9276579807704416,0.9606166878629112,EMG1
7.930125710911063,0.0124211621299567,0.1368865186324077,0.0907405802562069,0.9276987252387996,0.9606166878629112,TIMM23
31.871398446230742,0.0074364567060446,0.0830482875829752,0.0895437693235365,0.9286497703761114,0.9609326082067136,SRSF4
2.1517519698043195,0.0206085265336279,0.2309161831369384,0.0892467831992816,0.9288857860703986,0.960993385411652,SMPD1
19.38553730396669,0.0158307350753859,0.1797152860005026,0.0880878606805972,0.929806844645857,0.9611548580476532,LPCAT2
3.932430179308195,0.0174282415066505,0.199048045038906,0.0875579637229996,0.93022801389582,0.9611548580476532,PDP1
23.13784974546245,0.0098576990402591,0.1130049909062426,0.0872324218709758,0.9304867686489876,0.9611548580476532,HUWE1
6.344436114064322,0.0117176095419422,0.136454879960697,0.0858716782083372,0.9315684258421092,0.9611548580476532,MCCC2
60.630226090198846,0.0078605362983928,0.0915530213760777,0.0858577486602399,0.9315794991179014,0.9611548580476532,EIF1AX
3.971054073672906,0.0157032265213403,0.1830072798565004,0.0858065675510482,0.9316201855865052,0.9611548580476532,TXNRD2
5.802899240723463,0.0181192636398495,0.2117325231097264,0.0855761947844903,0.931803322834336,0.9611548580476532,CDC34
31.554837186668077,0.0079485662166006,0.0929204941425,0.0855415835866189,0.9318308376814256,0.9611548580476532,SEC31A
2.7984053886006164,0.0254136751350754,0.2971495439128802,0.0855248667065979,0.931844127120559,0.9611548580476532,TXK
451.4535198301829,0.0090820713827382,0.10626694856928,0.0854646859161224,0.93189196927654,0.9611548580476532,PABPC1
9.984655638412756,0.0133571750577116,0.1566197837213221,0.0852840857032368,0.9320355432034833,0.9611548580476532,NOC3L
11.783497825355708,0.0117135421577129,0.1373481704021753,0.0852835689286141,0.9320359540332056,0.9611548580476532,ANKRD13A
6.388234098628402,0.0111494104707218,0.1311681435034683,0.0850009016894182,0.9322606738610064,0.9611548580476532,SLC39A7
9.159434656538483,0.0152197532512433,0.1801945255904152,0.0844629058589607,0.9326883942552736,0.9611548580476532,TNFAIP8L1
18.945375480416317,0.0128250667765934,0.1543668065793321,0.0830817651850715,0.9337865249868412,0.9620438400791174,MAP7
2.9131087192667664,0.0172061334930471,0.209197600848842,0.0822482352724476,0.934449317146917,0.9622149981806644,SIRT3
3.6552525514226057,0.0199258071778367,0.2430310825510193,0.0819887191740329,0.9346556840483304,0.9622149981806644,FAM53B
4.727547921796038,0.0145077392273963,0.1786392170013272,0.0812125101695255,0.9352729507042192,0.96272553290554,PTER
27.94805102881112,0.0076605519768622,0.094975102418941,0.0806585282011187,0.935713519008316,0.9629364186167444,UBE3A
7.804835706122506,0.0164175918969021,0.2070383366102436,0.0792973521991186,0.9367961123105784,0.963415712625037,SLC26A2
5.539710638739587,0.0135143124927232,0.170670909495377,0.0791834562356352,0.9368867032821618,0.963415712625037,HMCES
5.407507741964511,0.0220894857549296,0.2843817203748151,0.0776754769111591,0.9380862017446546,0.9642412286648764,SLC44A2
6.905854231895799,0.0145077940909279,0.1870755237082297,0.0775504662681309,0.9381856458407452,0.9642412286648764,DAB2
7.306222601710257,0.0207454743223685,0.2704441197881418,0.0767089125051785,0.9388551142808672,0.9644323120557096,OSBPL3
5.4536131287612255,0.0195688892013016,0.2559467492906531,0.076456877282232,0.9390556204522368,0.9644323120557096,SH3TC1
18.154277125683585,0.007101261284738,0.0937257149194759,0.0757664136340709,0.9396049373279578,0.9646388787355624,CDC73
4.916167737935845,0.0139165100820691,0.1838405281508648,0.0756988147393094,0.9396587189905994,0.9646388787355624,NAGPA
19.647735845682753,0.0084419835112093,0.111650931947093,0.0756105064596295,0.939728977448914,0.9646388787355624,IST1
2.7917490231369286,0.0161569137500551,0.2166937367360556,0.0745610555866461,0.9405639609727374,0.9653747173857854,WDR35
2.748203113735607,0.0169120395555407,0.2368897336579408,0.0713920324633446,0.943085750603855,0.9674769200482234,ATL1
4.451899411146999,0.0151222032219807,0.217480753781451,0.0695335240431307,0.9445649488922676,0.9683864739521604,ZBTB41
3.878198182100235,0.0168280648374761,0.242803360103414,0.0693073803851347,0.9447449511687296,0.9684495039517864,WWC3
4.553724733601823,0.0122860170208276,0.1782713268796972,0.0689175159902109,0.9450552759247336,0.96864609377584,MTFMT
21.840994169116875,0.0154706819601329,0.2296847004306521,0.0673561710080205,0.9462981603769478,0.9696215140510596,EVL
7.1293117973837035,0.0125927595288288,0.1871839044705841,0.0672747988906694,0.9463629389985556,0.9696215140510596,DDX41
6.312694117159126,0.0123034062212322,0.186737067158667,0.0658862560520897,0.947468382887504,0.9702717477699132,UHRF1BP1
18.44569363520479,0.0124868994852991,0.1895604048729893,0.0658729310779098,0.9474789916320612,0.9702717477699132,CPNE3
12.32591205471028,0.0116963674289194,0.1818622452257323,0.0643144343368334,0.9487198603111175,0.9711839111252996,CSRP1
7.01553891903526,0.0101547731669406,0.15874235663593,0.0639701550496084,0.9489939909384568,0.9713428410319592,TYW5
7.256427581745016,0.0113081589928765,0.1825634478131767,0.0619409806745575,0.9506098322762736,0.9726312220798188,KCTD9
7.043424678317971,0.0089278058751764,0.1465472215693309,0.0609210176731513,0.951422110850336,0.973218586349286,GABPA
45.4494400870896,0.0086619558953591,0.1434901929891203,0.0603661875067368,0.9518639879868572,0.9735487102066106,PDIA6
3.330989301520018,0.0124463080975543,0.2068719077543302,0.060164322128913,0.952024761033772,0.9735912794001188,TMEM209
5.392382353384265,0.0162162506228036,0.2723745349525374,0.0595365885640866,0.9525247236905088,0.9737764476669172,JDP2
8.0920871973302,0.009702438560574,0.1638538591307062,0.059213976479092,0.9527816775560252,0.9737764476669172,RANGRF
3.301200352744423,0.0124507617744773,0.2108897003249261,0.0590392122293974,0.9529208757244731,0.9737764476669172,RFT1
5.222240244509298,0.0095485132098432,0.1639626207908008,0.0582359147700264,0.9535607134043989,0.974186620308495,ACO1
78.72098230232668,0.0055479370895123,0.0959746186141724,0.0578062947227291,0.9539029241021044,0.974315726559126,SCAF11
7.848968923675639,0.0082073590588386,0.1422343331237333,0.0577030796896194,0.9539851405482714,0.974315726559126,PES1
6.828280894182459,0.0088454373684028,0.1545429950318113,0.0572360938558369,0.9543571265353028,0.9745128818945212,YIPF2
6.004878848702071,0.0105521431383198,0.189411539019977,0.0557101388485464,0.9555727224150236,0.975632227271418,RMND1
12.69407110337008,0.0106715796315487,0.1967586240649407,0.0542369092194228,0.9567464146432424,0.976220648607634,IRF7
2.694611918991706,0.0132523369825446,0.2523616974538568,0.0525132661424095,0.9581197250670196,0.9771670100057012,CLDND2
15.52212260990414,0.0057962037678127,0.1144166378674241,0.0506587492505141,0.9595974477468108,0.9780797231323566,TMEM183A
8.648602399756564,0.0077070046286693,0.1526649814074641,0.0504831203437498,0.9597374002666544,0.9780797231323566,CRLS1
97.23935290086332,0.0066454503684845,0.1327322291957924,0.0500665920308015,0.960069322032839,0.9781454401908138,SAP18
5.358299989259987,0.0092355806745205,0.1898442172071173,0.0486482064631165,0.9611996522164884,0.978930868535576,PREB
6.777769317876572,0.0086650106605867,0.1791683079194105,0.048362407175739,0.9614274189561564,0.978978000275263,ZNF714
2.961348682479493,0.0112618438641223,0.2366454147676371,0.0475895291492564,0.9620433771040596,0.9794239265284416,ZNF398
4.997286706493635,0.0095239238394654,0.2023202602580749,0.0470735052797823,0.9624546436452894,0.979649060160042,LACTB2
22.223371786871876,0.0056229512687839,0.1197166325072376,0.0469688392583547,0.9625380627773362,0.979649060160042,MAPRE2
12.343447992949011,0.0085709332788733,0.1848171866506533,0.0463751961286714,0.9630112058590666,0.979920867132557,C17orf49
4.647796422152134,0.0072510279840686,0.1570359209181547,0.0461743271327571,0.9631713046235546,0.979961739519246,SLC39A9
2.847889817256376,0.0099944838940047,0.2181327514897986,0.0458183552251766,0.9634550288199462,0.9800063538513356,SLC25A51
11.51374932181519,0.0066426901706787,0.1503015802173708,0.0441957440571943,0.9647483744909284,0.9809555709265028,GOLGA3
35.08146555875086,0.0056819160578037,0.1316879684004199,0.0431468123232556,0.9655845031840126,0.9815516658582673,BZW2
40.28202496205893,0.0039341198516061,0.0912872949745765,0.0430960283432849,0.9656249852827026,0.9815516658582673,SMARCC1
6.770940780735824,0.0063455814297222,0.150067138299511,0.0422849499339248,0.9662715427685546,0.9818933933542916,CES2
4.043786207782455,0.0080681325337201,0.2030563830598625,0.0397334593088935,0.9683056260599506,0.9835475728807742,NBPF1
7.172268187608388,0.005389302372523,0.1360329601303211,0.0396176218422358,0.9683979782694478,0.9835475728807742,ARAF
7.883954138844579,0.0048725670280978,0.125333072059031,0.0388769456301434,0.9689884973921056,0.9837978394869402,RAE1
10.285690399884064,0.0072040347620064,0.1886466698489418,0.0381879773853153,0.9695378065617192,0.9841109835299138,DUS1L
3.958621309416904,0.0121310211789109,0.322089778269145,0.0376634776927755,0.9699559959019994,0.9844131713470672,ZFPM1
5.273213119964626,0.0095663186368973,0.2554845584617216,0.0374438231981471,0.9701311312933945,0.9844686380772882,CD300LF
8.671079379601432,0.007478222966282,0.2095650899102215,0.0356844881439258,0.9715339393428172,0.9851564762604202,RAB27A
9.267234812270864,0.005914144077994,0.1669488222403741,0.0354248924827923,0.9717409358350896,0.9851564762604202,ARL11
12.260320970330412,0.0075702454428043,0.2148632027660789,0.0352328613990084,0.971894058883276,0.9851564762604202,SESN1
9.561120174683156,0.0037590509992095,0.1128884579515563,0.0332988072245846,0.9734363049306584,0.98574148563495,POLDIP3
16.48919097318578,0.0063943548018343,0.2002090317345253,0.0319383933204032,0.9745211808045854,0.986549532205086,TSPAN32
3.779075220402632,0.0108592444366524,0.3444501784731055,0.0315263138628344,0.9748498071437468,0.9865615276407672,ZNF626
9.256733526774145,0.0039739520672693,0.1297705241352545,0.0306229175982015,0.975570265118565,0.9871438344819298,FBXW2
20.57733235354713,0.0055964268478067,0.1834783104910102,0.030501844238864,0.9756668225769264,0.9871438344819298,INSIG1
6.657149999553449,0.0044290732912907,0.1530601471028646,0.0289368158539284,0.9769149831016658,0.9877951153228204,STAM2
4.437764294987403,0.0081242322365979,0.2846017787346659,0.0285459643742149,0.9772267086811336,0.987971276736072,NFE2L3
3.0567903534856287,0.0063420736520238,0.2344345862717732,0.0270526365280919,0.9784177514946182,0.9886455539317056,UGDH
15.754901355612011,0.0042347449093675,0.1570048919378435,0.0269720570938903,0.9784820211290788,0.9886455539317056,ATP2A3
17.939589732013538,0.0027436710206414,0.1086086827119616,0.0252619859861283,0.9798459950358706,0.9896674878412524,GIGYF2
3.557039686742515,0.0049258442304184,0.1956715745230409,0.0251740409531912,0.9799161427111373,0.9896674878412524,CARM1
3.4321777749683915,0.0067357394075836,0.2684365169470772,0.0250924854941088,0.9799811940036952,0.9896674878412524,EHD4
3.786435290136152,0.0100276401870963,0.4019942938258481,0.0249447326519529,0.9800990468255312,0.9896674878412524,SLC2A6
23.34195528874868,0.0029473490373345,0.1313824179671461,0.0224333596758093,0.9821022698692216,0.9905984857771524,SUMF2
3.910403872251185,0.0046028060417651,0.205303768104404,0.0224194912945992,0.9821133324541892,0.9905984857771524,PIGL
3.3297458619609297,0.0043353961745515,0.1952646709724769,0.0222026655050293,0.98228629135027,0.9905984857771524,ZNF790
8.499553759411752,0.0032896720396122,0.1491745183046235,0.0220525065339548,0.9824060715472616,0.9905984857771524,ZNF766
7.101359776756085,0.003552392811703,0.1617816694941148,0.0219579438314073,0.9824815034022316,0.9905984857771524,ATP11C
7.622265285460803,0.0035766287389658,0.1669275792512596,0.021426230195205,0.982905649696284,0.990665112084413,LRRC8B
2.4600990178540534,0.0049413071961941,0.2426456760753372,0.0203642911595094,0.9837527694661022,0.990929981477354,ORC5
3.702836482404438,0.006489532833189,0.3191052073068015,0.0203366560137319,0.9837748145568838,0.990929981477354,GFI1
13.463644679914086,0.0024546379902462,0.1240811727810936,0.0197825176473534,0.9842168640518733,0.9911308844180252,RCOR1
6.916622413276236,0.0030700479126007,0.1619166814681878,0.018960664736721,0.9848724847568926,0.9915694662956156,ZNF7
23.252024838375608,0.0026330046038665,0.1441269941836131,0.018268643003213,0.9854245425490128,0.9917831969687376,TRIM38
8.369508770906329,0.0025148742256306,0.1379247147810385,0.0182336735633143,0.9854524394785192,0.9917831969687376,LAS1L
11.656052293122816,0.0027062061056327,0.1486129652884197,0.01820975781205,0.985471518319567,0.9917831969687376,OTUD4
3.0415230189524847,0.004143556868878,0.23333048581629,0.0177583175828143,0.9858316572617536,0.9918588134316536,SEPSECS
9.4467087818974,0.0058830726959407,0.336042508994672,0.0175069300415026,0.986032204320808,0.9918588134316536,BLVRA
4.848230980806299,0.0031348212124997,0.18330678047903,0.0171015016700834,0.9863556409287711,0.9920620312689548,BCS1L
6.361353225296704,0.0028328676927663,0.1737001117221797,0.0163089572290966,0.9869879116570665,0.992331515460796,COMMD10
4.701288936153878,0.0032410855467443,0.2316033995451192,0.0139941190548584,0.988834672892938,0.9937443995673132,BCL9L
14.385033975396189,0.0028028530437799,0.2049787134669004,0.013673873722661,0.9890901672487208,0.9937443995673132,C1orf162
19.010702954444863,0.0017623979146838,0.1290370832270335,0.0136580730950266,0.9891027731483744,0.9937443995673132,UBE2Q2
3.5752696141518956,0.0050706220755424,0.3719415196303738,0.0136328476599802,0.989122898259816,0.9937443995673132,CCDC173
5.066820392883116,0.0022103570686883,0.1643024104207586,0.0134529801664378,0.9892663985953716,0.993766380983868,KCTD18
14.561239627979964,0.0024861783257771,0.195983381104409,0.0126856589153986,0.9898785800750264,0.9939734385682022,EVI2A
21.50158766636305,0.0017570598969761,0.1432747935358271,0.0122635660719816,0.9902153352322572,0.9939734385682022,SIGIRR
10.200133105707318,0.0025004957405279,0.2058007839821798,0.012150078790489,0.990305878235959,0.9939734385682022,SAMD1
14.67730245097678,0.0020341759313474,0.1692517317111807,0.0120186417638472,0.990410742153148,0.9939734385682022,FOXN2
3.5765864885882666,0.0014078425208554,0.1874957966359045,0.0075086617733052,0.9940090109941704,0.9966925547715506,PRDM4
14.87735638236667,0.001026151575818,0.1533459213906783,0.0066917435202189,0.9946608010081104,0.9971013869509594,LARP4
9.18957132981478,0.0010058436661419,0.1681734099021205,0.0059809910896579,0.9952278880028136,0.9972903589830632,ZNF622
4.130599093423589,0.0017938527514555,0.3239381250941268,0.0055376401000478,0.9955816250428156,0.9972903589830632,MPP7
10.23807895560271,0.0005497980280624,0.1209919806124359,0.0045440865194496,0.996374356000669,0.9976071625103768,ALG5
2.394794692400011,0.0016137694499444,0.3563050910355048,0.0045291787587273,0.9963862505503835,0.9976071625103768,SPATS2L
32.67207481142593,0.0007935065686013,0.1896946933637915,0.0041830720434525,0.996662401133408,0.9977613917742068,MYO1F
17.998944724463623,0.0009905705745455,0.2575423305383371,0.0038462437319527,0.9969311490757462,0.9979081733551296,MGMT
17.71164843203778,0.0002737107492844,0.1507982961996064,0.001815078526631,0.9985517776621536,0.9991605563373132,CYTH1
5.304909180381783,0.0006639855032054,0.380213704952486,0.0017463481577773,0.998606616475364,0.9991605563373132,CLIC2
3.028585010250245,0.0003555890765646,0.2135522707127831,0.0016651149406082,0.99867143111086,0.9991605563373132,SAC3D1
2.741909586028222,0.0002882076419359,0.230095194323252,0.0012525582847725,0.9990006033444002,0.9993675232525826,USP49
4.266611575412778,-8.4663048758495e-05,0.2275486482388091,-0.0003720657073279,0.999703134523368,0.999703134523368,PEX6
2.71716305146958,-0.0001732787429453,0.2908338207290432,-0.0005957998368654,0.999524620536961,0.999646961371788,PIK3R6
5.8528486526691355,-0.0001536906820165,0.1684930005517157,-0.0009121487629358,0.99927221068582,0.999516860510936,TMEM127
15.874972825862644,-0.0009440357507753,0.2722931840088518,-0.0034669826724146,0.9972337535948096,0.9980888045839282,MGLL
4.502165170664919,-0.0009106822168354,0.1876793804740114,-0.0048523296194572,0.9961284163055204,0.9975934905787972,DNAJC30
3.6760720762237615,-0.0013913620867887,0.2776731256626387,-0.0050107913161146,0.9960019837018592,0.9975891405770888,SERPINB8
63.933877713542834,-0.0010270449492331,0.1822321527683385,-0.0056359151424762,0.995503214127475,0.9972903589830632,ICAM3
10.01838749155281,-0.0007501115610672,0.1325573930330529,-0.005658768205257,0.9954849803122784,0.9972903589830632,OXSR1
3.24432503329421,-0.0013930223167632,0.2252510271012676,-0.0061843106097666,0.995065665498122,0.9972625478701284,PCYOX1L
4.009375485307425,-0.0011225837679404,0.1806646323191809,-0.0062136332580975,0.9950422698592574,0.9972625478701284,ZNF600
23.256506193908105,-0.0011313325993471,0.1650537255038607,-0.0068543293760469,0.9945310792395468,0.9970936746584462,GSE1
2.7929828056786365,-0.0039901634006588,0.4195722560208386,-0.0095100744708454,0.992412172783566,0.995213532623284,VEGFA
1.8837364410322424,-0.0055414033417373,0.581193594331853,-0.00953452239629,0.992392667045664,0.995213532623284,LOX
5.265918167117918,-0.00179235026787,0.1674209733759888,-0.010705649547532,0.9914582906751812,0.9945010671626447,UCK2
12.613400989886651,-0.0013150303062024,0.1226118021894103,-0.0107251527399537,0.9914427302724088,0.9945010671626447,DPF2
2.870747519644525,-0.0028058365371195,0.2461805139950703,-0.0113974761510804,0.9909063266291211,0.9941915023190752,CRAT
3.9007865062741858,-0.0031003958618799,0.2622483549478739,-0.0118223653395127,0.9905673369551916,0.9939734385682022,TNFSF13
13.49216765596868,-0.0016298701508321,0.1368975686032799,-0.0119057640501668,0.9905007990945566,0.9939734385682022,POP5
15.060880043462353,-0.0018366314891714,0.1518491881656884,-0.0120951024589439,0.9903497397790996,0.9939734385682022,UNC13D
5.410353649761664,-0.0019782043277788,0.1536473292096392,-0.0128749672249738,0.989727546232976,0.9939734385682022,UBIAD1
7.312020584706368,-0.0028456990812239,0.2180983024514373,-0.0130477818911843,0.9895896716608577,0.9939689252785332,MFSD6
26.941331010226364,-0.0014338469327396,0.0999344315453617,-0.0143478770086241,0.9885524432245452,0.9936599844492262,FBXO7
24.3235009002136,-0.0018328687999871,0.1216025715051077,-0.0150726154661141,0.9879742481729332,0.9932009820153832,HSD17B12
3.56186261008452,-0.0028852320932938,0.1753147945996297,-0.0164574364638357,0.98686945826623,0.992331515460796,GOT1
65.32701249151535,-0.002718464354637,0.1644902675359532,-0.0165265969553055,0.9868142836817642,0.992331515460796,SOD1
7.306564985018554,-0.0032613285052101,0.1853204453331889,-0.0175983200307263,0.9859592968914792,0.9918588134316536,RFX7
21.480091452692793,-0.0021133273278689,0.1200001527883976,-0.0176110386425544,0.9859491504799006,0.9918588134316536,UBTF
8.334267319131301,-0.002783117921556,0.1470034787544964,-0.0189323269431195,0.9848950909870536,0.9915694662956156,DHX8
24.55666484514621,-0.0017579077319111,0.0871831389948498,-0.0201633911347814,0.9839130315867732,0.990947045617592,NSRP1
7.757763931019452,-0.0027752801483546,0.1336167428978823,-0.0207704520269267,0.9834287685191796,0.9908257050024928,ARFIP2
10.919629363146152,-0.0027904717555623,0.1336390391021223,-0.0208806631229215,0.983340851854266,0.9908257050024928,RARS
2.7475721296071907,-0.0053972366228379,0.2566752916784398,-0.0210274880279458,0.9832237282452574,0.9908257050024928,HHLA3
3.8031857218348537,-0.0052388879144315,0.2418572119412935,-0.0216610779243714,0.982718311798996,0.9905984857771524,NAPEPLD
28.706446919705623,-0.0028479475544718,0.1306331994827219,-0.021801100836151,0.982606616056346,0.9905984857771524,ZBTB44
13.53191082151217,-0.0026056170697884,0.1174695154652688,-0.0221812191824254,0.982303398826878,0.9905984857771524,STX17
3.262487024099322,-0.0048177516723978,0.2158661065020047,-0.0223182404614922,0.9821940987217778,0.9905984857771524,RRNAD1
7.573621966220113,-0.0030299255052272,0.1350412423087336,-0.0224370381479473,0.9820993356116504,0.9905984857771524,KATNA1
22.519885302059215,-0.0029268187397877,0.129945253160599,-0.0225234756068424,0.9820303859222204,0.9905984857771524,NT5C3A
13.20713003283835,-0.0031659950344258,0.1369501434147486,-0.0231178657830078,0.9815562546603712,0.9905984857771524,RELA
21.386600773814603,-0.0041562957161972,0.1747362255177746,-0.0237861136343161,0.9810232166314392,0.9903559059915356,NME3
10.50224524042061,-0.0037823249813338,0.1550347746443754,-0.024396623209276,0.980536241814063,0.9899866096457072,C1GALT1
7.044291104204115,-0.0037079178168653,0.1448931962072146,-0.0255906965539127,0.9795838067159632,0.9896364100737064,NAA30
11.03546555598948,-0.0037078636821672,0.1342211784560578,-0.0276250270249351,0.97796122060082,0.9883637765651578,RDH11
4.26871176816716,-0.0060865798586331,0.2159634168452982,-0.0281833837764899,0.977515889786106,0.9880359148246256,DHRS12
7.067649964716637,-0.0056277141164779,0.1980531814425154,-0.028415166449176,0.9773310280085264,0.987971276736072,CLCN3
3.1296055673976992,-0.0105022460512008,0.3576219680946015,-0.0293668929432843,0.9765719770142628,0.9875704980425176,RAB38
13.070617265336356,-0.0051725171575687,0.1741838843115073,-0.0296957274664875,0.9763097194084612,0.9874274931658048,ZEB1
2.875196316071755,-0.0065551626718092,0.2205677557643936,-0.029719496619494,0.9762907627351326,0.9874274931658048,LANCL2
10.935042043927025,-0.004644776139287,0.1530637733987223,-0.0303453654391995,0.9757916168272652,0.9871478644416968,RNF214
6.8067100889510765,-0.0045534373772511,0.1436752101874474,-0.0316925750191036,0.974717216190388,0.986549532205086,TRAPPC12
2.512144597974008,-0.0070836801602003,0.2233331814939923,-0.0317179924309226,0.9746969462204236,0.986549532205086,FKBP7
15.572524339962069,-0.0059702563809229,0.1809530579423716,-0.032993398668202,0.9736798518766856,0.9858659318072364,C19orf48
40.42904464198459,-0.0027929788846674,0.0834069873830175,-0.033486149929402,0.9732869103941056,0.9857123630181256,METAP2
2.6449571916549774,-0.0060984517632797,0.1786784772194919,-0.0341308693592025,0.9727727926301356,0.985313807931181,CXorf40B
5.700233128059901,-0.0068666422354002,0.2006564663917582,-0.0342208868663816,0.9727010109833684,0.985313807931181,PNPLA6
14.438028760957216,-0.0051253506667367,0.1494977260059153,-0.0342838035311249,0.9726508401873644,0.985313807931181,CTBS
16.505747461194847,-0.004546159079933,0.1325285629711106,-0.0343032398300739,0.972635341380846,0.985313807931181,AKAP8L
11.564871340515076,-0.00635103270796,0.184278265491008,-0.0344643612258764,0.9725068610769566,0.985313807931181,CCZ1
4.4229865705254765,-0.0059811661185257,0.1720094068855562,-0.0347723198796056,0.9722612928149708,0.985313807931181,THOP1
28.577839249115417,-0.0047323401477052,0.1340224274299909,-0.0353100614460759,0.9718325004612322,0.9851564762604202,PAFAH1B2
15.508547203728265,-0.0045908267904716,0.1291559086931244,-0.0355448452720771,0.9716452875944924,0.9851564762604202,WBP2
5.037828888009477,-0.0094867953427564,0.2655636072179829,-0.0357232507953145,0.9715030309285224,0.9851564762604202,APOL3
5.1170448958835895,-0.0077573383372416,0.2145973814826402,-0.0361483364039515,0.9711640806146358,0.9851498079084032,RRAGD
9.241741400083612,-0.0056489806718242,0.1556907570457214,-0.036283339994071,0.9710564339516392,0.9851498079084032,FBXO3
3.1791056584822375,-0.0089889320266512,0.2456195223302711,-0.0365969770699427,0.9708063538660788,0.9850315059530276,GRIK5
8.545887517824688,-0.0077930608868079,0.2017420888279549,-0.038628830166688,0.9691863162925438,0.9838764306654708,FYN
6.020800872558923,-0.0083523952700293,0.2137601097163436,-0.0390736853621232,0.968831640981315,0.9837608224752488,GBP3
7.300215134227027,-0.0182784687556135,0.4628857329330244,-0.0394880797897875,0.968501257055282,0.9835475728807742,STAB1
6.821415762586168,-0.0061695230053305,0.1503179100667664,-0.0410431664635989,0.9672614829753472,0.9826549269416338,IMMP1L
3.7646026553596226,-0.0081149803045025,0.1974252732914148,-0.0411040601297497,0.967212937825404,0.9826549269416338,SLC35B3
19.97943623757909,-0.0038428012624165,0.089825568030388,-0.0427807065034811,0.9658763438871328,0.9816138813310648,UBQLN1
14.560858571290447,-0.0081651833444808,0.1898517935530149,-0.0430081970344979,0.9656949996126069,0.9815516658582673,SAMSN1
2.531116775991386,-0.0103827692993547,0.2334103193467646,-0.0444829060189478,0.9645194775095618,0.9808448849695868,ACVR1
10.475840360132157,-0.008571077166473,0.1877037328475983,-0.0456627954939614,0.9635790177549352,0.9800104747417944,HEXB
2.966444859725704,-0.0088442709364589,0.1930187077017414,-0.0458207965526603,0.9634530829661068,0.9800063538513356,SPATA7
42.14075766870096,-0.0069910470884108,0.1491876316167229,-0.0468607686351072,0.9626241958175226,0.979649060160042,OGT
3.520884161613206,-0.0114760413229572,0.2376510492982805,-0.0482894620362202,0.9614855528342904,0.978978000275263,HIRIP3
28.358623489262666,-0.005715038772921,0.1167163998134014,-0.0489651735493718,0.9609470501132292,0.9787956053945646,LMAN1
4.91321157883712,-0.0101704126226027,0.2072461487034951,-0.0490740729621636,0.9608602652844382,0.9787956053945646,TARBP2
4.186435384899691,-0.0087139165780145,0.1734682896656535,-0.050233484141741,0.959936328740368,0.97813190449402,CHMP7
8.878005170360403,-0.0097640846809115,0.1935476530591167,-0.0504479621766801,0.9597654167268675,0.9780797231323566,AGPAT4
16.03827344581612,-0.0080795369979862,0.1577284023210062,-0.0512243633936193,0.9591467381454272,0.9778150963675966,SAMD9
27.9930342019104,-0.0050475453619658,0.0980577350197488,-0.0514752391634301,0.958946831972859,0.9777332872535852,RBPJ
8.018249190482996,-0.0082440204686128,0.1577912652271086,-0.052246367736181,0.9583323872490364,0.9772287453153472,RABEP2
16.882003748038212,-0.0070849043977212,0.13502144391867,-0.0524724383927405,0.9581522560476904,0.9771670100057012,NAPA
16.46168499186195,-0.0061434830546472,0.1167206824384683,-0.0526340570180087,0.9580234809931266,0.9771670100057012,ARHGAP9
8.051073629827568,-0.0080326964781592,0.1522427878096185,-0.0527624105793714,0.9579212117730206,0.9771670100057012,TBK1
66.48314667142208,-0.00910633727451,0.167757810665939,-0.0542826425688384,0.9567099783857476,0.976220648607634,CD82
11.680066835367365,-0.0071480952742182,0.1307530377092237,-0.0546686746208878,0.9564024260578204,0.9761134428326818,DCAF6
8.200402471786566,-0.0095419294086979,0.1732771447335153,-0.055067443680311,0.956084732952344,0.975911099681899,NEK7
5.076810855017066,-0.0116094008291244,0.2101807773558683,-0.0552353120736058,0.9559509968987552,0.9758965012068628,TRIM59
19.606958716213423,-0.0069566313092004,0.1207158055171244,-0.0576281728759506,0.9540448082486316,0.974315726559126,KIDINS220
6.8806288283338874,-0.0124433521581324,0.2120967787616629,-0.0586682750713309,0.9532163286214556,0.973956561356248,ALAS1
18.520958172198203,-0.0085209619587322,0.1441368047571396,-0.0591171836581885,0.9528587719981464,0.9737764476669172,SSH2
2.298853368987504,-0.0151560759092198,0.2563643028591707,-0.0591192913373185,0.9528570932496584,0.9737764476669172,ZNF484
6.671931499970757,-0.0122455151905041,0.2056246107394372,-0.0595527701984147,0.9525118354825884,0.9737764476669172,SUN1
15.520320883738169,-0.0066489857861261,0.1085794541131433,-0.0612361320144204,0.9511711545282998,0.9730836989671638,PLEKHB2
20.641596867442175,-0.0067146720683788,0.1079158041471145,-0.0622213967772985,0.9503865233375054,0.9725245187464944,LRPPRC
8.933278412360067,-0.0088190098737311,0.1416852540864878,-0.0622436677026943,0.950368788086572,0.9725245187464944,METTL8
16.117523248915315,-0.0102217864375431,0.1588392196541478,-0.0643530386248422,0.948689122221458,0.9711839111252996,HGSNAT
3.907827240100231,-0.015678771504379,0.238526200135079,-0.0657318629798323,0.947591304271681,0.9702717477699132,CARD9
3.740892237289078,-0.0142053012465008,0.2158693223372169,-0.0658050949190001,0.9475329998721622,0.9702717477699132,RNF26
4.633918690555588,-0.0121669456001511,0.1827040961734069,-0.066593720967281,0.9469051445930168,0.9700554082835432,PREP
4.285236771505073,-0.0135441168525918,0.198252947393634,-0.0683173543226058,0.9455330096519018,0.9690142006604402,CCDC77
6.733320433585514,-0.0141862852744101,0.2031846062125455,-0.0698196853533791,0.9443371787658248,0.9682744494535772,HYOU1
5.824382761304094,-0.0128170502064281,0.1835085966865388,-0.0698444129477032,0.9443174970477384,0.9682744494535772,DYRK2
12.97949275045087,-0.0114243429252876,0.1631230338648694,-0.0700351302609511,0.9441656983696952,0.9682744494535772,SLC25A29
26.870140771300427,-0.0058936101044292,0.0836075877697675,-0.0704913305316091,0.943802600619938,0.9680907669678026,DHX9
9.558658569063985,-0.0112810552741215,0.1574307638376726,-0.0716572479172714,0.9428746798746724,0.9673818444570504,SLC35F5
42.1232941946156,-0.0101652912386255,0.1406106474540559,-0.0722938939737619,0.9423680238864912,0.9669834388015222,PRKACB
16.162191521153797,-0.0085621762791442,0.1160839792374376,-0.0737584663739966,0.9412025759944108,0.9659088480846938,DIS3
21.804349041233152,-0.0089713484962554,0.1184877457138327,-0.0757154121061828,0.939645514104442,0.9646388787355624,WIPF1
10.213593239860831,-0.0120721159407996,0.1577942006140635,-0.0765054475628409,0.939016980151324,0.9644323120557096,P4HA1
2.4478887965528764,-0.0165840098429448,0.2153959129998063,-0.0769931500184022,0.9386289942866306,0.9643577910619966,SLC24A1
6.780602946930454,-0.0107375905858675,0.138986342580866,-0.0772564439532622,0.9384195399905408,0.9642638407020508,DPY19L4
15.012949154007591,-0.0116651946151419,0.1506499470800291,-0.0774324507989712,0.9382795262653814,0.9642412286648764,DNMT3A
13.831798878579107,-0.0109502298147996,0.1411933735798879,-0.0775548422504683,0.9381821647959782,0.9642412286648764,PLEKHA2
16.9506960010784,-0.0118571948252714,0.1525812415621654,-0.077710698273749,0.9380581838519948,0.9642412286648764,RIN3
9.94414508622936,-0.0123826895947542,0.1561645772779373,-0.0792925630805243,0.9367999214800814,0.963415712625037,ASXL2
8.126492049037383,-0.0116811829009246,0.1459597028557967,-0.0800301910210468,0.9362132440128932,0.9630867955217614,PGS1
28.163059450195107,-0.0161140494881035,0.2013140719479067,-0.0800443274142967,0.9362020008722782,0.9630867955217614,CD81
5.624587663030982,-0.013369409789736,0.1664397454570221,-0.0803258245380353,0.9359781195610652,0.9630867955217614,MTOR
5.202200994326832,-0.0169942281440086,0.2106568188269481,-0.0806725756072924,0.9357023472060766,0.9629364186167444,CEP97
7.21351243387556,-0.0129703275636574,0.1582050560603253,-0.0819842796851681,0.9346592143629828,0.9622149981806644,FAM3A
4.303303177896221,-0.0209404192416136,0.2551839144174361,-0.0820601066858734,0.9345989163430606,0.9622149981806644,TBL1X
12.274883564870455,-0.0135133751106124,0.163885548404227,-0.0824561728730432,0.9342839685853008,0.9622149981806644,CLTB
15.594202900160536,-0.0100630648098702,0.1214212045004711,-0.0828773265038002,0.9339490828349118,0.9620900095617834,NRBP1
70.52024278217027,-0.0211697343118196,0.2522575186691013,-0.0839211232375158,0.9331191448866212,0.9614774946870848,GYPC
6.179590238797218,-0.0172656394435,0.204335070949778,-0.0844967012429481,0.9326615254904372,0.9611548580476532,MAP2K1
21.258071256118747,-0.0097990184840405,0.1157537284389157,-0.0846540203602301,0.9325364511246026,0.9611548580476532,RBM27
9.107429114689005,-0.0127777998590805,0.1506725986534799,-0.0848050672336724,0.9324163649859462,0.9611548580476532,GPANK1
3.6079491667128023,-0.0201289378246488,0.2372763635538516,-0.0848333037609134,0.9323939163931122,0.9611548580476532,SLC39A11
19.162526702487376,-0.0138980267054793,0.1632259501725648,-0.0851459384416888,0.9321453692892652,0.9611548580476532,ZNF33A
2.790479832234406,-0.0399343741746436,0.4680354713711386,-0.0853233923865928,0.9320042949074514,0.9611548580476532,KCNMB1
7.823496167631591,-0.0149399218695072,0.1746844263587409,-0.0855252078329286,0.931843855934741,0.9611548580476532,CDIP1
16.695397141538162,-0.0134669278340084,0.1568941995643209,-0.0858344532264721,0.9315980178216824,0.9611548580476532,ZBTB43
51.46494387197809,-0.0073800096783353,0.085234069692861,-0.0865852082967409,0.9310012238086658,0.9611548580476532,PPP1R12A
6.473066949552872,-0.0144240584839114,0.1657831595277338,-0.087005571162965,0.9306670837555868,0.9611548580476532,MDM1
13.506765611464862,-0.0223984868624623,0.255564737577888,-0.0876431039537918,0.930160341971178,0.9611548580476532,SPNS3
16.993996116388953,-0.0155712468482471,0.1775443864166936,-0.0877034028645755,0.9301124149535472,0.9611548580476532,CPXM1
2.5533441240615566,-0.0198667768444996,0.2261002835817843,-0.0878671027288364,0.9299823036615992,0.9611548580476532,ZNF182
17.81733903019016,-0.0200663285995756,0.2266233277034402,-0.0885448501834485,0.929443639007636,0.9610837730108068,IFI6
51.04868792604068,-0.0088723378323906,0.1000144265370464,-0.0887105804591528,0.9293119237001488,0.9610691973869022,PABPN1
4.839908926749479,-0.0141775609508951,0.1597952904228191,-0.0887232715894272,0.929301837414478,0.9610691973869022,MMS19
6.333338700323362,-0.0149680374045992,0.1685811558526893,-0.0887883187708043,0.9292501412947276,0.9610691973869022,DNASE2
5.176504992691068,-0.0267505216871557,0.2989931127299375,-0.0894686885691507,0.928709436667289,0.9609326082067136,SPAG16
14.823517974493823,-0.0094548292268771,0.1053370101738058,-0.0897579038106051,0.9284796010000032,0.9609326082067136,ATP6V1H
7.769777562531528,-0.0206581893805731,0.2300792066358098,-0.0897872940481441,0.9284562452863496,0.9609326082067136,MBOAT1
4.466425174604273,-0.01988618316098,0.2209336367318052,-0.0900097579307045,0.928279460599134,0.9609326082067136,CAMSAP1
8.482004372676652,-0.0145683582629091,0.1612270978832342,-0.0903592414313628,0.928001744775852,0.9608086995138732,RARA
92.86090593622065,-0.0074259988540772,0.0810861056411522,-0.091581643924807,0.9270304361772014,0.9602671704937432,SRSF11
4.507954428357947,-0.0174599857528359,0.1830829370984113,-0.095366537316641,0.9240236942587576,0.95802532746965,DVL3
8.102981263691737,-0.013226434332,0.1368167081314543,-0.0966726543317501,0.9229863567731535,0.957557328744723,NSMCE2
8.697069183381467,-0.0124007156492697,0.1282665537057405,-0.0966792612025618,0.922981109829916,0.957557328744723,LRRC57
5.12629485474257,-0.0180488547963912,0.1854381201065388,-0.097330876661291,0.9224636363698958,0.957379699324072,VPS45
10.817003618090665,-0.0148120828805602,0.1518264168379914,-0.09755932590022,0.9222822236042948,0.9573130143636552,GGPS1
313.70838607715274,-0.0168808783549898,0.1708469628176475,-0.0988070146321978,0.9212914988800596,0.9565276794598436,ZFAS1
15.83470951946838,-0.0400593618781714,0.4020125677156268,-0.0996470386630011,0.9206245481892494,0.956185541912322,FTO
8.036671513437572,-0.016451351789512,0.1644673834204241,-0.1000280508352096,0.9203220557761884,0.956185541912322,CASP10
4.3024357205335155,-0.0207724824453824,0.2069700377385946,-0.1003646840496704,0.9200548062064622,0.9561586696306346,PKP4
3.513172274727378,-0.033867894557102,0.3358604076942575,-0.1008391992066326,0.919678108953123,0.9560674081750596,DUSP5
13.8556512801649,-0.0115119752905848,0.1140861421531883,-0.1009059915018183,0.9196250868567544,0.9560674081750596,POLR2C
15.456215291185732,-0.0207770874937261,0.2047047628311382,-0.1014978215766539,0.9191552867601294,0.9560104185485,PPM1F
5.758396615878222,-0.0143167509891524,0.1390499328826481,-0.1029612218600291,0.917993747805806,0.955196957827664,GTF2E2
6.416204061586444,-0.0193019289465257,0.1852942890744912,-0.1041690439728881,0.9170351996242097,0.9545343460037472,PIK3CD
3.975111688146971,-0.0181997385437839,0.1734903407208796,-0.1049034687934854,0.9164524064591306,0.9541708222703308,C7orf26
11.010048104439072,-0.0145530236528527,0.1360105796578693,-0.1069992032197822,0.914789611865503,0.9529252828343988,CNPPD1
7.1274120898992575,-0.0178736152046241,0.1630222219894296,-0.1096391337727142,0.9126955734655836,0.951350367494232,SAE1
8.295950626949624,-0.0165679909507025,0.1497199108718256,-0.1106599039114195,0.91188604267775,0.9508359983208736,CHFR
14.797063453542547,-0.0166493599139482,0.1492237291251266,-0.1115731392826104,0.9111618707601188,0.950236585319838,PIKFYVE
14.06219613826955,-0.0219909961524268,0.1968506965936601,-0.11171408856033,0.911050108203412,0.950236585319838,CCDC115
6.388088990629479,-0.0177908337780421,0.1588974932365273,-0.1119642192942564,0.9108517770028224,0.95015573469808,TEFM
14.562534175166562,-0.0337173139015027,0.3007271269461881,-0.1121192964661816,0.9107288175259194,0.950148770174194,ZBTB16
3.0025418936180164,-0.0206352736937875,0.1823603624542738,-0.1131565731503839,0.9099064240713688,0.9497758547633054,FAM174A
8.377664743981155,-0.0178420545389201,0.1575878469103795,-0.1132197367292349,0.9098563486288308,0.9497758547633054,FAM217B
2.17636730691049,-0.025614420646225,0.2248431912501481,-0.1139212644323653,0.9093002087251898,0.9496283238105224,SLC9A6
18.91870760775527,-0.0133726768759789,0.117087084534834,-0.1142113746286038,0.9090702352633176,0.9496283238105224,VEZT
18.822874476737436,-0.0199336711288518,0.1742343287616081,-0.1144072541303019,0.9089149637910368,0.949590099621092,CTSB
3.784547949073786,-0.0206187533457007,0.1743061777388265,-0.1182904336104202,0.905837537054794,0.9468592190449944,SIRT6
17.570216022482754,-0.0155168601129738,0.1308489626402272,-0.1185860384360701,0.9056033270077268,0.946735514966752,NCOA3
2.6711186996480025,-0.0266350436279956,0.2230317069495858,-0.119422677574791,0.9049404957523725,0.9462847185554946,RAB40C
36.363651924882355,-0.040015326763864,0.3332911607734888,-0.1200611701522419,0.904434691562997,0.9458768545707472,C1QTNF4
12.384116889326313,-0.0137985138703339,0.1146656182044954,-0.120336977085194,0.9042162134504228,0.9457694162958789,BMS1
3.171113744322347,-0.0249585808579041,0.2073964451163682,-0.1203423754148735,0.9042119372818492,0.9457694162958789,GPR137
3.151971910043346,-0.0320049152138639,0.2655627721192966,-0.1205173261238838,0.9040733554155974,0.9457694162958789,SLC22A18
8.072937065477516,-0.0202942666012284,0.1673638210686058,-0.1212583847073462,0.9034863809199818,0.9453690893196532,ZNF562
4.042209769351559,-0.0237360458554902,0.1953061003115329,-0.1215325369644309,0.9032692449276208,0.9453690893196532,XPO5
6.927967373923202,-0.0212673521036151,0.1741974358882848,-0.1220876300226038,0.9028296184031008,0.945309315938606,CLASP1
6.0742353809732235,-0.017231077263167,0.1400151311365699,-0.1230658224100076,0.90205497527223,0.9447181752049976,DHX16
21.126425124695103,-0.0200416188465788,0.1626921925785071,-0.1231873424836154,0.9019587484599172,0.9447181752049976,ZFAND1
4.223237597500342,-0.0283773655095686,0.2286876472564365,-0.1240878807841683,0.9012456937276412,0.9443547785904792,GMNN
21.79574397893935,-0.0119972927329525,0.0961722340338078,-0.1247479883719352,0.9007230648800176,0.9440975732439186,FAM32A
12.658887115515238,-0.0160819562199986,0.1280249400688451,-0.1256158074461943,0.900036049543531,0.9435712805773918,WDR13
7.089541414223353,-0.0225709034610187,0.1787397276139683,-0.126278045526432,0.8995118342610745,0.9431427175346132,PRMT7
12.875206600994956,-0.0159706382146876,0.1252535991732975,-0.1275064215327743,0.8985395910192341,0.9425563919378084,RAB3GAP2
4.717975334971325,-0.0248113177102327,0.1930905420605592,-0.1284957691115245,0.897756646230087,0.9420276815649212,NLN
6.3142231788371666,-0.0181033544924457,0.1402867936230366,-0.1290453222638412,0.8973217866363628,0.9419329948699556,ANKRD13C
9.599481600513515,-0.024610782161429,0.1903788519833005,-0.1292726681826392,0.8971418975721186,0.9418664326174716,CBLB
8.828012988144087,-0.021261287432624,0.1626703323336116,-0.1307016905149025,0.8960112949810402,0.9408760266071716,TMEM109
6.410602323100956,-0.0207707851506121,0.1583715375557531,-0.1311522605083002,0.8956548602516542,0.9407887727363756,NFKBIL1
3.508811156035367,-0.0344084241719955,0.2573593269864198,-0.1336979878479835,0.893641396343741,0.9392775726170192,SLC25A19
9.884820171608832,-0.0173484327915287,0.1297570673982791,-0.1336993285944037,0.8936403361014369,0.9392775726170192,SCYL2
7.711776826828095,-0.0233206919651548,0.1731887525826382,-0.1346547718451129,0.892884834244749,0.9389655058705076,SRA1
25.407990486303905,-0.0182773291173489,0.135483322617804,-0.1349046418717451,0.8926872694215318,0.9389309646779284,PHKB
8.76077263770645,-0.0165701853055607,0.1225945164489307,-0.1351625324323817,0.8924833699835659,0.9389058344451804,NUS1
9.681041271472257,-0.0203075733170236,0.1492220847385375,-0.1360895966076735,0.8917504517174457,0.9382555937397952,WDR45
3.865598935106306,-0.0328222177564194,0.240119796912832,-0.1366910108138003,0.891275035167437,0.9379798408157962,SEC31B
13.480600266875951,-0.0388355633093345,0.2829807786829443,-0.1372374600497034,0.8908431021827884,0.9378672631994353,PARP8
7.674491369411808,-0.0212425561291592,0.1532888562902111,-0.1385786067119075,0.8897831495436073,0.9370303022194632,GFPT1
7.497859333165278,-0.0230840758026176,0.1624087439783465,-0.1421356710060842,0.8869728428092354,0.9345604290200048,TIMM50
9.442742166254298,-0.0191195343371508,0.1340841140367914,-0.1425935836955645,0.8866111651659825,0.9345604290200048,UBQLN2
5.74159438801168,-0.0260762857140973,0.1819702348565291,-0.1432997310502826,0.8860534682313018,0.934379705755453,PIP4K2B
4.194116670375725,-0.0342804872747472,0.2390195265087845,-0.1434212835054185,0.885957474928327,0.934379705755453,FAHD2B
20.7313784552606,-0.0263583124257343,0.1834407048539795,-0.1436884602395952,0.8857464840273948,0.934379705755453,REXO2
11.14341622420378,-0.0207896342790156,0.1443063917468926,-0.1440659282471689,0.8854484093247881,0.934379705755453,DAP
25.595648095529267,-0.0200386227292712,0.1375864053040753,-0.1456439150727464,0.8842024983796681,0.9335597123995696,DNAJC4
13.938992448623909,-0.0190847396708102,0.1305338791091832,-0.1462052595161681,0.883759353685476,0.9332124165112464,CHCHD3
7.61367358872181,-0.0269765863214052,0.1839260299713331,-0.1466708454785318,0.8833918316294285,0.9329448954690528,NFRKB
15.630350548511702,-0.0147767944232321,0.1001736256414601,-0.147511825878411,0.8827280461381513,0.9327079051631172,DERL1
8.78761077847538,-0.03025140697135,0.2050413977629206,-0.1475380450065416,0.882707352712059,0.9327079051631172,ZBTB37
7.586174451006337,-0.0282287210873935,0.190869263301512,-0.1478955836005992,0.882425173654522,0.9326472764106972,PRR7
2.100536446788166,-0.0353093052852545,0.2380370781512653,-0.1483353163275534,0.8820781452445122,0.932401102819264,FAM200A
7.530417015039295,-0.0433674044493723,0.28935841923085,-0.149874348099662,0.8808637503486348,0.9318407177755952,SIPA1L1
9.58581148127436,-0.0210568533560384,0.1403766958084086,-0.1500024860592079,0.8807626538619348,0.9318407177755952,POGK
11.446639996373454,-0.020146823872877,0.1341626010459888,-0.1501672128879716,0.8806326928582386,0.9318407177755952,KIAA0232
2.717621092641084,-0.0371237204866499,0.2468095544303953,-0.1504144382591942,0.8804376507775954,0.9318407177755952,MBTPS2
4.437686790574197,-0.0388088835201661,0.2558618415666856,-0.1516790596148793,0.8794400740608311,0.931057896495342,POR
15.655797577969238,-0.0214681796630656,0.1413108497500745,-0.1519216656119097,0.8792487199517226,0.9309759350428308,SMARCD1
5.547055442573414,-0.0472944945864801,0.3105925945806229,-0.1522718036801213,0.8789725629664272,0.9308041487815808,MT1X
4.78355674605504,-0.0360342077869198,0.2363206192456289,-0.1524801682643964,0.878808230965174,0.9307507524583843,ATP8B2
4.110498595926034,-0.0334215298425608,0.2174961188733825,-0.1536649482100297,0.8778739237366222,0.930157699994166,TFAP4
5.709258568391751,-0.0723799013396157,0.4681672052775566,-0.1546026729845477,0.8771345626000231,0.929942456339015,PROK2
11.758321337332376,-0.0215113771970137,0.1390443543323618,-0.1547087424031217,0.8770509375409453,0.929942456339015,DNM2
9.594989516688765,-0.0218419712963262,0.1409596376270633,-0.1549519540771916,0.8768591948009986,0.9298918209888332,AP2A1
9.495046690861372,-0.0191743749957496,0.12326824447436,-0.1555499964935247,0.8763877420524393,0.9298918209888332,NFYC
13.805177568144236,-0.0615754296017808,0.3950273277529898,-0.1558763793685785,0.8761304642356658,0.9298430995284616,ANXA5
4.896371091413322,-0.0256069201816171,0.1634692840177806,-0.1566466772976867,0.8755233134621256,0.9294812382056372,WDR83
29.61817165142096,-0.0321528600450582,0.2049896307242507,-0.1568511535508343,0.8753621570525206,0.9294812382056372,NABP1
5.483497618738017,-0.0409549487216467,0.2602747725279117,-0.1573527404284054,0.8749668570589288,0.929211618017742,ATP11A
65.40981048655448,-0.0196956295941719,0.1251607403766325,-0.1573626804611733,0.874959023646419,0.929211618017742,IRF2BP2
4.191761900195446,-0.026803631343248,0.1697598814821896,-0.1578914352980396,0.8745423470514109,0.9291230682300192,MAK16
7.42462723455976,-0.0246883820295502,0.1563076669754706,-0.1579473515744086,0.8744982851768113,0.9291230682300192,SURF6
6.666994908245716,-0.0202569345949081,0.1281824044225254,-0.1580321003196006,0.8744315041366411,0.9291230682300192,APH1B
12.579610788453826,-0.0220643312344256,0.1394266026967827,-0.1582505117937206,0.8742594025213839,0.9291230682300192,LYRM7
10.859875997255957,-0.0212988671550284,0.1340915267850747,-0.1588382775980081,0.8737962904649638,0.928934359795631,SNRK
3.953323336683667,-0.039735718522597,0.249868156927662,-0.1590267403865339,0.8736478061315538,0.928897361600641,ABCC4
4.091608414031082,-0.0319800978308887,0.2000903606356002,-0.1598282782304048,0.8730163476188841,0.9283467694422048,TRIT1
18.825072518421617,-0.0275042316307945,0.1720362661431841,-0.1598746139253163,0.8729798464232433,0.9283467694422048,RALGDS
12.976500510266426,-0.022592178106494,0.1412854149634047,-0.1599045316343924,0.8729562787288778,0.9283467694422048,FBXO34
16.150568370758815,-0.0261720428388329,0.1628955102361842,-0.1606676746393179,0.8723551505158862,0.9280952030204984,GPI
18.15870743459353,-0.0174083574786112,0.1079959278614198,-0.1611945730115827,0.8719401553338042,0.9279269352998846,USP9X
5.55235627826216,-0.0322368227661559,0.1993523308111059,-0.1617077795629164,0.8715359779728773,0.9276176209478156,COLGALT1
6.352706147386129,-0.0269594206900307,0.1660722123243049,-0.1623355305063591,0.8710416364481359,0.9272122474488952,MLST8
2.2001833116688285,-0.0375686732562639,0.2305282076297745,-0.1629677931500634,0.8705437929669121,0.9269238118755068,FUT10
143.77761697627852,-0.0429204830475312,0.2627935472683065,-0.1633239609331442,0.8702633690985103,0.9267459909949076,SPINK2
16.45457093986258,-0.0290151245321352,0.1775546201276239,-0.1634152043539027,0.8701915324532634,0.9267459909949076,DCXR
5.862742632394381,-0.0279220754556014,0.1705087394563324,-0.1637574446015559,0.8699220936286305,0.9267449057417914,MIIP
9.192271263477076,-0.0226976109037906,0.1384233896820707,-0.163972367357296,0.8697528970070894,0.9266854767824916,TM9SF4
2.862120361695035,-0.0362614999746199,0.2193533273292971,-0.1653109183075374,0.868699265486665,0.9258043169807668,DLG4
28.98620224270699,-0.0151610019376041,0.0912212911415578,-0.1662002559695976,0.8679993580144816,0.9252997722552287,PSMC6
10.259644545035307,-0.0242461691654057,0.1458298664484864,-0.1662633982728807,0.8679496690384402,0.9252997722552287,FBXL15
9.11260096848601,-0.0217900840154604,0.1301054094994385,-0.1674802308320195,0.866992201340433,0.9249501602236164,RPP30
2.55440182417419,-0.0346320903421437,0.2063037538614898,-0.167869414365554,0.8666860124320652,0.9247442423063992,SLC5A6
13.830253633191273,-0.0228535527166807,0.1355794840679279,-0.1685620274615492,0.8661411507850244,0.924283576213195,SRPK2
4.312036548322879,-0.0330995891334243,0.1954839533950229,-0.1693212591549063,0.8655439550185071,0.9237669352738012,ZNF93
9.655961495279868,-0.0447100505434075,0.2619525942272133,-0.1706799303717785,0.8644754444921442,0.9229882212132904,METRNL
138.51544682459084,-0.0269378886620149,0.1571079415812105,-0.1714610247636052,0.8638612743026779,0.922694179389174,PTPRC
6.186918460106971,-0.0296221341648179,0.1726768486805149,-0.1715466456051935,0.8637939561051464,0.922694179389174,IFT27
13.983204603300807,-0.0285640946941591,0.1657877815675273,-0.1722931233175627,0.8632070903120348,0.9224777838006326,SEMA4D
3.4856239829434603,-0.0321294054942557,0.1860113876429238,-0.1727281641268807,0.8628651047500278,0.9222329327550656,ZNF354A
6.871979952033917,-0.0242227153077408,0.1398240325994362,-0.1732371385478013,0.8624650326024668,0.922046549966604,RAD54L2
3.7992558373383223,-0.0574327018443024,0.3310948039354274,-0.1734630116862341,0.8622874995099381,0.921977382687216,HDAC9
17.56235361634877,-0.0203545396876867,0.1172918280886709,-0.1735375773348768,0.8622288934913124,0.921977382687216,PPP2R3C
4.63710803048392,-0.0401666623358911,0.2313132507961402,-0.1736461797914492,0.8621435370765833,0.921977382687216,NIPAL2
20.008090053525784,-0.0236517865113308,0.1355986690475032,-0.1744249163909205,0.8615315340064453,0.9218928973764622,LCP2
37.64510783691237,-0.0380873988600277,0.2180436652799983,-0.1746778509300799,0.8613327725749674,0.9218009279253514,MARCKSL1
2.570403739090375,-0.0409064885505721,0.2338162285554852,-0.1749514514167478,0.8611177812823824,0.9216915628580492,MFSD3
5.340064131729105,-0.0254755042544523,0.145532493558137,-0.1750502834906452,0.861040123001949,0.9216915628580492,CANT1
29.345713862207223,-0.015733458576218,0.0894154950522569,-0.1759589718428886,0.8603261751912427,0.921288973795554,PPP1R2
7.744668494935308,-0.0363020720794335,0.205367891239526,-0.1767660555909077,0.859692152849729,0.9208894311661164,DNASE1
6.879580417830307,-0.0296276392006508,0.1676006585504113,-0.1767751956161877,0.8596849732195714,0.9208894311661164,SMIM8
7.343488286190078,-0.031266799667154,0.1762982508979782,-0.1773517292877043,0.85923212063875,0.9208629117055352,TBPL1
5.670950901172803,-0.032192685373839,0.1797721159812721,-0.1790749649806245,0.8578788392934931,0.9197911029874204,ELMOD2
10.64034231134504,-0.0262496975965164,0.1453196389428189,-0.1806342059991308,0.8566547050065336,0.9190816169391264,PMPCA
3.5590347541619125,-0.0385793590255393,0.2124869495241025,-0.1815610752187079,0.8559271985227486,0.9185423087903044,ZNF197
2.981399027375094,-0.0545873625523936,0.2998623930916818,-0.1820413756776222,0.8555502552675448,0.9184132380948624,TMEM217
6.63917253411439,-0.0292459412895343,0.1590177892376341,-0.1839161607625521,0.8540792266109192,0.9176423663283778,AGPAT1
39.6223237885534,-0.0194691441467325,0.1057626614233382,-0.1840833417457512,0.8539480745199752,0.9176235819177694,CFLAR
9.14344275586587,-0.0241874113674003,0.1312831023104638,-0.1842385725331272,0.8538263008719176,0.9176235819177694,SPTLC1
11.676166030538385,-0.0260776038533177,0.1409178921438962,-0.1850553074317131,0.8531856555813182,0.9172946209959096,MEMO1
13.783445550755442,-0.0229678616103345,0.1238034563574076,-0.1855187430634308,0.8528221805885876,0.9172581331564236,ZNF33B
9.333843899984284,-0.0228668665083384,0.1228976927018084,-0.1860642458424438,0.8523943799474334,0.9169187043905316,BCL2L13
3.995339977471096,-0.0327295374802816,0.1758010730598125,-0.1861737070805368,0.8523085421871053,0.9169187043905316,NUP155
11.45550203330226,-0.0292677734159765,0.1563362863742571,-0.187210366158447,0.8514956975101791,0.9163138870480276,CCDC25
4.841743597937998,-0.0304705438360615,0.1606200008825829,-0.1897057880004385,0.8495396850074961,0.914690837553861,MLH1
5.9506435563927775,-0.0338895961808655,0.1780063137508506,-0.1903842367540944,0.8490080490189731,0.9144782435213684,FAM120B
13.22198176337797,-0.0296042454659949,0.1548178488113093,-0.1912198476680573,0.8483533543318134,0.914136259823981,TMEM41B
15.94934226992464,-0.0501143766143342,0.2601432756137432,-0.1926414453577624,0.847239784129304,0.9130567496861702,TYMP
27.231754205252276,-0.0188024801669714,0.0969914405554549,-0.1938571080014132,0.8462877693687675,0.9122714199884168,CDC42SE2
28.085784156535524,-0.0236065979570502,0.1214243032939003,-0.1944141108218829,0.8458516418734354,0.9120419326666456,BRD7
4.801208783743576,-0.049209206341631,0.2530981905788322,-0.1944273336332047,0.8458412891211333,0.9120419326666456,HCG11
17.02379479410473,-0.0361225650318717,0.1848355825514363,-0.1954307960255407,0.8450557096479382,0.9116649331308824,AGPS
6.417257369288145,-0.0406957547594584,0.2080421265594539,-0.1956130493014764,0.8449130457384676,0.9116313873932416,GRAMD4
3.106814338068198,-0.0424735219763217,0.2147939291553798,-0.1977407934355387,0.8432478712983018,0.910435829331187,ZNF564
8.023171194641606,-0.0316638275164303,0.1599717059178793,-0.1979339242196045,0.8430967615424619,0.910392974568978,CSNK1G1
11.044844727099544,-0.0264737483866927,0.1323709787517047,-0.1999966203796902,0.8414832242743484,0.9090110292894896,DYM
2.908107788985648,-0.0400996443463138,0.1999500063221213,-0.2005483524802343,0.841051746196747,0.9087852179547236,ZNF687
43.032323664130374,-0.0675572116419879,0.3338563222377491,-0.2023541480034588,0.8396398714319296,0.9077397974954086,SOCS2
3.2079137419968764,-0.0429111791923363,0.2120114756091688,-0.202400266631985,0.8396038199727979,0.9077397974954086,DNAJC24
8.126691863773308,-0.0286220992201486,0.1411071844049428,-0.2028394184240138,0.8392605468658927,0.907569868771997,NUDCD1
2.4332203274434683,-0.0438172234272377,0.2158071584033573,-0.2030387858837403,0.8391047167895377,0.907569868771997,ZNF836
3.5089133412930744,-0.0448753745237918,0.2207767138995397,-0.2032613572834114,0.8389307574454731,0.907569868771997,MAFK
9.43536066742962,-0.0286968270155734,0.1408711484239989,-0.2037097541733718,0.8385803193023986,0.907569868771997,SNRNP48
4.56318282584246,-0.0539716265179552,0.2637671046779016,-0.2046184894202882,0.8378702085733354,0.9072670917377051,TMEM106C
5.016613970466093,-0.0329981064631954,0.1609824505149233,-0.2049795263871728,0.8375881209680412,0.9072670917377051,NF2
11.690895830650735,-0.0242234625520313,0.1169504335665273,-0.2071258892618967,0.8359115437787378,0.9056262561941218,MAPKAP1
4.161534531688417,-0.0378221985710052,0.182024168938699,-0.2077866845459559,0.835395529901019,0.9053072778277488,LCLAT1
13.045207370747208,-0.0295528322697636,0.1416131130936877,-0.2086871167800129,0.8346924980347634,0.9049054532893792,TMX2
10.14404940999623,-0.0314486827108426,0.1504063835957209,-0.2090914092806986,0.8343768808917407,0.9048033833797496,QSOX1
4.554217004154523,-0.061531344922756,0.2936236365331605,-0.2095585547855134,0.8340122298131779,0.9045279970538196,GOLGA8N
7.589455504060351,-0.0338454506178535,0.1607411344505435,-0.2105587392645101,0.8332316117216768,0.9040413622862596,TRIM14
12.497775441331056,-0.0326931458252618,0.1549855711496165,-0.2109431580163115,0.8329316265282474,0.9038358991185006,NCOR2
4.667239055848377,-0.0442093646182119,0.2088011600739099,-0.2117294971089384,0.8323180744080616,0.903290076502626,PRRG4
18.67860079022853,-0.0232213521778003,0.1090898750179182,-0.2128644127054517,0.8314327207662845,0.9026432377272708,KIN
4.831532143590218,-0.0365764367015568,0.171003186981732,-0.2138933042544067,0.8306302618393459,0.9024667632653238,UBE2O
2.5891390679738753,-0.0449927926003527,0.2099858510141878,-0.2142658297358937,0.8303397631532161,0.9023431617894758,MLLT1
11.98587171747774,-0.0356552700293106,0.165371337119606,-0.2156073153325395,0.8292938531062263,0.901700984985142,PGRMC1
3.0831852834254234,-0.0811630292883672,0.3747515901343979,-0.2165782118743234,0.8285370671330533,0.9012215622396405,LILRB2
5.028700474777018,-0.0426381384418672,0.1963860986698254,-0.2171138320414047,0.828119634654288,0.9010073947749916,FAM98C
5.1556341592713855,-0.0536689035440446,0.246528226054988,-0.2176988185201713,0.8276637842876254,0.9006313465726711,ADAT2
3.667750468937796,-0.0428518300472485,0.1965438506855848,-0.2180268163963036,0.8274082175262125,0.9005931191430241,PEX14
66.76020253217077,-0.015215832925903,0.0693527003913181,-0.2193978437760698,0.8263401495334478,0.8997901601596218,UBXN4
7.574556000565137,-0.0422087778952828,0.1921406033748382,-0.2196765137295823,0.8261230972033274,0.8996737074834583,FBXO38
7.617702511424048,-0.027291312200604,0.1240434485834318,-0.22001413627458,0.8258601452837759,0.8995072310202257,SETDB1
3.124508054613905,-0.0681297698868688,0.3087784318886107,-0.2206429039429996,0.8253704917215524,0.8992136383809073,SLFN12
7.531871149330889,-0.0308990114819575,0.139415106617633,-0.2216331661008786,0.8245994617031036,0.8986132570786955,TOR3A
48.52298527154695,-0.0149750945257448,0.0674276586277352,-0.2220912727879462,0.8242428315300484,0.8984667210456909,EIF5B
4.023612717310037,-0.0353547825386165,0.1589300579888875,-0.2224549779066248,0.8239597175998638,0.898395363291765,ZNF586
5.681620704534717,-0.0382810016685629,0.1701374963519741,-0.2250003819814571,0.8219789771032967,0.8967143153419276,TRIM37
6.203555099761727,-0.062786009789003,0.2788410195956957,-0.2251677672102882,0.8218487636384162,0.8967143153419276,SORBS3
29.279026395015585,-0.0657052383789922,0.2908561299073613,-0.2259028833255796,0.8212769552206877,0.8963074664228982,MDK
11.590017257193653,-0.0311217165194523,0.1377443057504917,-0.2259383162874686,0.8212493961671874,0.8963074664228982,GPAA1
9.435545249730868,-0.0435297749238503,0.1926605427871971,-0.2259402693157108,0.8212478771470538,0.8963074664228982,TRIM25
3.1822851944497184,-0.0636960514907742,0.2816525997300849,-0.2261511221689977,0.8210838846249718,0.8963074664228982,TMEM97
31.062482915502464,-0.0204818023991703,0.0905504844165758,-0.2261920798230539,0.821052030383104,0.8963074664228982,AKIRIN1
21.171073052644505,-0.0295557409693295,0.1304336063917473,-0.2265960574651375,0.8207378582473313,0.8963074664228982,ANP32E
5.90525499505131,-0.0365783048038225,0.1612035782927482,-0.2269075239595223,0.8204956513698723,0.8963074664228982,FAM122B
17.587625686030815,-0.0265020080640887,0.116750164832418,-0.2269976072593085,0.8204256027403043,0.8963074664228982,ZFP91
1.6188610072587284,-0.056632447517655,0.2484261291102905,-0.2279649395998627,0.8196734970467793,0.8962333927966323,BBS10
5.066397657713102,-0.0397633776733706,0.1726137226800701,-0.2303604664564813,0.8178116782882434,0.8947963609123242,MAP4K1
23.611781391044243,-0.031527648513296,0.1367120587990203,-0.2306135156639306,0.8176150666341864,0.894701045864194,CCPG1
6.819186401883742,-0.1191346461515018,0.5141585608154605,-0.2317079889957547,0.8167648259183924,0.8941298757474793,CRYGD
14.363037815975485,-0.0324859120525816,0.1398111673192561,-0.2323556313523991,0.8162618069521766,0.8938187114186861,PUS7L
6.529308889216014,-0.0416816136220261,0.1790538801191388,-0.2327881059840311,0.8159259492810438,0.8935706918074533,FANCL
20.766824292114457,-0.0392926062773696,0.1680470580587058,-0.2338190667023941,0.8151254467401627,0.8929333724780627,STOM
19.30617347425729,-0.0310968027964066,0.1329046612572352,-0.2339782706057177,0.8150018480256939,0.8929333724780627,TRIM33
6.00261663124106,-0.0491523355831215,0.2087681261840807,-0.2354398465011925,0.8138673620922734,0.8920335634682718,BRI3BP
2.4032188380343107,-0.0818788483547715,0.3456946324259902,-0.2368531087109111,0.8127707487560654,0.8914295017564846,SKIDA1
24.861401298307445,-0.0250993890738664,0.1059159035867236,-0.2369746961872929,0.8126764207134423,0.8914295017564846,CCDC47
3.4368885103555895,-0.0434171155058181,0.1823699211776517,-0.2380716909096226,0.8118254909291143,0.8908710833174581,TRIM26
4.456719618310318,-0.0403968426968107,0.1692521230803967,-0.2386784990438306,0.8113548902391612,0.8905560676977616,INTS4
21.34327044554335,-0.0239348551910784,0.0998966624644309,-0.2395961446619967,0.8106433538474056,0.890051981226438,EMC3
12.943668049768592,-0.0350913368711336,0.1463152456878424,-0.2398337692437022,0.8104591267806317,0.8899692951114825,UBE2W
4.916872911161537,-0.0479416986574713,0.1998307180175937,-0.2399115568070492,0.8103988214341722,0.8899692951114825,SLC35B4
5.107317338850542,-0.0449216634064794,0.1871563152273386,-0.2400221619661248,0.8103130759575129,0.8899692951114825,KATNAL1
1.9671235288539963,-0.0574635641936804,0.2363082374020781,-0.2431720740056398,0.807872099363087,0.8880832670383134,ZNF28
8.034459446330674,-0.0407652228262093,0.1669007881267085,-0.2442482344377011,0.8070385723487674,0.8873146680755917,TRAPPC8
15.732200634069212,-0.0427286774918268,0.1743969759230521,-0.2450081331151045,0.8064501339443846,0.8868780678949619,CYTIP
59.46913210695527,-0.0275678121933357,0.1123693481352339,-0.2453321359500855,0.8061992710100807,0.886721529603361,UBXN1
10.435785298398866,-0.039459078641567,0.1608202265118012,-0.2453614168903777,0.8061766008861926,0.886721529603361,MPDU1
9.394024630775265,-0.0325353776478279,0.1324425114863236,-0.245656604384066,0.8059480675632689,0.886721529603361,GDI1
187.2172897117657,-0.0279990984847592,0.1132285556636454,-0.2472794810518722,0.8046919375309217,0.8858983860906982,EIF4A1
23.98058780958562,-0.0213754422544994,0.0862683965319886,-0.2477783651232385,0.8043058951723844,0.885592705761158,PPP4R2
7.969257274409101,-0.0326033178006174,0.1314209531452133,-0.2480831025825268,0.8040701092143461,0.8854524073302454,ZNF226
5.207197614404398,-0.0417799125537493,0.1680469615327292,-0.2486204580712527,0.8036543820465986,0.885233210528816,TRAF6
9.830333748101452,-0.05816563084002,0.2324467453754767,-0.2502320724949867,0.8024078837727247,0.8842177772497549,TOX
4.532528112023718,-0.0417669447561557,0.1663399458192127,-0.2510938941963487,0.801741516446721,0.8836026343250818,MDC1
6.6548497740624,-0.0393514351251007,0.1562921119166221,-0.2517813256378138,0.801210092393521,0.8833017543451015,XRCC1
3.5973723115520064,-0.0545709432022489,0.2159257191987418,-0.2527301676000019,0.8004767341010891,0.8829232443763497,C4orf33
3.857210072750038,-0.0576537786790395,0.2277807865618281,-0.2531108068826961,0.8001825880497202,0.882837149197173,IRAK1BP1
3.4382137680514155,-0.0739194451820181,0.291152738444302,-0.2538854539956837,0.79958405271595,0.8824150857296094,ACOT2
2.6970912602633175,-0.054699419129483,0.2151522514185417,-0.2542358667819595,0.7993133430016304,0.8822753948455523,DCP1B
5.978073223662657,-0.0443256372423016,0.1737009564381738,-0.2551836106790733,0.7985812889136688,0.8816656818961746,PPP1R21
7.07359333952898,-0.0405889919460878,0.1585632749798834,-0.2559797781121591,0.7979664519529046,0.8815509789933966,MAML1
33.350245613025876,-0.0240513595662517,0.0936607945314185,-0.256792179551538,0.7973392075022788,0.8812469450157068,MIER1
9.41822182372478,-0.0384107636074894,0.1491486278949375,-0.2575334694634036,0.7967669814785654,0.8809105077247715,SF3B3
5.919950031947046,-0.0584613910203367,0.2262803086254962,-0.2583582786122715,0.7961304126113972,0.8807448688664672,NADK
2.622217832475323,-0.0883502447216225,0.340173386907995,-0.2597212131280517,0.7950788283077941,0.8800581287053625,CIDEB
7.008982902017873,-0.0503690080590674,0.1936541041777232,-0.2600978082697487,0.7947883285098702,0.8798896740476141,BSPRY
5.353209051517205,-0.044020152182108,0.168768528231112,-0.2608315225800082,0.7942224341399258,0.8795868134124877,SHC1
26.646439159648324,-0.0296642641582414,0.113707310696147,-0.260882646653313,0.7941830075316196,0.8795868134124877,SETX
8.017659208101678,-0.0464376851702123,0.1777862797915173,-0.2611994875232664,0.7939386733012889,0.8795109679426291,HMGCR
44.291517323796306,-0.0286040094016211,0.1092353214277991,-0.2618567788124052,0.7934318626671899,0.8793071680257166,CNST
14.55952354569975,-0.034105885168248,0.129595983934219,-0.2631708493803301,0.7924188978915417,0.8784727930815361,HSF1
7.356927114547552,-0.0438936350935322,0.1661995210324978,-0.2641020552938265,0.7917012802090486,0.8778655395017148,NEDD4
3.067444850438139,-0.0592147785230102,0.2240804104333886,-0.2642568282005745,0.7915820242401066,0.8778655395017148,AP3S2
6.0529391542517565,-0.0851038563665061,0.3212602218126938,-0.2649062989694527,0.7910816457668295,0.8776548713592348,FAM43A
8.599258301122363,-0.070919458300943,0.2673291220717997,-0.2652889357931433,0.7907868872109398,0.8775380950281676,NPM2
4.466701324230628,-0.045335977126364,0.1707702987260118,-0.2654792868817439,0.790640264237656,0.8775380950281676,BUD13
2.986690058682643,-0.0540270598677667,0.2031883889971359,-0.2658963936592278,0.7903190025952462,0.8774447767057328,DUS4L
3.0444866557429298,-0.0692949994348231,0.2596433496565374,-0.2668853237584873,0.7895574568709121,0.8769164034378445,C5orf63
90.3960487339343,-0.0225703325196662,0.0845313425251073,-0.2670054898626793,0.7894649341996747,0.8769164034378445,UBE2D3
6.366373678191736,-0.051847249988914,0.1936233884160718,-0.2677736941443301,0.7888735205324632,0.876395042320973,RAD51C
4.756840063019874,-0.1025590049279771,0.3827545810798238,-0.2679497777365292,0.7887379770450261,0.876395042320973,JAG1
3.6114040273915906,-0.0501416455123302,0.1865429631487848,-0.2687940872491543,0.7880881436457655,0.8758797907684372,DTD2
16.623790824451916,-0.038505763569404,0.1431536135031554,-0.2689821278493626,0.787943435903641,0.8758380920648415,CHMP2B
3.06331947875554,-0.0548180354795534,0.203758818277304,-0.2690339291472982,0.7879035731979166,0.8758380920648415,POT1
3.9750928918522255,-0.0848850476470476,0.3155032708136166,-0.2690464901620417,0.7878939071910908,0.8758380920648415,BMPR2
15.503175402450326,-0.044220602742753,0.1643339869758976,-0.2690898185853591,0.7878605651645766,0.8758380920648415,TLE3
7.823175023797144,-0.0376549491775511,0.1396936712777861,-0.2695537230364059,0.7875036064472062,0.8758257749122257,GUCD1
3.0614145566982693,-0.0950576218453051,0.3517690161426205,-0.2702273863902928,0.7869853248672329,0.8757261459199456,CSF2RB
8.558344799351616,-0.0326280732031342,0.1205439763179038,-0.2706736097462557,0.7866420757309002,0.8754634160715316,SEC23A
31.810827911207227,-0.0268425615835516,0.0990724860823306,-0.2709386091436643,0.7864382494183257,0.8753558011166244,TMF1
4.587770619394313,-0.0726157535145941,0.2673368829761894,-0.2716263940320639,0.78590930272496,0.8750054384201726,NAT14
3.213168374712835,-0.0791064623346128,0.2910396295539819,-0.2718064974719884,0.7857708089906814,0.8749704661028697,RHBDF2
12.755105215914377,-0.0374154239327398,0.1370623879942594,-0.2729809722438728,0.7848678422283037,0.8742032632016726,MSH6
7.327312502657321,-0.0448378131237255,0.1641207072558285,-0.2732002187501736,0.7846993118356804,0.8741347071587382,STAU2
1.5095807577357754,-0.1524208035742045,0.5577647832275668,-0.2732707552674892,0.784645093975201,0.8741347071587382,LINC00960
4.393421374745796,-0.0455694810820845,0.1666828916987613,-0.2733902718968921,0.78455322996056,0.8741347071587382,HEMK1
22.66094655076681,-0.0360244914934677,0.1317560220203008,-0.2734181780922099,0.7845317808660439,0.8741347071587382,PMPCB
3.1528791026114287,-0.0683302082656266,0.2494879138433774,-0.2738818374525458,0.7841754297160464,0.8741347071587382,HILPDA
3.389592530040859,-0.0841897075238637,0.3064512412573262,-0.2747246419314381,0.7835277978140018,0.8736634328518298,CDCP1
18.417725537528167,-0.0312780513398889,0.1137640041159124,-0.2749380314358505,0.7833638477868746,0.8735998362585714,ATXN3
8.624565126597085,-0.0514989199721572,0.1870188271213066,-0.2753675700187838,0.7830338566889954,0.8733510296213188,STK11
6.497994706487682,-0.0557034883670349,0.2021828230365535,-0.2755104886282257,0.7829240687562813,0.8733477905539351,TMEM71
2.5268300930679612,-0.0819493876406916,0.2949597488217226,-0.277832443131835,0.7811409852377657,0.8718732420763174,TCN2
23.67033043157476,-0.0260625544191688,0.0938020083254179,-0.2778464436363947,0.7811302373995498,0.8718732420763174,RNF115
3.8864155785181658,-0.0546103594863732,0.196247479061757,-0.2782729222686623,0.7808028604322244,0.8718147270554393,DYRK1B
9.159808983774912,-0.0391047199115724,0.140363128407191,-0.2785968106818646,0.7805542605491689,0.8718147270554393,DPH3
37.77783808687413,-0.0306247055568948,0.1099194429437507,-0.2786104508605127,0.780543791550256,0.8718147270554393,GNAQ
9.73718181993914,-0.0456338813961964,0.1635613975340841,-0.279001537552202,0.7802436448057065,0.8717859731584067,TCP11L2
2.7359504801293544,-0.0739942676177169,0.2650928219895113,-0.2791258815021575,0.7801482215913917,0.8717859731584067,TICAM1
13.122852617652477,-0.1660672556954361,0.5925355313617076,-0.2802654809810249,0.7792738321113303,0.8711788866030482,SCN9A
12.737853550305728,-0.037492044593835,0.1334411330238234,-0.2809631763778678,0.7787386436006489,0.8706997067406816,IMP4
4.892817105645664,-0.0434396328588707,0.1542704895485294,-0.2815809620232375,0.7782648398587191,0.8702890387964409,TRPT1
3.5439763388720986,-0.0661788760480925,0.2342491277871453,-0.2825149304642327,0.7775486998143821,0.8699644565498175,HSD17B8
2.5826700491684447,-0.060386906286636,0.2137182716064383,-0.2825537836925725,0.7775189123696581,0.8699644565498175,PGBD1
54.11849142255142,-0.0327045876150855,0.1157462811517616,-0.2825541113688539,0.7775186611528221,0.8699644565498175,TFDP2
7.014126469780018,-0.0511476847948021,0.1805661647659554,-0.2832628408600152,0.776975359908878,0.869799378793731,APAF1
4.912485141455672,-0.0483114395619504,0.1699874963517359,-0.2842058421872689,0.7762526385767504,0.869109387477477,COG6
8.483831048018326,-0.0392719875577345,0.1378577652634638,-0.2848732349801318,0.7757412621208777,0.868696441305932,UBE4B
3.0540194728840757,-0.0581501970979733,0.2035122849848653,-0.2857331050177037,0.775082547146659,0.86827522521735,ZBTB26
9.244618420264455,-0.0404983910365668,0.1411253515961189,-0.2869675120630879,0.7741371960890513,0.8674540632533788,SPPL3
14.539668261719598,-0.0541414535297527,0.1886500952116874,-0.286994042960857,0.7741168814924644,0.8674540632533788,RELB
17.289616056427807,-0.0317969197003245,0.1104453913194858,-0.2878972071215309,0.7734254248460436,0.8670131906183319,OARD1
4.046026235854063,-0.0649263701171416,0.2254027085467864,-0.2880460955226944,0.7733114540944667,0.8670043758789636,SMPD2
4.076519010627929,-0.0502763420681613,0.1744419288585766,-0.2882124865113208,0.7731840912858851,0.8670043758789636,NOC4L
6.04107610834482,-0.0590428257601817,0.2048332401549483,-0.2882482633947408,0.7731567069205288,0.8670043758789636,FAM210B
6.436070093232717,-0.0481629457200486,0.1668883784973281,-0.2885937664066868,0.7728922663175453,0.8670043758789636,DCUN1D4
16.33979127971171,-0.0335948732422008,0.116215745490695,-0.2890733359783045,0.7725252577457284,0.8670043758789636,IWS1
3.4138235520536613,-0.1539682543772928,0.5317407893115212,-0.2895550942718639,0.7721566253965805,0.8670043758789636,NEU4
4.7678355537316985,-0.0485118787793469,0.1674067932701485,-0.2897844097704091,0.771981175565193,0.8670043758789636,TAF6
42.184379207506794,-0.0307819470106663,0.1051219607976774,-0.2928212789895603,0.7696587625341373,0.8650456325538427,TCP1
6.309360047664558,-0.0673520735540182,0.2299459027031337,-0.2929039950799713,0.7695955350848057,0.8650456325538427,ACOT11
3.544631748731707,-0.0824838708137368,0.2806522141290414,-0.2939006594682037,0.7688338141674862,0.8643562321907718,CPEB2
4.65868985027844,-0.0612541428373727,0.2083910724576332,-0.2939384212335965,0.768804958356528,0.8643562321907718,MGAT5
3.186753905841018,-0.0653621443994924,0.2221743768271611,-0.2941929908071279,0.768610436311789,0.8643429500555504,C16orf70
23.388169987570212,-0.0379116080782177,0.1288197682895748,-0.2942996139613908,0.7685289676116749,0.8643429500555504,WDFY2
13.071117887948413,-0.0388332443553685,0.1317370919917492,-0.2947783632403293,0.7681631960225743,0.8642431279856909,GNPTG
5.81224820378636,-0.0579516438277183,0.1963229850582067,-0.2951852214886432,0.7678523908215451,0.8640850964609346,INPPL1
6.215089237763974,-0.0446783137077016,0.1510874761546592,-0.2957115628959683,0.7674503660022963,0.8639584185007723,MTPAP
3.737614178303528,-0.0561388822181478,0.189437885480452,-0.2963445357076728,0.766966977927339,0.8636834587437,B4GALT7
18.3012168275186,-0.0334982772161481,0.1129609994701948,-0.2965472806832489,0.7668121649998061,0.8636834587437,POLK
34.023796109950716,-0.0574330377773791,0.1932172825251569,-0.2972458624134791,0.7662788101181917,0.863384467384962,ITPR2
2.3818330666512995,-0.0706218188565746,0.2367803871942833,-0.2982587354189433,0.7655056961111057,0.8629893823018551,PPM1M
34.98501757950579,-0.0521425929619064,0.1747275499210795,-0.2984222750531216,0.7653808901163548,0.8629677457072906,CCDC85B
3.143422438741527,-0.0544743384344544,0.1819136039323414,-0.2994517026594391,0.7645954178498842,0.8622010984338122,ENOX2
9.918659551706751,-0.0500434817286263,0.1662557793900113,-0.3010029600909799,0.7634122373173116,0.8612234420985437,CDYL
6.9596754467989665,-0.0497678906681338,0.1651578361034432,-0.3013353277222809,0.7631588044674107,0.8610564196773285,CEP57L1
4.172781669751378,-0.0473118742466864,0.1568276561110513,-0.3016806819658419,0.7628954961151355,0.8608782072582203,UBE3B
5.01513988720201,-0.0541767817247534,0.1795314449817877,-0.3017676470561983,0.7628291956648238,0.8608782072582203,HINFP
8.347922383156796,-0.0378549830597739,0.1253737880372607,-0.3019369810260779,0.7627001038163657,0.8608782072582203,SART1
66.4372353285587,-0.0231226118225513,0.0762994846879028,-0.3030506944723489,0.7618512283461997,0.8601749878149506,CSNK1A1
6.219358311028289,-0.0522740973947536,0.1723768456722292,-0.3032547508970646,0.7616957269972519,0.8601749878149506,THOC5
4.376967340168179,-0.0541648517850745,0.1780467184108623,-0.3042170744202274,0.7609625174356479,0.8597655876613217,LMNB2
8.738717636988856,-0.0479632362973909,0.1574739114716587,-0.3045789353243005,0.7606868653628134,0.8595730019194507,GTF3C1
11.310646207929649,-0.0453837332867926,0.1489282980245434,-0.3047354592027458,0.7605676407497468,0.8595571497325285,NCK2
16.677200685673604,-0.0421250234705376,0.138214713058346,-0.3047795892232904,0.7605340278349583,0.8595571497325285,SNRPA1
16.455858169798145,-0.0379344800552904,0.1244288748167886,-0.3048687863741101,0.7604660896089042,0.8595571497325285,SNX14
3.259150799551212,-0.0713640062301844,0.2340091868290945,-0.3049624127889653,0.7603947797608505,0.8595571497325285,PIAS3
3.0460647146095665,-0.0675309834301833,0.2210574788577983,-0.3054906071448711,0.7599925226996803,0.8593826325739119,MEGF8
3.52047713427638,-0.0585555261119275,0.1914798781544393,-0.3058051147530979,0.7597530339112117,0.8593496733234373,GANC
50.258178940989325,-0.0268183724385074,0.0875685423311202,-0.306255782323063,0.7594099032557794,0.8590804817254566,ENSA
2.922410147811525,-0.0818483841682176,0.2670518124375971,-0.3064887799154834,0.7592325214013345,0.8590572365834642,PIGV
28.56973971714283,-0.0389111980731842,0.1268604854159327,-0.3067243353642199,0.7590532051181992,0.8590337588671476,PPP2CA
10.44567054035157,-0.0437708344746234,0.1426051417463429,-0.306937281072798,0.7588911116201622,0.8589692856418265,SMARCAD1
10.104728427042543,-0.0441988839838467,0.1439075091307643,-0.3071339657730062,0.7587414053539714,0.858918817282807,ZCCHC10
8.714171447747788,-0.0535478871866395,0.1741279368589237,-0.3075203677972898,0.7584473223690483,0.8587048733653172,ZNF720
194.025376586785,-0.0234962287085142,0.0763964620149142,-0.3075565031261165,0.7584198222666757,0.8587048733653172,NCL
6.021465327837524,-0.063213495163083,0.2047064679343622,-0.3088006734762869,0.7574731568053877,0.8580766448718223,CCDC112
12.745259863250183,-0.040594327145758,0.1312210407699076,-0.3093583689595863,0.7570489349148947,0.8578348144764393,STK38
7.360104885828348,-0.0422495774795139,0.1364120638928734,-0.3097202422851196,0.7567737080907737,0.8578348144764393,TCAIM
19.15508371824104,-0.0333362887780182,0.1075568417385162,-0.3099411273070179,0.7566057266633693,0.857808435211099,TTC37
12.27093205980859,-0.0553943525549624,0.1770734637297469,-0.31283260285407,0.754407844190229,0.8558081043417364,ABTB1
7.750810787481498,-0.052916110041299,0.1682479774904104,-0.3145126071088439,0.7531317428324257,0.8549374090974924,CBWD1
7.513761965996001,-0.0573599362979454,0.1823218893880391,-0.3146080620954141,0.7530592571298533,0.8549374090974924,RAB3IP
10.211319387731272,-0.0661414906402636,0.2096602188204597,-0.3154699113278289,0.7524048928567688,0.8545193180521301,ALCAM
2.1553888585922936,-0.0833573228682261,0.2640297565798429,-0.315711849861206,0.7522212315122621,0.8545193180521301,NEIL2
3.0134197872703012,-0.0620695614814744,0.1964529173170423,-0.315951334951695,0.7520394464504566,0.8545193180521301,EOGT
6.0227995450239336,-0.0497715004890526,0.1573222592722825,-0.3163665505394983,0.7517243028919253,0.8545193180521301,FER
6.029440661703448,-0.0548770742150864,0.1733419425171912,-0.3165827809368408,0.7515602030504367,0.8545193180521301,SLC25A28
15.69397397187936,-0.0472534077749727,0.1491645239314198,-0.3167871725095846,0.7514050981621339,0.8545193180521301,MED30
24.42194881757559,-0.0338148454144562,0.1066111140643427,-0.3171793645646366,0.7511075068523635,0.8543011467832213,SEC63
5.009685761105494,-0.0802855573888635,0.2526774154348647,-0.3177393486105193,0.7506826608703879,0.8540556978518435,RBM38
5.056553422244975,-0.0742001002792157,0.2325570884299648,-0.3190618732808966,0.7496795945324959,0.853270924491576,SLC11A2
33.86000318446833,-0.0310739909325555,0.0973226171801658,-0.3192884843512856,0.7495077642173922,0.8531941963527879,VPS36
2.7820322110472127,-0.07422468494822,0.2323672865118963,-0.3194282898527545,0.7494017613718629,0.8531923912734417,WDR34
20.58996943702315,-0.0361136968140483,0.1129659771451391,-0.3196864908064248,0.7492060015803848,0.8531816078772732,MTHFD2L
11.1223834442012,-0.1439579133021935,0.4495504916896152,-0.3202263504620675,0.7487967492994347,0.8530211133429669,NEGR1
32.39933385434236,-0.0399501032400004,0.1242053055806033,-0.3216457063025763,0.7477211137021466,0.852159013715785,RANBP2
1.557935754190142,-0.1411381408965636,0.4358723559482113,-0.3238061303280568,0.7460848147182426,0.8510762279858664,TOM1L1
10.102801468266213,-0.0618511466595637,0.1907754638280471,-0.3242091274133263,0.7457797123057671,0.8509958163151813,SLC12A2
20.181264271958888,-0.0615943768498073,0.1894413344243116,-0.3251369456248019,0.7450774281195791,0.8504557105656273,XAF1
15.453380193067392,-0.0439573036187405,0.1347809044481489,-0.3261389571372939,0.744319223464007,0.8500115129174566,GMCL1
7.0261666525045445,-0.0512151679552713,0.1568953474016266,-0.3264288508451998,0.7440999121199534,0.8498798409186664,PDCD11
10.96845505431573,-0.0599327768137871,0.1832701199151778,-0.327018811585465,0.7436536571830055,0.8496076667844432,ARRDC2
3.196159614788704,-0.0711950347001608,0.216385719848795,-0.3290190995501466,0.7421412516771422,0.848116946497053,TMEM234
8.27436614957862,-0.0662600408992356,0.2013045032015668,-0.3291532968484528,0.7420398214772372,0.848116946497053,C7orf50
10.104817654677683,-0.0546564108579681,0.1658622555827243,-0.3295289254685681,0.7417559343269116,0.8479137855883037,HIPK2
2.720774708363038,-0.0733297586516598,0.221669482609686,-0.330806738881501,0.7407904703285995,0.8472842851420754,SARS2
18.216437316822784,-0.0500236677133004,0.151101334620898,-0.3310603962486903,0.7405988656008771,0.8471837226410144,DAPK1
31.055544450013993,-0.0390696509912051,0.117990353122153,-0.3311258078086869,0.7405494583927381,0.8471837226410144,TBL1XR1
2.392310197590752,-0.1160125825863515,0.3477999351475129,-0.3335612542226234,0.7387106598578926,0.8457341742607315,CHN2
48.896685080658344,-0.0231770655854687,0.0685547791260069,-0.3380809606704177,0.7353021778587401,0.8425401900552189,SLTM
4.121115493511823,-0.0598584622201009,0.1770281772939929,-0.3381295742580752,0.7352655446879908,0.8425401900552189,ZNF566
9.232171478599415,-0.061376028604687,0.1813726703881825,-0.3383973366733097,0.7350637809015556,0.8425033179613705,LDB1
16.42120017076188,-0.1532351909593713,0.4526454122959205,-0.3385325175000176,0.7349619266655426,0.8425033179613705,GIMAP7
25.767139107420583,-0.0433427433452814,0.1278457214430227,-0.3390238081968041,0.7345917948058404,0.8421986186836707,LNPEP
35.248199262303515,-0.0438431000788169,0.1292412445854099,-0.3392345858279239,0.734433016641312,0.842134743050261,ZKSCAN1
11.338155120874797,-0.046122241781902,0.1354355664308364,-0.3405474868778693,0.7334442680096351,0.8411522144708614,ZBTB8OS
3.9643874492845144,-0.0604354626762617,0.1771918600638791,-0.3410735834844456,0.7330481874653294,0.840900847926324,TCF20
3.2441166283289182,-0.0724103294011044,0.2121869788254051,-0.3412571770517842,0.7329099827294487,0.8408603578885602,TMEM64
9.344296018599508,-0.0562347909173233,0.1643041277214646,-0.3422603661708062,0.7321549595840902,0.8401120874542342,KNOP1
6.95562519302943,-0.0670619969654837,0.1956180189705795,-0.3428211640133708,0.7317330031649347,0.8397458383231294,AFMID
3.8665475615909104,-0.0609334544081814,0.177672111413509,-0.3429545240578958,0.7316326721185593,0.8397458383231294,HS6ST1
65.11847094983496,-0.0427328858181791,0.1244459564881527,-0.3433850887895042,0.7313087757680206,0.8396127591401568,HNRNPA0
5.676539714043866,-0.0684943301594329,0.1982866174341055,-0.3454309274411568,0.7297704296966674,0.8381999129957084,RAI1
12.780917517654077,-0.0911846570773835,0.2631450839226206,-0.3465185657969463,0.7289530339890106,0.8373787769892036,TNFRSF14
2.932229695238322,-0.0832653371200322,0.2399751397727136,-0.3469748458065069,0.7286102163374,0.8371026543437703,KLHL2
2.522117565922745,-0.0899289371578397,0.2588485652146388,-0.3474191061606625,0.7282764815780285,0.8368962947028197,ACP6
25.591562909173454,-0.0419149498406969,0.1199534183170577,-0.3494268894439375,0.7267688491732969,0.8358097489929639,KLHL24
9.106498796855824,-0.0446087457747278,0.1276190975501964,-0.3495460055042462,0.7266794388120675,0.8358097489929639,TAF8
5.861095240356564,-0.0586619626470398,0.1671759954197426,-0.3508994368464945,0.7256637939875372,0.8351266000946714,FAM76A
4.850213449036793,-0.0735857130187345,0.2090436148481421,-0.3520112923429409,0.7248297937537453,0.8344018378080943,CEP41
5.223712407906196,-0.0603830335061198,0.1714725235706173,-0.3521440767812132,0.7247302142510461,0.8344018378080943,ZNF362
78.52034636138707,-0.059507624798562,0.1688740716002898,-0.3523786939857255,0.724554278324933,0.8344018378080943,APLP2
4.430228492627012,-0.0821788724964593,0.2330782976054801,-0.3525805419926284,0.7244029271681678,0.8344018378080943,FADS3
8.511040439621683,-0.0591426601237972,0.1676079850128127,-0.3528630221243699,0.7241911339241618,0.8343719339106496,RASSF5
17.785275491244317,-0.0547051871217796,0.1549706042376367,-0.3530036382764119,0.7240857129585533,0.8343681230551881,ELK4
3.6979417762209903,-0.0712899967603167,0.2006505038526363,-0.355294381980093,0.7223690638091576,0.8326248582853191,TRAFD1
6.727724063121571,-0.0631587845199199,0.1774318713419745,-0.3559607642202589,0.7218699487813154,0.8322843730058033,TRDMT1
6.9955108381685065,-0.0584305969878383,0.1637754250177173,-0.3567726780835236,0.7212619917190393,0.8317007810240291,PAAF1
3.5327999609454115,-0.078866926845154,0.2207949021294139,-0.3571954156755305,0.7209455175978399,0.8315722282654334,SBF1
16.577204885845497,-0.0389786333185892,0.108572276265547,-0.3590109248815503,0.7195869164943525,0.8308244587643568,SZRD1
6.931119981767535,-0.0580786113789749,0.1616607722045221,-0.3592622414638593,0.7193989182675549,0.8307247825274435,RFX5
4.163620625947075,-0.1064910011609142,0.2958746556887776,-0.3599193074277008,0.7189074780575462,0.8302746294287222,TRIM16
3.7048213083682087,-0.069191744134813,0.1912971577688745,-0.3616977112561738,0.7175779375773096,0.8290906855124712,PYROXD1
7.401937140843592,-0.0600531591542303,0.1656132864836995,-0.3626107568376832,0.7168956736474646,0.8284195374591196,ZYG11B
3.7875914385159137,-0.0705358388243676,0.1944035584941441,-0.3628320354356697,0.7167303594695515,0.8283456530729427,CDK8
2.680081807480967,-0.0682365045345857,0.1879058974055984,-0.3631418996248744,0.7164988865295785,0.8283456530729427,ZNF846
5.189187507028562,-0.0574468730004871,0.1580874090113465,-0.3633867703933586,0.7163159830184042,0.8283353944584462,AMFR
3.680892923039349,-0.074529110044357,0.2050693266102171,-0.3634337288580327,0.7162809097722095,0.8283353944584462,STARD4
14.452149681874264,-0.055632913275028,0.1529351054233113,-0.3637681036086571,0.7160311828019701,0.8283353944584462,SPG11
7.229889414774153,-0.0592446767054658,0.162143832373772,-0.3653834736611855,0.7148251758468682,0.8274311533991728,LETM1
6.32864501023515,-0.0756110131244975,0.2069114674889829,-0.3654268854311975,0.7147927751873712,0.8274311533991728,ITGAV
7.663704789404493,-0.0580593368198982,0.1585023758119491,-0.3662994735724413,0.7141416223699286,0.8269913827075803,MBD6
9.023891313513875,-0.0727313094443081,0.1983900474831939,-0.3666076517798572,0.7139116997658497,0.8268631429228449,EMID1
3.316651212430103,-0.0880169213899708,0.2393530385075221,-0.3677284480648224,0.7130757261153742,0.8261082884004994,SLC27A3
4.987006994743641,-0.0657197122048044,0.1785408681390978,-0.368093383267317,0.7128036044590951,0.8259101321660899,TMEM68
3.705277561008997,-0.1052322644296798,0.285364816323651,-0.3687639765314622,0.7123036577182007,0.8256758492157469,OGG1
17.97713960414192,-0.094520111380719,0.2561000475902611,-0.3690749465690978,0.7120718624714558,0.825608088137132,BHLHE40
12.473428870021175,-0.0444805486971342,0.1201630159121179,-0.3701683780112956,0.7112570364171762,0.8254296170900645,SLAIN2
4.398548393355896,-0.069605526486898,0.1877616317523635,-0.3707121941648865,0.7108519068759982,0.825169900708024,ZNF273
8.078670603052167,-0.0468127685333462,0.1261535839136232,-0.3710775951113586,0.7105797381023297,0.8249711622668565,SYS1
12.38008919882186,-0.0592498999250229,0.1596502843709161,-0.3711230465920588,0.7105458861619037,0.8249711622668565,UBN2
12.57071266800378,-0.0402742968286611,0.1084603401212203,-0.3713274067151989,0.7103936872481509,0.8249711622668565,CWC22
12.504256185755786,-0.1205883360886634,0.3243527982379041,-0.3717813958867564,0.7100556163437044,0.8248314531055458,SERPINB9
18.088582823591423,-0.0937797712152266,0.2514561326390105,-0.3729468445689354,0.7091880061689433,0.8242923468572455,CEP70
9.694226451887996,-0.0593775068353449,0.1591836108344778,-0.3730126897114223,0.7091389994527942,0.8242923468572455,CBX1
3.800679532396655,-0.0833538552723864,0.2233062391672643,-0.373271501876629,0.7089463843905979,0.8242923468572455,UGCG
6.410579655507286,-0.1755155534322541,0.4694235502939826,-0.3738959268710214,0.7084817469262923,0.824013328063549,PTX3
28.540325488735867,-0.0379034450735634,0.1010762027763714,-0.3749987042689351,0.7076614303031801,0.8234550764749764,HELZ
3.7952361955210256,-0.0730034030743877,0.1944882936719745,-0.3753614250815316,0.7073916893598615,0.8232584380799642,CAPN15
3.222526646923165,-0.0834439927060255,0.2220094997274694,-0.3758577574764065,0.7070226463447958,0.8231806844233865,ZNF525
15.842650369420356,-0.0452780084351841,0.1202764360319677,-0.3764495351620657,0.7065827259078747,0.8227857280024575,NDUFV3
10.923612595121291,-0.098524566557541,0.261224125718321,-0.3771648820208146,0.7060510764624202,0.8224736176254629,IL17RA
3.5107213097461556,-0.078115833086942,0.2071003866047543,-0.3771882533277161,0.7060337092057143,0.8224736176254629,ZNF568
7.073961233108133,-0.0721231237882175,0.1903782777271906,-0.3788411401198248,0.7048058350756935,0.8215361595440074,RFFL
6.302362772219979,-0.0641322805090879,0.1692338391012964,-0.3789566014081911,0.704720091447383,0.8215361595440074,ZNF138
5.244295652842039,-0.0655290056682045,0.1726802370963643,-0.379481791142295,0.7043301234671839,0.8213331581062309,ZNF598
5.357783826769789,-0.0811386316960122,0.2138021409479892,-0.3795033638870366,0.7043141067653957,0.8213331581062309,MAD1L1
5.52306356725448,-0.110796590217042,0.2907048974074837,-0.3811308003584731,0.7031061937722525,0.8207258156161535,TRIP6
3.37488307028581,-0.201797956033203,0.5290661084494424,-0.3814229503844448,0.7028894339188536,0.8207072827309164,FRMD4A
10.824513981316958,-0.054744847792112,0.1432552231387141,-0.3821490525277575,0.7023508092121906,0.820312816191082,PACS1
14.34922771092084,-0.0424774258093616,0.1111366368930478,-0.3822090266258433,0.7023063269277023,0.820312816191082,SPIN1
6.867361755370609,-0.0844677749895015,0.2207817786836984,-0.3825849012228214,0.7020275671239953,0.8201840724739702,TTLL3
4.4331047879776335,-0.0745620983088454,0.1948837129402849,-0.3825978948363543,0.7020179313895241,0.8201840724739702,IDE
2.971615237286993,-0.088804999088301,0.2311478164945086,-0.3841913820994749,0.7008366052027026,0.8194176408621372,FAM189B
10.48539570397205,-0.0604433563504128,0.1568331434676403,-0.3853991255546324,0.699941730343592,0.8188905043703643,DCTN6
3.960524048318744,-0.0804642204383764,0.2082688532011096,-0.3863478345495965,0.6992390784813576,0.8184332488570653,GTDC1
8.627506793941505,-0.0519004529074787,0.1342277739862186,-0.3866595665425205,0.6990082534669064,0.8182802921315319,RNF111
13.495695485808495,-0.0595526821023941,0.1539386812320884,-0.3868597653672793,0.6988600289511174,0.8182240000801806,TMC8
16.26678336533047,-0.0642964163608216,0.1661790780284891,-0.3869104169045814,0.6988225290539001,0.8182240000801806,CCM2
22.07042798878397,-0.039132548139399,0.101084437003114,-0.3871273293849728,0.6986619460772228,0.8182240000801806,POLR2B
5.483251597286639,-0.0786086057641139,0.2023430781196576,-0.3884916968478058,0.6976521974698608,0.8173954840158063,ZNF780B
17.09139844412594,-0.0461681470660157,0.1184568018154841,-0.389746695490987,0.696723863557253,0.8166591147792734,CCDC91
14.281157319814422,-0.0567939254185399,0.1453528517450471,-0.3907314148755611,0.6959957754518085,0.8159227376207643,TRIM8
5.222481080502636,-0.0556407735928979,0.1423997944454711,-0.3907363336412987,0.6959921392859179,0.8159227376207643,GTF3C2
2.4541709220074015,-0.0939740682483467,0.2400449005866974,-0.3914853763552703,0.6954384958915587,0.8157375753560043,KLHDC1
10.506489527086954,-0.0459632010979765,0.1173541478219286,-0.3916623481235655,0.6953077136293044,0.8157214956281735,TRNAU1AP
8.058635736859667,-0.0651783736739287,0.1660110353524611,-0.3926147050137202,0.6946040769428844,0.8152269337403487,CNOT6
3.771454389824264,-0.0803647026202185,0.2046198213562111,-0.3927513086834152,0.6945031706305129,0.8152256008076312,ZNF346
16.097524279092024,-0.038812748837756,0.0984997680310578,-0.3940389872341428,0.6935522553054051,0.8142263617960438,GOSR1
3.0710142303572,-0.0959150161327614,0.2430281914029148,-0.3946662137387369,0.6930892403412743,0.8140307577247577,INPP5A
8.862137628903191,-0.0669887255256847,0.1694648193656032,-0.3952957656725392,0.6926246240000147,0.8138389132447685,NSUN5
20.394613892469604,-0.0836366233621329,0.2114583137274295,-0.3955229845913782,0.6924569622911687,0.8137589297973736,SVIP
40.420363587457594,-0.0577762858127383,0.1455722166250345,-0.3968908844849066,0.6914479264588765,0.8126900182818585,MATR3
24.595684578904383,-0.1050580987879575,0.2639717962214418,-0.3979898621435523,0.6906376586630115,0.8119712674727291,PSMA2
9.771166037903807,-0.0551727074971317,0.1380305981287596,-0.3997136015136639,0.68936747288123,0.8109446618071596,GTF2H1
4.386188556247201,-0.0687395433451958,0.1718341823787134,-0.4000341631311605,0.6891313544290705,0.8107836280835039,PUS1
5.028212410772845,-0.1813960614956759,0.4519907663641017,-0.4013269185891999,0.6881794473973244,0.8098969126722653,CCDC50
2.674424515610085,-0.081334914468684,0.2021906061263291,-0.402268512998402,0.6874864248513415,0.8091978648026954,CAPN10
2.9646668433641996,-0.0972456067621246,0.2412770253156395,-0.4030454480069437,0.6869147908052421,0.8088745864922372,ZNF257
8.400324945738218,-0.07520350377009,0.1865082947174743,-0.4032180117458551,0.6867878504008386,0.8088416727623597,DGKE
6.88533900347906,-0.0596718952550312,0.1478017604191331,-0.4037292592849703,0.686411821108753,0.8088416727623597,NELFA
7.360104114375075,-0.0621867246197367,0.1540125264155819,-0.4037770567566323,0.6863766694051069,0.8088416727623597,FAF1
12.705293257265469,-0.0486189152392761,0.1200091336760395,-0.4051267911867543,0.6853843142741708,0.8080050298450949,KIAA1143
20.295728849570903,-0.0432631584439683,0.1067797350466476,-0.4051626315149446,0.6853579710452792,0.8080050298450949,NOL8
8.080684262671,-0.0577947727166919,0.1425645474761572,-0.4053937233333387,0.6851881239557848,0.8080050298450949,PEX13
13.876341433499016,-0.0689956186842334,0.1697002183158768,-0.4065735410888292,0.6843212335997663,0.8075476061361667,TRIM58
13.562721434596543,-0.0525117783984419,0.1290067922516564,-0.4070466173285359,0.6839737498230813,0.8075060699038286,KHSRP
45.650197289697694,-0.0423924580627795,0.1040686743555327,-0.407350802970287,0.6837503548402735,0.8073589811271495,NIPBL
91.12301631687654,-0.0614197977475515,0.1505318167031871,-0.4080187105471314,0.6832599383514069,0.8068965105173213,XBP1
7.87437135076677,-0.0653311229118728,0.1600429451039754,-0.4082099518315479,0.68311954250707,0.8068473231895444,ZNF738
3.2365752202286977,-0.1331174801246194,0.3258382142968119,-0.4085385761516613,0.682878315340831,0.8066790103585268,FMNL3
13.29944226242608,-0.058026106724029,0.1419602778396861,-0.4087488951631751,0.6827239473543005,0.8066132697848452,SPATS2
2.9983149412188004,-0.0866788879795077,0.2116462124637303,-0.4095461334766944,0.6821389183486204,0.8061552070909137,ZDHHC8
6.5687587218630945,-0.0882029873303714,0.2152003839205188,-0.4098644515566849,0.6819053836741494,0.8059957890932264,TMEM154
58.20890102798451,-0.0758910702149637,0.1846231351635137,-0.4110593731806681,0.6810289991205624,0.8053575403204281,FLT3
6.084966588804144,-0.074888689162162,0.1819968719329053,-0.4114833863175977,0.6807181209797193,0.8053575403204281,ZSCAN30
11.738564669981429,-0.0590454949908091,0.1433387261665508,-0.4119298152698932,0.6803908666143855,0.8053575403204281,RRP7A
6.9045006130525275,-0.0546718967837887,0.1325705653727626,-0.4123984583611153,0.6800473929359638,0.8052063331302257,RARS2
17.68726637461697,-0.1378207221335353,0.3322803210059405,-0.4147724479027195,0.6783084909352581,0.8041872721172365,HOXB3
9.32472054442814,-0.0594905884237996,0.1431762421939038,-0.4155060051319924,0.6777715200064067,0.8038448517596509,HTRA2
10.826180316611357,-0.0525895378360648,0.1265625776101117,-0.4155220194556406,0.6777597991922396,0.8038448517596509,UBE2G1
6.203061158627397,-0.0967409528618144,0.2327678050965089,-0.4156113978980223,0.6776943849295365,0.8038448517596509,EPB41L2
8.113493081230175,-0.0633892622394896,0.1525016300241949,-0.4156628504851571,0.6776567289303228,0.8038448517596509,YEATS2
13.750425135967912,-0.058320905742236,0.1401559801166348,-0.416114287051488,0.6773263759047534,0.8038393344252346,PGPEP1
19.992241378849897,-0.0405428298900549,0.0972704393474862,-0.4168052510302835,0.6768208612874276,0.8035895462917133,SCFD1
11.41378522713393,-0.0853318865422337,0.2046804554683974,-0.4169029541533778,0.676749392665422,0.8035895462917133,SULT1A1
5.624252526592808,-0.0853487552602695,0.2045010574940289,-0.4173511682831352,0.6764215669098317,0.803465710600412,ZNF737
6.965681278921347,-0.0838574446762484,0.2008916304798875,-0.4174262734387232,0.6763666406705563,0.803465710600412,ASL
15.418899996067504,-0.0573436506014369,0.1372328003438826,-0.4178567402089242,0.6760518630072265,0.8032601094419147,KXD1
7.195828893399854,-0.0799045779091353,0.1910370547954803,-0.4182674298171067,0.6757516001126896,0.8030201170041865,MED25
4.645784780556895,-0.0821998287495812,0.1960745917386322,-0.4192273359883046,0.675049995881578,0.8026533056385876,GAB1
15.340925513507589,-0.047581163700015,0.1134783913890408,-0.419297128885898,0.6749989946139265,0.8026533056385876,SGK3
11.759232499556704,-0.0662276749216665,0.1576253760194632,-0.4201587117133278,0.674369514632042,0.8021943956992889,TMEM106A
2.7190205770721865,-0.0951143740904292,0.2257862359387834,-0.4212585133675609,0.6735663209638023,0.801766201344027,OSBPL7
10.467147958401265,-0.0873446015512666,0.2072235054099994,-0.4214994885761248,0.6733903845625338,0.801766201344027,TCTA
3.1372377854795324,-0.1079985763006851,0.2560995543406438,-0.4217054441142594,0.6732400302432394,0.801766201344027,RSAD2
5.256290451732612,-0.0686254856519628,0.1621331576337358,-0.4232662007791775,0.6721010513262698,0.8010119151672915,ACACA
8.022573077471984,-0.1073967578549872,0.2535081743318801,-0.4236421888092208,0.6718267823684363,0.8008018437246525,NDUFA7
2.715596443825115,-0.1152008165439688,0.2718434420359564,-0.4237763312632399,0.6717289411247052,0.8008018437246525,ACTR3C
3.828568044491164,-0.0777702711416779,0.1831863702426052,-0.4245417988176841,0.6711707284649127,0.8003701141691187,NUBPL
4.160712183935615,-0.0729760759497943,0.171103516940527,-0.4265024895727873,0.6697417343139987,0.7992492640688891,RAB33B
4.49079060529804,-0.0786830708837769,0.1840843191792268,-0.4274295129242927,0.669066515106084,0.7986767706255387,AP4B1
25.627754939545532,-0.0364868208322692,0.0852636988064171,-0.4279291344738515,0.66870271493082,0.7983591297048116,LARP7
3.0411918224872503,-0.0964796409472591,0.2254232124101794,-0.4279933726243998,0.6686559454669083,0.7983591297048116,TAF4
6.110521201708831,-0.0830266741383265,0.1937947873598578,-0.4284257346104679,0.6683411918707888,0.7982774270978242,DBT
8.153800003211192,-0.0794370887349603,0.1850208182912979,-0.4293413544950066,0.6676748256657814,0.7977147244502266,BICD1
3.3077578130464227,-0.1306134039135205,0.3033128024841555,-0.4306227855988489,0.666742670690323,0.7970672073461051,TSPAN33
5.924641963275507,-0.0639985151026477,0.1485135211579359,-0.4309271950706017,0.6665213088078197,0.7969191709494724,HAUS3
6.199198876020288,-0.0840566455925879,0.1944252111415207,-0.4323340841399613,0.6654986181962063,0.7960458511610601,PRKD2
31.99728885647054,-0.0391699453853043,0.0904928133422059,-0.4328514490667892,0.6651226934923854,0.7957126688911099,CCAR1
2.634753577099743,-0.1045265775146285,0.2410730506253874,-0.4335888115385257,0.6645870609449613,0.7953047561484006,LPAR2
6.844667412498171,-0.0615715193607041,0.1419734631972526,-0.4336832952729975,0.6645184387357796,0.7953047561484006,GALK2
90.99515887685978,-0.0449459670907601,0.1036255218198835,-0.4337345308512205,0.664481228230756,0.7953047561484006,CELF2
4.112252362359559,-0.0911909045205348,0.2094545124639641,-0.43537331064292,0.6632914797345918,0.7942196191253443,ZNF512B
2.493634662427619,-0.0935689537830616,0.2148310549163148,-0.4355466849032157,0.6631656602077376,0.7942033004398823,ZNF275
8.400459199232632,-0.0958304122962154,0.219929374378782,-0.4357326644833159,0.6630307034294447,0.7942033004398823,TMEM65
2.5257827714682204,-0.1529138675407878,0.3505303979082642,-0.4362356829914827,0.6626657409676394,0.794052173258041,CAPN12
3.4937793809791717,-0.090507816648899,0.2072064815993905,-0.4368001229994597,0.6622563098001053,0.7937943827749245,TRMT61A
6.822664150084405,-0.0820622410982611,0.1875081344465122,-0.4376462991351973,0.66164270314789,0.7934080609658657,ATG2B
3.1687470021590634,-0.0836512799826426,0.1911164701290253,-0.4376979123053526,0.6616052830818121,0.7934080609658657,METTL22
17.495063719611107,-0.2162254498060989,0.4931478241650389,-0.4384597056109814,0.6610530736538412,0.7929337441023983,AZU1
14.369723159826092,-0.0626001278392193,0.1426938210618261,-0.4387024425682458,0.6608771569969063,0.7928391205141273,EXOSC6
16.375687967553493,-0.0634374119687198,0.1443351767217755,-0.4395145619352625,0.6602887329713709,0.7924673633570846,CASP2
10.952584215095102,-0.0671188670085565,0.1524715088938451,-0.440205960415113,0.6597879431797464,0.7919975442517567,ING2
3.0992342089302007,-0.0875688031349197,0.1983238286947467,-0.4415445370899057,0.6588188262838977,0.7911829261560447,TAF5L
3.79725160821359,-0.1682460597482567,0.3800004394902454,-0.4427522767446053,0.6579449255178438,0.7902495937683818,NT5DC3
11.801973910114189,-0.2019619577015163,0.4554156811475326,-0.443467289471946,0.657427774035958,0.7897445371431656,RAMP1
3.3946130010369533,-0.0959670305195666,0.2157414578232155,-0.444824242349399,0.6564467737129986,0.7889140444196077,PET117
185.9216901099232,-0.1529141286122199,0.3429483774184522,-0.4458808925217338,0.6556832851661417,0.7883443383008453,EEF1G
9.798667087576924,-0.0520017067868349,0.1165113438064525,-0.4463231226070108,0.6553638560336066,0.7880762424798528,ZC3H14
8.005629039451907,-0.0655200361729519,0.1465832873853011,-0.4469816262254333,0.6548883262686402,0.7877362746858618,ZFPL1
31.40567332303305,-0.0464082574366148,0.1033836952152063,-0.4488933902005549,0.6535085644583551,0.7866556393914584,PUM1
9.637809465224304,-0.0590847009910015,0.1315400822529236,-0.4491764029567366,0.6533044084502901,0.7865257582801416,TSR1
3.2983307296437245,-0.0954939106858199,0.212233319985023,-0.4499477777219845,0.6527480960968055,0.7859718086069847,ZNF805
9.321726776762318,-0.0537164345904859,0.1192229874259977,-0.4505543414924743,0.6523107803378432,0.7855610001680938,IMPA1
32.322577656844864,-0.0534366439511741,0.1182261390639822,-0.4519867127036519,0.651278554688532,0.785127924219533,RASSF1
39.78894608880318,-0.0434479436511939,0.0959627626024977,-0.4527583666089984,0.6507227459105112,0.7845736397867473,GGNBP2
2.729478451655836,-0.1151925138834719,0.2542705317133523,-0.4530313171065072,0.6505261909229789,0.7844524064391472,FPGT
8.357901829655923,-0.0801780752761929,0.1769613093354713,-0.4530825160442089,0.6504893246490935,0.7844524064391472,IFRD2
7.89196321343154,-0.0825008732338367,0.1820067815710858,-0.4532846112748528,0.6503438124391896,0.7844524064391472,USP25
3.648331677130927,-0.0942285930945713,0.2072095241453299,-0.4547502991632881,0.6492888899100253,0.7837700575350594,MTHFD1L
5.267393547585191,-0.1470866513072663,0.323009149808392,-0.4553637300816947,0.6488475842036503,0.7836197667475847,MBOAT2
15.002467024932423,-0.0705084834248405,0.1546313929478322,-0.4559778068391837,0.648405937326268,0.7833986269248758,FAM91A1
16.232437093969835,-0.058489353607019,0.1282249518391627,-0.4561464267920672,0.648284686699104,0.7833986269248758,TNPO1
5.4235099709805175,-0.110409148933736,0.2411137214835891,-0.4579131716535292,0.6470148234486183,0.7825278452336679,SCO2
22.916386543487413,-0.052684794653346,0.1150204752875271,-0.4580470957161768,0.646918606195494,0.7825273029198196,ZNF148
6.606782691216629,-0.0643031271324285,0.1403110597199368,-0.4582897974028466,0.6467442530969358,0.7824322315746317,NAT10
3.850950307796632,-0.1146961260852622,0.250183205776409,-0.4584485426562452,0.6466302234773035,0.7824101223209012,NAB2
8.044625500771753,-0.0794522484827071,0.1731269947336918,-0.4589246674380416,0.6462882641152559,0.7821121750719425,GLMN
3.437365490443302,-0.0962705574385325,0.2078874914413787,-0.4630897067016627,0.6433000677964973,0.7788917272083774,ALG11
28.204570955103975,-0.0921990018814714,0.1990289996867559,-0.4632440600444152,0.6431894377994533,0.7788917272083774,FAM117A
30.042552643837844,-0.0412876902371017,0.088755762644691,-0.4651832062148516,0.6418002640664437,0.7778329809680973,CIR1
18.470799698469005,-0.0648217572235969,0.1392742126397723,-0.4654254078696972,0.6416268425295769,0.7777381590727153,LRRC58
6.8539798728660335,-0.1185777891800983,0.2547261065900185,-0.4655109394458309,0.6415656047718231,0.7777381590727153,PHGDH
5.993163657610186,-0.1504618378943645,0.3231497944326675,-0.4656101921974616,0.6414945461660322,0.7777381590727153,TLR2
6.272247288991475,-0.0908207559291744,0.194996614745808,-0.4657555519492775,0.64139048383102,0.7777381590727153,ZNF677
3.2155387301243077,-0.0757071548538697,0.1624356299406937,-0.4660748068727955,0.641161955524189,0.7777381590727153,MTRR
4.011395075706102,-0.1271629636665785,0.272768040886214,-0.4661945118402816,0.6410762773601553,0.7777381590727153,LPCAT1
4.36871773097715,-0.07893922574993,0.1684165012358611,-0.4687143193847646,0.6392738502473461,0.7764986814881917,NUDT15
2.6421666593320134,-0.0994804509459347,0.2121625092016903,-0.4688879827084084,0.6391497065319012,0.7764633143134351,SWT1
25.84400320535407,-0.0578978359330277,0.1233047579400901,-0.469550704289598,0.6386760510618187,0.7761186813245272,JPX
13.936291158684112,-0.0730862574085065,0.1555219074620583,-0.4699418789364897,0.6383965427638854,0.7758944148332154,FAM160B1
7.479402599520024,-0.1722095988598846,0.366348157410057,-0.4700708748676161,0.6383043818132581,0.7758944148332154,GCHFR
10.431412027506102,-0.1062449281700108,0.2257943902751994,-0.4705383868949043,0.6379704153787087,0.7756072405980402,SMAD1
5.501749150456262,-0.1057208362494826,0.2245019689373923,-0.4709127351972817,0.6377030532518877,0.7753975666846986,FUT4
9.16823227595118,-0.0877370480870512,0.1855846081565336,-0.4727603703699843,0.636384150414901,0.7742547488147941,ZBTB8A
30.20782130144713,-0.0450045087490262,0.0951289498356147,-0.4730895150928835,0.636149316813452,0.7740842989847678,PHF20L1
6.89240811014389,-0.0997104712156932,0.2107068847322519,-0.4732188572879175,0.6360570455484049,0.7740842989847678,CEP164
12.991903039559402,-0.0555686621880996,0.1170739686926114,-0.4746457543777327,0.635039488315044,0.7731944060530808,SECISBP2L
10.559320585406722,-0.5853965330317114,1.2318543735027718,-0.475215695640337,0.634633240909386,0.7728149346453939,POU4F1
17.103236591133694,-0.0755527554693253,0.158882446790708,-0.4755261326561087,0.6344120113430058,0.772660686344269,SF3A2
13.24822719368975,-0.0641468812870847,0.1345916263428444,-0.476603805378529,0.6336442731419971,0.7719372153265529,KLC1
6.69539991176907,-0.0809011664367739,0.1695132850602171,-0.4772556110161808,0.6331801155761616,0.7716203914053418,RASA1
2.746013532681266,-0.097026880712273,0.2032790576021636,-0.4773087885037514,0.6331422537023027,0.7716203914053418,TMEM254
3.221701323105087,-0.0957150883302861,0.2002002170867576,-0.4780968258830986,0.6325812911420168,0.7712168492856032,TMEM185B
4.424716511919736,-0.0896698334787805,0.18699745383272,-0.4795243552299669,0.6315656460069253,0.7702272975406845,ZNF785
8.677008756597901,-0.0802641213277522,0.1672271284183125,-0.4799706966621738,0.6312482297585644,0.7700700635051104,KLHL42
6.757932879517,-0.0735227421473974,0.1531533049951462,-0.4800597816007142,0.6311848850350404,0.7700700635051104,C18orf21
6.163508904393174,-0.1287643056646279,0.2681592320793742,-0.4801785292497932,0.6311004525610355,0.7700700635051104,ITGA9
10.97152712202408,-0.074991566445651,0.1561458178471958,-0.4802662503522044,0.6310380838099452,0.7700700635051104,NPHP3
3.332690252657801,-0.1143040003525783,0.237633888059476,-0.4810088379481038,0.6305102173984001,0.7700700635051104,PUS7
7.984935792540495,-0.1085077853966456,0.2230780441200678,-0.4864117660016926,0.6266752500285488,0.7668714394977583,NLK
7.494476276412923,-0.0783896476795798,0.1611088171763492,-0.4865633616673802,0.626567793062232,0.7668714394977583,TCHP
87.5738951265803,-0.1346088960091407,0.2765860158219318,-0.486680049998634,0.6264850851848773,0.7668714394977583,BST2
12.357371970121145,-0.0757107725874172,0.1554919018735528,-0.4869113547082713,0.6263211518995351,0.7668714394977583,RAB8B
5.7411941349956805,-0.0846957196141255,0.1737380008514228,-0.4874910451315462,0.6259103872834645,0.7667636843318123,ATXN7L3
2.674597892260203,-0.1326836356859808,0.2718798655500871,-0.4880230296477663,0.6255335288689182,0.7666250336648626,MMD
7.618031309134024,-0.0846986230283147,0.1733811680085269,-0.4885110880332129,0.6251878738161571,0.7664531308254794,DGKA
5.750165217288724,-0.0804810990000635,0.1643422970467219,-0.4897162839167514,0.6243346773078893,0.765866784008822,ACD
4.983374783791878,-0.1393225966774036,0.2844089734256688,-0.489867091742153,0.6242279510685842,0.7658508390662766,STX11
5.0341412830755905,-0.1002506859666643,0.2042277178924111,-0.4908769828171767,0.623513457493522,0.7650891216668522,BCL2L2
4.183877952179739,-0.1041223453341217,0.2120619532123851,-0.4909996524923107,0.6234266933359005,0.7650891216668522,B3GALNT2
5.232999569056871,-0.0853960574711636,0.1736146605587523,-0.491871234815824,0.6228103744213012,0.7644559966045443,OGFOD3
6.336469076886331,-0.1062786221010633,0.215841402050966,-0.4923921967295601,0.6224421145861494,0.7641187677709476,B4GALT6
51.98449984992419,-0.1362326223415332,0.2761003523584269,-0.4934170535381252,0.6217179350698521,0.7634591595214549,SPINT2
6.7498918797728304,-0.1314570875171442,0.2662191853826279,-0.4937926893894042,0.621452596680641,0.7632480335904882,ZBTB38
6.762948705575818,-0.0796717271480633,0.1608324836191219,-0.495370868839775,0.6203383540301047,0.7622232617714264,MOGS
5.118496177042159,-0.0914835553949451,0.1844971384366397,-0.4958535193019406,0.6199977619117696,0.7619193431464986,TBC1D24
51.63412978890858,-0.0413302371719025,0.0833008958450702,-0.4961559747061055,0.619784369638109,0.761848850032051,FXR1
9.110102604970262,-0.0879643853683846,0.1771411682032878,-0.496577877749098,0.619486756600629,0.7616350117640295,NOL12
7.432466637916307,-0.0685847889287645,0.1377306489566286,-0.4979631581519799,0.6185100098001575,0.7606630478743358,ZDHHC6
6.950365007929861,-0.0711584423897386,0.1423417198225683,-0.4999127626000236,0.6171365053190454,0.7594310820725783,DDX59
3.245415889363928,-0.110308058471157,0.2206018113969218,-0.5000324239073599,0.6170522469699624,0.7594310820725783,ZNF816
6.013207161861841,-0.0759988621391888,0.1515987039639172,-0.5013160413117893,0.616148717505896,0.758443984745507,NOL10
6.7404852307695675,-0.1086535639221429,0.215789705708738,-0.5035159743384516,0.6146015520917709,0.7568987116893254,SH3RF1
4.147760824412005,-0.1004060460056422,0.1990778169259745,-0.5043557718084553,0.6140113920844539,0.7564968463091184,KIF3B
8.612003387852758,-0.0763349424920814,0.1513459636014594,-0.5043738245513759,0.6139987084268989,0.7564968463091184,DDX49
4.627997687075114,-0.0905495897413558,0.1790099547250646,-0.5058354988158503,0.6129721357490201,0.755632621340825,CLK2
9.740395064343438,-0.080908636903464,0.1599481954688406,-0.5058427615660458,0.6129670368195674,0.755632621340825,CEPT1
3.915466718964882,-0.095720170632285,0.1889381475655417,-0.5066217270870622,0.6124202604597215,0.7552596045178731,AGK
5.7662292846048,-0.1125374167165832,0.2220652503300567,-0.5067763486151855,0.6123117532015787,0.7552596045178731,RNF144A
7.388343206703629,-0.0797867986556321,0.1573891746282015,-0.5069395582263618,0.6121972283908779,0.7552596045178731,NBR1
42.95650504994794,-0.1425314673765969,0.280994480156951,-0.5072393852611806,0.6119868633027427,0.7552596045178731,RGCC
6.812093989706728,-0.0842138119127134,0.1660072569888865,-0.5072899428628669,0.6119513941549879,0.7552596045178731,NCLN
33.41779316443003,-0.0696531122061076,0.1370760142322837,-0.508134939553146,0.611358713710493,0.7550501888948667,SATB1
5.042562446541603,-0.0966154204074544,0.1897011144665068,-0.5093033885391992,0.6105395831328162,0.7543806039283595,LRRK1
8.839045656895722,-0.0722928565667037,0.1417830217508047,-0.5098837341311877,0.6101329181890383,0.7539921467820072,STK25
9.188514683534375,-0.0970218363632885,0.1902374240500768,-0.5100039429557727,0.6100486994270466,0.7539921467820072,C18orf32
38.688004698356,-0.0342221602839776,0.0668008284683265,-0.5123014350069621,0.6084400610950265,0.752469159861883,WAC
2.820584421157129,-0.1255099217304054,0.2448145460647884,-0.5126734654777829,0.6081797538326847,0.7522610912150874,ARHGEF17
2.7736882595083263,-0.1153710726058256,0.2250136067720377,-0.5127293156218262,0.6081406801409862,0.7522610912150874,ERMAP
17.28730844205346,-0.0685000449383263,0.1332784424643561,-0.5139619256628539,0.6072786106164474,0.751753350832309,BTBD7
29.510685968186753,-0.0715006570598391,0.1386487861704331,-0.5156962353204262,0.6060665844140947,0.7506700107999952,IRAK3
118.88104419910732,-0.060122975472186,0.1164839470910724,-0.5161481643919501,0.6057509306186155,0.7503927917047768,SKP1
7.481294773393545,-0.2139741519400551,0.41358699813051,-0.5173618921950109,0.6049035563655603,0.7495703607920826,CD48
5.6401352941659795,-0.094955015727003,0.1833648062854643,-0.5178475501955158,0.6045646391112589,0.7492640173180792,POMGNT1
11.024747248985978,-0.0742966953548492,0.1431987129257955,-0.5188363347465922,0.6038748776044268,0.7485226979529387,DTNBP1
4.010908560014103,-0.2344141662697994,0.4517099308764399,-0.5189484451116058,0.6037966933889682,0.7485226979529387,PTAFR
2.978851566766491,-0.1255935459811188,0.2415277776046698,-0.51999628045553,0.6030661675632367,0.7478606245498872,ZNF444
8.340182537014169,-0.0737744029957345,0.1418292961404967,-0.5201633583702857,0.602949721592345,0.7478297169294248,HEATR1
59.38593089424005,-0.0424616135498757,0.0814094467154682,-0.5215809130638369,0.6019621556073076,0.7467181984920769,TPR
9.733782264245594,-0.089353422944638,0.1707182721994979,-0.5233969498017261,0.6006980463676024,0.7452632458046886,CCDC137
6.750580559181078,-0.0715288960223662,0.1364060788994809,-0.524382026075807,0.6000128553932901,0.7445262021896087,POLR3C
16.28378219491047,-0.0531248181817789,0.101255608234048,-0.5246605013618918,0.5998192200564816,0.7444534640991949,HBS1L
2.8855005762300068,-0.1696821306320459,0.3233684682609203,-0.5247330747632837,0.5997687614276141,0.7444534640991949,CRISPLD1
7.014909193247893,-0.0939462628159247,0.1785109899690672,-0.5262771935341568,0.5986956265842751,0.7436822688993786,TFB1M
5.1499178914995944,-0.0907839046072503,0.1725017511405647,-0.52627816243601,0.5986949534883386,0.7436822688993786,FUT11
4.322422507836751,-0.0971620758534316,0.1844745547848942,-0.5266963563984589,0.5984044662704849,0.7435466687798254,SEC24D
4.59073562393455,-0.0895719002268047,0.1697690712530664,-0.5276102388124888,0.597769885081775,0.7430971749586465,WARS2
2.797085705246442,-0.1400183494202528,0.2652060548344488,-0.5279606059811014,0.5975266784118465,0.74290786507961,GBGT1
4.440987701293629,-0.146457436426699,0.276910977158168,-0.5288971854049845,0.5968767745808243,0.7422127720438161,C5orf30
20.596278150558497,-0.063604263567432,0.1201700400406367,-0.5292855319505897,0.5966073905703952,0.7419907135998021,DOCK2
5.8647469722704795,-0.1113526955936904,0.2100237624057497,-0.5301909380071268,0.595979553401083,0.7414355863033266,RENBP
15.59730405213322,-0.0790737718511492,0.1490533229876485,-0.5305066017058991,0.5957607330369741,0.7412762219651462,ZNF431
11.165896286514169,-0.0672484901297871,0.1266963633824475,-0.5307846913236954,0.5955679896560053,0.7411492603532165,METTL21A
10.291172204737308,-0.0986446999415983,0.1857787485102009,-0.5309794620356256,0.5954330113880972,0.7410941562912632,ABHD17B
2.8166830899354474,-0.1115412830374358,0.2096194426604372,-0.5321132506688404,0.5946475605092119,0.7402293139733045,METTL4
4.911542216490649,-0.089812711739799,0.1686946010897142,-0.5323982579148185,0.5944501914929794,0.7400963758478035,PEX19
47.2588349277456,-0.0523293318447159,0.0982531037778463,-0.5325972395033383,0.5943124134480278,0.7400375998603832,CLINT1
9.073790440008295,-0.1224754380885444,0.2291043961575456,-0.5345835354653045,0.5929378712103532,0.7386637209421857,TMEM38B
4.167830848849843,-0.1267400600127667,0.2370242617043631,-0.5347134470598951,0.592848021506271,0.7386637209421857,B3GALNT1
3.3450335656741323,-0.0934220682779737,0.1745210770945429,-0.5353053615831423,0.5924387194760834,0.7383796181877788,POLR3F
22.790974361730058,-0.0740316240231488,0.1379481984453968,-0.5366624925692842,0.5915007687760178,0.7375481125696385,NPEPPS
25.684301949018124,-0.0897977766874685,0.1672652166549237,-0.5368586397297755,0.5913652625090591,0.7375447793952445,CHST12
46.09136472150599,-0.047310685485952,0.0880714878656186,-0.5371850372068159,0.5911398057668225,0.7375447793952445,VCP
2.986112759742445,-0.1105214951207205,0.20563630977517,-0.5374609923780382,0.5909492225251276,0.7374230447850973,TECPR2
23.1834022015479,-0.0596851952454024,0.1108381005386261,-0.5384898780776437,0.5902388912242742,0.7367616835003887,DDX52
3.451244202353002,-0.1055692264803037,0.1958620644074607,-0.538997823798504,0.5898883561522053,0.7364492485016706,ZFYVE1
6.703312212028698,-0.1458490715364142,0.2705890688337525,-0.5390057778942378,0.589882867766556,0.7364492485016706,HSBP1L1
3.624177755574288,-0.1198176790156437,0.2222155371341122,-0.5391957761411211,0.5897517745472899,0.7364492485016706,RINL
8.052215461055257,-0.1635299843143431,0.3031676920593049,-0.5394043910271078,0.5896078518606003,0.7364492485016706,MX1
2.9076666015538986,-0.1313093160829569,0.2433827398196842,-0.5395177824863032,0.5895296302791084,0.7364492485016706,CCNJ
6.931833725539912,-0.1703463450130479,0.3156447876861242,-0.5396773577723057,0.5894195575081559,0.7364492485016706,PLD4
18.966020631664453,-0.1100407014685546,0.2038609744173995,-0.5397830643311333,0.5893466478409786,0.7364492485016706,LYST
3.3481273316947577,-0.1222667442293678,0.2260843304730045,-0.5408014963866195,0.5886444113242375,0.7364492485016706,CCDC122
5.711678133713901,-0.0822729921764946,0.1517188214272287,-0.5422728136334523,0.5876305811356122,0.735415757154095,WDTC1
17.894747535408893,-0.0856970260167687,0.1578407853632804,-0.5429333478006437,0.5871756944092832,0.7352576454189834,MAP4K4
8.102453581708547,-0.0750982786701139,0.1381125608472955,-0.5437469134552251,0.5866156444409847,0.7348208540130746,PAK1IP1
3.1331583600587094,-0.1359316046743366,0.249815332274284,-0.5441283504772674,0.5863531525141579,0.7346046625564526,NMB
6.546306920611142,-0.090738827612238,0.1666440040183731,-0.5445070054979823,0.5860926289457458,0.7343945142080108,EYA3
19.254809787052455,-0.0802344994609742,0.1472224148336388,-0.5449883399320622,0.58576153705753,0.7342011841228836,SERTAD2
7.0461842654419495,-0.1095343133202952,0.2005547064696897,-0.5461567830962342,0.5849581702466289,0.733419243376585,MALT1
4.7537854103697565,-0.1080732764744752,0.1977464333442874,-0.5465245296551754,0.5847054309297728,0.7332527938255815,ABCC5
5.731993876918125,-0.1019290280477448,0.1860052010133324,-0.5479902039967085,0.5836986291924846,0.732401950112376,ZNF605
4.232721498818662,-0.120632679228576,0.219885680054607,-0.5486154405262671,0.583269387275541,0.7320881971472267,FASN
11.418599364742573,-0.1271322644284125,0.2317152158129721,-0.5486573852406257,0.5832405963538927,0.7320881971472267,F2R
6.43048607030494,-0.0836482765506604,0.1523633305063725,-0.5490053037870679,0.5830018100294858,0.7320881971472267,RRM2B
11.620079331506814,-0.0564563140703484,0.102813978043685,-0.5491112701267188,0.5829290913973987,0.7320881971472267,CCDC174
8.62057411280724,-0.0825801052307118,0.1503184985029403,-0.5493675499233147,0.582753238737673,0.7320881971472267,SGTA
23.592701463384653,-0.0612328809125092,0.1113846906215424,-0.54974234404047,0.5824961091531694,0.7320171805429939,LARP1
13.301639312449405,-0.1210882414559154,0.2199049508200359,-0.550638996549972,0.5818811707334227,0.7314693917019687,TRAPPC5
16.47534015876324,-0.0778331443699012,0.1411620166441251,-0.5513745568407515,0.5813769385179917,0.7311729974804541,PHC3
3.2977216567127976,-0.2020109302052208,0.3662345141123528,-0.5515890021857639,0.5812299730755739,0.7311006942734781,TNFSF12
5.62463845533535,-0.088314853767922,0.1599345673801713,-0.552193657785023,0.580815679163195,0.7309171283601519,FRMD8
18.95836454601636,-0.0953174341402574,0.1725181398217537,-0.552506734878661,0.5806012214150569,0.730759793620214,TRAF5
15.525143998935564,-0.0732789421676806,0.1325488511013362,-0.5528447931371161,0.5803696932251172,0.7305809217905458,N4BP2L1
4.268161393668013,-0.0915538314317583,0.1655396661618365,-0.5530628009256255,0.5802204077393774,0.7305055395436754,VIPAS39
10.160053105268702,-0.1265755029268789,0.2287516680025114,-0.5533314971302823,0.5800364370417121,0.7303864581704161,ZNF117
7.803139453580814,-0.0947793228468944,0.1712553285680539,-0.5534386791896563,0.5799630593474046,0.7303864581704161,SLC37A1
8.910949570416667,-0.0729991866890787,0.1318116395666976,-0.5538144197966723,0.5797058587036013,0.7303078278549376,YARS2
312.6859723441698,-0.0679377748629789,0.122519336487365,-0.5545065522778527,0.5792322227029978,0.7300488187114291,ZFP36L2
5.704558822047084,-0.0909935474886951,0.1638964191813166,-0.5551893564436579,0.5787651482843665,0.7295726668669483,SEC23B
9.362294266846137,-0.0769158833921517,0.1384561647328659,-0.5555251623541031,0.5785355040861417,0.7295082722049173,C3orf38
3.3120255708675823,-0.0997904742946415,0.1796276030202425,-0.5555408668644094,0.5785247654495533,0.7295082722049173,ZNF611
2.5144892631604057,-0.1505952849250174,0.2706992204962397,-0.5563196105587209,0.5779923833905481,0.7292735893582719,TXNDC5
8.171152195873786,-0.0768657597434765,0.1380139989865365,-0.5569417617626954,0.5775672202598392,0.7288496921611036,ZNF160
11.89886332989684,-0.0858279093108947,0.1537151349739348,-0.5583569199314592,0.5766006840333746,0.7278548106344359,FPGS
3.975224472922775,-0.0887983115772472,0.1582404203674067,-0.5611607411751878,0.5746879633598226,0.725888908426822,CXorf56
8.353433071539138,-0.0748350354143894,0.1333515452727928,-0.561186113451493,0.5746706685242788,0.725888908426822,USP38
29.314488432498656,-0.0907196128139195,0.1613860291733891,-0.5621280434160298,0.5740287828506588,0.7255049009547925,ARHGAP4
14.745100835847593,-0.1184568809100015,0.2106125150303076,-0.5624398953355421,0.5738163437267347,0.7254392288405208,KIT
3.3108608914574953,-0.1716718168649972,0.3049407225220833,-0.5629678300921748,0.5734567900303973,0.7251184511510951,CYP4V2
6.498195680462314,-0.0942912101134671,0.1673766852925952,-0.5633473380634487,0.5731983894514807,0.7249038910707396,TMEM222
3.6971181207406656,-0.1134657100540993,0.2011840772315762,-0.5639895145553331,0.5727612681372046,0.7244632077320586,GPATCH1
18.45074100553871,-0.0790914517314519,0.140149771761325,-0.5643352160868634,0.5725260190651652,0.7243899197555691,RREB1
6.423846358182994,-0.1199330636792548,0.2123987742088771,-0.5646598673931625,0.5723051364052929,0.7243347691399704,IRF5
13.653539183879955,-0.0771887113828087,0.1366216846842304,-0.5649814051203709,0.5720864120351956,0.7241701119658533,HMBOX1
30.098306546186546,-0.0541027437337863,0.0955671650300533,-0.5661227233932546,0.5713103571121755,0.723524166342257,FUBP1
157.93292441185267,-0.0856573578218624,0.1513013990187518,-0.5661372490762386,0.5713004834049377,0.723524166342257,MYADM
12.414376184379412,-0.0928437380460704,0.1637342517210569,-0.5670391935112153,0.5706875535904652,0.7232427120321518,SLC38A10
22.780558865956586,-0.0935888822301316,0.1649475047074773,-0.5673858625270196,0.5704520528405533,0.7231094824325414,PNPLA2
28.856509599211673,-0.0510848099722119,0.0899920982110715,-0.5676588388059944,0.5702666459650386,0.7229866197331778,ANKRD10
12.146768710485553,-0.077297728415239,0.1361644041412562,-0.5676794085997013,0.5702526760204736,0.7229866197331778,PIAS2
11.217785846736348,-0.0916717078521944,0.1609868625497885,-0.5694359552093453,0.5690603221814404,0.722017374618719,C12orf65
4.606970530151356,-0.1448817224681161,0.254109445889246,-0.5701548085357798,0.5685727040487696,0.7215107260106377,HMBS
24.990445103404827,-0.0939367642648106,0.1646467549549567,-0.5705351696151524,0.5683147754105949,0.7214838114395113,N4BP2
2.0281054330444457,-0.1488781065390406,0.2607649549406351,-0.570928354130001,0.5680482098348619,0.7212932280591541,ZNF585B
7.032598492256024,-0.0872923725355476,0.1528835040156537,-0.5709731281839915,0.568017858360574,0.7212932280591541,CNOT3
7.847639577713478,-0.1916575741519717,0.3351801326664563,-0.5718046968574166,0.5674542949436323,0.7209313289772367,PAG1
6.797262015343934,-0.2891524670468424,0.5049482411432027,-0.5726378339138309,0.5668899372823226,0.7204942724426595,ID3
12.69107576632925,-0.0803780894427599,0.1403408918474843,-0.5727346348212672,0.5668243828874449,0.7204942724426595,CMIP
101.50770654418822,-0.0512712423153093,0.089344798882082,-0.5738581647374632,0.5660637848996093,0.7197801410542651,EIF4G2
2.897068054959014,-0.1098914476258682,0.1910136465321527,-0.5753067889176732,0.5650838309099933,0.7190935963814912,MTRF1
5.11259508597199,-0.1137595139437925,0.1976858835100054,-0.5754559300033926,0.564982987437814,0.719077257064545,SMYD4
9.868051981705378,-0.0822636210535719,0.1427241192529422,-0.576382054302823,0.5643569715573112,0.7186163027263192,SLC35E2B
3.1943200370995606,-0.1330842764520986,0.2307606773332409,-0.5767199073519442,0.564128682148147,0.7184984093096973,ZNF420
16.363359535711556,-0.0872727699406785,0.1513189473368245,-0.5767471389185387,0.5641102835457334,0.7184984093096973,ZNHIT6
15.714835179605815,-0.0661813801469941,0.1145911081036879,-0.5775437661978958,0.5635721820974791,0.7184006708141187,SRFBP1
4.15897449862385,-0.1013990547656949,0.1755248447128781,-0.5776906108737058,0.5634730192681703,0.7183863380309282,TIGD1
4.81236663309168,-0.1218009113762708,0.2101664981749439,-0.5795448486508203,0.5622215941164406,0.7170146161269605,AARS
19.150182378627356,-0.0519198504690026,0.0895112654739016,-0.580037051136771,0.5618896322651707,0.7167031197687652,BAG5
3.3054772044968033,-0.1160762960081686,0.199504753149657,-0.5818222081210006,0.5606864435444057,0.7158388953439592,SCFD2
5.512763049239835,-0.1238873848626167,0.212858868911436,-0.5820165516061369,0.5605555321521398,0.7157835995022871,ZNF516
3.0143014273795607,-0.1341689764761522,0.2302808952155765,-0.5826318173313966,0.560141181684003,0.7153663012722707,CD99L2
4.864857471646448,-0.1096706251747065,0.1880635838615471,-0.5831571584610784,0.5597875084319268,0.7152499970910514,FAM214B
194.74792937209335,-0.0933764337739812,0.1585685913472843,-0.5888709294861271,0.5559478602054373,0.7113301272751477,CD44
9.257463538056134,-0.0761465872520021,0.1292152534979558,-0.5893002969127539,0.5556598457310423,0.7111333186278553,MAPKAPK5
7.112554250417435,-0.0890144142541977,0.1507720114310275,-0.5903908385205733,0.5549286512605401,0.7103747468979905,RBM4B
22.51420930570788,-0.0735520660771961,0.1244313767370515,-0.5911054591369377,0.5544497623067819,0.7099841729836569,STX16
10.918013542224235,-0.0813785494911678,0.1376294558567745,-0.59128730099649,0.5543279368336578,0.7099394313272441,TMEM167B
20.820296432381895,-0.0641594291814665,0.1082574950939904,-0.5926557706305924,0.5534115470647167,0.709099223940066,IREB2
17.424808317827768,-0.1590592683854457,0.2680293447783392,-0.5934397538336262,0.5528868907539662,0.7085380778467155,MIR155HG
4.1524005406776,-0.1276925666411773,0.2150170864013153,-0.5938717186542447,0.552597916029149,0.7083155914989447,MTG2
3.238515932193287,-0.1160392284460683,0.1952728398693897,-0.5942415162481499,0.552350588664081,0.7081840043894879,CLPB
5.550322771947274,-0.1021168088975595,0.1717985470645275,-0.594398559489589,0.5522455717227042,0.7081604781145976,COQ6
4.076729081068434,-0.1192084860871403,0.19962636708081,-0.597158019906679,0.550401884084806,0.7065724736617359,IFT81
4.677123329702176,-0.1054403961914924,0.1765483338834278,-0.5972324624774601,0.5503521885276794,0.7065724736617359,UBXN2B
5.729150417747098,-0.1100130598812279,0.1841761537635346,-0.5973252108547922,0.550290275671613,0.7065724736617359,MAP2K5
10.447531463935633,-0.1129872097382371,0.1890607901658283,-0.5976237042018824,0.5500910439801774,0.7065064319965466,ATP13A3
18.38583216472592,-0.1849557759210544,0.3094024299455746,-0.5977838504810352,0.5499841677554941,0.7064802129743974,PROM1
18.973234210623556,-0.0694200620150403,0.1159521945195735,-0.5986955426127941,0.5493759301427146,0.7058192795223651,PUM2
6.679053064033209,-0.0855125757832262,0.1426708406093082,-0.5993696779105337,0.5489263925735179,0.7056761412394926,FBXL12
9.688877099527462,-0.0897896623044659,0.1497595525604426,-0.5995588312687238,0.5488002909578897,0.705625047587241,COMMD4
47.56573436313005,-0.114239613734568,0.1903975006140896,-0.6000058475878658,0.5485023383866949,0.7054457713182433,GABARAP
75.83435188637272,-0.0829635853328034,0.138154880823889,-0.600511432082954,0.548165444299648,0.7051416633142984,PDIA3
9.854190775396814,-0.0972434373777642,0.1618055863583758,-0.6009893698131299,0.5478470665494299,0.7049540757126602,POLR3D
10.508423773214446,-0.0806122641542611,0.1340820658533,-0.6012158571785391,0.547696224142135,0.7048709792826249,ERLIN2
3.879456457260886,-0.1373060817374721,0.228270567530333,-0.6015058499349754,0.5475031166183392,0.7047334539836877,DENND2D
9.60515981393998,-0.0993260952913004,0.164915064590555,-0.6022863680640913,0.546983533322894,0.7041755870145529,SYNJ2BP
7.4072575157682685,-0.0952459979609883,0.1581198276126063,-0.6023659360060846,0.5469305794335007,0.7041755870145529,MXI1
9.40749877097251,-0.0947572530046991,0.1570809861313306,-0.6032382106735404,0.5463502314952065,0.7036928974696298,SLC35E3
9.731790475035256,-0.0872059516836006,0.1445101048968117,-0.6034591957833716,0.5462032525803506,0.7036145005256259,RPP38
4.234351442557932,-0.1109045385175737,0.183536523293104,-0.604264135157783,0.5456680468915893,0.7030358894908825,DCAF17
16.166992094661634,-0.0651220853086544,0.107671126573502,-0.604824035756686,0.5452959214040625,0.7026672407810431,FBXO11
11.031044490386687,-0.0688003019000269,0.1131416185822639,-0.6080901330751515,0.5431276959708354,0.7007006619273287,ACSL3
15.23480490150776,-0.0637544335710663,0.1047488880593819,-0.6086406715355689,0.5427626398029797,0.7003969567009075,CHTOP
23.138671178721506,-0.0653909022510149,0.1073623290643281,-0.6090674710664551,0.542479717751625,0.7001424378058012,MTCH1
6.622853570428069,-0.1427269727072726,0.2338923612678027,-0.6102250280155694,0.5417127526332501,0.6994182618212345,REC8
3.4958705507455416,-0.1268710325103517,0.2075725783106183,-0.611212875722427,0.5410586604164592,0.6989708006739744,ERCC6
5.185557340694038,-0.1014087256000029,0.1655542569273189,-0.6125407312511633,0.540180057961607,0.6979461185332527,LMBR1
14.055461747802603,-0.0716785334635648,0.116945533078153,-0.6129223714399,0.5399276701304476,0.6978407137987801,DNPEP
1.9181752296594736,-0.1466753208976263,0.2392953845628642,-0.6129467192422755,0.5399115703463334,0.6978407137987801,OCRL
3.1913550962323827,-0.1075080084051133,0.1753929905484224,-0.6129549879328422,0.5399061027973419,0.6978407137987801,CPSF4
5.389052584651501,-0.1342517123495631,0.2189275090622392,-0.6132245003134644,0.5397279069062695,0.6978407137987801,SH2D3C
8.486531967054237,-0.093416648605065,0.1522744444559899,-0.613475550272417,0.5395619444695495,0.6978407137987801,SAV1
6.105278185716761,-0.1683821568412115,0.2742147794655816,-0.6140520841705625,0.5391809100294727,0.6976480151782772,NT5C3B
2.7360622354324193,-0.1447914954801179,0.2354051316233639,-0.6150736582572758,0.538506077336451,0.6972290594774475,ZNF587B
7.432942493627548,-0.1271464912999036,0.2065902618272547,-0.6154524912031922,0.5382559351129662,0.6971135276284748,KIF1B
10.955923612951132,-0.0967463241256805,0.1571726861380672,-0.6155415836101087,0.5381971161409221,0.6971135276284748,DALRD3
24.505292142408027,-0.1041363539146276,0.1689985133720289,-0.6161968637285263,0.5377645981202324,0.6966980388838463,IDI1
23.194952009741264,-0.0551219717407744,0.0894064655891875,-0.616532276245586,0.5375432764485207,0.6965217430797436,SAFB
15.889878108174948,-0.0828767591839254,0.1341971217527799,-0.6175747892462425,0.5368556673453817,0.6957411035494233,ARHGAP25
32.08090105259373,-0.0703050716916596,0.1136034282204886,-0.6188639972660614,0.5360059579815036,0.6948538432875386,ARF4
11.885671851745457,-0.0859561412697152,0.1388691099421449,-0.6189723640162015,0.5359345649619782,0.6948538432875386,MTA1
7.492967438892219,-0.0805236819153638,0.1299651783291408,-0.6195788975985177,0.5355350634371747,0.6947066544999072,CIZ1
17.16099299614978,-0.07142519344791,0.1151770912826972,-0.620133679818324,0.5351697800812061,0.6945476926689222,ZCCHC7
20.15442852757366,-0.0587357576875396,0.094686701952564,-0.620316860512947,0.5350491966339496,0.6945015068619542,DDX27
9.971982338626166,-0.0911937472652825,0.1466480908881393,-0.621854309271872,0.5340376713967437,0.6935899474764421,TSR2
6.145538442119142,-0.0986396782450003,0.1586145815077789,-0.6218827885011488,0.534018943327537,0.6935899474764421,SYVN1
3.773837160340605,-0.1606082461851686,0.2581805494796224,-0.6220772498504776,0.5338910735351149,0.6935899474764421,ZNF518B
3.20742472878692,-0.1253384775731403,0.2012117462877733,-0.622918293218732,0.5333382161265106,0.693271804640426,HARS2
3.6584161440549057,-0.1438314801863945,0.2307895111964186,-0.6232149781884303,0.5331432602036082,0.6931286522074277,KIAA0040
3.620966209329569,-0.1208909453823956,0.1936529010754803,-0.6242661210392908,0.5324528293948732,0.6924513877105696,ETAA1
2.709660737607534,-0.2059867719416387,0.3297926285572373,-0.624594833555804,0.5322370113877533,0.6923911192563814,OAS3
5.6937979247641115,-0.0922022098576497,0.1472899809886412,-0.62599105002777,0.5313208117339969,0.6916396929549926,ANAPC10
5.9055551913903725,-0.1041603876664123,0.1662673587329343,-0.6264632364414907,0.5310111432631948,0.6915281328113172,TRIM11
8.635617605789069,-0.0821860933465652,0.1308947871855865,-0.6278790402099007,0.5300831824902758,0.6905787123928641,SLC25A26
13.888785405118972,-0.1234695653064288,0.1962083517288912,-0.6292778274649162,0.5291671845939568,0.6896052735753143,SPECC1
18.48104990552408,-0.0702894929078046,0.1114585190834501,-0.6306336517460656,0.528280090233562,0.6886324650854233,WDR82
11.567311372087508,-0.0674912737804345,0.1068400811514975,-0.6317036925939148,0.5275805146971447,0.6879587606108282,GAPVD1
6.604696948941279,-0.1014288585966925,0.1600932679542212,-0.6335610478367908,0.526367328321541,0.6868328712416658,PITRM1
9.782207782441498,-0.0887756184197117,0.14011692809609,-0.6335823916923927,0.5263533952398571,0.6868328712416658,BAG4
19.37551763546081,-0.0858653635620995,0.1355116385542843,-0.6336382946746149,0.5263169031565359,0.6868328712416658,SMC1A
3.9561333576932673,-0.1948386985381966,0.3071855005185038,-0.634270491964383,0.5259043103921806,0.6865576162668968,MMP28
5.0266252215554905,-0.1099960001959592,0.1733327426191783,-0.6345944714994015,0.5256929347790105,0.686501034054546,ITPKB
166.49883330046302,-0.0742185500681885,0.1168539319291863,-0.6351395185672066,0.5253374250047909,0.686146435376302,DDX17
3.9906708965590663,-0.1670346051629115,0.262889863177371,-0.6353786454299829,0.5251814921006602,0.6860524335658665,GSTM4
4.591067389182744,-0.1451910226086945,0.2284950343719377,-0.6354230979582546,0.5251525075383888,0.6860524335658665,KRBA2
8.498165796614957,-0.1033216367867129,0.1625654049718738,-0.6355696453657472,0.5250569594365969,0.6860524335658665,MAN1B1
19.8922961956362,-0.1519851940942676,0.2390501010544334,-0.6357880353276215,0.5249145868980868,0.6860328038298572,CD59
8.591303909931606,-0.1104786303886004,0.1736822235806529,-0.6360963609917017,0.5247136172322213,0.6858798538481012,CUL1
16.088499521966366,-0.0689112073340242,0.1081338560201183,-0.637276888759088,0.5239445021872624,0.6849840843795394,SDF2
50.256075620796075,-0.0898982630171783,0.1409011964788007,-0.6380234182802271,0.5234584359347272,0.6846772658912528,SYPL1
5.16407634858149,-0.0927154057449682,0.1449811512030203,-0.6394997210026069,0.522497895092864,0.683639759936556,STX18
16.86707291609841,-0.1313552663345154,0.2046383228945644,-0.6418898692899935,0.520944692472857,0.6818258981572505,FKBP4
2.3751341095398253,-0.1666935773708882,0.2595280547739332,-0.6422950209220724,0.5206816465347495,0.6817872898683622,VPS9D1
7.599580136893484,-0.1010441507702874,0.1572950534599911,-0.6423860671244098,0.5206225439265404,0.6817872898683622,PPP3CC
10.307480445947563,-0.1138947019197516,0.1772156575438837,-0.6426898362045014,0.5204253773488983,0.6816921702978275,THEM4
4.7940099103445,-0.2137588312511471,0.3323291590229453,-0.6432141912542451,0.5200851261975444,0.6813557104633855,MS4A7
11.922810058714512,-0.0850405489969316,0.1321937135073214,-0.6433025197693817,0.5200278215928641,0.6813557104633855,NAGK
6.861931681895172,-0.1336126364855832,0.2072253269022537,-0.6447698188388289,0.5190763632329667,0.6803613994187634,ZNF827
5.239023159808294,-0.1236971292372654,0.1913241559881927,-0.646531686489704,0.5179350831224238,0.6791923550302239,LRP12
13.630207690717926,-0.089254227500479,0.1379124098967256,-0.6471805370330067,0.5175151062580204,0.6788595172955988,USP4
12.391918881636004,-0.0953048991363729,0.1470431156196831,-0.6481425446865018,0.5168927589588778,0.678152012436254,TOPBP1
2.0825429625583216,-0.1624306921574043,0.2500691782656182,-0.6495430315881386,0.5159874417763743,0.6770729704118765,RIPK3
10.369955041032886,-0.1220260059485173,0.1875236770424448,-0.6507231933218623,0.515225188524172,0.6763986207312033,CYFIP2
10.988853898180622,-0.1155646209100444,0.1775179545665771,-0.6510024363011833,0.5150449141952869,0.6762706080491225,FBRSL1
17.775346241275294,-0.0952443626980181,0.1462571653293034,-0.6512116003586694,0.5149099030436511,0.6762019957842612,PHACTR2
14.598874212161885,-0.0938613820814808,0.1440133772502974,-0.6517546069234134,0.5145594891767573,0.675959097437827,LPIN2
43.64271721436029,-0.1280549067542803,0.196362356440881,-0.6521357202842186,0.5143136225401056,0.6757794128671544,HSH2D
3.809356004499364,-0.1360913353365372,0.2085689216887288,-0.6525005462685464,0.514078320573091,0.6756528803929108,ZNF746
60.33548815080129,-0.0687913780156343,0.1051184766545571,-0.6544175696314384,0.512842817985746,0.6743544682590169,SEC62
25.887484310622085,-0.0651455526021905,0.0994406426322716,-0.6551199879419193,0.5123905039675198,0.673868148707324,RNF10
5.805063540294631,-0.1096869412144748,0.1672750364411274,-0.6557280963622998,0.5119990877494657,0.6734644930465434,DDX58
5.100595759510176,-0.1192172979160309,0.1815283538669665,-0.6567420206068724,0.5113468103903807,0.6730371758537049,ABHD12
5.161486835629699,-0.1043009812653179,0.1587786032545152,-0.6568956970740449,0.5112479851867081,0.6730371758537049,MED24
33.289455359711006,-0.0850614345075153,0.1294466404253962,-0.6571158141144544,0.5111064512149284,0.6730371758537049,PPIP5K2
4.566460770820593,-0.1081884748208848,0.1645131353039803,-0.6576281864726414,0.5107770780688894,0.6727207454708084,METTL2A
9.088949897279305,-0.1021490355501094,0.1552956817168119,-0.6577712555870191,0.510685127419249,0.6727080728909695,ASCC2
2.786472179742588,-0.1581468126459703,0.2401904290131906,-0.6584226244805335,0.5102666014318578,0.6724820000483402,CCDC102B
2.981891195778298,-0.1279888677603662,0.1940976226002401,-0.6594046132340825,0.5096359805241932,0.6719760524226533,AACS
38.0886584846467,-0.0644774323954577,0.0976111502974442,-0.6605539653920663,0.5088983994547331,0.6712201488207625,BAZ1A
6.897858651042896,-0.1232454096156893,0.1861900162378796,-0.6619335026977432,0.5080138394062783,0.6702698339720169,BRF1
5.51848274744866,-0.2723176885025044,0.4106090419994869,-0.663204315171522,0.5071997081934774,0.6695200025280943,KCNK17
28.72322587444312,-0.0677708714382763,0.1021434648021833,-0.6634871018867932,0.5070186374435997,0.6693891236955328,ZFR
3.861437037995484,-0.1544716024357535,0.232308004793813,-0.6649430895541296,0.5060868939924474,0.6684830279360311,RAVER2
5.741172454239676,-0.0923650597679786,0.1387153867291964,-0.6658602332868522,0.5055004406311074,0.6680323629947889,TRMT61B
4.063085285831516,-0.1281070070205816,0.1922632851499689,-0.6663102990290415,0.505212783999461,0.667760216444451,ZDHHC13
26.944829611066428,-0.0992767557597627,0.1488812604096558,-0.6668183456171494,0.5048881729172173,0.6674391297373536,LCOR
4.48890407682531,-0.1168189434455621,0.1751414014336053,-0.6669978799378702,0.5047734876209903,0.6673954963351314,NAPB
12.650216594214797,-0.1457567565490411,0.2183654960207661,-0.6674898699892586,0.5044592781266237,0.6671944453148495,ERAP2
8.46249413329629,-0.0892657840113903,0.1335794201972216,-0.6682600050187,0.5039676384763614,0.6668411084722377,CPSF3
156.1529469964381,-0.3835852349858661,0.5731239714108921,-0.6692884159801803,0.5033115148114325,0.6663250789896654,HBA2
2.7830970251952865,-0.2718557617106412,0.4061008057217779,-0.6694292596328687,0.5032216920466104,0.6663141218137828,LEPR
4.168650181896287,-0.1321381341171973,0.1971299866444991,-0.6703096589535765,0.502660411052223,0.6656788036803427,ACSS2
4.868537987853359,-0.142708112027404,0.2128133610153549,-0.6705787237536618,0.5024889402192634,0.6655595932130979,BSCL2
37.466966717116144,-0.0887136925098242,0.1320731516320396,-0.6717011853929528,0.5017739465818916,0.6650437822417901,P4HB
4.34460932722456,-0.1163618393710927,0.1732132175429167,-0.6717838339459399,0.501721321809655,0.6650437822417901,PACS2
2.7116308099727844,-0.1280319751273212,0.190289613011873,-0.6728269247115065,0.5010574063405933,0.6644174078560512,SLC25A17
3.0139801006545315,-0.1391662053580197,0.2064214725317055,-0.6741847330666838,0.5001938745352841,0.6637031745417028,AP4E1
22.42721757090956,-0.0860836947466245,0.1274929988331941,-0.675203309471545,0.4995466043123514,0.6631673929872012,ADPGK
40.01103531753296,-0.0950927815166435,0.1401636789663947,-0.678440964291774,0.4974921432537137,0.6610844531673598,PBXIP1
7.685479629135931,-0.1446438439717175,0.213191190642149,-0.6784700790686454,0.4974736888404817,0.6610844531673598,INF2
6.413355093931329,-0.1266119177399547,0.186596420720496,-0.6785334748173308,0.4974335066803074,0.6610844531673598,RBBP8
24.217454780605,-0.0636772752208415,0.0936324871492483,-0.6800767250723697,0.4964558809469703,0.6606744304914812,NCBP2
19.18694872616353,-0.0681613904700328,0.1002253593637762,-0.6800812778593835,0.4964529983416821,0.6606744304914812,AFTPH
9.268100959608578,-0.1050172718267516,0.154325852787426,-0.6804904682523042,0.4961939551618872,0.6606744304914812,GNL3L
4.3355885063576345,-0.1805237630193441,0.2646669966825754,-0.6820788586491303,0.4951890879863436,0.6597407529653374,OSBPL5
5.628815640916518,-0.1184104835310055,0.1734740066728155,-0.6825834359976262,0.4948701036849755,0.6594232904778107,XPO6
6.913675518113574,-0.1041524372036206,0.1523504223434038,-0.683637338194291,0.4942042009245921,0.6588944167170464,TMEM42
7.872215375283668,-0.1078846862883655,0.1577797515916099,-0.683767626707953,0.4941219120899474,0.6588944167170464,WDFY1
14.343652802734598,-0.1737324321340204,0.2538114658920821,-0.6844940260023147,0.4936632604361499,0.6586425365553441,CPD
9.742957082521992,-0.0998438848937755,0.1458227135275264,-0.6846936425643213,0.493537261605806,0.6586425365553441,MADD
18.752337704703645,-0.119344709412666,0.1740982540463321,-0.685502046338186,0.4930271697808207,0.6582557196534454,DIP2A
2.16689596509983,-0.4130586262051815,0.6024973970615373,-0.6855774451802203,0.4929796085384821,0.6582557196534454,GAS2
16.6946074718939,-0.0834450433843477,0.121574769574477,-0.6863680982198289,0.4924810163279876,0.6577414815979057,CASC4
8.394785742199302,-0.0865418026364012,0.1259646098951701,-0.6870326729739628,0.4920621393381487,0.6572894785895068,DDX23
20.975116559406377,-0.1023556990469944,0.148594382807957,-0.6888261663247304,0.4909326671379654,0.6561368525478467,ATP2B4
4.314593427161959,-0.1320405969864018,0.1916721367304604,-0.6888878020496234,0.4908938761354062,0.6561368525478467,TMEM150A
8.982820598614506,-0.1035216320505981,0.1499711169786295,-0.6902771289310972,0.4900199277942157,0.6553114288063072,MTAP
6.805645717042178,-0.1255087941956508,0.1818080463102106,-0.6903368511066942,0.4899823786653358,0.6553114288063072,ZNF736
4.74525862216073,-0.1446542915505478,0.2095412703072968,-0.6903379527021537,0.489981686073663,0.6553114288063072,ZNF678
2.881899781126724,-0.1453752556030481,0.2102499348945285,-0.691440193196613,0.4892889528504567,0.6548527573257784,LZTR1
3.917626703201724,-0.1574812439887531,0.2276553071192765,-0.6917530102043404,0.4890924505584868,0.6547140258049469,LIMK2
10.76171663964094,-0.0948648716683628,0.1371167815394166,-0.6918545680791981,0.4890286640796509,0.6547140258049469,SLC35C2
14.35690789247958,-0.0988250175234293,0.1428097364728436,-0.6920047607693869,0.4889343392568195,0.6547140258049469,XIAP
5.030923260397997,-0.1451670649769385,0.2096123608314699,-0.6925501168018142,0.4885919242517035,0.654518771820086,SGSM2
11.957728509292398,-0.1017458860334125,0.1468703709111116,-0.6927597813107642,0.4884603157151811,0.6545111905065176,DCTN4
5.729629642150893,-0.226086234161627,0.3262545674708023,-0.6929749241958439,0.4883252882165507,0.6544375807802914,COBLL1
5.234450038627321,-0.1438740051404728,0.2073070607124681,-0.6940140130587449,0.4876734210233476,0.6538857110570682,C2CD5
8.2918916788658,-0.0943110120890518,0.1358642426699068,-0.6941562418169739,0.4875842310791812,0.6538734206709322,TAZ
8.084927013335472,-0.1079708069785193,0.155523818039168,-0.6942396884271923,0.4875319068117127,0.6538734206709322,TNIP2
4.257532802334135,-0.1554296787399745,0.2236226082403429,-0.6950535098531868,0.4870217681126059,0.6535481798732309,GK5
5.561560769535254,-0.0906256075179765,0.1303730301032312,-0.6951254216168631,0.4869767045575683,0.6535481798732309,DDX20
4.539699455083398,-0.2271728071166866,0.3260474815172259,-0.6967476211120022,0.4859607509245083,0.652767597534795,DOCK1
3.963731620524636,-0.2312991127240559,0.33151774079483,-0.6976975415237358,0.4853663659777094,0.6521836172346429,ZC3H12C
7.360007322286349,-0.126278029152561,0.1808546997001633,-0.6982291826638498,0.4850338789227196,0.6518440501114379,TRIO
10.1836318235998,-0.0840871010946604,0.1203708019145897,-0.6985672584812159,0.4848225113244119,0.6516671722375011,SLC30A9
3.0266561948293886,-0.156956895383387,0.2246684731792972,-0.6986155786002388,0.4847923052912162,0.6516671722375011,ACBD4
35.46805177807379,-0.0835919926226424,0.1194665332878009,-0.6997105408697601,0.4841080922626751,0.6510281800326397,CEP350
58.35106862638,-0.0697471080293966,0.0995118455963043,-0.7008925179856864,0.4833700940970882,0.6503568316922951,SYF2
4.242048929864474,-0.1558829700756434,0.2222344676502312,-0.7014347131831208,0.4830317648542198,0.6500086545823172,USP40
6.796612959006298,-0.1485976817652745,0.2117422048044625,-0.7017858433206545,0.4828127286416324,0.6498436703327787,EPHB6
20.45334692726268,-0.0888519124823737,0.1264481159723889,-0.7026748623267378,0.4822583967936988,0.6493957416284301,WBP11
11.145027703229928,-0.0947442965712963,0.1347815655612645,-0.7029469955832395,0.4820887821766962,0.6492743430304574,MBTD1
17.70549399115181,-0.1012756698093307,0.1437849955938801,-0.7043549251507666,0.4812117692069331,0.6485207597212354,NANS
8.218815845766512,-0.1133105964601319,0.1608390373984493,-0.7044968578083795,0.4811234061979554,0.6485086361008733,USP6NL
4.635349851997573,-0.1171339674868086,0.1660841923975083,-0.7052686098292754,0.4806430912248749,0.6479681073087696,SUGP1
11.371758457271968,-0.0886019815608704,0.1254036352549636,-0.7065343949617556,0.4798558710177408,0.6470135845026338,MSL3
9.44883530883213,-0.1108570876081168,0.1567009601242799,-0.707443576096763,0.4792908650688735,0.6464651136476998,B3GNTL1
4.9906238194126225,-0.1265079408167909,0.1786286758268112,-0.7082174249527898,0.478810246862951,0.6460301398806428,XRCC4
11.150948496629631,-0.0914729692603678,0.1287161890170614,-0.710656289305171,0.4772972525156145,0.6443079217421255,TMEM131
1.7805908448838106,-0.1754251790966071,0.2468034238561167,-0.7107890820788524,0.4772149472489174,0.6443032607354435,AHCYL2
7.249736098841973,-0.1139888808018767,0.1598733988577648,-0.7129946671321459,0.4758490571123311,0.6428425747367901,CPSF1
3.587458841560275,-0.1201185624552309,0.1680363195136909,-0.7148369043243902,0.474709828472264,0.6415570639177753,SETMAR
6.032266918883053,-0.1368628570608074,0.1908846748707382,-0.7169923785316298,0.4733787993552802,0.640075818224722,PRIMPOL
10.541222112342773,-0.0876925570611582,0.1222244948234344,-0.7174712171061856,0.4730833901734478,0.6397822544037143,ANGEL2
6.326386091310052,-0.1644744836218222,0.2290492244060664,-0.7180748332517212,0.4727111467302524,0.6394905264789557,PHKA2
13.232559106608385,-0.1196943002744015,0.1663902674847452,-0.719358782720721,0.4719198857755081,0.6387373507821231,EDEM3
11.976559064681984,-0.1205356987796502,0.1675268371415451,-0.7195008324416007,0.4718323895052978,0.6387247274101704,NFATC2
14.134820078888172,-0.2509231354502241,0.3475471917427244,-0.7219829174622497,0.4703049801935246,0.6368680797416788,INPP4B
13.928161107385534,-0.0851309874159215,0.1178839051492023,-0.7221595459377905,0.4701963918863203,0.636826573529442,AFG3L2
6.299908487635748,-0.1009602907389299,0.1397371763020466,-0.7225012942919412,0.4699863298944025,0.6366475964136543,INTS12
2.668878677663266,-0.1515436148698947,0.2097309022481699,-0.722562165353089,0.4699489198037208,0.6366475964136543,BAHD1
9.967510178790402,-0.0883352707699393,0.1222164185943787,-0.722777445010177,0.46981662659514,0.6366287986581906,TBC1D9B
17.061884353702307,-0.1182203517291099,0.1633808509138136,-0.7235875628501488,0.4693189791494935,0.6361654576361166,ASPH
66.08517817915458,-0.0985442069251811,0.135920481435276,-0.7250136689083679,0.4684436448334836,0.6352951073750034,LAPTM4A
7.130133101428541,-0.2042428531125517,0.2817086714736628,-0.7250144343946707,0.4684431752259638,0.6352951073750034,SLC5A3
2.7958036915178663,-0.165980729437496,0.2288844369252184,-0.7251726315132799,0.4683461306739016,0.6352951073750034,CASP9
7.4969327868584035,-0.1897669042446763,0.2616291659369759,-0.7253277881503066,0.4682509620904516,0.6352951073750034,ROBO3
10.050053844962331,-0.126911622871594,0.1747634453485407,-0.7261908954615015,0.4677217526074415,0.6349484034815426,PLCXD1
4.204543269486159,-0.1379996919001692,0.1899662046311669,-0.7264433806429177,0.467567005392676,0.6348669267429944,NUP85
3.8637428112177217,-0.4078410367394436,0.5611024143669209,-0.7268566776701565,0.467313758457697,0.6347108910169286,COL6A2
7.337945970743044,-0.1053083901992902,0.1448605719828027,-0.7269637884060818,0.4672481389767069,0.6347108910169286,ZNF664
20.98250028643548,-0.097591526479053,0.134203435496416,-0.7271909703210192,0.4671089769418669,0.6346437397060184,COPS6
22.55802534850256,-0.0713705968102232,0.0980966090174032,-0.727554168539725,0.4668865448255928,0.6344470244087674,BLOC1S6
11.609934247843556,-0.0978104417372735,0.1343331645651786,-0.7281183470505954,0.466541143659389,0.6341886017036878,STX5
21.43489650636081,-0.0789546544196702,0.1080651207858451,-0.7306210722341793,0.4650106372760534,0.6325290356555072,DDB1
14.740275203438166,-0.1166082635873367,0.1594624045710542,-0.7312586556123188,0.4646211788375604,0.6323150653367265,CKAP2
14.094964047925329,-0.0975513595760232,0.1331304559008841,-0.7327501353157717,0.4637108395417469,0.6312864494994359,RBM7
3.750245838850533,-0.1709367959289184,0.2331145045341343,-0.7332739602390919,0.4633913537432559,0.6310366374776306,KLHL21
10.38381074249238,-0.0924631485018987,0.1260682046986447,-0.7334374969717704,0.4632916362655765,0.6310366374776306,RHOT1
3.5245179237918123,-0.2136783327520463,0.291323684214573,-0.7334739478121616,0.4632694117827071,0.6310366374776306,SPAG1
16.792549410623074,-0.0744701869395171,0.1013268546265845,-0.7349501493356214,0.4623698547388117,0.6304061543585568,SREK1IP1
8.545586972868573,-0.1131253403691046,0.1538473072094771,-0.7353091998878745,0.4621512065447591,0.6302132023827148,PRR14
3.067409922751744,-0.2102228936924122,0.2850568047289487,-0.7374771982458246,0.4608322045156922,0.6287293276169178,PLXNA3
3.213405808750794,-0.1525638724849267,0.2060824499370203,-0.7403050212744989,0.4591149348466546,0.6272242321738866,DBR1
12.65401432282371,-0.1120982723907971,0.1513174506262207,-0.7408152326574577,0.4588054778592929,0.62701113222751,SMAD5
4.444239821174171,-0.1182213643310683,0.1593840217837016,-0.7417391217013292,0.4582454118297536,0.6263504951590695,PPOX
6.711542243321205,-0.1316215877515951,0.1774429814726359,-0.7417683509330174,0.4582276991874616,0.6263504951590695,THAP6
4.6791727938280205,-0.1395020461764158,0.1873560585540426,-0.7445825197917295,0.4565241384716201,0.6246117128391844,SEC24A
14.485104277222009,-0.1074981111584647,0.1443560935312008,-0.7446731795580928,0.4564693167224221,0.6246117128391844,IKBKB
12.934758558838176,-0.1138635992099624,0.1528553846690822,-0.7449106189910586,0.4563257551913066,0.6246117128391844,RASAL3
10.872014215506686,-0.0987794317157278,0.1322448497577291,-0.7469435059035612,0.4550976630176314,0.623612779560132,OSBP
4.0943805982785415,-0.2008395320062576,0.2688327972363268,-0.7470797241666266,0.4550154384654918,0.6236046876386337,WDFY4
11.810712281807454,-0.138528862854291,0.1852203286381618,-0.7479139243128915,0.4545120781530736,0.6231238574813364,AP1B1
3.4200380009057696,-0.2393075809192783,0.3198754779899745,-0.7481273101115261,0.4543833705726032,0.6230519417601512,CASS4
12.425916838510227,-0.1065942536458812,0.1424661927275317,-0.7482073578659048,0.4543350935920606,0.6230519417601512,FAM76B
2.8636114150502543,-0.3648160520303254,0.4870973303865653,-0.7489592516156963,0.4538817659304967,0.6228867835771058,PRDM16
3.8610686573589823,-0.1502502459197449,0.2005280286929773,-0.7492730412753855,0.4536926530604234,0.6227458705178467,ZNF184
2.0875868151370236,-0.3068651350628864,0.4092668996650606,-0.7497922146013307,0.4533798584272863,0.6225116490017403,TMTC2
5.744485707783744,-0.1298267292879072,0.1730315174102471,-0.7503068298250891,0.453069930126567,0.6222681291606824,ZNF12
3.723150489774263,-0.157523466001075,0.2098661074556864,-0.7505903068904844,0.4528992564616615,0.6221654042616404,TSHZ1
14.778395673316815,-0.0827856317670258,0.1101127125405649,-0.7518262865109978,0.4521555318529489,0.6213526489691298,ZNF430
4.202642847962737,-0.1663148878744228,0.2209108561994466,-0.7528597314577765,0.4515342084429345,0.620707607198388,RWDD3
15.198609055901397,-0.0833043022568128,0.1105960506095957,-0.753230353142331,0.4513115025464493,0.6205058534926868,NOL11
4.098793292990621,-0.1248035240922125,0.1656243390568005,-0.7535337185521472,0.4511292570879281,0.6203596700884317,FRS2
6.566783855331112,-0.1538167094503523,0.2040900486241219,-0.7536707962358351,0.4510469219253562,0.6203508498656937,GNB5
2.1843495070147103,-0.2931321362480515,0.3882212463659416,-0.7550646415980592,0.4502101973630878,0.6195869748750004,HRH2
33.54578106261551,-0.0785452199924533,0.1039760479317136,-0.7554164786493704,0.4499991288812447,0.6194310785189775,PJA2
17.014224641092024,-0.1012861236154591,0.1340669498214992,-0.7554891324842892,0.4499555505363004,0.6194310785189775,TBRG1
2.72450955832131,-0.1573384546845848,0.2082533298208849,-0.7555147128735417,0.4499402077857924,0.6194310785189775,PIGB
5.891164884936911,-0.1577771467200109,0.2088284402966164,-0.7555347657431473,0.4499281805696035,0.6194310785189775,ATP10D
11.204960734531577,-0.1032059044766826,0.136552691822939,-0.7557954596054725,0.4497718394096035,0.6194310785189775,GRAMD1A
5.432155655296791,-0.1315865261609784,0.1740937389136144,-0.7558372115051871,0.4497468031681522,0.6194310785189775,DCAF15
5.199388879445886,-0.1418944228412124,0.1875638694581584,-0.7565125589012551,0.4493419454751594,0.6193611734948595,PEA15
8.062038900323184,-0.1430271523297734,0.1888225744962378,-0.7574685003175994,0.4487692306352001,0.618676123421667,PLXNB2
19.65865834626331,-0.1181371253595794,0.1559604410431338,-0.7574813495616262,0.4487615353371814,0.618676123421667,TMEM205
7.901710965609786,-0.1583209406542274,0.2089731644676554,-0.757613739819364,0.4486822523502873,0.618676123421667,ANO6
15.32694636210527,-0.3363704292958633,0.4428352317796142,-0.7595837123078427,0.4475034580431133,0.6172435441712152,ALDH1A1
13.43993719769606,-0.1027718926041357,0.1350805446771329,-0.7608193529999403,0.4467649733838321,0.6165371723559014,CYHR1
14.222479785156292,-0.0911816141175527,0.1197361112678964,-0.7615214253412981,0.4463456866951596,0.6160626023625252,EXOSC8
3.3698412023345226,-0.1690043758755764,0.2219184524820885,-0.7615607173955812,0.4463222275931968,0.6160626023625252,SLC25A40
9.853214816036346,-0.1027904281262304,0.134938747150329,-0.7617562064046464,0.4462055224046776,0.6160626023625252,SCRN2
16.536257972307933,-0.1186676205336013,0.1556362741169189,-0.7624676265666348,0.4457809576437342,0.6156991556637851,PDE7A
1.8409321620977,-0.2081993394956474,0.2727572811228999,-0.76331359015797,0.4452763990793037,0.6151251208878222,CACNB3
2.3834450688349578,-0.203005512520154,0.2658820823269297,-0.7635170852563793,0.4451550769691612,0.6151251208878222,EFCAB7
10.238291178967698,-0.1277699043430476,0.1670261623688219,-0.7649694067741921,0.4442897621935863,0.6141586274545413,CLSTN1
5.563510093668379,-0.1392595237495905,0.1815915372175936,-0.766883335442673,0.4431508825557669,0.6133643284470318,LINC00665
8.54085549549864,-0.1097658454175523,0.1429010622476655,-0.7681247689209918,0.4424130629133816,0.6124969734099021,GGCX
23.85175845553935,-0.0906077351155364,0.1178476784936872,-0.7688546458756929,0.4419796042709546,0.612000567106926,ARHGEF1
9.42601300789378,-0.1859499677094941,0.2416757631157227,-0.7694191809397738,0.4416445054946184,0.6118476185819816,RUFY3
8.91956766320475,-0.1007123670974931,0.130826961335219,-0.7698135466086157,0.4414105028204386,0.6116271355851796,RANBP9
12.671924285571006,-0.1044631577082661,0.1352157295707947,-0.7725666092240584,0.439778912131771,0.6097799916899204,TP53BP2
3.80073570973951,-0.1767882369925374,0.2281234019815114,-0.7749675634193174,0.4383588266918943,0.608223802496089,DNAJC5
4.890003031416662,-0.115797564483042,0.1493210783969759,-0.7754937596632515,0.4380479514799343,0.6079989487926862,ZBTB25
3.5627424766116644,-0.2002010433200366,0.2579492490950678,-0.7761257069845241,0.4376747664677735,0.6077907064595814,HACE1
9.306530899968823,-0.1523287597671823,0.1959823495473494,-0.7772575444625927,0.4370068378132089,0.6070695123719364,IFT80
10.618854732735532,-0.135243359828109,0.1737875646994757,-0.778210800421654,0.4364447506902537,0.6064949078044324,FAR1
5.138768954775945,-0.1667571596318924,0.2142772959971774,-0.7782306513429634,0.436433050029465,0.6064949078044324,PRH1
114.13749666817488,-0.0778332845886893,0.0998975100037912,-0.7791313776062635,0.435902328227759,0.605947248034879,SERP1
12.782251535694478,-0.1045344678584497,0.1341461623508367,-0.7792579826850162,0.4358277604039641,0.605947248034879,PRR14L
13.6300612667834,-0.1190903250781691,0.1528223948447983,-0.7792727315856653,0.4358190740789923,0.605947248034879,ABI2
6.391253016976884,-0.1275548207864694,0.1636355364298764,-0.7795056231024193,0.4356819264878714,0.605947248034879,ZBTB48
6.526240477874307,-0.1237114762837946,0.1586559821431886,-0.7797466859594605,0.4355399930936087,0.605947248034879,ZNF84
8.890148104777591,-0.1188973080099722,0.1524299685324652,-0.7800126783116726,0.4353834126265764,0.605947248034879,CHM
6.044213680991242,-0.1232283601429078,0.1578203901235752,-0.7808139369470484,0.4349119357978661,0.6054976022157716,XPNPEP3
60.260465213470816,-0.0865072580305269,0.1107550684568088,-0.7810681645171131,0.4347624047581228,0.6054957575044523,NASP
23.319486969969844,-0.0773825380518462,0.0990192401921942,-0.7814899195514772,0.4345144032488546,0.605326281521854,GPBP1L1
9.601535177771131,-0.1285650132214218,0.16448507201903,-0.7816211625973426,0.4344372460386526,0.605326281521854,GTPBP6
7.372867976011752,-0.1077792704871169,0.137849478590828,-0.7818620105704784,0.4342956731625594,0.605326281521854,EXOSC9
4.307123640955472,-0.2200297250010554,0.28103836470894,-0.7829170413403568,0.4336758295828293,0.6048071690597882,CHEK1
7.2877016763194895,-0.1292742200878993,0.1649070115120421,-0.7839219139476022,0.4330859304000657,0.6041907354104383,MTG1
9.879932746385643,-0.094891247400763,0.1210124163183303,-0.7841447207462242,0.4329551970769087,0.6041907354104383,MTRF1L
65.0963879252956,-0.1231129535845658,0.1567281756432137,-0.7855189603229232,0.4321493581095638,0.6032961566911406,VMP1
3.3326282384897654,-0.1827609228037151,0.2325926484881297,-0.7857553709959249,0.4320108171247613,0.6032368439634775,ZNF500
4.827008578242366,-0.1858941421623421,0.2365150013864547,-0.7859718879251959,0.43188395681421,0.6032348395092153,MROH1
10.645090115134478,-0.1251019218652526,0.1591266138156757,-0.7861784956359621,0.4317629225814087,0.6031688904791743,ZNF397
3.265726396302707,-0.1365199760145223,0.1736437887558743,-0.7862070794046981,0.4317461792822538,0.6031688904791743,EIF1AD
3.971431752571957,-0.1438530816715245,0.1829598247962045,-0.7862550252863422,0.431718095228798,0.6031688904791743,INPP5F
11.968737759685904,-0.1366369442206008,0.1733580172304598,-0.7881778206943699,0.4305927005392016,0.6020487604561631,JAK3
7.163497119378957,-0.160944742402532,0.2041657158632022,-0.788304450245556,0.4305186452098738,0.6020482372086049,TOM1
4.895885079667106,-0.1335257576661442,0.1692777355598098,-0.7887969272779315,0.4302307057141091,0.6017485615183132,SIRT5
31.55552888425616,-0.1051404549791063,0.1332897187357736,-0.788811440044608,0.4302222221441263,0.6017485615183132,RNF220
4.577257429936816,-0.1571389243144061,0.1991231812398154,-0.789154348258201,0.430021800282267,0.6017485615183132,ZNF559
4.172532443892587,-0.1442985032172518,0.1828070475726255,-0.7893486883208095,0.4299082371184223,0.6017095247507073,GBA
4.789367570677515,-0.1670229109934133,0.211534636603326,-0.7895771287168353,0.4297747696011426,0.601625773926835,TAX1BP3
12.639166061112263,-0.1386724594290016,0.1753499906527358,-0.7908324312581765,0.4290417820510692,0.6007026047188634,CHPT1
4.709557594223082,-0.1761741260885539,0.2225872338314771,-0.7914835143777247,0.4286618925265025,0.600273577349452,CCDC34
5.389093195979284,-0.1426272079230004,0.1798604677396795,-0.792988085238561,0.4277847646217819,0.5991479793837128,EXD3
46.25191749243067,-0.0884665867711604,0.1112738944516901,-0.7950345155715605,0.4265934247878438,0.5979919152412887,TOP1
30.987927792616013,-0.0741565690639995,0.0932355670822689,-0.795367812785066,0.4263995774705656,0.5979919152412887,SPCS3
21.380751607267303,-0.0959594967569385,0.1206253105427176,-0.7955170960820525,0.4263127702225526,0.5979919152412887,ZNF106
11.76112977120136,-0.0986994246891624,0.1240567878523896,-0.7955987447184357,0.4262652964423253,0.5979919152412887,MED21
7.610122506549306,-0.1191050768847629,0.1493453702322582,-0.7975143568195895,0.4251523681656091,0.5966884232705585,PKNOX1
4.5013290350137565,-0.1417694248502716,0.1777018807945007,-0.797793609254016,0.4249902705266193,0.5965633912511606,BTRC
5.077792307780884,-0.1595419503795903,0.199823449095723,-0.7984145559571623,0.4246299590636934,0.5961754652963224,GCFC2
20.189984531605468,-0.1270399329881706,0.159078067799127,-0.7986011820849374,0.4245217020087737,0.5961754652963224,DYNC1LI2
8.203675035281236,-0.1438754126630976,0.1801387486459449,-0.798692195569087,0.4244689132612219,0.5961754652963224,DYNLT3
11.90033986733053,-0.1104527798554535,0.1381643572721194,-0.799430345395904,0.4240409206193618,0.5957424969705649,CEP68
4.098909478888666,-0.1779706752144726,0.2223851198366057,-0.8002814007755288,0.4235477766640494,0.5952543658620482,FBXO25
11.693789502896962,-0.1448690583482853,0.1807639174853808,-0.8014268575475058,0.4228845719422083,0.5946291236172404,KDM4B
8.699872736805224,-0.13540943450308,0.168547177886186,-0.803391882328147,0.4217482654904061,0.593337651054082,KIF22
9.295288311171577,-0.2027523332521101,0.2521733302654065,-0.8040197313439849,0.4213855797078941,0.593132971965638,WDR49
4.486887419607503,-0.1599308661412905,0.1987625220222542,-0.8046329082269549,0.4210315461606901,0.5927680845610688,TBL2
3.27970995999273,-0.4498346779372455,0.5590087569338655,-0.8047005925355548,0.4209924775740901,0.5927680845610688,THBS1
10.044015932311726,-0.1363868775243652,0.1694072477445253,-0.805082895449925,0.4207718454871313,0.5926782881357266,ZMYM6
10.748466006063786,-0.1450970839884526,0.1799853159638295,-0.806160676005435,0.4201502095794174,0.5921474980529748,PSTPIP2
11.17043820588938,-0.1246832650398995,0.1545959789518221,-0.8065104014041371,0.4199486130307207,0.5921474980529748,ACSF3
4.401868606317085,-0.1439446290002506,0.1778201951462947,-0.8094953943888418,0.4182302509239404,0.59031946455338,TRIM23
6.546615897717704,-0.1672857902233782,0.2063254281112099,-0.8107861050127608,0.4174885153403771,0.5894761808961848,ATF5
80.39348006879159,-0.1144945697474209,0.1411507794530705,-0.811150814689535,0.4172790673704385,0.589384141656673,SQSTM1
15.741988225022297,-0.1137910566871629,0.1398019034237848,-0.8139449742842579,0.4156764744767227,0.5875268072910053,CCDC66
11.78543314585939,-0.1543604168882732,0.1896096598519498,-0.8140957428477023,0.4155901045069278,0.5875063570806414,RUNX2
2.5884845022482232,-0.422329817616551,0.5185993987307073,-0.8143661921903884,0.4154352002203919,0.5873889982697391,MAF
5.6143999345979205,-0.1669146406561788,0.204945032549976,-0.8144361372382936,0.4153951436016203,0.5873889982697391,TCEANC2
4.6667502460148444,-0.2234742788113124,0.2741877735699653,-0.8150410060289863,0.4150488383099809,0.5873508932855653,IFFO2
35.28899031355756,-0.0979775374682058,0.120114644538002,-0.8157001824803097,0.414671634635136,0.5871221498186964,C6orf62
41.78530897407793,-0.1185167591969117,0.1452398428570646,-0.8160072116956781,0.4144960110602299,0.587076946849218,ACAP1
3.1890626450252024,-0.1827255279223018,0.223804055943815,-0.8164531565423203,0.4142410048063205,0.5868174844439051,NAGLU
5.956768232211058,-0.1772916779837997,0.216985181002053,-0.8170681387782065,0.4138894895734825,0.5864211928740984,TET3
2.9853711621975276,-0.2026143648959295,0.2479765680617799,-0.8170706066286512,0.4138880793404332,0.5864211928740984,UCK1
3.3982157004138966,-0.1648033091309076,0.2014884942002268,-0.8179291318100592,0.4133976546990608,0.5859275345266307,POLRMT
6.604643269537964,-0.1740584661838203,0.2127901961355506,-0.8179816050967991,0.4133676909774271,0.5859275345266307,MLKL
17.463073836195907,-0.0843116503468064,0.1028631205461549,-0.819648965529639,0.4124162511459536,0.5849424037690656,TAF11
5.045117828666805,-0.165292202603464,0.2014918116437539,-0.8203420340262145,0.412021150249662,0.5846528474460121,ANKS1A
3.6427299276503473,-0.1890410940052272,0.2302539237147091,-0.8210113901878795,0.4116397803360413,0.5844498080149076,EVI5
9.638174932458206,-0.1253501758339621,0.1526558837061629,-0.8211290177012786,0.4115727829588088,0.5844498080149076,ERCC5
13.61869723412948,-0.1255444704939509,0.1525391217480113,-0.8230312922697007,0.4104901986954442,0.5833244197461696,DENND5A
6.375982957281681,-0.1175255984469002,0.1426943770098808,-0.823617586828682,0.4101568798918906,0.5829521422154528,WDR20
8.081057117513659,-0.1427931950420138,0.1733057525821923,-0.8239379992553478,0.4099747877707531,0.5827947096163577,CDK10
5.193730926822552,-0.1823750996839169,0.2213246915033253,-0.8240160573370856,0.4099304342202078,0.5827947096163577,CENPH
12.397558481083092,-0.0895346009224328,0.1085934320403229,-0.8244937031660153,0.4096590921966451,0.5826003283586845,NUP54
3.4181581633981812,-0.1898403192435742,0.2302218167265528,-0.8245974336526851,0.4096001788884248,0.5826003283586845,PABPC1L
8.615029720192977,-0.0969482128091154,0.1174757384048538,-0.825261574223991,0.4092231023716604,0.5824354588884928,FASTKD2
9.370407957084335,-0.1096415260216715,0.1326294591646582,-0.8266755117017599,0.4084210048225234,0.5815977745564376,PI4KB
4.973260986482133,-0.1465903900359633,0.1773165124490518,-0.8267159556168411,0.4083980756059364,0.5815977745564376,NAA40
7.039689272057167,-0.1359485214389574,0.1643577789088631,-0.8271499063901393,0.4081521004076753,0.5814175056539601,USP46
16.116005155167997,-0.1101283187456314,0.1331356690056925,-0.8271886833041167,0.4081301248857287,0.5814175056539601,FBXL5
13.271224074532666,-0.1976649190118348,0.2389182135571522,-0.8273329859154958,0.4080483523886671,0.5814175056539601,GIMAP2
3.367655407964588,-0.194397970698176,0.2347294623846605,-0.8281788264807098,0.4075692331003785,0.5809923593271447,EBLN2
3.0091759093321957,-0.2629918733580857,0.3175005034124868,-0.8283195476273458,0.4074895553373918,0.5809801355194256,ASRGL1
19.6055498198532,-0.1298037177692677,0.1565418878934832,-0.8291947894329142,0.4069941929390488,0.5805777846551969,UBALD2
2.820575005473432,-0.1724562402983602,0.2077864376079258,-0.8299687038466367,0.4065564783856811,0.5800546507577091,SLC35A2
4.519088722465887,-0.1406631284138752,0.1689522948034437,-0.8325612184049964,0.405092238703176,0.5785716976828617,PRMT3
3.683399227315169,-0.1483489531079333,0.1781659929652518,-0.8326446065207643,0.4050451938888006,0.5785716976828617,ALG12
13.682983767421764,-0.1291678256340251,0.1550600681916376,-0.8330179854840998,0.4048345858956528,0.5784059103607937,MPRIP
12.331943721310935,-0.1080306316096875,0.1296047232750811,-0.8335393099863851,0.4045406373655158,0.5780870143255736,HIBCH
21.557195897034305,-0.1085012629887624,0.1301566271276114,-0.833620733598013,0.4044947382374274,0.5780870143255736,ZMYM4
7.702477119450671,-0.1114535253958418,0.1335336828200456,-0.83464728181009,0.4039163322251915,0.5774415773755603,DDHD2
2.4590046381277357,-0.2506924574576123,0.2993303939504469,-0.8375108660001749,0.4023054717559979,0.5760010530433256,TMEM144
2.7765760276620925,-0.2033449201173128,0.2423276877045267,-0.8391320118782871,0.4013952341165506,0.5750000802886283,RDH13
5.235738151200091,-0.1376199723342321,0.1638192342905596,-0.8400721254144129,0.4008679479188703,0.5744461596711837,GPR107
4.747190892534159,-0.1653723553389282,0.1967488345640788,-0.8405252092360845,0.4006139731657648,0.5741829108467751,LRRCC1
10.586021961474868,-0.111275060622302,0.1323266874651668,-0.8409117068814536,0.4003973995191998,0.5740876901784506,WDR46
36.240368631185056,-0.4922236411123128,0.5845334267070945,-0.842079543483426,0.3997434308491429,0.5733606119134542,HBA1
7.868339682212968,-0.126595368309699,0.150259125370388,-0.8425136776062155,0.3995004869910361,0.5731902509576393,SEC24B
21.334131003282693,-0.092190116755917,0.1093457517157432,-0.8431065250305817,0.3991688697945404,0.5728150395312943,USP33
21.070501233776216,-0.0958822137402903,0.1135526702027029,-0.8443853726128225,0.3984540934852191,0.5723924750119067,TRIP11
7.826407050310713,-0.1225097505976946,0.1450223055654969,-0.8447648802712288,0.3982421266445674,0.572279323099937,PLA2G12A
19.03768056240508,-0.1073828138619344,0.1269843829681455,-0.8456379544630439,0.3977547454986585,0.5717499023796146,NFIC
7.645457825306877,-0.1496955767440113,0.1769316436843863,-0.846064466631197,0.3975167819733822,0.5715484120190931,CREB3L4
9.73816497705666,-0.1327143580233395,0.1567970910166017,-0.8464082921620509,0.3973250142257596,0.5714738058860556,TMEM243
13.376111647056828,-0.1288041693328696,0.152140827198518,-0.8466114698114657,0.3972117186776656,0.5714738058860556,DENND1B
4.2350444376425544,-0.1740507572896686,0.2052082882082927,-0.8481663134044652,0.3963453548987242,0.5707680463301861,CLCN6
1.973002685742176,-0.2279282453276665,0.2686600212511457,-0.8483891435212729,0.3962212867789764,0.5706899584472089,MFAP3
6.58729364155592,-0.1211094932288507,0.1427172100769372,-0.8485976790294739,0.3961051989045798,0.5706233392541118,LYSMD3
52.635932113892814,-0.1418967058528802,0.1671940202981239,-0.8486948612149167,0.396051106389726,0.5706233392541118,ETS2
8.170524147200991,-0.1399395950278523,0.1646342526781113,-0.8500029170810444,0.3953234644385115,0.5699547012602805,ARNT
6.51841771048541,-0.1380428922983839,0.1619096920207135,-0.8525919021618774,0.3938856548033211,0.5685978604198799,FAM8A1
7.029777871538071,-0.1188255039030602,0.139317735023959,-0.8529101042492925,0.3937091579257459,0.568474559005349,POLG
61.707301826041466,-0.0739323498976917,0.0866169518244599,-0.8535552029991181,0.3933514885359189,0.5682593728477712,ROCK1
6.662414656002819,-0.1513147596822102,0.1772737865966982,-0.8535653386050508,0.3933458705083064,0.5682593728477712,CARF
4.889515313354872,-0.1705434581175386,0.1997137927051375,-0.8539393088855572,0.3931386178830581,0.5682593728477712,MAN2B2
6.807212962294023,-0.1327717982464521,0.1553194215247311,-0.8548306254495754,0.3926449211354611,0.5679415207289525,VAMP4
13.9257361125376,-0.1014970112378251,0.1187220847258072,-0.8549126430203444,0.3925995108153811,0.5679415207289525,DDX54
3.2259740001530957,-0.163768128453376,0.1913988443312994,-0.8556380213555717,0.3921980322863875,0.5675965500906964,CLEC16A
6.014875258109935,-0.2046217565158279,0.2390156552891557,-0.856101899552484,0.3919414180423103,0.5673256557703662,SESTD1
4.993200957800837,-0.2266597410771755,0.2643403949037354,-0.8574540457946959,0.3911940013893907,0.5664168393502967,ENPP4
20.088202481267754,-0.145283354441398,0.169250800094908,-0.8583909462166788,0.3906766252581926,0.5660605023769014,TEC
30.350758724874947,-0.0980706542265021,0.1142492896771918,-0.8583918071053052,0.3906761500486201,0.5660605023769014,PPP3CA
6.565247323875617,-0.1502840373361843,0.1749346437270501,-0.8590867659734224,0.3902926480922323,0.5657408599541653,PHTF2
5.575090257012907,-0.2460132084391408,0.2863436487098774,-0.8591537111004713,0.3902557175785003,0.5657408599541653,UPP1
5.915234574463427,-0.1186342211219309,0.1380280713371937,-0.8594934347239783,0.3900683405917142,0.5657167928602941,CDC37L1
21.869344031818283,-0.0906512564143987,0.1054630638166954,-0.8595545505102996,0.3900346375496659,0.5657167928602941,ACBD6
28.62592127391352,-0.1282139148124829,0.1491220322096447,-0.8597918960240032,0.3899037672747751,0.5656789208810703,MAP3K2
15.55926398553627,-0.083160811358076,0.0966772585557751,-0.8601900033201583,0.3896843142968131,0.5654609362669615,PSPC1
33.207919549244544,-0.112986880208302,0.1312866423443007,-0.8606121551345082,0.3894516890825928,0.5652237569260864,CELF1
5.621830587263908,-0.1298405346959774,0.1505825877704788,-0.8622546379258879,0.388547408995511,0.5642119919854843,QRSL1
5.982940074185806,-0.1516216014289088,0.1757313633370748,-0.8628033069889727,0.3882456206315124,0.5639742162097935,PMS2
9.237930552739105,-0.1434126591107925,0.1662069764413119,-0.8628558330187294,0.3882167368551629,0.5639742162097935,TWF1
4.145126107401066,-0.1642372616637165,0.1902990772946756,-0.8630481240295103,0.3881110082487499,0.5639742162097935,KLHDC4
6.912921415084097,-0.1355219761272348,0.156936739047952,-0.8635452536440563,0.3878377495819016,0.5636823642535963,FAM168B
31.402582627667485,-0.1484874606805687,0.1719503677954974,-0.8635483749425102,0.3878360342592749,0.5636823642535963,FTX
6.778663474707142,-0.1357893393842092,0.1570077400815266,-0.8648576134762552,0.3871169444942913,0.5630353423750186,KBTBD2
37.91407899230633,-0.0963362518871339,0.1112860113308413,-0.8656636241615008,0.3866746536560049,0.562802419342919,GPATCH2L
10.569868434197415,-0.1128471649837438,0.1303386565047911,-0.8657996638134415,0.3866000335932271,0.562802419342919,DHX40
50.5876980313543,-0.1151295828640441,0.1328820341802365,-0.866404428366038,0.3862684163309458,0.562502090507959,MAP1LC3B
9.58924762624194,-0.1173348936139781,0.1354241454888368,-0.8664252094073595,0.3862570243187605,0.562502090507959,TIMM10B
34.492946643164466,-0.1007146224661907,0.1161102623182597,-0.8674050032729289,0.3857201414523235,0.56200415046486,LARS
6.33795802196254,-0.1247956604059247,0.1437711129108056,-0.8680162369150392,0.3853854439778807,0.56161663326971,LIN7C
14.80601348776242,-0.1242724208817592,0.1430339576394672,-0.8688315902927154,0.3849392515974861,0.5611678433799561,CORO1C
11.895450145938872,-0.220372740653045,0.253275020518142,-0.8700926771310232,0.3842497592293793,0.5608618761456339,RHOBTB3
4.37161993171764,-0.1708963629494826,0.1963656150039945,-0.8702967825910164,0.3841382367662098,0.5608443235353405,FAM168A
12.887655012883387,-0.1556918774324441,0.1786327833351802,-0.8715750520457904,0.3834402456336779,0.5601806270468054,PFDN6
8.392015493818326,-0.1393290996990555,0.1597195337592099,-0.8723360031159706,0.3830251020357074,0.5597742995410061,ATG13
7.878019352973783,-0.1590701380395863,0.1823300175313158,-0.8724297852506129,0.3829739574279897,0.5597742995410061,AP2A2
10.200874533288967,-0.1134804743496512,0.1300562554148438,-0.8725491441198244,0.3829088704579053,0.5597742995410061,SLC35B1
5.567010362841299,-0.1551066476381229,0.1774291709530409,-0.8741891020793539,0.3820152798884803,0.5588982725100756,PIGH
13.101869134290608,-0.1123187164930846,0.1284227527802082,-0.8746013775714249,0.381790837977802,0.5588701069718058,MITD1
38.980509238884096,-0.1075310220095438,0.122942181733216,-0.8746470942160895,0.3817659549161322,0.5588701069718058,STT3B
16.92370804348462,-0.1122688518836843,0.1282214470280679,-0.875585594187753,0.3812553596892791,0.5582862982116666,MKRN1
8.174599994091297,-0.1576356631763104,0.1799699132933329,-0.8759000895854193,0.3810843508364557,0.5582359682116673,TNPO3
2.576236934914803,-0.2064850685018192,0.235617705192811,-0.8763563346517106,0.3808363484386886,0.5579727098964541,MTHFSD
9.675734272317412,-0.1963417542007398,0.2238668397861289,-0.8770470623890295,0.3804610763089022,0.5577229017796986,CPNE8
6.2447911861009695,-0.1403619085490037,0.1599845168626323,-0.8773468289404708,0.3802982839665002,0.5576843643737031,IPO8
15.464933456895958,-0.1358853941072605,0.154732572994762,-0.8781951432544236,0.3798378272270047,0.5572091357759167,RAD50
11.353821594125352,-0.1207701741190306,0.1374769464686356,-0.8784758261021136,0.3796855508086973,0.5570857668626084,C16orf87
13.756649782638377,-0.0995283937309909,0.1132609776497764,-0.8787527336974856,0.3795353593337033,0.556965413275088,FAM120AOS
10.520305392325428,-0.1905510805476172,0.216479879116512,-0.8802253647095784,0.3787372352991194,0.5562937173519872,TCIRG1
6.06619702947166,-0.159134388626213,0.1805170960570427,-0.8815474661520548,0.3780215747621492,0.5556420736430152,CCDC117
11.420203001376535,-0.1067815967129647,0.1210934337937436,-0.8818116174229897,0.3778786881813181,0.5555319829308294,SCAMP1
4.739854221284026,-0.1826229959753527,0.2068799913107704,-0.8827484708321582,0.3773721871174452,0.5552649959471545,TMOD2
3.4619819152733173,-0.1790089117548265,0.2023673045640952,-0.8845742751795636,0.3763862862464132,0.5540357313852355,NPC1
5.87184913987279,-0.1627211247555668,0.1839301209209181,-0.8846899243084271,0.3763238914096727,0.5540357313852355,ZBTB40
16.28848580158141,-0.1174678849853698,0.1326280359810549,-0.8856942208067484,0.3757823233697863,0.553599399835891,PPM1K
6.30630393747602,-0.1491281170004208,0.1683266670161839,-0.885944691022028,0.375647332032932,0.5535463210173287,CBFA2T2
18.649823328539767,-0.098091302522981,0.1105459772459572,-0.8873348896697948,0.3748986266947117,0.5527420928766672,ZBTB1
6.642166642139727,-0.1337997180309398,0.1507212846373007,-0.887729416272683,0.3746863185871497,0.5525651635928611,SCYL1
5.257585996193762,-0.1896549107283427,0.2132009412129276,-0.8895594440126368,0.3737024911031319,0.5513764996034112,PPARA
2.3185229274582047,-0.3219948207314153,0.3619402814444206,-0.8896352167446183,0.3736617899903264,0.5513764996034112,CDC42BPB
22.715870032599813,-0.0994828935929759,0.1117679555299278,-0.8900842206632084,0.3734206650795496,0.5511597280283599,GNL3
2.122838844547205,-0.3454521170984796,0.3877448347824594,-0.8909264188968301,0.3729686460872339,0.5509781460661018,BCL2L11
10.532260447256116,-0.1518263591844391,0.170378474120667,-0.8911123307567089,0.3728689103985456,0.5509424714044333,APOL6
1.4688604228045,-0.2383923531919853,0.267158543413871,-0.8923253965443199,0.3722185455493749,0.55018224637723,LIN37
4.1076284862325245,-0.2653085951421639,0.2973094966637961,-0.8923650206914866,0.3721973135941013,0.55018224637723,NAV1
5.796995215483778,-0.3155206348898075,0.3535602956609366,-0.8924096929492077,0.3721733775911201,0.55018224637723,ZNF804A
26.119659315447493,-0.0967327516858954,0.1083121606139316,-0.8930922542547192,0.3718077706441601,0.5499712697200276,SNRNP200
10.466353916554416,-0.1480298278259933,0.165709446219591,-0.8933095318527017,0.3716914348811662,0.5498987351826922,GLA
11.231638931214688,-0.1752975622697792,0.1962054385204588,-0.8934388546599874,0.3716222029919498,0.5498958748002937,TOP1MT
5.888655776633363,-0.1630173123846956,0.1823269659874289,-0.8940932653699472,0.3712719923141446,0.5495767118113906,CTPS1
14.040388925221158,-0.0864614797221749,0.0966336909696193,-0.8947343194141021,0.3709291281336406,0.5491686729443699,UTP23
3.1621589384076736,-0.253433283323374,0.2825882584084949,-0.8968287810352831,0.3698102876618252,0.5477756366536327,TRIM66
5.170297089944451,-0.1541956166260659,0.1718735383676465,-0.8971457624630582,0.3696411422536488,0.5477756366536327,GHDC
16.288254046079697,-0.1480945112532769,0.16487443406086,-0.898226047578795,0.3690650493566478,0.547301364481519,CBFA2T3
5.0489291976982935,-0.1898511793086406,0.2108883449057759,-0.9002450059222828,0.3679898801449375,0.5460042329152505,TIFA
6.928606386500045,-0.1855052934285189,0.2059710584765269,-0.9006376662848469,0.3677810008879868,0.545844351248637,CASD1
3.3455186494858316,-0.21606201688615,0.2398911382689867,-0.9006669377002271,0.3677654326499051,0.545844351248637,OSGEPL1
13.552063759273638,-0.1257460529687961,0.1396026928820326,-0.900742316446964,0.3677253437455577,0.545844351248637,USP12
3.292160198425986,-0.2213339351055343,0.2455938334349564,-0.9012194321408028,0.3674716610175617,0.5457308146445832,SLC46A3
11.322901976425316,-0.1764885321547811,0.1956546469654261,-0.902041095839488,0.3670350375203571,0.5452805984688797,ATP11B
9.12378609951695,-0.1588769649393402,0.1757292730451297,-0.904100735103698,0.3659419886409852,0.5438544905757531,SCAMP4
5.168711577281657,-0.18816770217898,0.2078350767409787,-0.9053702826760576,0.3652692537448698,0.5431989314914346,AP3M2
4.653579339149889,-0.285319208643627,0.3151201705931267,-0.905429849528808,0.3652377081717833,0.5431989314914346,SHANK3
4.2961444198116805,-0.220254628306176,0.2432117178763988,-0.9056086204617424,0.3651430443983515,0.5431989314914346,ARRDC4
11.286907193124376,-0.1532275410315297,0.1680991288158093,-0.911530845584722,0.3620157408218659,0.5394912672360873,PREX1
8.616051528736309,-0.1460908816302829,0.1601428527248981,-0.9122535233042564,0.3616352742447752,0.5394161785056697,ITGB3BP
2.4760555790436216,-0.2147695482541129,0.2351030992777936,-0.9135121949215356,0.3609732228086899,0.5387236901497362,ZNF627
6.2985945517183115,-0.1608840902180978,0.1760688515622954,-0.9137566854701435,0.3608447109283643,0.5386302763967237,TBRG4
9.432686550138603,-0.1464144851149812,0.1599209203283974,-0.9155430372356496,0.3599066197584029,0.5373281545854028,RNF139
6.566492321036093,-0.2036743943571568,0.2220126671753567,-0.9173998805945814,0.3589331352971314,0.5361686743167936,ASAP1
5.7305745895925035,-0.1879453046491451,0.2048063548518509,-0.9176732078704176,0.3587899783040705,0.5360528273400184,DISC1
16.627384346561783,-0.1246680888311346,0.1356845705302409,-0.9188081470424012,0.3581959303757099,0.5353610658679213,AGPAT5
3.093205319739245,-0.2048038451361776,0.2228888337322377,-0.918860948333616,0.3581683082853055,0.5353610658679213,WDR91
36.196200945468505,-0.1717846517688982,0.1868372889095458,-0.9194345131611544,0.357868344024063,0.5350671983569293,RNASEK
17.939084732334543,-0.1344779159774724,0.1460673972337351,-0.9206566182752104,0.3572297321523124,0.5342101283705244,YAF2
59.92296096103113,-0.0791054567417105,0.0858957870989723,-0.9209468754336266,0.3570781636017575,0.5340812144956911,TAF7
44.42011493353315,-0.2466850426077367,0.2677713389273264,-0.9212526015515328,0.35691856116636,0.5339402349487967,NPR3
28.308627410071097,-0.1011852834177858,0.1097171688307292,-0.9222374628887264,0.3564047259897757,0.5334645568899903,MAPK1IP1L
142.79147746695088,-0.151157196677479,0.1634996071703444,-0.9245110694363546,0.3552202908849805,0.5324720228987665,SNHG8
4.062372310633887,-0.1776501276546097,0.1920225300886472,-0.9251525202412316,0.3548865769266126,0.5320693981774958,RABL2A
29.422230706128015,-0.1092492995635148,0.1180335573556865,-0.9255783017222724,0.3546651739789986,0.5319326608998528,ATP2C1
2.848233083755302,-0.2025612528273423,0.2183919698811202,-0.9275123665838296,0.3536605740002658,0.5308156778391205,GORAB
3.555798235349023,-0.1816092543389582,0.1954518815614586,-0.9291762907989825,0.3527977324147548,0.5300074042215411,FLCN
2.5996657259263483,-0.2430292502360522,0.2614544496610153,-0.929528070955182,0.3526154846086775,0.5298310269837264,RBL1
11.197224531117977,-0.1457779704658184,0.1567885514398048,-0.9297743306327207,0.3524879395697932,0.5297367949650138,ZNF277
19.536869040682745,-0.0970723508068435,0.1043151979979387,-0.9305676705781804,0.3520772443378895,0.5293142895096404,RAB21
18.733478478930937,-0.095385457635791,0.1024768726259165,-0.9307998496791358,0.3519571074797901,0.5292310499111824,CREB1
20.812270129216976,-0.1199870745151346,0.1289067537204006,-0.9308051832209436,0.3519543480404905,0.5292310499111824,PTAR1
2.9902641043768035,-0.208000654931742,0.2234464264717484,-0.930874833024196,0.3519183142557862,0.5292310499111824,HEATR3
4.507830158867679,-0.2667532646430101,0.2860932958158595,-0.932399565261755,0.3511300693853678,0.5284737146708124,FCHO1
26.5471498402507,-0.1472193274410025,0.1578912503936036,-0.932409662182057,0.3511248532857538,0.5284737146708124,SUGP2
5.23543160238223,-0.2975661165160216,0.3188925335478847,-0.9331234983942932,0.3507562077998797,0.5282029071015144,GPM6B
15.087834543118928,-0.1000349554260561,0.1070067208187373,-0.9348474064120617,0.3498669445464837,0.5270847430803517,REV1
2.7277209530620743,-0.202930815586647,0.2170629654623578,-0.9348937768098377,0.3498430445475937,0.5270847430803517,ALG9
3.8814500916181367,-0.1751491087695917,0.1873049683590475,-0.9351012431973824,0.349736125945797,0.5270847430803517,GTPBP3
20.73224764308469,-0.1032414408157133,0.1103100185206252,-0.9359208003070882,0.3493139668310294,0.5267105412394061,ETNK1
8.233672848877891,-0.1688595962556874,0.1802385491337093,-0.9368672632313496,0.348826840473797,0.5261702258651274,VAV1
23.605905143532016,-0.1528744687267186,0.163047151667024,-0.9376089503171444,0.3484454100544202,0.5259832709319541,NHLRC3
11.438198881339078,-0.1491053552639279,0.1589379154517206,-0.9381358427921532,0.3481746040197652,0.5256715981976167,RNF169
2.1913146880663033,-0.2238423448281336,0.2385479106816867,-0.9383538266525592,0.3480626063587381,0.5256715981976167,SPRYD3
4.641460699447554,-0.1541993758015789,0.1642544308428026,-0.9387836602663904,0.3478418297891965,0.5255462661271961,C12orf29
58.108526132431784,-0.0636208510015164,0.0677389108228368,-0.9392068787156812,0.3476245380083107,0.5253264472102658,PAPOLA
29.591446016756223,-0.1189812681680653,0.1265890617152297,-0.9399016515006756,0.3472680101429507,0.5249818521513506,PNRC2
15.801587750125906,-0.1190650973601509,0.1266363971143022,-0.9402122934110532,0.3471086772107307,0.5248380831770689,ABCD4
16.820405338275393,-0.1146062890118776,0.1216885213308547,-0.9418003256057196,0.3462948784494883,0.5238984358101777,ZFX
7.068221487932372,-0.1628319388273162,0.1727892750832284,-0.9423729496456532,0.3460017313863642,0.5236488511127954,RFC2
5.702304065692106,-0.1880361510481643,0.1994655442114564,-0.9426999123659388,0.3458344182132906,0.5234925956318632,HNRNPA1L2
6.303310039485421,-0.1903530209862502,0.2018958584983464,-0.9428277647795796,0.3457690076737932,0.5234905617384777,ZNRF2
2.6373399451296917,-0.2248981625064922,0.2384239062389186,-0.9432701865102716,0.3455427212564568,0.5233014578500486,CAD
6.200653445710553,-0.1411548742340635,0.1495263178669782,-0.9440135773264868,0.3451627101240093,0.5229602270393622,GDAP2
15.20695974084663,-0.1456020681750211,0.154077081633566,-0.9449949767435198,0.3446614405601534,0.5225883523505315,ABCC1
9.283117784493076,-0.118887183885416,0.1257763893019433,-0.9452265607657984,0.3445432221059884,0.5225060630712753,TSPAN31
46.00935800393052,-0.2369116819660096,0.2506357028133741,-0.9452431529374584,0.3445347531674773,0.5225060630712753,MIR181A1HG
30.123280982590497,-0.1264921434972096,0.1335905684725717,-0.9468643254046823,0.3437079185395408,0.5216265606215803,PRDM2
26.925315062939365,-0.0854430888325774,0.0902339394536099,-0.9469063342458234,0.3436865099369194,0.5216265606215803,TAF15
5.337232570339045,-0.1642005316809389,0.1733716637878972,-0.9471013203277654,0.3435871520149207,0.5216265606215803,DNAJA3
3.427941240697804,-0.2383201633299405,0.2515771440921986,-0.9473045104709524,0.3434836331182781,0.5216265606215803,ZNF528
8.208209251570084,-0.1683000206906469,0.1776349898951966,-0.9474485898861637,0.343410241324687,0.5216265606215803,FGFR1OP
4.828648664930753,-0.19089902542632,0.2014814269238374,-0.9474770371687032,0.343395751909514,0.5216265606215803,INTS2
6.927219884540651,-0.1223628909250751,0.1289241940994258,-0.9491072779614144,0.3425660531980704,0.5206672657517547,BRAP
8.939866551636761,-0.1318860711494892,0.1389112265415615,-0.9494270148858674,0.3424034759704315,0.5205169864473295,SIAH1
5.028520872894407,-0.1701835276941166,0.1791503848154379,-0.9499478768602198,0.3421387379841095,0.5202113189557424,ZNF592
8.30870643280627,-0.1215099156050034,0.127879008761252,-0.950194381251894,0.3420134931015374,0.5202113189557424,REPS1
6.712937395917512,-0.1341245760046555,0.141149957016391,-0.9502275370093128,0.3419966494370164,0.5202113189557424,ZNF480
5.007547221853722,-0.1562036317411034,0.1642809777405247,-0.9508321285244652,0.3416896001702366,0.5200122411978029,RUNDC1
7.935977685294242,-0.1389553075328491,0.1461212555561978,-0.9509588937210256,0.3416252432775986,0.5200111517923357,ZBTB24
2.7199378973795763,-0.2441018310181328,0.2565989504023725,-0.9512970752037646,0.3414535912884809,0.5198467103443596,THEM6
26.050809040585257,-0.2215177510841647,0.2323445946906434,-0.9534017840144108,0.3403865378676212,0.5185120061365274,GBP4
7.243521943217598,-0.1924044502523485,0.2014830389305303,-0.9549411765557496,0.339607445044505,0.517711274899002,MGAT4A
3.042360787857135,-0.3577937252362224,0.3743424936014992,-0.9557924396825396,0.3391771087197149,0.5172411038413695,NEDD9
4.745673018237768,-0.1541990539437664,0.1612604945757856,-0.9562109700172068,0.3389656587568151,0.5171188195858731,ZNF567
10.939473249021631,-0.1242466278945743,0.1299144797537603,-0.9563724392390376,0.3388841038674504,0.5170909454156745,SLC30A5
2.291213069541556,-0.3103915769648865,0.3234751423024625,-0.9595531043144504,0.337280180720792,0.5153171945904248,EIF5AL1
6.16160681438131,-0.1582528042384883,0.1647152753630091,-0.9607658056590171,0.3366699352914273,0.514673534380964,GRWD1
4.000153275324068,-0.2527342131791391,0.2630298219293004,-0.9608576370745948,0.3366237535957521,0.514673534380964,DDX60
5.29572217885534,-0.2684828636090454,0.2793391904958446,-0.961135682868098,0.3364839501912972,0.5145817624954313,CBX2
6.71128661604857,-0.1474640679658894,0.153393178029819,-0.9613469768337612,0.3363777350612472,0.5145156258302979,GALT
12.7001590441289,-0.1629095739535583,0.1694294015171526,-0.9615189128615655,0.3362913206490445,0.514479756791489,LRMP
37.76011759361478,-0.2187709783427036,0.2270574710853925,-0.9635048663975806,0.335294223192484,0.5135312273113003,RAB11FIP1
11.01788180871177,-0.1577828271772954,0.1635927895055862,-0.9644852175584888,0.3348027161544508,0.5129707469900651,DGKD
2.1584762319411346,-0.3203163611339829,0.3318746856235369,-0.9651726239142407,0.3344583564259756,0.5125392405019968,ANKRD33B
5.466926856624913,-0.1525512500311356,0.1580475205096511,-0.9652239373272552,0.3344326598701806,0.5125392405019968,ZNF143
7.809461510203641,-0.1638496005446024,0.1697437320464027,-0.9652762936766994,0.3344064423479961,0.5125392405019968,EXOG
6.593649717929823,-0.1753266478134611,0.1815213831502683,-0.9658732473866232,0.3341076105399639,0.5122899766789352,CYB5R1
12.787202096818866,-0.1349306803136925,0.1396594299156013,-0.9661408498891446,0.3339737060856549,0.5121807718517054,ARMC8
16.980380613755816,-0.1099172507637052,0.1137654753755439,-0.966174055888787,0.3339570926938197,0.5121807718517054,ELP2
6.894791619719947,-0.1901588329857474,0.196198742657314,-0.9692153497532032,0.3324377540429124,0.5104959384109448,KLHL23
34.960730043037124,-0.1128312642641999,0.1163637736785919,-0.9696425330434096,0.3322247043192515,0.5104565737105311,FOXN3
3.2823282853054203,-0.1993022861430215,0.2054967337758175,-0.9698562234105694,0.3321181633281785,0.5104565737105311,C12orf66
7.9895665105047105,-0.1661106868644371,0.171207254002094,-0.9702315934721168,0.3319310660987828,0.5103893001680758,THRA
9.596003844390314,-0.1204682174416898,0.1241022555630584,-0.9707173886173074,0.3316890303830392,0.510209161758248,GTF3C3
23.175851477780864,-0.1062956797796267,0.1094872431999175,-0.9708499060985288,0.3316230265528974,0.5102036810325221,TOR1AIP2
80.38909358729975,-0.1376824159789724,0.1417649108806371,-0.9712023597637498,0.3314475190244587,0.510029694528974,ZEB2
10.480154737949992,-0.1264406714877629,0.1300691890646871,-0.9721031736799745,0.3309992234398464,0.5094357985923875,DMXL1
3.347238411468466,-0.2033857755162373,0.2090436843566626,-0.9729343229964696,0.330585944919331,0.5091833658691525,TIMM21
60.43593981859664,-0.0775134032853604,0.0796188050113239,-0.9735564766933636,0.3302768054581768,0.5088990717327481,HP1BP3
6.768700399919895,-0.1719339343051843,0.1765438362981584,-0.9738880603841152,0.3301121226321377,0.5087412587754051,FOXK1
21.512420743414484,-0.1256682213353584,0.1289297470946841,-0.9747030779721416,0.3297075657251784,0.5083095319887609,TUBGCP2
4.592449715190302,-0.2285857618687984,0.2343300025984992,-0.9754865332394378,0.3293189784959466,0.5078062602925797,HAUS4
10.2755827460715,-0.1806843376128051,0.1852042458163468,-0.9755950076434868,0.3292651994996407,0.5078062602925797,CCDC125
21.71506404661977,-0.1270907053007431,0.1302634203575035,-0.9756438526790332,0.3292409851659779,0.5078062602925797,ELMSAN1
11.555827583332114,-0.1227458454199242,0.1257281692948341,-0.9762795888014856,0.328925931944439,0.5075187755928946,CDK9
14.887298386815868,-0.1587983407078008,0.162544944906456,-0.9769503493276194,0.3285937335281416,0.5072623080783005,NXT1
7.197086557396578,-0.1567633199479222,0.1604208837784778,-0.977200201467496,0.3284700482941528,0.5071852218589469,LENG1
14.998230100962342,-0.1562190633589929,0.1598523590194069,-0.9772709287326008,0.3284350413965616,0.5071852218589469,P2RY8
9.873184682657572,-0.1462209369186465,0.1495903650180152,-0.977475634216395,0.3283337347863103,0.5071852218589469,SETDB2
7.31001968114097,-0.1636781899791583,0.1674476929234955,-0.9774884748871429,0.3283273807477805,0.5071852218589469,COG5
3.178887630558672,-0.2600314285285482,0.2656604242051167,-0.9788113126243362,0.3276732190626674,0.5064153343977786,ERI2
5.37538856095428,-0.180897315627926,0.1843742750988554,-0.9811418405899348,0.326522799825937,0.5051432273516943,AGAP2
5.594261782363129,-0.3533537748627178,0.3597360310327075,-0.9822585017362092,0.3259725131205409,0.5048254031732956,RGL4
16.073786191847088,-0.1331074851429129,0.1354617201031868,-0.9826206624389496,0.3257941711438502,0.5047524028093288,RBM28
10.150507888646803,-0.2586975332630737,0.2629292096063128,-0.983905643843926,0.3251619084533603,0.503963951815707,ABLIM1
6.4903550876196325,-0.1894194219203886,0.1923653289185374,-0.98468587341227,0.3247783938224406,0.5035605798715679,KLHDC10
2.592106837691451,-0.2595848734119705,0.2635727786399773,-0.9848698137623156,0.3246880225470123,0.5035160053580637,LINC01023
14.314740532770877,-0.132471653594225,0.1344634594794031,-0.9851870099662045,0.3245322201243301,0.5033699260888196,ZNF652
12.90845086761565,-0.118997874281909,0.1207739107109552,-0.9852945357272012,0.3244794159940244,0.5033699260888196,SRRT
8.977236895528652,-0.3074380196537557,0.3117159096328022,-0.986276318125418,0.3239975375527871,0.5027314620858002,NFIL3
3.8082849774792114,-0.2250707366953083,0.2281242938480325,-0.9866145025537776,0.3238316578628554,0.5025695111865891,BPGM
3.905848641673488,-0.1817450660402234,0.1842091866705949,-0.9866232478688594,0.3238273690139238,0.5025695111865891,WWP2
7.122761908824503,-0.1869192952598214,0.1893206349410138,-0.9873160171793184,0.3234877409200075,0.5022265496973934,ZFP90
23.265875919206582,-0.3321778048510981,0.336194029079018,-0.9880538502158348,0.3231262758383907,0.5017606993301958,VAMP5
4.444186746323258,-0.1850287192849011,0.1871647100578045,-0.9885876414830356,0.3228649352283355,0.5014501778655635,MBNL3
5.130716182083154,-0.2061775550081653,0.2083896622105019,-0.9893847555638242,0.3224749302115318,0.5010349219924751,ACCS
4.527429330466619,-0.1951801195915415,0.1971887676744644,-0.9898135775855202,0.322265247108676,0.5008043617582715,SLC9B2
3.3358091581577853,-0.2620280397984085,0.2644684966015157,-0.9907722211360988,0.321796816512368,0.5003619006132367,AP5B1
13.816626540868544,-0.1207498125063119,0.1218594559015834,-0.9908940722977816,0.3217373071412004,0.5003619006132367,FBXO9
3.029776287129162,-0.2052798951688974,0.2069887655135505,-0.9917441396376596,0.3213223532404055,0.4998322184865376,TTI1
27.086999549256088,-0.1153150286911686,0.1162405153328811,-0.9920381749937864,0.3211789035144045,0.4997815312542751,CNPY2
13.2983343735168,-0.2289088757277046,0.2307339359599884,-0.9920901959016544,0.3211535286603579,0.4997815312542751,PURA
9.398178736038798,-0.1446113166221184,0.1457425013561102,-0.9922384704292418,0.3210812102245561,0.4997815312542751,SLC35A3
2.749541138126863,-0.2092945579284719,0.2108298242768661,-0.9927179830763504,0.3208474087393421,0.4997415510501648,PHF2
7.42649461490172,-0.173369710984007,0.1745580046607133,-0.993192556943946,0.3206161248663124,0.4995437818621817,ECSIT
6.4859313158852325,-0.1342526125064236,0.1349194010042365,-0.9950578753474306,0.3197081168417341,0.4985372180751545,ORC2
7.13434609942893,-0.1487564020878147,0.1494418402118932,-0.9954133452645756,0.3195352706192711,0.498362797524349,GUF1
17.065276315699485,-0.1569567507032874,0.1576580551483408,-0.9955517373064536,0.3194679944253729,0.4983529939766556,WDR26
3.4902015255123913,-0.2281187806110867,0.2291062347937399,-0.9956899724551704,0.3194008037542539,0.4983433201214453,L3HYPDH
7.181810086131744,-0.4299583999028429,0.4317916877828084,-0.9957542307278324,0.3193695734826413,0.4983433201214453,IFI44L
8.017324605309213,-0.1309154168410193,0.1314522621241251,-0.995916043783264,0.3192909392977536,0.4983433201214453,RAB2B
9.68406307036366,-0.1662521662550474,0.1668879343662075,-0.996190448916666,0.3191576191694307,0.4982493133804774,DNAJC13
6.9843906322106335,-0.1611141766465657,0.1616226937032644,-0.9968536778774872,0.318835538897243,0.4979367714696813,RNGTT
11.164979844028622,-0.1407775339927214,0.1411318737463727,-0.99748930029592,0.3185270648040089,0.4976452478993417,CCDC130
10.534408980028797,-0.1814297080194155,0.1816080022620163,-0.9990182467711772,0.3177858521639497,0.4966809418926118,AVL9
21.386359708412886,-0.1177286568020021,0.117651152910399,-1.0006587601539452,0.3169918115262486,0.4957205917666943,ARFGAP2
12.44470217424764,-0.1246285040058993,0.1244848480524707,-1.0011540035247342,0.3167523599631413,0.4954409520020726,DCAF11
14.462587051820346,-0.1669848276991891,0.1667415490316036,-1.0014590164778874,0.3166049444043703,0.4953051887283382,C19orf25
5.5281766459505794,-0.1649951383521552,0.1646861811137228,-1.001876036206214,0.3164034678011629,0.4950847827275569,EAF1
30.589216220452972,-0.1408521180447234,0.140584576691433,-1.0019030633344483,0.3163904129679885,0.4950847827275569,CD55
4.620034156397969,-0.1641160465161588,0.1637175337349455,-1.0024341484514323,0.3161339562283204,0.4948525970003076,ALAD
11.431260740411693,-0.1535274871707136,0.1530899008837494,-1.0028583615538198,0.3159292051846522,0.4948525970003076,YPEL2
14.362149177274343,-0.2393890147524037,0.2384475115474705,-1.0039484715056284,0.3154034512581719,0.4943720698696572,SAP30
4.301750796866337,-0.2185522357514746,0.2169311811825456,-1.00747266741504,0.3137076860690778,0.4921861564651372,DHX57
13.59019510079854,-0.1226208168777998,0.1216083015267493,-1.0083260380939354,0.3132979668443472,0.4917321719333771,CSNK1G3
4.497748634765531,-0.2377040670835573,0.2356466343210709,-1.0087310084797692,0.3131036562852188,0.4916160598590552,RAP1GAP2
9.213687152150266,-0.1735138818932517,0.1719634775092549,-1.009015893412096,0.3129670119878392,0.4914959552090399,UHRF1BP1L
9.963655940617596,-0.1291974601014136,0.1279203885219615,-1.0099833309936586,0.3125032762672697,0.4910540352381127,YIPF6
18.41149884237584,-0.1150495164470863,0.1138152485883345,-1.010844485902026,0.3120908675376118,0.4905914733839604,CHMP3
14.643165462274585,-0.1329178259158484,0.1314011284192782,-1.011542499785319,0.311756850667674,0.4901607132587193,SYNRG
13.81068219683359,-0.1548124105729682,0.1530392786900473,-1.011586122844398,0.3117359837846511,0.4901607132587193,MGRN1
4.69723792262545,-0.2390984495347862,0.2358807841634387,-1.0136410661121,0.3107540547637972,0.4889604046745595,BCKDHA
5.928749410672886,-0.16949625660041,0.1671862994037279,-1.0138166656294243,0.3106702414833254,0.4889226778043629,KANSL3
7.563644814722304,-0.3176368292136944,0.3128951026596844,-1.015154364877252,0.3100322501767369,0.488200716167685,ICAM1
2.427321842995932,-0.2603187102466155,0.2563614586879455,-1.0154362187628485,0.3098979355265465,0.4880832750939498,NR2C2AP
7.498734644921773,-0.1583250619347205,0.1558890357238876,-1.0156266680303772,0.3098072005929803,0.4880344391835824,ZDHHC5
17.65234299349892,-0.1560748959558742,0.1536381588159249,-1.0158602339336071,0.3096959477421207,0.4879532566526934,DMTF1
3.633784509025891,-0.2162692012090302,0.2123618712251731,-1.0183993951518444,0.3084881895296081,0.4864255107384075,SFT2D3
3.5893207661216873,-0.1733365416134756,0.1701999709347019,-1.018428738040014,0.3084742507445331,0.4864255107384075,VPS52
3.191627642018807,-0.1976970907178445,0.1940909994093296,-1.018579384512879,0.308402695540334,0.4864255107384075,SIDT2
19.32622253577983,-0.104009330020659,0.1020611962231466,-1.019087898923436,0.30816123858765,0.4862853380648296,USE1
3.771603838514991,-0.2356263613437731,0.2307372085136111,-1.0211892692195483,0.3071647753750586,0.4849001892561058,MAGEH1
25.948820115400405,-0.134833086792466,0.1320310926774723,-1.02122222923534,0.3071491628537484,0.4849001892561058,RASGRP2
15.948262499102295,-0.1523074490037959,0.1491181780337976,-1.021387539816074,0.3070708663597179,0.4849001892561058,PSEN1
3.570422027632522,-0.2090204163270837,0.2046137392224707,-1.021536565048654,0.3070002944685658,0.4849001892561058,DPH6
7.358648642227015,-0.1869780756363205,0.1827148734955228,-1.0233325402537747,0.3061506432880609,0.4837665647470017,ALG8
6.064406786487627,-0.1667824355034622,0.1627813242723334,-1.0245796699898748,0.3055615611798149,0.4830225413813634,GCDH
10.646346527224866,-0.1645351155087592,0.1605726383884081,-1.024677162685503,0.3055155421772626,0.4830225413813634,PDIA4
12.155367648606164,-0.1346279262727871,0.1311831873599787,-1.0262589969197478,0.3047695190347741,0.4822369752194305,CPSF7
15.188691303234169,-0.1498787389915209,0.1457954555696999,-1.0280069320807386,0.3039465668887166,0.4814009300344453,GLG1
28.92944392482568,-0.120880912006694,0.1175813649820878,-1.0280618193632032,0.3039207491195794,0.4814009300344453,CYLD
8.493987776991204,-0.1618326015742497,0.1571295529429668,-1.029931025343081,0.3030423853295181,0.4804344839983493,ZNF395
4.720722602177428,-0.2463187926008286,0.2390609070850752,-1.0303599848434046,0.3028410501102145,0.4802084650592981,PCYOX1
12.26499825406184,-0.1709044461460642,0.1655119848058647,-1.0325804886366658,0.3018002629206423,0.4789298792628799,ARSD
3.325510976046281,-0.2405478939620726,0.2329275977394751,-1.032715299932474,0.3017371513702133,0.4789298792628799,ATG9A
30.294216693838212,-0.0964261055459779,0.0933687230778781,-1.0327452530924044,0.3017231300707852,0.4789298792628799,CDC5L
9.332566862688418,-0.128663865707886,0.1245705457832996,-1.0328594524399617,0.301669676476471,0.4789298792628799,SIRT2
2.3717126225425145,-0.2614995187567114,0.2529511742167402,-1.0337944449810956,0.3012322691272254,0.4786792825823724,WDR5B
18.259176087203784,-0.1335941262562192,0.1291341008085063,-1.0345379370730798,0.3008847509670049,0.4782200544935611,HAX1
16.343358818198258,-0.1119579305796245,0.1080904537083295,-1.0357800040485623,0.3003047882668832,0.4775769608658433,KDM1A
11.23519681911297,-0.1567187956183918,0.151170824758463,-1.0367000105264568,0.2998756871113942,0.4771731722273032,CAMK2G
15.788681378071466,-0.1324114379627024,0.1277063991802071,-1.0368426234918429,0.2998092074743611,0.4771603105323344,EEA1
2.5390514952954613,-0.2087955409007301,0.2009978759536893,-1.03879476292992,0.2989001975268571,0.4761737236574614,MOSPD1
7.743687508890476,-0.1795576652615382,0.1727783317540318,-1.0392371742375517,0.2986944455256018,0.4760351695708392,ZCCHC2
7.152418984689829,-0.1968061007452923,0.1888544299935978,-1.0421047615984655,0.297363111216173,0.4742834241162111,TM2D2
28.485107497415548,-0.0870108769619155,0.083474274736626,-1.042367570565279,0.2972412956752427,0.4741816921051168,TIAL1
21.83858944154475,-0.1630352582201028,0.1562652042465361,-1.0433241296820353,0.2967981992062112,0.4736597823660062,HIPK3
3.556920991021965,-0.2085081444502935,0.1997510711114685,-1.0438399318216334,0.2965594532212166,0.4733712233386521,ARL13B
23.719037964204848,-0.1724999674829991,0.1652499004411594,-1.0438733519504977,0.296543988696358,0.4733712233386521,EAF2
3.7904514131031943,-0.2059516505226298,0.19725396269685,-1.044093855995922,0.2964419681930231,0.4733686382851655,SLC4A2
6.399640349047341,-0.158509878529371,0.1515897543057234,-1.045650342632598,0.2957224972007524,0.472496778378441,MARCH8
20.829863272543317,-0.117673416565875,0.112502978118561,-1.045958236251001,0.2955803149528928,0.472496778378441,PDCD7
2.4774986794177924,-0.2821702326529653,0.269581259775745,-1.0466982493059522,0.2952387714421474,0.4720931509694298,FKTN
29.556327946366313,-0.1597648776709211,0.1525552303327235,-1.0472592602854285,0.2949800202715261,0.4720489121893145,TMX4
3.711148195541455,-0.2641027203636477,0.2518768610536983,-1.048539033156138,0.2943903283464665,0.4711975265267342,ZNF793
7.170530534997216,-0.1406081642298774,0.1340334038129982,-1.049053148169334,0.2941536578105757,0.4710032408328853,BTN2A1
8.731592177433715,-0.1712950287120013,0.1629545142499768,-1.0511830832082991,0.2931745111885732,0.469711555082712,ARHGEF7
9.289870167965727,-0.1555721211543085,0.1477980124186439,-1.0525995485896262,0.2925245641597758,0.4687621521375815,RANBP6
20.297528058914565,-0.1538051117987642,0.1460374800682237,-1.0531893026838846,0.2922542402316245,0.4684874213046782,EIF3B
9.057609844505777,-0.2509096782903632,0.2381974397482308,-1.053368493614243,0.292172138236585,0.4684874213046782,FAM118A
10.03811379878796,-0.1939072610237334,0.1840711291518333,-1.0534365813760325,0.292140945736564,0.4684874213046782,MYO18A
4.182213351411588,-0.4222875904604442,0.400857286414332,-1.0534611812543218,0.2921296765418683,0.4684874213046782,PHLDA2
7.0557927512932315,-0.1658914279600693,0.1574591032839344,-1.0535524748983838,0.2920878575119053,0.4684874213046782,SCAP
4.332536512314112,-0.5048717679094473,0.4790058156747136,-1.0539992446611524,0.2918832629535297,0.4684694837150445,TLR4
19.080926264930476,-0.3784679322793944,0.3588092940609999,-1.0547885423922505,0.291522045908282,0.4679816575867529,HEMGN
13.30825334741088,-0.1423985101447976,0.1348557212498462,-1.055932286928909,0.2909991519478292,0.4672340480577152,KIAA0100
16.507734634961345,-0.1185545977517579,0.1122667039630798,-1.0560085365180567,0.2909643148126942,0.4672340480577152,CHIC2
14.276668775976711,-0.550082721758368,0.520830007932393,-1.0561655691501022,0.2908925781216283,0.4672340480577152,CCL3
5.6608568158371755,-0.2067342616900093,0.1955801793261683,-1.057030740038536,0.2904975583307472,0.4667038043886227,TPRA1
4.354474223621183,-0.2822222729697577,0.2669337746344211,-1.0572744994756655,0.2903863278287794,0.4667038043886227,IFIT2
27.34354833847583,-0.1192131569868418,0.1127539012620278,-1.0572863169479465,0.2903809360957791,0.4667038043886227,WNK1
13.098142871957958,-0.1099607845726712,0.1039370129951026,-1.0579559812619628,0.2900755111825998,0.4663925623520312,DNAJB12
4.350766234209142,-0.3284899796996395,0.3104081818357438,-1.058251679311288,0.2899407161132898,0.4662675834209194,CYSTM1
9.721532661653466,-0.1646324088952703,0.1555667352419878,-1.058275142427979,0.2899300221691858,0.4662675834209194,PCIF1
3.879485626674792,-0.1894081875889988,0.1789083682720264,-1.0586882515244211,0.2897417801236671,0.4662229392261686,FASTKD5
6.014623227563541,-0.1734151883335112,0.1637991111366624,-1.0587065285648942,0.289733453698448,0.4662229392261686,ATPAF2
12.992158232008135,-0.1676473173179129,0.1583241133999402,-1.058886822214007,0.2896513264090671,0.4662229392261686,RPGR
2.2611519502941744,-0.2618243671864269,0.2470865637981248,-1.0596463165044587,0.2893055339996201,0.4659955845727209,ZGPAT
6.555554717713165,-0.2849679168240119,0.2687229557391976,-1.0604524501456456,0.2889388113497795,0.4655726735434921,ICAM4
20.245169359162283,-0.1166513043233346,0.1099253635253954,-1.0611864321593565,0.2886051841402025,0.46540220240963,TRIM22
3.680193810285173,-0.3926230489514124,0.3699220460342419,-1.0613669911283663,0.2885231519330156,0.4653617596614035,MICALL2
3.690375409954098,-0.2119551787034246,0.1996100420095025,-1.0618462707068337,0.2883054801322237,0.465286209393719,ANKRD52
22.816487916859185,-0.2855795242860247,0.2684135187306114,-1.063953580417988,0.2873497286341421,0.4642939752164475,TNFAIP2
10.654915214246728,-0.1581779592708014,0.1486389381042375,-1.0641757892529775,0.2872490725640967,0.4642231352692314,BLZF1
18.479561082942094,-0.1543516374187914,0.1449354068190221,-1.0649684628927636,0.2868902014427317,0.4639419042313037,TBC1D10C
10.29400164421115,-0.156745446848232,0.1471130809737815,-1.065475930560976,0.2866606120451656,0.4637356282012242,FAM98B
5.155882337861762,-0.1872168182559026,0.1756956622738417,-1.0655745044183491,0.2866160294856138,0.4637356282012242,TAB3
5.110748773073978,-0.2062038357412623,0.1934632906175897,-1.0658551039993227,0.286489146752297,0.4637287674550354,OXCT1
14.382595551997497,-0.1229832598911471,0.1153495106285947,-1.0661792947447502,0.2863426000189866,0.4636554998284709,GSK3B
11.051162420005578,-0.2644196452200126,0.2472466406253362,-1.0694569784699297,0.2848638045038845,0.4616465978979056,PTGER2
8.910255670561737,-0.1837358864700864,0.1717276642988864,-1.0699259622509052,0.2846526358939666,0.4613958912695102,STIM2
7.655138895856823,-0.1594969044291943,0.1489247656925729,-1.070989796005089,0.2841740177762721,0.4609858843061187,PRRC1
4.160582632935004,-0.2093850955260043,0.1953465331446963,-1.0718649169520165,0.2837807099949911,0.4604392735045816,ZDHHC9
8.015225388803964,-0.1677716375239316,0.156361321635787,-1.0729740307179207,0.2832827680681627,0.4599053244357158,RBM41
17.304327146243256,-0.1298106950325832,0.1209065933012668,-1.0736444679168966,0.282982059280608,0.4595645109219992,SUPT6H
9.832889118747357,-0.2384398986823408,0.2220313552070936,-1.0739019201136817,0.2828666426713995,0.4595388394834597,PRKCH
4.408819035840091,-0.2347376414732816,0.2185581862186554,-1.0740281365550846,0.2828100711089591,0.4595388394834597,ATG7
4.631773930378401,-0.2058000242005423,0.1915732588999177,-1.0742627931597537,0.2827049158834566,0.4595149925768299,ZNF26
10.614938226304588,-0.1419953573471791,0.1320095891079354,-1.07564426422901,0.2820863830241136,0.4586921066049815,VPS41
5.52154430455628,-0.174599284762652,0.1621765294400961,-1.0766002045144547,0.2816589128277256,0.458237708408606,STRADA
18.503924645845487,-0.1350765989510928,0.1254404584075532,-1.0768184417202302,0.2815613848063387,0.458237708408606,CLIP1
268.90205005984575,-0.551305320651483,0.511904099112422,-1.0769699277801796,0.2814937006779483,0.458237708408606,HBB
4.454814190484978,-0.1825036190880331,0.1693494262709479,-1.0776748590576226,0.2811788818889547,0.4578542534704362,COG1
7.1615055066563595,-0.16683552355015,0.1547613145975905,-1.0780182630520732,0.2810256059799743,0.4576958793028443,FCF1
123.83747587134695,-0.1471140760190907,0.1364520111619209,-1.0781378359056772,0.2809722488109322,0.4576958793028443,CD164
7.67474765729123,-0.1521449419110331,0.1409999271158206,-1.0790426989799624,0.2805686934001913,0.4572251283950864,KLHL28
230.0348191705741,-0.0846723782042188,0.0784102790774669,-1.0798632424272472,0.2802030837790215,0.4567208751508528,SRSF5
12.664720538846188,-0.1244064991928563,0.115146937976218,-1.0804151754217792,0.2799573411053815,0.4566842551750992,BRIX1
12.714427435689286,-0.1721231091762018,0.1592827298092162,-1.0806137575766404,0.279868960214094,0.4566312447902081,RBM12B
10.254234902732875,-0.1718823751667039,0.1585692177751617,-1.083958018954342,0.2783834129823642,0.4546613766697777,TMEM106B
7.229951540544357,-0.17910397128234,0.1651998168815681,-1.084165676834496,0.2782913469998513,0.4546613766697777,SH3YL1
105.42702722357411,-0.1522076207841753,0.1402452828613902,-1.0852958308380891,0.2777906518455791,0.4540562945049464,NUCB2
16.64161561263339,-0.1804177824023271,0.1659814345334234,-1.0869756783912885,0.277047558584923,0.4531136111283839,PIEZO1
2.305073005926322,-0.2590710683455388,0.2381698711488354,-1.0877575198570857,0.2767021674212903,0.4528206308831089,LIN9
9.469773042775694,-0.1755293070622424,0.1612916597907404,-1.0882726812407657,0.2764747469870033,0.4526297651033469,CBWD5
11.008209986972023,-0.1218125810753499,0.1118979193770304,-1.0886045223496326,0.2763283216549264,0.4524807046577963,BRMS1
11.19311660836564,-0.169713189000295,0.1558917988589841,-1.0886601491706012,0.2763037814217136,0.4524807046577963,DIP2B
12.402388062114882,-0.1435053236811758,0.1317259077876199,-1.089423683551665,0.2759670920840195,0.4521610405892367,ZNF267
3.1581726445203566,-0.2701461790682735,0.2476415130901136,-1.0908759831796488,0.2753274563403701,0.4515377550542145,KAT2B
6.752882858028353,-0.1446847902774152,0.1324750907056223,-1.09216600273122,0.2747601427189013,0.4508162903927998,CRKL
5.196041041790624,-0.2081503386565487,0.1901611901116752,-1.0945994739216192,0.2736921461789096,0.4493346446509684,ANKFY1
41.10949256076323,-0.0947268648756335,0.0865223794792284,-1.0948250088102898,0.2735933077914834,0.4492626442854121,SENP6
9.471477688652774,-0.1744288009153025,0.1592944015062212,-1.0950089850363656,0.2735127001400685,0.4492205573556784,ZNF224
2.300060048307353,-0.2688404953092106,0.2453499688026619,-1.0957429365945526,0.2731912869687665,0.448873115990708,MED22
3.0121791629461185,-0.2146310279310845,0.1956364678009436,-1.0970911013864113,0.2726015697946572,0.4479942531762156,GORASP1
27.886878899331045,-0.1797295974028956,0.1636720142008486,-1.0981083008017611,0.2721572011214072,0.4474439618436656,TRIM24
4.78838643517216,-0.1816528649357962,0.1652753656907214,-1.0990921979003323,0.2717278527178961,0.4469179316743014,LRRC37B
25.380047258424355,-0.3817693366894363,0.3472812340900709,-1.0993088575307832,0.2716333701503994,0.4469179316743014,APP
11.372674182686175,-0.1381810711336726,0.1255783580015518,-1.1003573651756549,0.2711764469331049,0.4463704165774376,ILKAP
6.989790464389564,-0.1627175556146241,0.1476631821777118,-1.1019507585770056,0.2704830797035971,0.4453188080310481,APTX
4.328110533984023,-0.1759044184947799,0.1595697460628847,-1.1023669764158044,0.2703021623461212,0.4452115259877012,GPN2
3.1735316299051397,-0.2242489038307149,0.2031283864850971,-1.1039761980641112,0.2696034628194301,0.444497557445029,PPP1R37
25.450145276172783,-0.1182589353606191,0.1071105993474717,-1.1040824725196587,0.2695573637293409,0.444497557445029,KATNBL1
4.3914214752577045,-0.2156376967724672,0.1952672943111459,-1.1043206059324118,0.2694540872969709,0.444430631268379,SGMS1
5.764313390920266,-0.1930411166132459,0.1747858431090219,-1.1044436619093765,0.2694007296102824,0.444430631268379,STRIP1
5.574985968745082,-0.210940227493632,0.1908446717209387,-1.1052979660971511,0.2690304989496961,0.4439111887960353,MEGF9
15.451493610775069,-0.1215370574658222,0.1097241890880474,-1.107659655322635,0.2680088293447221,0.4424726660342173,CEP63
13.534358475730537,-0.1173089333434181,0.1058547485229892,-1.1082066225677285,0.2677725913734954,0.4423697698952776,BAG6
5.649385543722423,-0.1775199513267146,0.1601294090602666,-1.1086030502985422,0.2676014616707134,0.4421967029113475,KHNYN
3.517851241270876,-0.2299256034300558,0.2072260960731513,-1.1095398108011043,0.2671973801724269,0.4418680010906496,TIMM8A
5.620589411283919,-0.1966960643280087,0.1771664001207488,-1.1102334539390613,0.2668984404064648,0.4417312449992351,KLHL8
2.101829788091682,-0.262057917365866,0.2359106514266649,-1.1108354615659617,0.266639179381018,0.4415923878183797,NDST2
4.867676619522231,-0.2219392113585989,0.1996445140807553,-1.1116719754634752,0.2662792134557561,0.4411531737929812,TSTD2
7.180744261252032,-0.172731870117805,0.1553690880464095,-1.1117518438816427,0.2662448622379809,0.4411531737929812,RPP14
2.412196056030118,-0.2486408589151426,0.2235586676385235,-1.1121951188095958,0.266054266177857,0.4411382729178712,RHBDD1
3.804890959351941,-0.1993273294290759,0.179206009295993,-1.112280387315855,0.2660176138327591,0.4411382729178712,TMEM214
3.9521620032982914,-0.247892896890211,0.2224431546246241,-1.114410094158814,0.2651032948592507,0.4399185666724082,ABHD16A
5.4791213503662215,-0.1996106391497099,0.1790997258951793,-1.114522303995791,0.2650551814048206,0.4399185666724082,TMEM161B
9.27940406478564,-0.1492066093201697,0.1336766028149784,-1.1161759513494391,0.2643468263332363,0.4388415111679956,PNPT1
3.66967180499928,-0.2036749001531807,0.1823293435993258,-1.1170714276291285,0.2639637860520557,0.4382946750317714,EDC3
5.725920325588782,-0.2092458018910744,0.1869929799581274,-1.1190035152011053,0.2631386393977324,0.4373304435175352,FAM160B2
9.16533039153609,-0.168177534461539,0.150240066080814,-1.1193920426730668,0.2629729241906579,0.4372507797636299,INTS3
6.629250356755328,-0.2145597637293811,0.1915996675312441,-1.119833695402383,0.2627846374430309,0.4371362525543578,RASA4
4.3781100039861585,-0.226593435435362,0.2023202413330267,-1.1199741258828408,0.2627247881973558,0.4371275440965065,TMEM161A
3.0485024192106582,-0.2333644455811178,0.2082590615885759,-1.1205488193456792,0.2624799610212722,0.4368962643114311,RPTOR
22.25405375527519,-0.1667141931549536,0.1487485139408715,-1.120778882007679,0.2623819953984005,0.436895265509483,TRABD
5.077914788192854,-0.1929812647384218,0.1721646754592778,-1.12091091987141,0.262325782247604,0.436895265509483,PHF8
10.0552373085588,-0.1517204562245177,0.1351029715712724,-1.1229986613912402,0.2614380629680393,0.4358723551340234,ZFAND3
4.908678250959798,-0.1841231165976047,0.1639467203644169,-1.12306678772433,0.2614091303034841,0.4358723551340234,POLL
8.921176810156492,-0.2030726421185895,0.1808075762370742,-1.1231423281307722,0.2613770515341084,0.4358723551340234,LCORL
5.70870682510921,-0.218583934606899,0.1945755177313396,-1.1233886829930424,0.261272454104681,0.4358630507328192,PHRF1
8.403153638730243,-0.1500550567559599,0.1334978728406377,-1.1240258257529492,0.2610020700431525,0.4356788384724412,NUP88
58.42439796022168,-0.2686453557927455,0.2387495267050756,-1.1252183805356808,0.2604965061700776,0.4349237744004299,ATP8B4
8.099475331633686,-0.2118054181308138,0.1880195912478523,-1.1265071726041913,0.2599509063112851,0.4343678641041945,PIGM
5.120326644374115,-0.2062494234773301,0.1828041660894293,-1.1282534084941545,0.2592129140397492,0.4334005976302006,GTF3C4
7.082807953438794,-0.2151723161748742,0.1906707180274951,-1.128502154923683,0.2591079073078725,0.4333865363918694,RFX1
4.2206763895306,-0.5253179289706147,0.4654486948302025,-1.1286269245254896,0.2590552477089138,0.4333865363918694,HBEGF
73.51494503979707,-0.2251859489657278,0.1994776205134998,-1.128878259055071,0.25894919329722,0.4333865363918694,NRIP1
5.980890599688289,-0.1727861169667036,0.1528895076942708,-1.130137179277335,0.2584184255766473,0.4327806836209848,ZNF496
9.038689766758685,-0.1984224698482558,0.1754664821247314,-1.1308283351073622,0.2581273513430636,0.432486107402426,EZH1
10.506402417961946,-0.344553724442486,0.3045574413071839,-1.131325910027465,0.2579179428074033,0.4322969252675472,TRIB1
16.932685200421247,-0.1718205202774427,0.1518489553302988,-1.1315225705945895,0.257835209069416,0.4322469210722606,CSNK1G2
12.424687392771382,-0.1337031196103673,0.1181053986188797,-1.1320661136060397,0.2576066400370447,0.4319523611210121,OPA1
11.089727508433649,-0.1562186863566899,0.1379468785393305,-1.1324553916031517,0.2574430284614551,0.4317666226515907,RPF2
7.857806267993096,-0.476081343642702,0.4203109440560214,-1.1326884307329557,0.257345117798584,0.4316910198177438,ARL4C
10.460006201157269,-0.1902770656827576,0.1679062210142812,-1.133234162101556,0.2571159315794575,0.4314837290892889,ZNF141
10.115001078490826,-0.2813425127446039,0.2480491614625591,-1.1342207773883974,0.2567019506725221,0.43087749362062,ARHGEF40
1.9656353745869224,-0.511696100034432,0.4508453281666263,-1.134970394647887,0.2563877229865288,0.4305269388661994,TNFSF14
8.144824809124167,-0.1890028383670259,0.1658746173839098,-1.13943194774392,0.2545230371774999,0.4278353706598131,C16orf91
11.108623505372414,-0.1657699571224625,0.145444974331642,-1.1397434520114504,0.2543931986446093,0.4277051082561939,NSMCE4A
7.349898096574989,-0.2258363968668729,0.1979867064490724,-1.140664446200908,0.2540095873207779,0.4271480423951588,MAGOHB
8.714471370837268,-0.1899249447450425,0.1662968867548913,-1.1420835858760068,0.2534192775378626,0.4265943380226361,TSC2
12.825159230418915,-0.1309347332292633,0.1145333820422876,-1.143201491953849,0.2529549429817571,0.425988219106335,FAM228B
5.976392478616631,-0.1762561284354558,0.1538124965643401,-1.145915529442873,0.2518301049822887,0.424356318377043,NARS2
63.801981191466616,-0.1606676119891827,0.1400645385917733,-1.1470969997442275,0.2513415337309765,0.4237952274279425,TFPI
4.8127785174781765,-0.3394352836357246,0.2953503471976594,-1.1492631949017549,0.2504474696374579,0.4227238740771882,DGKG
8.957942765801516,-0.2696264566402164,0.2345550724512064,-1.1495230259678388,0.2503403776606976,0.4226304185672645,MICAL1
3.3232471967801267,-0.2461283692288259,0.2140284757697154,-1.149979545215509,0.2501522961373796,0.4224876508566859,BCORL1
13.59972285429075,-0.1942197001724054,0.1686996346495813,-1.151275167701659,0.249619049764068,0.4217612191112903,BTN3A2
11.296288946559912,-0.15693589092085,0.1361987483094453,-1.1522564845037313,0.2492156928766824,0.4211667893475433,MAPK8
19.295908917540707,-0.1264205971814263,0.1096794802465591,-1.1526367274647296,0.2490595217332848,0.421120977636265,SP3
4.065002181718628,-0.2279749289253773,0.1972636051428886,-1.1556867206205772,0.2478093218063364,0.4193859413864416,WWOX
25.99291966878932,-0.1285109657665603,0.1111805970942557,-1.1558758373784628,0.2477319472454134,0.4193531677941317,ARID1A
10.348638361817867,-0.3042446875567395,0.2631560272989255,-1.156138016976295,0.2476247079870891,0.4192584933614806,TNFSF10
4.956855536611595,-0.2866379250702424,0.2478234629862468,-1.1566214175860727,0.2474270679552502,0.4190975481472533,ZNF880
7.112741387834133,-0.1932752013189665,0.1670804305478753,-1.156779406691709,0.2473624975098239,0.4190750502079145,HERC3
8.65034037366872,-0.1834068231724716,0.158548222291876,-1.1567888969125912,0.247358619214343,0.4190750502079145,HAUS2
3.697272799045842,-0.2015669300826874,0.1741468520473577,-1.1574537679720622,0.2470870174502301,0.4188586085958993,POLR1A
17.980861464447813,-0.1273302863750931,0.1099691704288193,-1.157872573545612,0.2469160414104115,0.4187527966717461,TBC1D5
13.102351916089802,-0.1538394558214514,0.132783405703204,-1.1585744092549617,0.246629705059853,0.4183540211841517,PIK3C3
4.327661794357257,-0.5969450404036695,0.515021148740148,-1.1590689855434575,0.2464280666181968,0.4181046855802147,CLEC7A
16.452574634764115,-0.2524898146221588,0.2178015254128049,-1.1592655934966862,0.2463479417791777,0.4181046855802147,TARSL2
5.851185355809242,-0.1913983254258187,0.1649969621180202,-1.1600112085028207,0.2460442426713938,0.4177945774871069,PROSER1
4.251934788519864,-0.2318544240871893,0.1996797212120312,-1.1611315494626175,0.2455884062368495,0.4172555876453833,CEP250
12.154436602676595,-0.1815247125473636,0.1562639637538147,-1.1616543455492128,0.2453758974455524,0.4170930846739357,KDM3A
24.451890320922782,-0.1745880444528491,0.1502809914334029,-1.1617440288861671,0.245339455475482,0.4170930846739357,TMBIM4
9.54445904376782,-0.1686081740187087,0.1450856518951289,-1.1621285207484369,0.2451832638970889,0.4170177792536741,UGGT1
2.384471142072314,-0.295644055455409,0.2540760225598984,-1.1636047056967405,0.2445842435294311,0.4160936610199836,GLCE
6.439008331210798,-0.1862814063128608,0.16001746235328,-1.1641317364575896,0.2443706290376905,0.4158168283771282,FBXL4
6.702979992489383,-0.1560741645532785,0.1339979828414476,-1.1647501047680129,0.2441201609355323,0.4154771578846563,CCAR2
5.862407499314163,-0.1748262883674895,0.1500253356943991,-1.1653117625652891,0.2438928195300238,0.4151767142457968,LZTFL1
11.380879443075372,-0.1683481320383283,0.1444413144305407,-1.1655123238253553,0.2438116746848853,0.4151767142457968,ZNF708
5.571626105735475,-0.2523618583740076,0.2164442071096291,-1.1659441559745056,0.2436370246004684,0.4150871826543844,CLN6
2.98233881437578,-0.2255562689144092,0.1930459359836469,-1.1684072382311967,0.2426425366525377,0.4137379313413785,ZWILCH
11.305491125836056,-0.1514114675034801,0.129560898944846,-1.1686509489868224,0.2425442920197336,0.4136567334780303,CWC27
8.01279871962512,-0.360455555519117,0.3083957454612237,-1.1688084573930644,0.2424808121452764,0.4136348050185915,GIMAP1
8.736489527895111,-0.1915343161990839,0.1637091417253947,-1.16996713916174,0.2420141931876188,0.4129250308072736,ZNF44
3.4010765532476386,-0.2867179552025026,0.2450392174102796,-1.170090070612813,0.2419647238977115,0.4129250308072736,DTWD2
11.56357380805982,-0.1597872572812495,0.1365214214432089,-1.1704189393290116,0.241832417625628,0.4127872747898488,COA1
27.72828124463209,-0.1743168299719877,0.148829565722473,-1.171251351341316,0.2414977597595597,0.4125215275321149,RNF168
3.376092011640371,-0.2141624436563798,0.1826429843085274,-1.17257415863622,0.2409666172218799,0.4118256074712363,KCTD13
3.3803925351888924,-0.2183913303103369,0.186209766895208,-1.172824250584232,0.2408662911521865,0.4118256074712363,RNF121
3.5633528900443876,-0.2191887108333859,0.1865847077812864,-1.1747410248128034,0.2400983409979471,0.411029445693322,BDH1
12.218729819655625,-0.1545753083630114,0.1311684318914235,-1.1784490073874114,0.2386176499547393,0.4091804444449475,CSNK1E
4.431074345675925,-0.2891222515401913,0.24493397932033,-1.1804089099539383,0.2378376199272676,0.4081855056554723,TTC28
3.2315166678936063,-0.2013407135535993,0.1705424255460691,-1.1805901839903796,0.2377655649819433,0.4081855056554723,ASB6
4.682661069898786,-0.2177174782852109,0.1843544861342777,-1.1809719570731394,0.237613863737536,0.408058612988526,MIOS
10.77884605402584,-0.2497937437183239,0.2112698042458285,-1.1823447492177814,0.2370689364037501,0.4076058678189646,COL24A1
6.423786375270598,-0.1659557636767048,0.140357702480165,-1.1823773169852023,0.2370560194213475,0.4076058678189646,NPRL2
3.358274658510756,-0.2950130933376425,0.2494894513631439,-1.182467201421822,0.2370203721624139,0.4076058678189646,FAM124B
81.71722037816015,-0.2122448047779145,0.1793818194299457,-1.183201315787762,0.2367293716456364,0.4073958921054119,TSC22D1
5.744289789973774,-0.1887333121182896,0.1592781084904703,-1.1849293911572387,0.2360453655141545,0.4065612735278576,ORC3
17.33702096103598,-0.161443466478538,0.1362421505618909,-1.1849744430245093,0.2360275518189226,0.4065612735278576,B3GNT2
12.58759746996836,-0.1958729136884806,0.1652777108452056,-1.1851139072946717,0.2359724130962737,0.4065612735278576,ANKRD49
15.273236965040216,-0.2192063092274052,0.1848482081178676,-1.185871972789854,0.2356728629943515,0.4061765373395584,CA5B
22.199724276516875,-0.1223438838642943,0.1031298308596132,-1.1863093621363197,0.23550015075274,0.4060135177665875,PIAS1
4.448267151204863,-0.1852450335783436,0.1561180425084791,-1.1865703066849729,0.2353971540644017,0.4059582410004699,GNPDA2
19.28402214898807,-0.2138818465114591,0.1801142430500054,-1.1874788072816584,0.2350388110900864,0.4054258233939404,CDCA7L
5.5218040942809115,-0.1917598557611072,0.1614416946553473,-1.1877963506917115,0.2349136524975861,0.4053042525527307,PRKCQ
14.475505731227324,-0.1976756860265855,0.1662976052968354,-1.1886863053363956,0.2345631315622716,0.4049472529041456,NRROS
4.569125048431934,-0.2794315789030831,0.234764753515707,-1.1902620590121409,0.2339434081704088,0.4042189867118652,YPEL1
8.625453155667692,-0.2042085326882144,0.1715455996716561,-1.1904037939712604,0.2338877225897566,0.4042189867118652,ZNF680
26.78970685945094,-0.1198284981500049,0.1005552821107341,-1.1916678630372353,0.2333915039096625,0.4035213665776244,CPSF6
5.660256818625321,-0.2364081510901792,0.1983524040706939,-1.191859267840898,0.2333164318065719,0.4035213665776244,BEND5
23.534367807154855,-0.0976166565186861,0.0818448509359644,-1.1927036997728988,0.2329854361599714,0.4032459222332401,WDR33
9.664915206708278,-0.1856770178458237,0.1556417726731506,-1.192976761037973,0.2328784744494069,0.4031461895606152,GTF3C5
4.8961026859173495,-0.2366261304440949,0.1982868535528797,-1.1933525909774487,0.232731313860762,0.4029768098233284,ST3GAL3
3.651953743953624,-0.2405813699247911,0.2015733068068884,-1.1935179996589191,0.2326665670778411,0.4029500889345146,DDX31
34.26981484500063,-0.1335785114396225,0.1117956725606059,-1.1948450989210495,0.2321475562604373,0.40230703758304,SDCCAG8
31.01154083705592,-0.1559905813294264,0.1305036720588945,-1.195296491420026,0.2319712101156572,0.4020867114669146,RNF125
7.693622801586652,-0.2259836269712415,0.1890359397580523,-1.1954532416453647,0.2319099945358519,0.4020658954704957,SCMH1
19.31059422772897,-0.1339650982388983,0.1120560530813546,-1.1955186226453771,0.2318844647195199,0.4020658954704957,ADNP
2.7850827299201373,-0.251586937225559,0.2102043462173433,-1.1968683890361986,0.231357856928986,0.4016199381701179,ACADSB
2.224011382211447,-0.2677972458825244,0.2236170924160317,-1.197570556835151,0.2310842441672647,0.4013154854603017,ZNF211
5.431006813495584,-0.1942817816063846,0.1621758173971301,-1.197970108765567,0.2309286539855144,0.4011414697208846,NCOA6
15.28335072387928,-0.2074840523322059,0.1731840178726048,-1.1980554261354088,0.2308954400537903,0.4011414697208846,PPFIBP1
6.861557582233873,-0.1992843832853468,0.1662567483889847,-1.19865440179961,0.2306623552449281,0.4009306142261437,BANP
7.865358819582452,-0.233580602535025,0.1948569799042283,-1.1987284348234757,0.2306335577226509,0.4009306142261437,ZNF217
34.30500952917651,-0.1482216053320584,0.1235544509033085,-1.1996460204258763,0.2302768454369407,0.4005091749819588,PRKDC
18.975726928561095,-0.2145991818698701,0.1788531302388932,-1.199862600018412,0.2301927071634382,0.4005091749819588,LAP3
3.440593812630361,-0.2629655240111657,0.2191598475360912,-1.1998800280597044,0.230185937553021,0.4005091749819588,FIGNL1
7.235533766661066,-0.1823611397455545,0.1519704479738832,-1.199977641553666,0.2301480239568836,0.4005091749819588,SART3
13.468358163227688,-0.1512820740659793,0.1260662187540981,-1.2000207157879992,0.230131295109122,0.4005091749819588,ORC4
7.243710575067343,-0.2268520840495071,0.1889420223511794,-1.2006438865561928,0.2298893694644926,0.4003465553909568,AP5Z1
3.692516914584808,-0.2599544437583954,0.2162997261233098,-1.2018251174770258,0.2294312917574785,0.399719207878541,ZNF620
9.051592444828344,-0.3629428483996273,0.3019897668048136,-1.201838235247917,0.2294262083752872,0.399719207878541,DACH1
7.04296077073365,-0.2298891614911986,0.1911821986094059,-1.2024611243271284,0.2291849194228221,0.3994977484711274,LRRC8A
9.330130025169188,-0.1821019334884923,0.1513478945584065,-1.2032009696587982,0.2288985597703747,0.399216677029612,PHKG2
3.151478674940548,-0.2835946248030115,0.2355336940457473,-1.204051190858194,0.2285697934123371,0.3988987146459221,URB1
6.149186362548054,-0.215379755549925,0.1788702598457884,-1.204111604330496,0.2285464453318916,0.3988987146459221,TBC1D7
14.240444079597417,-0.2111812112583847,0.1753580344651182,-1.2042859165394693,0.2284790881645563,0.3988987146459221,MID1IP1
5.724254898360987,-0.2367927004536565,0.1966233070004444,-1.204296194922209,0.2284751168661309,0.3988987146459221,UAP1
2.8144303438152076,-0.7036641550005144,0.5839905260627877,-1.204923921873452,0.2282326727489347,0.398650955329531,TSIX
5.771976306275545,-0.2110265507413141,0.1749370666261133,-1.2062998129054812,0.2277019097885694,0.3979791026486418,CDKAL1
14.2178998561085,-0.2487342822084277,0.2061795864841449,-1.2063962609002283,0.2276647370818,0.3979791026486418,DENND3
5.073262216438744,-0.2305370694732803,0.1910068626432663,-1.206956997685693,0.2274487051958801,0.3978769792668671,SOAT1
15.76378738806548,-0.1587631287498638,0.1314551913262903,-1.2077357093931065,0.2271489377639093,0.3975228036986299,PPP2R5C
39.00182467909996,-0.1534754243132813,0.1268966650589506,-1.2094519918390558,0.2264892444718091,0.3966231497169208,PTPN7
7.866070596948605,-0.1948356534454014,0.1610342650079234,-1.2099018394365626,0.2263165613266464,0.396405706881035,AHDC1
9.072298821187877,-0.1995392387143599,0.1647118850930539,-1.2114440837200682,0.2257252526686354,0.3954547683437864,WDR12
5.090906158497678,-0.2786181369542373,0.2299731007371654,-1.2115248960036762,0.2256942990382169,0.3954547683437864,FRAT2
3.5385995372883636,-0.2777147926358417,0.229204700487038,-1.211645276234407,0.225648195266622,0.3954547683437864,CYP2R1
3.7716778560341897,-0.2412958441402483,0.1991018555649395,-1.2119216240129247,0.225542383765112,0.3954547683437864,FZR1
10.920277648365971,-0.495950187295308,0.4092117336899615,-1.211964727460781,0.2255258829710065,0.3954547683437864,CA2
7.162498347016204,-0.1691035441869381,0.1394868580144633,-1.2123259968290625,0.2253876162870088,0.3954547683437864,CSTF2T
16.0099426110421,-0.3270915414594433,0.269727446324367,-1.2126742973946063,0.2252543704064477,0.3953927949712318,HOXB4
16.830157622477667,-0.1565515596184137,0.1289429178782715,-1.2141152239644988,0.224703727287359,0.3947654602590862,ZSCAN18
10.575418857161727,-0.1982103081449465,0.1632479212880672,-1.2141674244977656,0.2246837971748287,0.3947654602590862,TTBK2
11.218610495481732,-0.1614879705056962,0.1329960582903857,-1.2142312530278216,0.2246594292210276,0.3947654602590862,MRTO4
23.94876894913235,-0.1669119752018735,0.1374614583277089,-1.214245630975007,0.2246539403821383,0.3947654602590862,TMPO
4.521744780250721,-0.2275104723286313,0.18707473273156,-1.2161475203339935,0.2239287309892047,0.3939805037269462,C11orf71
8.463885144916077,-0.2000346384354791,0.1643841621652414,-1.216872938369825,0.2236525633199266,0.3935957559524275,YTHDC2
80.37276500364275,-0.1808373145594996,0.1484589305963022,-1.218096572790508,0.2231872761173133,0.3929362135569105,TUBB4B
30.495678054966223,-0.1513032670414868,0.1241642137500075,-1.2185738746441153,0.2230059699016904,0.3927115905316191,PRPF8
7.8413138848642845,-0.1690616837387607,0.1386951478599909,-1.2189444717231497,0.2228652688946963,0.3925484182234456,UBP1
10.592408555964226,-0.1698231495605184,0.1392664189235597,-1.2194120511832112,0.2226878381898396,0.3924437596584697,VTI1A
4.350797954483737,-0.3352089266015391,0.2748303530282574,-1.2196939781504912,0.2225809052478844,0.3923858849580288,OCLN
4.711517277116499,-0.3138112427898556,0.2570709495016957,-1.2207184180015087,0.2221926518005291,0.391785964148063,METAP1D
14.51075431497262,-0.3079409420028374,0.2521238288345276,-1.2213876943973567,0.2219392641590106,0.3914236407173054,PLAUR
3.8007070438058497,-0.3125882848683112,0.2558088073830661,-1.2219606043517472,0.2217225252711711,0.3912102686224873,C17orf67
113.3266896613866,-0.1395086385976048,0.1141095606798429,-1.2225850118643784,0.2214864769660047,0.3910558143564749,HMGN2
16.328195879192386,-0.1330464124517264,0.1086666261825487,-1.2243539449565886,0.2208187350130702,0.3901210559549831,SURF4
6.226507412849872,-0.2817876481830716,0.2301231215652149,-1.224508194858705,0.2207605768090028,0.390102654218504,DGAT1
13.741548764986971,-0.162156677333171,0.1324138821835873,-1.2246199164249738,0.2207184602981744,0.390102654218504,SACM1L
5.077484852170744,-0.2554702581828209,0.2086014124036805,-1.224681344383426,0.2206953057981984,0.390102654218504,ANO10
4.91849080536982,-0.2412037104695158,0.1968352029104184,-1.2254094130676911,0.2204210020784547,0.3898398285677605,FAN1
8.834506909850004,-0.1776262914418335,0.1448449165963274,-1.2263205062064095,0.2200780875098444,0.3894862579690143,AEBP2
7.53301931731719,-0.2097931254350332,0.1709179751478665,-1.2274491624039812,0.2196538181762951,0.3889038674579648,SOCS5
2.709248621290376,-0.2846138910005552,0.2317672067998984,-1.228016227706809,0.2194408762805576,0.3886110533351618,TAF6L
6.498331827585292,-0.3025578218330149,0.2463366701900432,-1.2282289177636374,0.2193610460632967,0.3885921169801467,AKT1S1
20.00428898905435,-0.1787115025971558,0.1454570490679589,-1.2286204329200994,0.219214150880886,0.3885551707933687,C16orf54
10.94120316249752,-0.1846884904453481,0.1502827345071101,-1.228940177666319,0.219094236122976,0.3885551707933687,RBFA
2.92807634837537,-0.2446918411799339,0.1985062502387836,-1.2326656761970645,0.217700522718125,0.3866521243714537,OXNAD1
5.503207503030382,-0.2492934462311099,0.2022387863592804,-1.2326688204518603,0.2176993491470654,0.3866521243714537,EIF2B3
9.82575887151556,-0.1890681180843151,0.153267584274291,-1.23358190174091,0.2173587403830227,0.3863472411724339,AGO1
14.918043675685553,-0.1534799521856038,0.1243888787688368,-1.2338719803948843,0.2172506119545211,0.3862390666406423,PITHD1
5.98852876132102,-0.2358717508175393,0.1911268728205386,-1.234110867491745,0.2171615945173635,0.386164828901279,U2AF1L4
7.48402666161577,-0.2760793434393178,0.2236910124157243,-1.2341995346966872,0.2171285607857933,0.386164828901279,ACAP3
6.483031667851424,-0.3136865485661407,0.2540657375573408,-1.2346668684333868,0.2169545113052706,0.3860486306348795,MX2
11.835617971221602,-0.2933920649272631,0.2375889906162593,-1.2348723068617846,0.216878031474843,0.3859966009978093,NET1
6.571245565819399,-0.3202741040101611,0.259236408022365,-1.2354518659374811,0.2166623799993839,0.3857808470200406,TPD52
7.785166170946733,-0.2474208239973274,0.2000935130768396,-1.23652596324956,0.2162631210300359,0.3852378377886252,CCL28
5.4206519974946055,-0.2258216229646149,0.1825293349687673,-1.2371798922252986,0.216020304819935,0.3848892086096139,PSD4
6.932134743168447,-0.1695677328460204,0.1369780800833171,-1.2379187439543662,0.21574619145385,0.3844846522070683,ERCC3
4.810189798644552,-0.2328131191455806,0.187878114553319,-1.239171042881151,0.2152821619025626,0.383825124352136,UPF1
24.076679180902197,-0.1567208828251942,0.1264328079129819,-1.2395586668695855,0.2151386767165187,0.3837246605608094,EIF4E
46.368182782232054,-0.1289796185260362,0.1039260167246491,-1.2410715102048635,0.2145793330334169,0.3828226485187881,PPP1CB
8.394301639590678,-0.2241997226244572,0.1805523197681917,-1.2417437943323226,0.2143311061357411,0.3824633038294695,CBR4
3.596061674807141,-0.252442264827523,0.2032926696399327,-1.2417676705935483,0.2143222941332732,0.3824633038294695,ZFYVE19
5.546072560703043,-0.2696626708993324,0.2171595322687333,-1.2417722035136216,0.2143206211997289,0.3824633038294695,CEP152
11.0583736771784,-0.3598036163786787,0.2897074116017835,-1.2419551656940202,0.2142531044703693,0.3824633038294695,FLNB
4.577388407709538,-0.3052045601910537,0.2451086828071113,-1.2451805325527163,0.213065396843944,0.3808701285521475,DENND1A
6.617900161794636,-0.1822947349408724,0.1462273762774354,-1.2466525734210454,0.2125249157101167,0.3799871085924211,PGAP2
4.650954899158924,-0.241740563764406,0.1938416982228054,-1.247103001989514,0.2123597323637271,0.3797925943428538,ALKBH2
3.4066182829626572,-0.283843755009296,0.2274212474065897,-1.248096904955554,0.2119955715993455,0.379455819395017,ZNF354B
4.348161788872009,-0.2162469226200337,0.1730169901008575,-1.2498594646339412,0.211350889155149,0.3785506609571947,PARP2
2.8438348664602,-0.3510454411980104,0.2807752724711202,-1.2502719278248335,0.2112002294784506,0.3783637524815654,LENG9
8.31856318171415,-0.2148525118401542,0.1718235726461539,-1.250425122300374,0.2111442921948711,0.3783464937553273,PIP5K1A
5.288355768387329,-0.1972963196232541,0.1576790583601249,-1.2512525231641534,0.2108423610237428,0.377971244388987,CDK7
49.79856001187276,-0.1486236275507908,0.11873407629823,-1.2517352405006776,0.2106663544328705,0.3777385960217215,PSIP1
22.23170881667851,-0.1685237572971583,0.1344636638574595,-1.2533033271784473,0.2100953380470179,0.3770456857417491,BUD31
16.22955900627424,-0.2322049712647133,0.1851202843961594,-1.2543464484302116,0.2097161080209983,0.3766132568438632,ODC1
32.15595193431435,-0.1410615459106221,0.1123095137924301,-1.256007092785846,0.2091133985209659,0.3759229823460907,MTF2
5.819146720155041,-0.2383291331758697,0.1895860768741394,-1.257102510402646,0.2087165182517423,0.3754783510865228,OPA3
9.916858152834426,-0.1760838180512352,0.1400195497932091,-1.257565949264145,0.2085487743469785,0.3754245506034724,PHF12
19.477522896076383,-0.1585045996593797,0.1260169937306696,-1.257803372124115,0.2084628758727681,0.3753526132120732,NSFL1C
17.55057514249408,-0.1304386356805598,0.103656626604116,-1.2583723776650506,0.2082571167295938,0.3751474649024495,PPP6R3
4.608787692870155,-0.3292729961875744,0.2615739042115436,-1.2588143958018088,0.208097379378591,0.3750250743057935,BOLA1
10.429604438955424,-0.1608637900785157,0.127782198867495,-1.2588904519112631,0.2080699030381941,0.3750250743057935,SCAF8
8.428032313108291,-0.2173425690017294,0.1726095624630406,-1.2591571747264414,0.2079735664543123,0.3749673458733861,SC5D
57.38845283382262,-0.1810029739782453,0.1437035146065823,-1.259558435113976,0.207828697702453,0.3747888521136049,MED13L
8.978486266992482,-0.1786451755711315,0.1418247973267732,-1.2596187615873822,0.2078069241081616,0.3747888521136049,HDAC8
5.2759476965035335,-0.237542963271308,0.1885329855606481,-1.259954392409991,0.2076858153034566,0.3746965769142292,TTPAL
6.639181780672094,-0.202012353482845,0.1602605678586827,-1.260524383396538,0.2074802574446795,0.3744083885999286,PMM2
11.362483578255574,-0.1673692576703931,0.1327338770166053,-1.260938514208056,0.207331000593938,0.3742216933627276,LSG1
9.477212867317304,-0.1661292703461194,0.1315564335756243,-1.2627985255515546,0.2066615947510057,0.3731303239494126,PSME3
4.414216480235567,-0.2818392527940612,0.223174469599084,-1.262865117593262,0.2066376578410038,0.3731303239494126,SLC12A9
2.0393105819165767,-0.3123703665424412,0.2472547086476113,-1.263354571692437,0.2064617823864043,0.3729823621223325,NDC1
5.857210268307703,-0.2166314532350556,0.1713829071414526,-1.2640201805904516,0.2062227837076018,0.3727154093507663,TASP1
5.220817815848939,-0.2454630080067038,0.1939799565229164,-1.2654039747539858,0.2057265511044187,0.3721478080748739,THAP7
3.539582896053075,-0.6669104718437489,0.5266923705777588,-1.266223908108213,0.2054329302692514,0.3717812786777528,HLF
23.619955354424476,-0.1567995108550308,0.1238286386812576,-1.2662620902959474,0.2054192645275131,0.3717812786777528,MED13
5.029968815561848,-0.2194871873401324,0.1733072324686506,-1.2664629410652857,0.2053473891444253,0.3717812786777528,DAPK3
7.849292230375639,-0.2114826227617759,0.166907724975131,-1.2670631200160836,0.2051327212341266,0.3715671614285188,OMA1
7.710751898121041,-0.2381677454490069,0.1877584941926268,-1.2684792050188884,0.2046268722671386,0.3708152968052317,CERK
10.607559998339234,-0.1691681491882957,0.1333220506839936,-1.268868490398983,0.2044879722067056,0.3706457899070523,TGFBR2
7.978854567424701,-0.247505993872972,0.1950250818086454,-1.2690982697077893,0.2044060173505788,0.3705794470316352,PTS
7.954430548441066,-0.2015672310478765,0.1588066250433965,-1.2692621041017336,0.2043475975081793,0.3705557521614144,LMF2
2.6879182905176164,-0.3852088639847393,0.3034827668912258,-1.2692940292151933,0.204336215109372,0.3705557521614144,USP45
5.377066296936145,-0.2340180783693981,0.1843593041598769,-1.26935865502322,0.2043131752023081,0.3705557521614144,GGA2
3.5496995551068835,-0.2654561470869511,0.2091247165139128,-1.2693676362702473,0.2043099734252401,0.3705557521614144,NUP205
2.8589238176574057,-0.3930829054537706,0.3093152045523327,-1.2708166286965223,0.2037938915613028,0.37012666991496,ADARB1
3.2827205098258516,-0.2688875809851594,0.211361710290046,-1.272167889899132,0.2033134737953923,0.3693362370791798,ZBTB22
26.36576908552917,-0.225766895775398,0.1773478069014425,-1.2730176917319505,0.2030117639903884,0.3688701631232964,LAIR1
8.4593498660945,-0.2107255663555455,0.1654989944591119,-1.273273998094334,0.2029208301753274,0.3687869446980873,FBXO42
4.816111749485695,-0.301392567821535,0.2363350303679577,-1.2752767431568954,0.202211306445934,0.3677428410793961,IFIT5
35.76697527144909,-0.1856275335662846,0.1452862286097388,-1.2776677827112493,0.2013665895062634,0.3663697178480691,UGP2
13.172619532430891,-0.2002118895529792,0.1566353029289881,-1.278204120074686,0.2011774638051046,0.3661886960907796,BCL7B
5.684883071368513,-0.2422846572039523,0.1894638766975332,-1.2787907722945202,0.2009707442702883,0.3658939285723098,LRIG2
6.042291750901664,-0.2260858802677538,0.1767934276888348,-1.2788138293561235,0.2009626227848937,0.3658939285723098,PIK3CG
6.09484383877675,-0.2357084885650299,0.1842659511067816,-1.2791754914527722,0.200835264364239,0.3658918495251276,POLD3
3.218668982247375,-0.2618435503729307,0.2046481039846869,-1.279481926656518,0.2007274000591336,0.3657768924806379,RANBP10
12.549609177699873,-0.2295243573290082,0.1793585565347022,-1.2796956095295062,0.2006522093289257,0.3657618651159288,KPNA5
3.2750142049406903,-0.2664277729534409,0.2079939252354129,-1.2809401652086283,0.2002146835605481,0.3653314380020632,ZC3H3
4.074671758832347,-0.3371871205978768,0.2629266673341662,-1.282437890445435,0.1996890795736137,0.3646166411611168,RXRA
9.449235159795329,-0.2591252827129707,0.2016872767802065,-1.2847874533769357,0.1988665679177278,0.3633583914257053,RELT
5.791264064584813,-0.3697482227531965,0.2876852311328352,-1.285252709349093,0.198703989886227,0.3631425411228721,PON2
8.346056144616355,-0.2052975492169624,0.1596228753694107,-1.2861411545296877,0.1983938035147018,0.3626567714806775,CHKA
38.78907334404986,-0.1099394640742734,0.0854771792704328,-1.286184979577377,0.1983785118720253,0.3626567714806775,THOC2
3.4781841189906775,-0.3186750287160293,0.2476487183926439,-1.2868026565385815,0.1981630807820923,0.3623971649665345,BOP1
2.1963101146428796,-0.3446496684352069,0.2675147921595412,-1.288338733170552,0.1976280756347904,0.3616969584329351,NCEH1
2.4273893078876156,-0.3325929278347223,0.2581083540284214,-1.2885787020984956,0.1975445916208701,0.3616969584329351,ZDHHC14
4.4819285410988705,-0.3791660758788585,0.2942295008904332,-1.2886745711472842,0.1975112464644026,0.3616969584329351,AEBP1
11.77464600011434,-0.2848169095720529,0.2207143726397988,-1.290432091782569,0.1969006756992801,0.3607343993584794,RELL1
46.54771741052499,-0.387067961518369,0.2993841165126739,-1.2928807514141558,0.1960523058164365,0.3595025562895203,ID2
24.00536802754332,-0.1465932136437402,0.1133808396837103,-1.292927570943026,0.1960361107207361,0.3595025562895203,ARHGEF2
6.617142701546196,-0.2869755346852328,0.2217458609493387,-1.2941641095650338,0.1956087409589167,0.3591728140169233,SYNGAP1
3.382992046286683,-0.3016505943626734,0.2329954131741202,-1.2946632307188228,0.1954364294151961,0.3590985079270447,ZFP30
5.671192604977043,-0.2338991035373535,0.1805707674161567,-1.2953320567015831,0.19520570520034,0.3589155238134204,SNAP47
5.015466607210386,-0.250148538862366,0.1927199002615808,-1.2979901843184676,0.1942907079431072,0.3577979208030491,USF1
21.911218293122584,-0.2061757364308997,0.1587089209611539,-1.2990809538763357,0.1939161486517634,0.3573497633363913,LPIN1
3.8645523303199494,-0.2611290547467008,0.2008352919471608,-1.3002149782290409,0.1935272984338473,0.3567136376050003,TAF13
30.184031880732324,-0.144157731661835,0.1108684467747127,-1.300259324050664,0.1935121041573085,0.3567136376050003,FLI1
32.98621687392477,-0.4811521162690526,0.3700113387754979,-1.3003712747327147,0.193473750221765,0.3567136376050003,LAPTM4B
3.878616960200903,-0.2622569148708301,0.2016758504985731,-1.3003882925124222,0.1934679204752546,0.3567136376050003,MED9
14.413465841223374,-0.1710044490215633,0.1314482182715486,-1.3009263363942944,0.1932836703791751,0.3566668632945439,ZC3H18
2.906344221400012,-0.2844533711885941,0.2186345518154565,-1.3010449118247944,0.1932430822291353,0.3566668632945439,AMBRA1
5.787833381876864,-0.2212626490690901,0.1700092699786391,-1.3014740260745234,0.1930962495428867,0.3564820277937026,VPS39
11.015545944520612,-0.1848769101111841,0.1417712937658118,-1.3040503842518163,0.1922164040813918,0.3551787059586279,PPTC7
5.678629314170912,-0.2378337087370436,0.1823545027913809,-1.304238201395732,0.1921523785884736,0.3551513299783815,CBWD2
4.697279894669746,-0.3099018790912206,0.2375585504355272,-1.3045284142501414,0.1920534779813448,0.3551513299783815,SULT1C4
11.51122574906712,-0.1715427903611682,0.131456518852656,-1.3049393963751854,0.1919134848873709,0.3550203950678532,NFX1
7.546346521731307,-0.2205368863562037,0.1687979177273591,-1.3065142587387422,0.1913777332956706,0.3542126409163828,TRANK1
6.055632886723289,-0.237999079624862,0.1820536081096427,-1.3073021847582709,0.1911101025228496,0.3540151094341883,ZSWIM8
23.564510272898545,-0.1337577030452582,0.1022490514750045,-1.308155930208861,0.190820426218649,0.3537993425533426,RBM22
7.35471490238716,-0.1996950778194448,0.1525166981670709,-1.309332553217835,0.190421727236651,0.3534611388574911,PPIL2
2.440602164610162,-0.2799098070591526,0.2136488373280952,-1.3101396223809163,0.1901486065630204,0.3532751851356162,ZNF583
13.017573430131996,-0.3453016013850736,0.263393276918473,-1.31097348202989,0.1898667228751559,0.3528317017541276,BCL2A1
9.45777744125763,-0.1769549536847645,0.1348436549045575,-1.3122972216231712,0.1894198692469941,0.3522416366903025,TAF2
3.843281637112969,-0.2390253683030553,0.1821020829119993,-1.3125899741551237,0.1893211497759094,0.3521382005051117,CHUK
15.240549103707137,-0.225715588464014,0.171958633341812,-1.3126156220103598,0.1893125028355196,0.3521382005051117,MKNK2
7.362464226459098,-0.2082988585151921,0.1582755044537906,-1.316052406429108,0.1881564536387064,0.3505304110081784,TSC1
16.823861823246734,-0.2107885081398624,0.1600323582353486,-1.317161794428288,0.187784397279261,0.349996877319535,LATS2
6.435196012471078,-0.5745251885816836,0.4361683802800383,-1.3172096248994811,0.1877683685537077,0.349996877319535,NCF1
21.26331074026082,-0.1854516093653697,0.140731430701235,-1.317769658428849,0.1875807678411527,0.3498916630693244,FAM13B
3.358917670013926,-0.2691955576425766,0.2042786144001178,-1.317786291203771,0.1875751982904127,0.3498916630693244,BCAS3
12.606392387227045,-0.2484129698566503,0.1883921927950316,-1.3185948216384986,0.1873046058395202,0.3495810722509639,PTP4A1
5.201838990813897,-0.3071481198360032,0.2327239601053348,-1.3197958632922142,0.1869031831261798,0.3489912955493636,INPP4A
34.51492578879421,-0.132028276215753,0.0998739138243374,-1.3219495577991482,0.1861849483842244,0.3480642078558332,WTAP
12.157923734034656,-0.1781896120833424,0.1345687308531746,-1.3241531740219927,0.1854521787545183,0.3473933408076959,FBXW11
14.350152403907172,-0.1839769025063957,0.1388264358625105,-1.3252296031614677,0.1850950095841883,0.3469659523649001,WRNIP1
9.570594399202855,-0.1741970701774908,0.131439401162153,-1.325303285295624,0.1850705797907457,0.3469659523649001,CRNKL1
8.434170516402844,-0.1930896299493523,0.1454039088070552,-1.3279535023062827,0.1841934681974951,0.3458365428860754,DIS3L
2.9937692913269145,-0.2697512474456109,0.2028626240522173,-1.3297237414033265,0.1836093095483658,0.3452074708512879,ZHX2
9.7078225511977,-0.1897196748685761,0.1425600897283921,-1.3308049625251588,0.1832531946555027,0.3446965592840959,ARHGAP17
9.55567003447922,-0.2771850933453995,0.2082830693259283,-1.330809528793965,0.1832516917787561,0.3446965592840959,HIST1H2BD
12.75985021146256,-0.6732882915595343,0.5056616176097382,-1.3314996988345038,0.1830246440254075,0.3444252340699228,PHLDA1
3.787209792425851,-0.2716773316819107,0.2037591528861207,-1.3333257811184018,0.182424916742878,0.3436535757745962,ADAT1
5.552718371237464,-0.2296588963912961,0.1722410674249652,-1.3333573683949924,0.182414555593548,0.3436535757745962,ZBTB4
8.762072607875929,-0.1839585129614867,0.1379488943875754,-1.3335265482059222,0.182359069243828,0.3436535757745962,TMEM192
12.28486914866748,-0.2072910110819489,0.1554201258982573,-1.3337462563738227,0.1822870296574753,0.3436535757745962,TMEM50B
13.931064159060345,-0.1440223050817986,0.1079829822457189,-1.3337500232589528,0.1822857947265573,0.3436535757745962,LRRC59
61.05064483528291,-0.1133634071589824,0.0849748935794836,-1.3340811901452372,0.1821772496363605,0.3436219544733845,RBM8A
7.118327211941593,-0.2484339264784882,0.1861141494252965,-1.3348470669512738,0.1819264052579727,0.3434659559526098,SPATA13
117.90381994376207,-0.2253078063329192,0.168599912846845,-1.3363459240787816,0.1814362324966951,0.3426197031963245,SNHG7
4.3114904262652995,-0.2380149671687624,0.1780930491007021,-1.3364641032911828,0.1813976259568174,0.3426197031963245,ZNF507
3.864352399866717,-0.2670903596525423,0.1998171318895004,-1.336673973482135,0.1813290810261167,0.3425757042923469,SLC38A9
3.076740498036212,-0.3252930754709919,0.2432703916592717,-1.3371667355499737,0.1811682173820799,0.3423509491741384,ANAPC2
7.545199736383007,-0.2027011788806374,0.1515745688884649,-1.3373033508661578,0.1811236376671767,0.3423458809573216,XAB2
15.307535157741889,-0.1999989790464441,0.1495104267013519,-1.337692517231212,0.180996691233375,0.3421850911772113,SOS2
6.876678955084371,-0.2018474740448683,0.1508815057714532,-1.3377880411043577,0.1809655413557319,0.3421850911772113,KDM2B
6.418149805108454,-0.2507829656508628,0.1874121666621725,-1.3381359925416254,0.1808521097124035,0.3421492448390945,HUS1
68.03885280471366,-0.1134198681055549,0.0847583891967968,-1.338155068546787,0.180845892490374,0.3421492448390945,TTC3
11.640644482749666,-0.1672023084305781,0.1248810938950999,-1.3388920869881873,0.1806058060815569,0.3419207695765528,FRA10AC1
5.946452961193344,-0.2306643929724795,0.1721128193060487,-1.3401929844767415,0.1801826118364589,0.3414360207132898,L3MBTL3
5.473494437237371,-0.2171415072731827,0.1616512345271225,-1.3432715680049434,0.1791840549835368,0.3399379877572508,ZNF429
3.4265306334985826,-0.2887358039866858,0.2148604254299427,-1.3438296205963296,0.1790034887300386,0.3397531954502081,SERAC1
6.765296297337409,-0.2960193832455526,0.2202598892058248,-1.343955017469991,0.1789629333251053,0.3397531954502081,CCDC71L
11.767094556475223,-0.1600063193444934,0.1190015552137245,-1.344573346601438,0.17876305547,0.3395334556590819,RING1
3.5587126957708386,-0.2434997535868318,0.1810672274666089,-1.3448030159501738,0.1786888560630859,0.3394714352223844,ZNF551
25.528937088861365,-0.1319289444179728,0.0980543237588659,-1.345467893311986,0.1784741829274498,0.3391424531860914,TARDBP
11.7931180116431,-0.1686151462776291,0.1252298238542872,-1.346445607667895,0.1781588508018553,0.3387708028271787,NCOA1
10.349008950828988,-0.2350705703014631,0.1745857983318585,-1.3464472628789264,0.1781583173155307,0.3387708028271787,CXorf21
9.67324773876392,-0.2663102278723286,0.1976031725150557,-1.3477021875852628,0.1777541882088327,0.3384038844022302,YES1
61.633646204208674,-0.155193604940155,0.1151300713992828,-1.3479849621731563,0.1776632193197406,0.3384038844022302,KMT2A
129.3986495753013,-0.2451060313327601,0.1818216776323409,-1.348057253263198,0.1776399687629496,0.3384038844022302,H1FX
4.009562873676981,-0.2467786281050925,0.18286493898299,-1.3495130858739834,0.1771722200283285,0.3378469567914755,NFXL1
5.683889915279261,-0.4903250307395762,0.3631724626399818,-1.3501162152419102,0.1769787078246457,0.3375567277393045,OSM
8.201116950140149,-0.2828205024223754,0.2094536383407172,-1.350277343773387,0.1769270368939113,0.3375369643848119,BCL3
39.35577291150501,-0.1250054177574377,0.0925478031799776,-1.3507118857736662,0.176787743367827,0.3373499885704143,GCC2
6.984308356476945,-0.2710958941189197,0.2005674122193694,-1.3516447717957805,0.1764889804715408,0.3368585516077926,LONRF1
7.795330231164425,-0.2879341482518235,0.2129810694994172,-1.35192366593225,0.1763997358966306,0.3368230340595751,CPQ
7.35806544497335,-0.3193418014723957,0.2357423098694922,-1.354622348653428,0.1755379093439827,0.3355920115230891,GFOD1
8.887780959394796,-0.1753556294823659,0.1294286939182093,-1.3548435371926069,0.1754674121130136,0.3355357417213748,EIF2B5
3.2301520029216726,-0.2364231650699883,0.1742048081421744,-1.3571563700873022,0.1747315304582453,0.334363310392113,GNE
3.2371443170152348,-0.3199307503536985,0.2357294432648066,-1.3571946971185287,0.1747193552550754,0.334363310392113,GRAP
7.241338350335957,-0.1886724876626517,0.1390151733528638,-1.3572078724366452,0.1747151700478317,0.334363310392113,PNO1
5.713008978736132,-0.3253228355653981,0.2396970263298383,-1.3572251627257703,0.1747096778125313,0.334363310392113,HMGN5
11.745679323453976,-0.243446863610565,0.1793559751649152,-1.3573390202736155,0.1746735143460296,0.334363310392113,ZDHHC21
8.453586218283867,-0.1879889584412463,0.1384578457438636,-1.357734243453502,0.1745480268127617,0.334363310392113,MUS81
21.482142601984467,-0.2430861174619829,0.178927455952159,-1.3585735971508943,0.1742817464299508,0.334050234595151,TARBP1
41.71359938608039,-0.2589814254986391,0.1905131178870282,-1.3593889406198878,0.1740233737379968,0.3336332676708521,KLF10
6.784812395401189,-0.2339869668144844,0.1720191296799849,-1.3602380575333752,0.1737546028818101,0.3331961652539944,ATN1
1.4321953414676318,-0.7444252832761189,0.5472527913645108,-1.3602950867002097,0.1737365625680009,0.3331961652539944,FGF18
6.958974699677961,-0.2130851139440001,0.1566053161436922,-1.3606505780971392,0.1736241397935032,0.3331089564396683,HACL1
9.60646957640958,-0.2607510938412959,0.1914517974971526,-1.361967331986914,0.1732081950239777,0.3327731393230478,PDE4DIP
23.03873073378907,-0.1593475871691682,0.1169177198095711,-1.3629036507785506,0.1729128779954144,0.3323620621266834,SYK
2.748468405700065,-0.3602865673522576,0.2643234323233839,-1.363051940516074,0.1728661416349499,0.3323504101880414,EDC4
7.029746714153759,-0.250478389363608,0.1836312858427794,-1.364028946451213,0.1725584555255748,0.3319150518124933,ABHD3
6.177393410049059,-0.3134223831860689,0.2295977792910761,-1.3650932694288946,0.1722237372017657,0.3314272625236995,ABR
60.08394836739857,-0.1677195288550176,0.1228082578733,-1.3657023701781683,0.1720324001110151,0.3311370415328869,GOLGB1
12.869479677275775,-0.8405347272557571,0.6153325225262202,-1.3659845636063233,0.1719438084960912,0.3310445002878326,DNTT
2.4828863020744367,-0.3204025396382294,0.2339525337076558,-1.3695194258447334,0.1708369667688672,0.3294956106704075,TBCCD1
7.044543852626626,-0.2057699008775032,0.1500999098618135,-1.370886238818805,0.1704104217876548,0.3291003442275887,TRMT10B
3.767216551117461,-0.2481964085688102,0.1808999464391539,-1.3720092982575405,0.1700605432410372,0.3285799713460665,PDSS2
12.983542179428737,-0.2151879110060996,0.1567702075155246,-1.3726326858678808,0.1698665652504917,0.3283604695201721,PLXND1
4.543715804681697,-0.3317746558055356,0.2414895871450054,-1.3738673361775942,0.1694828717852631,0.3277480464046979,CHAF1A
5.80236322018864,-0.2369723037283722,0.1722283476045642,-1.3759192782390268,0.1688466259823955,0.3267754099720876,CEP44
10.210032123616331,-0.1564221424855557,0.1136674108615996,-1.376138871290152,0.168778643048085,0.3267754099720876,PDPK1
2.507537709465669,-0.4649669176479927,0.3378777144227241,-1.376139644020041,0.1687784038579988,0.3267754099720876,RNF144B
6.061037929511746,-0.2167964492400013,0.1568848035009016,-1.3818830403083338,0.1670076161702005,0.3239067723063633,TFE3
10.106491237365322,-0.2674125728075514,0.1934093115411153,-1.3826251211834977,0.1667798422110876,0.3236679936971233,CENPJ
6.438493640320673,-0.2187564987820642,0.1581911734968619,-1.382861596803337,0.1667073075764941,0.3236316013797893,FLAD1
7.336909598720644,-0.2111536382381132,0.1526356638176793,-1.3833833650458824,0.1665473484587335,0.3233979050038764,DDX19A
18.61356665718509,-0.2120053652260854,0.1532439947002298,-1.383449743925055,0.1665270068823952,0.3233979050038764,UBR4
8.258190072854452,-0.280355255124401,0.2023318193804305,-1.3856211839684414,0.1658626061746743,0.3225281663620332,FKBP11
2.853070663267717,-0.3598726115935591,0.2596957449407053,-1.3857470467054689,0.1658241568805049,0.3225281663620332,ACAD11
6.592770914527852,-0.286837835068203,0.2069536879596691,-1.3860001138230578,0.1657468687339808,0.3225281663620332,GTF2A1
8.75124060927035,-0.2263827335565361,0.1632452755211823,-1.3867643815956023,0.1655136214916628,0.3223097714986599,PGP
22.12467017864317,-0.1815552930520321,0.1308265144350469,-1.387756096965888,0.1652113277072773,0.3219512899346918,BACH1
2.284483286342811,-0.2941644467856609,0.2119707892962715,-1.3877593594960265,0.1652103339120459,0.3219512899346918,ENTPD5
11.49988607319836,-0.2245018282644557,0.161707622015495,-1.3883193968614775,0.1650398082992188,0.3218473206713406,TAPT1
2.287704190913951,-0.4396639537380571,0.3165907150382683,-1.3887455722916962,0.1649101310722517,0.3216712057749746,CYSLTR2
11.20939970939321,-0.2231622878594515,0.1606856333647743,-1.3888129460388543,0.1648896375229956,0.3216712057749746,ZDHHC17
9.167930762505046,-0.2129458565316201,0.1533176986080671,-1.3889189471594083,0.1648573982939524,0.3216712057749746,RNF8
6.10924225689641,-0.2816980805365754,0.2027241906164568,-1.3895632271608522,0.1646615487599446,0.3214933130029887,PRIM1
4.599624146170409,-0.2825059902639223,0.2031978369674076,-1.390300184687672,0.164437741808675,0.3211330756019797,USP20
6.574301101904076,-0.2227914745543938,0.1600947826410826,-1.3916223307156188,0.1640367930724054,0.3205032606873805,NCBP1
3.555738409331642,-0.3212971481022076,0.2307083263720447,-1.3926551900171893,0.1637240850932422,0.3200404115076656,CCSAP
11.815824448994752,-0.1781664373491638,0.1279241832579146,-1.392750243243322,0.1636953294156549,0.3200404115076656,ZNF43
4.116582239647292,-0.2367375861246777,0.1698442705104229,-1.3938508812409414,0.1633626395389101,0.3195681416500922,ZNF701
4.280420033447931,-0.236825955670479,0.1698601171679743,-1.394241094490017,0.1632448122466522,0.3194906253574599,MUTYH
13.687429283663295,-0.250308463279102,0.1794991520988164,-1.394482705641441,0.1631718883987654,0.3194244130585318,TRAPPC10
4.225777690369502,-0.2883469526950993,0.2065813506889795,-1.395803404970581,0.1627737047556031,0.3187212896137151,ACAD10
20.73792097185371,-0.2242723798246935,0.1606401579229079,-1.396116529792775,0.1626794069008734,0.3186893871462568,LPP
3.1293263099533375,-0.2867031734300944,0.2053055694395716,-1.3964705108230433,0.1625728547889007,0.3185643104900396,VWA8
8.500974656034849,-0.2373719713520212,0.1699729079300624,-1.3965282717272278,0.1625554731307461,0.3185643104900396,ZNF587
3.872232859254463,-0.2729240988510955,0.1953732991259837,-1.3969365316143028,0.1624326577936584,0.3185643104900396,ANKRD46
14.474819285135345,-0.5310716144476992,0.3800296598069522,-1.3974478063566762,0.1622789516254505,0.3184393164581068,DMXL2
4.076002261156501,-0.5196328557033753,0.3717625714958203,-1.3977546303614847,0.1621867628504201,0.3183348641005963,SULF2
30.20391198867667,-0.1716456702016486,0.1227097588308999,-1.3987939658343287,0.1618747763236413,0.3177988460693112,ANKLE2
24.79219801186633,-0.145919118129946,0.104302593015437,-1.3989979914339208,0.1618135853833773,0.317755060362311,ANKRD17
116.79288907057064,-0.1579166263713472,0.1128362418661127,-1.399520435630293,0.1616569745966638,0.3175238315935914,SRSF3
2.5597312945537456,-0.3259103364408252,0.2327737177139563,-1.400116558009868,0.16147841744446,0.3172493745945378,SLC31A1
12.180514199335542,-0.1620474280521183,0.1155201838132039,-1.4027628999807416,0.1606875535789497,0.3160100855122995,PPM1A
4.643320419989222,-0.3029271372052564,0.2157710521454781,-1.4039285353301951,0.1603401314042289,0.3154681468104875,SERTAD3
3.975242073633734,-0.2859416813402963,0.2036506130720775,-1.4040796490953538,0.1602951329622001,0.3154555711546573,TBL3
10.982761998901156,-0.291995999869709,0.2079106924087607,-1.4044299332890164,0.1601908625439588,0.3153263160314835,NUP210
4.52465297986597,-0.263733537485195,0.1877027504056292,-1.4050595258474463,0.1600035782664094,0.3150983597670612,MCAT
13.463328108256892,-0.276301246814662,0.1963750164253651,-1.4070081410772224,0.1594249747371301,0.3141214054924259,DOCK5
12.138696573466046,-0.1871439013819994,0.1329063783257328,-1.4080881876364042,0.1591049583490938,0.3137178124204745,ZNF506
12.477911613008528,-0.2058742320828309,0.1461514104382082,-1.4086366424077248,0.1589426381160662,0.3135490816142871,S100PBP
8.588337951238682,-0.2904331148480227,0.20615606243578,-1.4088022026443967,0.1588936636755851,0.3135281637027785,GTF2H2
20.028396584032016,-0.1330164999338475,0.0944006265289809,-1.4090637406205306,0.1588163212933303,0.3134512466878749,SMNDC1
13.746846870222738,-0.2278038011591371,0.1616394716328819,-1.409332750582906,0.158736799014728,0.3133699890672488,SLC39A8
7.496423681734483,-0.2500606596095545,0.1773714635508713,-1.4098133634548005,0.1585947996390115,0.3132410219604456,EPG5
10.90038199303045,-0.3300114656337984,0.2340645681068386,-1.4099163675348116,0.1585643791069402,0.3132410219604456,SLA
2.449433792615312,-0.3164462385219099,0.2243939570365976,-1.410226205290809,0.1584729003365608,0.3131516490084736,FCHSD1
9.130247624822797,-0.1840916015503017,0.1304980132901979,-1.4106850894421197,0.1583374894345928,0.3129597547581175,WDR36
3.2412043974479796,-0.3307071655761576,0.2343521876325724,-1.411154591373624,0.1581990360534073,0.3128374452062902,ABCB8
7.375169037824061,-0.3217906569061137,0.2279301884350864,-1.411794809259144,0.1580103873046028,0.312615708151552,PDPR
47.0506514577759,-0.1229565121804706,0.0870695862697868,-1.412163735331042,0.1579017557202598,0.3125521429239931,TGOLN2
28.763773022615183,-0.1580779124344301,0.1118964094904055,-1.4127165755750586,0.1577390758743598,0.3123806661810621,UBE2G2
33.25684683007572,-0.1416879661186392,0.1002559437713011,-1.4132625038356903,0.1575785545948492,0.3123664166895956,CCDC12
2.579336643214892,-0.3695047732823229,0.2613957340877577,-1.4135837930632416,0.1574841426224641,0.3123320001875676,SIRPA
11.56464824056044,-0.2264895119970222,0.1601551284306115,-1.4141883198898042,0.1573066164906814,0.3121302485054293,RALGAPA2
3.735961904586663,-0.30980896813912,0.2189562434914274,-1.414935528665341,0.1570873998246736,0.3118996380222252,SOGA1
7.168102333708652,-0.219616357011726,0.1550563146080263,-1.4163651288043566,0.1566686281394861,0.3112422466636861,MON1B
7.514521429287656,-0.3570704222708047,0.2520018644182614,-1.4169356369449522,0.1565017461445007,0.3110619722079093,CLEC2D
10.170186595474794,-0.2743562073632011,0.1936070310518704,-1.4170777056629555,0.1564602099349923,0.3110550791675968,TBC1D2B
30.084925822167506,-0.2069145559746105,0.1459844473584906,-1.417373971807389,0.1563736183795157,0.3109585874370949,AGO3
3.1904330293731253,-0.2939961959206809,0.2074126729119094,-1.4174456738501433,0.1563526670400184,0.3109585874370949,PTGR2
18.984699908481492,-0.244191162820565,0.1720846498788698,-1.419017692702114,0.1558938579658825,0.310306629339641,SIK3
3.357061464795532,-0.3070847860027096,0.2162111778002373,-1.4203002320556828,0.155520293647655,0.3097894489017526,ZNF726
5.701482615834636,-0.3230509640365909,0.2274369753801064,-1.4203977321483836,0.1554919226798742,0.3097894489017526,ABCG1
16.240440042826464,-0.1888307299335618,0.1328920735701761,-1.4209329786237872,0.1553362444923572,0.3095737692065977,E2F3
5.2742919201280465,-0.2536034799629127,0.1784238865664189,-1.4213538604233238,0.1552139127714727,0.3094054357784102,POLR3A
6.709567770997364,-0.2492115014720766,0.1753167171577921,-1.4214930869814104,0.1551734618743046,0.3094002823267308,P4HTM
14.255778718526631,-0.1814839467947457,0.1276617795604521,-1.421599694282868,0.1551424935904022,0.3094002823267308,NFATC3
5.541623513359585,-0.3869325868301318,0.2718832362230576,-1.4231572060319515,0.1546905879864433,0.3088142669037939,LBH
9.85879533570266,-0.1817319095782345,0.1275746158330065,-1.424514652790483,0.1542975464959415,0.3081802132530771,NDUFAF6
18.009489826139777,-0.2393682272149419,0.1679823949640679,-1.4249602005385364,0.1541687060599874,0.308026014975435,CSGALNACT2
33.574397610298846,-0.154499579444088,0.1083253688914183,-1.4262548193946427,0.1537948009889588,0.3075575492728413,ACIN1
8.312903036750908,-0.6227975295134197,0.4358913137253698,-1.4287908703448238,0.1530643503953207,0.3063161418271286,ADRB2
8.467705821898052,-0.2030109679512607,0.1419468145888956,-1.430190374748587,0.1526623872250603,0.3056857592754054,PPP2R2D
7.6584272982633745,-0.2761701670745969,0.1929692652194684,-1.4311614171329416,0.1523839585155399,0.3053284269324366,CEP192
12.722106211840869,-0.2166865703415619,0.1513457448741003,-1.4317321608335711,0.1522204886025338,0.305075695945868,FAM126B
7.822395256282782,-0.2166559257901333,0.1511653453367498,-1.4332380566954066,0.1517898172782727,0.3044365726511455,FBXO28
8.106611924454796,-0.3228477764570884,0.224888693538746,-1.4355891858185614,0.1511192737349427,0.3032405662299158,STX3
15.81058214786219,-0.1968440932132606,0.1367786062611285,-1.43914387340268,0.1501097636819796,0.3014369326727588,NOC2L
3.812430121642041,-0.4156181653128395,0.2886375366594434,-1.4399310987857328,0.1498868935624709,0.3010633744589356,RECK
5.570949834919147,-0.3286494163346626,0.2281332275854868,-1.440603018740486,0.1496968671100449,0.3008295871018634,MEX3B
5.89051653225458,-0.2134500147873601,0.1481324213453864,-1.4409405641839796,0.149601474880525,0.3007118453256508,TOE1
24.696245690880353,-0.1553204932907357,0.1077264515934976,-1.4418045985291768,0.1493575052527703,0.3002953187550163,COPA
22.77730460759916,-0.1834756391629741,0.1272505127820534,-1.4418459710038225,0.149345830899967,0.3002953187550163,DGKZ
2.76068250450577,-0.4976026998993904,0.3450787544450358,-1.4419974961937236,0.1493030799512828,0.3002953187550163,TNFRSF21
17.009483711275415,-0.1923994147036607,0.1333811303773906,-1.4424785137094194,0.1491674287206862,0.3002086354868786,TACC3
18.90233809216412,-0.2022661881114805,0.1401977660480342,-1.442720478457414,0.1490992280742702,0.3001453049014195,NR1H2
6.1154916453702235,-0.3284482788664462,0.2270773076569259,-1.4464161225774002,0.148060522456559,0.2982747852545719,LTB4R
4.512783938468076,-0.2830363382189946,0.1954704547737595,-1.4479750330891956,0.1476240332253084,0.2974687978998755,ZNF248
38.76870414509872,-0.2688932995493254,0.1856488863191072,-1.448397051448676,0.1475060389548377,0.2974510968163817,SPTBN1
4.4655057243632985,-0.2543563482990967,0.1755668986111765,-1.4487716665908257,0.1474013588014925,0.2973133800955308,E4F1
6.733528871605284,-0.2475967722917012,0.1708731049839575,-1.4490096163170143,0.147334897089565,0.2972527022515644,SFR1
11.471171045689394,-0.2352896371774888,0.1623577455805008,-1.4492048798548187,0.147280375167368,0.2972160892794677,ZNF276
1.5220654743401962,-0.5984000153194065,0.4127600440096136,-1.4497527655692108,0.1471274756514082,0.2970542632932189,KCNK5
19.981748943850207,-0.1797684388367194,0.1238800509304135,-1.4511492164117676,0.1467383143622714,0.2963417614073456,NUMB
10.979244080156008,-0.169614777927154,0.1168521060284308,-1.451533769411787,0.1466312859632675,0.2962720666681155,SAR1B
23.662297927093924,-0.2611421967342593,0.1796527899244175,-1.4535938843149925,0.1460589334711382,0.2954078082655125,CKS2
23.44975201928385,-0.2565106416370136,0.1764558438594313,-1.453681759847839,0.1460345574818407,0.2954078082655125,ATM
11.62001975249714,-0.2644871711969257,0.1818535896747105,-1.454396207795653,0.1458364907246641,0.29510400339555,QTRT1
2.8881403447384777,-0.2968101287716056,0.204030212805464,-1.4547361623084918,0.1457423172004978,0.295059582221325,ADAL
24.369223757748884,-0.2367742939810831,0.1627572208178135,-1.4547698270550005,0.1457329939931848,0.295059582221325,TECR
16.159061971444544,-0.1880687394534217,0.129189203014153,-1.4557620533723572,0.1454584091107994,0.2947769496141721,MYSM1
3.238509766337038,-0.28585137548299,0.1963049039109202,-1.4561601355241969,0.1453483568120351,0.2946269966537185,BNIP1
1.8548752009917624,-0.3895461258277335,0.2673736039392093,-1.4569356140193317,0.1451341540459236,0.2942657996797126,IKZF4
14.256159120452452,-0.4138418215869384,0.283790657570725,-1.4582644303003622,0.1447676704987934,0.2936684795545287,CD109
4.5324786945407585,-0.3453328635720126,0.2367902813438898,-1.4583912042846334,0.1447327436972732,0.2936684795545287,PIP5K1B
56.41534964201925,-0.0987125367856562,0.0676479204310153,-1.459210218979598,0.144507257049167,0.293358707415837,U2SURP
10.474156947420928,-0.30561390806839,0.2094288825898307,-1.4592729727109273,0.1444899911455134,0.293358707415837,CHML
7.306765891408334,-0.2309151519668821,0.1581733136439734,-1.4598869218017436,0.1443211541265755,0.2931265598727935,RPUSD4
3.084901307006925,-0.8362170028563299,0.5726614728296309,-1.4602291974077115,0.1442270934412909,0.2930083492065609,GSTM1
11.839224025404503,-0.2450306007952282,0.167737787343243,-1.460795475344028,0.1440715779216536,0.2927651985072946,LMBRD1
4.354232292711205,-0.2745373688931766,0.1877867355334818,-1.4619635839200549,0.1437511892796623,0.2922646271634507,NKRF
9.300842666095594,-0.94013667228123,0.6429520298968558,-1.4622189970098536,0.1436812074680585,0.2922626702069968,VCAN
6.558440324350181,-0.2504485011868474,0.1712170737193848,-1.4627542437579468,0.1435346374936394,0.2920511128413087,SFI1
6.646044738693197,-0.2227262268938637,0.1521787633403852,-1.4635828416852208,0.1433079635493948,0.2918667423135856,ZRSR2
23.925688228631316,-0.1396655976962038,0.0954244488439674,-1.463624882178539,0.1432964701397638,0.2918667423135856,NGLY1
6.541684923706673,-0.3091564392536759,0.2111968975293213,-1.4638304012527192,0.1432402936581422,0.2918667423135856,FBXO21
4.915816241672471,-0.2684052627522822,0.1832969498855125,-1.4643193076585743,0.1431067241314977,0.2917477651892385,ZNF606
12.183281886893244,-0.2419217212301082,0.1651827957784416,-1.4645697216228006,0.1430383479057473,0.2916811431838935,AGFG1
6.038107669816387,-0.1927714278056268,0.1314135237441932,-1.4669070755675926,0.1424013354826377,0.290481638146001,RAD1
6.180366787269156,-0.2682773777843494,0.1827508745453199,-1.467995042167746,0.1421055696226622,0.2900686008960211,THAP5
8.309542651089748,-0.2761442386843681,0.1879257946792395,-1.4694323318185458,0.141715563190442,0.2894894667072754,MAN2B1
6.233901261764552,-0.2355843195991404,0.1602024715722365,-1.470541105184595,0.141415261429726,0.2889482623511605,PARP6
3.691659267273496,-0.396277692995465,0.2693124405263748,-1.471442211213618,0.1411715649811866,0.2885946603605894,BST1
8.390142743988877,-0.3227424272307302,0.2191410623932006,-1.4727610777556588,0.1408154708631122,0.288155074485973,PTPN22
25.2106786142517,-0.1373182876017259,0.0932125754611944,-1.473173409513754,0.1407042830625477,0.2879996735731657,ZFAND6
14.49034643563122,-0.2087158182214998,0.1415292437358757,-1.4747186709413136,0.1402881942691904,0.2872199537393022,DENND4A
14.339191838565169,-0.265001575225525,0.179357240271026,-1.4775069845247513,0.139539787431448,0.2861178426856616,PRNP
8.39166086100257,-0.2321669174835731,0.1570741950643778,-1.478071667904573,0.1393885965428824,0.28595134882046,CXXC1
6.588825941205895,-0.2974684595460129,0.2007554933845601,-1.4817450547975437,0.1384081439327786,0.2840826285040779,D2HGDH
13.404096940599931,-0.3071618147586221,0.2072339345035798,-1.4821984415555072,0.1382875011394824,0.2839063245755555,BCL2
5.764751988883193,-0.2754280683023126,0.1858003307298209,-1.4823873952238686,0.1382372459233469,0.283874475104214,ZNF660
9.23096216782102,-0.2516353348648424,0.1697179298599463,-1.4826679483569916,0.1381626543433328,0.2838639800451026,CDK5RAP2
16.543072242367913,-0.220672168556951,0.1488115608745104,-1.4828966732163984,0.1381018654708858,0.2838104483809376,STMN3
17.269094278149804,-0.2058423280829809,0.1387216718254794,-1.483851264003965,0.1378483836060118,0.2834320942236342,ZNF37A
7.164668353070943,-0.4533688781524986,0.3055204643208001,-1.483923111862176,0.1378293196609642,0.2834320942236342,ST3GAL6
25.537768857793548,-0.1190637953061016,0.0802338993798672,-1.4839587284969709,0.1378198699786975,0.2834320942236342,SBNO1
7.667635280810988,-0.3079473250620858,0.2074745746880121,-1.484265363720633,0.1377385352401302,0.2834201892337203,NQO2
8.704265251269087,-0.2092563358288649,0.1409048354354634,-1.485089813860274,0.1375200340247598,0.2830418634801795,GFM1
13.35182361235839,-0.2458332057187821,0.1655161534587158,-1.4852520468952264,0.1374770694432087,0.2830247252256131,SIL1
7.186624434376683,-0.3103581406598519,0.2088457168237334,-1.4860641883395451,0.1372621435734587,0.2826534715571399,CRY1
3.2917615018861612,-0.3081684511259551,0.2073060339376969,-1.4865387430959731,0.137136676966299,0.2824662937967304,TPCN2
19.823376328494156,-0.1715216807726665,0.115211108454879,-1.488759921443173,0.1365505996324447,0.2814009961151844,DNAJB11
43.672715684026045,-0.3594970374900199,0.2414550291209166,-1.4888778204325153,0.1365195450596914,0.2814009961151844,RHOB
7.207404069554026,-0.2452944963561263,0.1647337512993069,-1.4890360622605354,0.1364778727579184,0.2813930603847973,ZNF621
13.384890241730554,-0.2007359387031974,0.1347924208756794,-1.489222742637277,0.1364287239103198,0.2813627216232265,IPO9
34.96765579157898,-0.1854625123939464,0.1243943957171642,-1.4909233758057143,0.1359816133751848,0.2807240431755016,LBR
4.5622769591802195,-0.2845538180558254,0.1908082819448373,-1.4913074797145858,0.1358807860746681,0.280586783678573,NFYA
9.839211137605108,-0.2161938874770371,0.1446464208351498,-1.494636965289506,0.1350092133793845,0.2789985540017579,RNF38
5.320578615414866,-0.2511170819221974,0.1678653194618191,-1.4959437883136657,0.1346683041071256,0.2785758766732464,TVP23B
4.7987631079656685,-0.2765462216850776,0.1848526472973752,-1.496036035882102,0.1346442647669247,0.2785758766732464,DGCR8
9.812594438106029,-0.2582647986034413,0.1726064092401845,-1.496264244997194,0.1345848086560066,0.2785441923830371,RAPGEF6
4.784241184264834,-0.238482821765309,0.15932374080116,-1.4968442277723166,0.1344337950741946,0.2785138284866238,SETD9
20.357534425095057,-0.1467760921925824,0.0980544623921348,-1.4968833504547938,0.1344236131861586,0.2785138284866238,MAPK14
28.500093007683695,-0.1355479119595909,0.0905332676968206,-1.4972166078608375,0.1343369053280286,0.2784543007192598,TLK1
4.91780611191299,-0.2626793662604534,0.1751360968292231,-1.499858515840938,0.1336510558030615,0.27745497382287,PHLPP1
10.084153068303928,-0.1947445152718824,0.1298234956009402,-1.5000714190480635,0.1335959034818583,0.2774109599365349,EPC2
6.124332427782623,-0.2820177902105201,0.1879696137233207,-1.5003371269658097,0.1335270968679607,0.2773385634235147,TRIM41
31.588510405922364,-0.2777789186063446,0.1850878924711937,-1.500794648950778,0.1334086831467479,0.2771630689021299,ATF7IP2
3.7916636837815942,-0.2907678827929053,0.1935725055798251,-1.5021135461461432,0.1330677870452791,0.2765251495287323,SOCS6
6.378392285689914,-0.2960627534878201,0.1968406627277776,-1.5040731390813415,0.1325625356615063,0.2758259431856807,ARHGAP27
2.3754367767497877,-0.3637938328827497,0.241843874405449,-1.5042507641638785,0.132516811259701,0.2758010353548185,FANCI
5.572298932728684,-0.4082505927894727,0.2713470624492231,-1.5045329369131026,0.1324441992231467,0.2757217667325924,ECHDC2
9.9297522645479,-0.18027606182277,0.1197483733555433,-1.505457291578523,0.1322065491334553,0.2753657183200264,NAA35
3.981872018043285,-0.3052865427638572,0.2027420999539444,-1.5057876130966734,0.1321217041687707,0.2753293661726667,POMT1
5.186916806655703,-0.2711115488212283,0.1800153624149245,-1.506046735035495,0.1320551767522974,0.2752609309293424,ZNF576
3.992493738982715,-0.3098283194917263,0.2056840964819869,-1.5063309453235236,0.1319822379579804,0.2752493278087438,KIF16B
3.7383782067166527,-0.29861393750531,0.1982316570761347,-1.5063887469326938,0.1319674077634989,0.2752493278087438,VMAC
24.554061040189552,-0.2005464455140563,0.1330538560050236,-1.5072576739638754,0.1317446221918897,0.2749643187560489,CDK13
5.526760157524744,-0.2572702138959027,0.1706512145881585,-1.5075791550431468,0.1316622710596886,0.2748626512081542,BRAT1
9.012935612555369,-0.2518525617705441,0.1670246119068563,-1.5078769463687982,0.1315860239349567,0.274773677887179,CTNND1
10.982460812485945,-0.2049291797379706,0.1358558687164575,-1.5084308221213092,0.1314442994420049,0.2746180953057076,TNKS
6.996843605686584,-0.2853849747765342,0.1890504234316488,-1.5095706721847943,0.1311530095107461,0.2741888540859952,LIMD1
10.47730322697082,-0.1791116309110044,0.1185241102561846,-1.5111830877604782,0.1307418100850419,0.2735701229717996,INTS8
7.235441182307039,-0.2337242858570609,0.1545708475542438,-1.51208516712726,0.1305121977632673,0.2732996329891484,NEK9
17.49240905492047,-0.257830176288941,0.1703450163317729,-1.5135762808979238,0.1301333407031814,0.2727159597039486,TRMT1
8.78087075480037,-0.2639428362744763,0.1743564153583306,-1.5138120139257911,0.1300735246788042,0.2726605362110081,CCDC84
3.934048746534315,-0.2751223368532095,0.181718396198091,-1.5140037696199948,0.1300248834143874,0.2726285148521837,SERGEF
7.038325238360103,-0.2308631860189604,0.1524195147353884,-1.514656351056858,0.1298594536296575,0.2723919865785333,WDR59
19.97626720878924,-0.2741612753281699,0.1809718774384098,-1.51493855956418,0.129787964230746,0.2723414113326722,TFEC
6.033682753622934,-0.3344607011730002,0.2206744261848242,-1.5156296402596063,0.1296130278587842,0.2721840274053266,SPATA6
4.98033251137605,-0.3497042224145319,0.2303155141793225,-1.5183702394544465,0.1289210897554577,0.2710095766379842,GDF11
6.299618024053724,-0.2336435430174137,0.1538738868016944,-1.5184093147560684,0.1289112449349001,0.2710095766379842,METTL2B
9.76697537308215,-0.1844883652322467,0.1214888016025385,-1.5185627218203763,0.128872600464579,0.2710095766379842,SEH1L
11.342029126580565,-0.2127779914353258,0.1400528181597577,-1.519269617214062,0.1286946441304177,0.2707425172990843,ALKBH5
5.546596438937547,-0.4686294387129097,0.3084007941555347,-1.5195467962270148,0.1286249182503218,0.2706655181620859,HOXB5
8.371999069697681,-0.2300567406834759,0.1513500138463129,-1.5200311835919955,0.1285031384740876,0.2704825644132102,DENND6A
15.084856161623788,-0.1856784769730145,0.1221147901700733,-1.5205240635832395,0.1283793155698447,0.2703575741034024,TOR1AIP1
5.511638904781992,-0.2445038161685735,0.1607666984881008,-1.520861089192987,0.1282947003107069,0.2702490322863589,CWF19L1
10.66224187921846,-0.2254550717494479,0.1482379025735219,-1.520900308459426,0.1282848565510774,0.2702490322863589,OGFR
24.42509887731211,-0.1638163622841101,0.1075906826811678,-1.5225887428334328,0.1278616279015612,0.2696148029893307,CAND1
11.665991749681304,-0.2062819760954596,0.1354795041841897,-1.522606517772689,0.1278571781581515,0.2696148029893307,LTN1
11.504968760077537,-0.2518138685338532,0.1653047556989911,-1.5233310588619082,0.1276759004444599,0.2695013646426459,HECTD4
2.46479542261858,-0.4072314461176781,0.267328687377027,-1.5233361227085194,0.1276746341911035,0.2695013646426459,PGBD2
8.972141164539583,-0.2105247580552008,0.1381619153113757,-1.5237539055588567,0.1275701980543903,0.2694554160034174,ATG10
2.848247664615549,-0.3343614652554895,0.2193348917371232,-1.5244335390842767,0.1274004472414804,0.2692677326461813,CEP120
8.671025303388513,-0.3116582821859806,0.2044126538359955,-1.5246525904214836,0.1273457726556905,0.2692677326461813,NFKB2
4.44212610178516,-0.2838895087529784,0.1861128233246649,-1.5253624316780514,0.1271687237348091,0.2690563546445171,SKIV2L
36.14493448137382,-0.2004444565035986,0.1313626786057622,-1.5258858804574202,0.1270382876529503,0.2688499995887742,MSRB3
5.616360666551989,-0.3254096545590573,0.2130986274229208,-1.527037778207934,0.1267516175917896,0.2683823444784952,CLOCK
4.088499010847913,-0.3143089319063226,0.2054602772717228,-1.5297795568076966,0.1260713034592151,0.2671495385283317,PPP2R1B
22.2561929751274,-0.178146628852847,0.1164308330380343,-1.530064023458907,0.1260008822603793,0.2670695743059816,CSNK1D
2.5613864458147044,-0.7122021353745291,0.4650692036739365,-1.531389586212763,0.1256731362865442,0.2666465933153715,CCDC152
4.256187235519645,-0.3497106517920424,0.2281485767996928,-1.5328197821679914,0.1253202650836538,0.2663109914922578,SLC25A44
2.636186644743505,-0.3217482673487453,0.2098879380015732,-1.5329526337351205,0.1252875259518577,0.2663109914922578,ZNF764
15.812039975815129,-0.1841398430027411,0.1200420333338129,-1.5339613791003102,0.1250391543214181,0.2660476615097077,ZNF91
2.6341136275921446,-0.31146580854174,0.202850132470934,-1.535447893219243,0.1246738470815703,0.2654964827999769,TXNL4B
5.867946582995644,-0.2463930022456173,0.1604557968974478,-1.535581805144096,0.1246409794599148,0.2654956838287184,NSUN3
20.125420679103556,-0.1515699412374602,0.0986910279285988,-1.535802640004097,0.1245867920532951,0.2654494596786113,ARIH2
7.184764665487487,-0.2455472032314656,0.1597245491985566,-1.5373166145313153,0.1242157948062199,0.2647280280025099,SEC16A
15.518386413635234,-0.1834802254306779,0.119309127112436,-1.5378557355278235,0.1240838922987287,0.264654002603214,UBXN2A
8.401792418075567,-0.2490737495929357,0.1619420535497002,-1.5380424301986186,0.1240382406618053,0.2646257087330578,CHSY1
3.452754844886582,-0.5419948707631966,0.3522822380535949,-1.5385245471295643,0.1239204113231754,0.264443374489858,MPL
11.49945144663682,-0.3622217525242074,0.2351148689563442,-1.5406161002580578,0.1234102470903725,0.263492325313675,AGTPBP1
5.98205363280327,-0.3000333759670764,0.1946840985701338,-1.54112933809533,0.1232853108347474,0.2632943739756197,TNPO2
12.87525661033461,-0.4402805995147765,0.2854084051354183,-1.5426336141217554,0.122919697413201,0.2628429919500186,LDLR
13.573593996939788,-0.2243768237271182,0.145116455685583,-1.5461845637497165,0.1220600004097014,0.2614323321058971,MDM2
13.242752822622217,-0.2550391330507042,0.164918530620112,-1.5464552836587169,0.1219946515011294,0.2614262516170282,GAK
28.804590961019663,-0.1500807014509178,0.0970397714682972,-1.5465896011507911,0.1219622388388583,0.2614253550766818,EIF2AK2
9.650528035226008,-0.2879142883494989,0.1861410607284994,-1.546753237693446,0.1219227601827503,0.2614093081745614,PKD2
5.194941353284943,-0.3333551902565598,0.2153427551617935,-1.5480213857489653,0.121617147705315,0.260822497086648,GTF2IRD2
17.47105600259745,-0.2287954374821551,0.1477825678181493,-1.5481896197912497,0.1215766498327323,0.2608040970814532,NF1
13.299605695371806,-0.2083455681375157,0.1345540188908693,-1.5484157950458206,0.1215222207742299,0.2607557946287376,SDR39U1
6.983095578880186,-0.2109461801517801,0.1359770071372725,-1.5513371311285304,0.1208209129068887,0.2593871989916415,ZNF426
12.215241828528285,-0.2466013878627311,0.1589387353206304,-1.5515499564360888,0.1207699452225164,0.2593459191624657,TRMT13
14.627771128336391,-0.2889381195448451,0.1862240755301706,-1.5515615729182852,0.1207671637764213,0.2593459191624657,HMGCS1
6.619702532630931,-0.4956253954833469,0.3194195200792197,-1.5516440427949614,0.1207474186616669,0.2593459191624657,SCRN1
3.902853931697963,-0.3373848593272779,0.2173965426046813,-1.5519329575575909,0.120678265997604,0.2593459191624657,STXBP4
6.566584386253967,-0.3845393589705742,0.2476277150194192,-1.5528930553690985,0.1204486861712094,0.2590645471716116,GBP5
2.239280187043119,-0.3764171209834774,0.2423464835287175,-1.5532188274515353,0.1203708648629899,0.2589653335427833,ZNF74
11.322129746631624,-0.1695629710173454,0.1091467756018662,-1.5535316557207226,0.1202961726597974,0.2589409975772405,TAF3
19.768370025246764,-0.2674594356665356,0.1721507129710605,-1.5536353643304226,0.1202714187629863,0.2589409975772405,DNMT1
6.047116964018952,-0.2156531210397785,0.13872938231861,-1.5544877187191912,0.1200681239019915,0.2586545321389858,NVL
9.573639368437323,-0.2542017588781144,0.1635154011554587,-1.5546043802714191,0.1200403199278569,0.2586545321389858,TTF2
52.77255358332746,-0.1926349971118405,0.1238653305651709,-1.5551970533876462,0.1198991458733638,0.2584949659449224,CDC37
4.6277530764845185,-0.483050362401639,0.3104111939682517,-1.5561628310705975,0.1196693773626168,0.2581358190152963,KIAA1958
15.040644202289606,-0.2642759192484548,0.1697440250335505,-1.556908522678307,0.119492205693622,0.257937688117564,NBAS
5.524282765351563,-0.3389105662294006,0.21747861906845,-1.5583626918411255,0.1191472953792449,0.2574173851252803,HELB
2.871500411008393,-0.3668594362151246,0.2352791825937195,-1.5592515758124597,0.1189368480161586,0.2570306757841926,ZNF320
19.917892741649855,-0.3289292433601133,0.2108830099637854,-1.5597711898013962,0.1188139620287512,0.2568330380256419,ARID5B
4.175940830006369,-0.3285480015357688,0.2105660407619382,-1.5603085870205378,0.1186869751252116,0.2566264286181805,ZNF681
3.948570484856158,-0.2772443974771837,0.1776111473871627,-1.560962819934028,0.1185325236148377,0.2563603098085862,SETD1A
40.21475474908442,-0.2044223660711887,0.130931682328482,-1.561290303735141,0.1184552703502942,0.2563289232076944,ZNF638
13.891440769158514,-0.2049174273013912,0.131244616224447,-1.5613396815527516,0.1184436255741304,0.2563289232076944,CREB3L2
43.36678385430778,-0.1485242049755732,0.0950485548607957,-1.5626140259901455,0.118143407219842,0.2557895549531873,G3BP2
4.081858768291852,-0.27868811465379,0.1781304652919729,-1.5645168511573435,0.1176962387490157,0.2549771781006698,ZFP62
3.700591308651518,-0.317418204799018,0.2028343077763527,-1.564913787410199,0.1176031254205155,0.2549771781006698,TMEM175
14.26937821445907,-0.8463798134796345,0.5402334101111871,-1.5666928361676826,0.1171865060902832,0.2544594582151752,TNF
7.128974236509962,-0.2378334875761565,0.1517237667881132,-1.567542729863134,0.1169878865979029,0.2540956994660992,C2orf69
5.773310763766113,-0.6653247204659907,0.4243582186509439,-1.567837480751737,0.1169190653127941,0.254013741736464,IFI30
56.83423336091999,-0.2996127867380121,0.1910598666526462,-1.5681618122487182,0.1168433740042323,0.2539601076524262,HIST1H2AC
12.67905202949453,-0.2534809445209739,0.1615561501457939,-1.56899594532442,0.1166488838009564,0.253629065869509,C1orf35
7.506336465120088,-0.2435310233926801,0.1551134728664464,-1.5700185089812395,0.1164108053166971,0.2533136325546558,LRCH1
19.60361178293078,-0.421094350265412,0.2681665582815412,-1.57027167355937,0.1163519212446092,0.2532529431245875,H2AFJ
22.097686875981204,-0.2300413460786219,0.1464504822768418,-1.5707790271647215,0.1162339852649514,0.2531985853372216,SHPRH
6.911075408302655,-0.2510382263357349,0.1597254937067536,-1.5716853991800834,0.1160235299818945,0.2528749702539504,HPS5
6.2103095639971615,-0.2669668656845075,0.1698244493209397,-1.5720166722283015,0.1159466847234486,0.2527749095184896,LIG3
16.13908556035418,-0.2189775120169474,0.1392535069400257,-1.572509855075014,0.1158323554363267,0.2527022848581055,PTOV1
2.690959453745979,-0.3101864928463885,0.1970975123109388,-1.5737717295845002,0.1155402320206782,0.2522252834199737,ERCC8
7.788276357236397,-0.2457210895002647,0.1560577613043023,-1.5745521878987152,0.1153598463672268,0.2518987986816169,COG3
10.976610322235665,-0.2194877596594411,0.139281641420302,-1.5758556362579454,0.1150590770191681,0.2513092003003537,SRBD1
162.1075855898905,-0.1702221800877648,0.1079790188656831,-1.5764375512571285,0.1149250000524783,0.2511506219387003,CIRBP
12.24011592836467,-0.3417871107687483,0.2165463885568493,-1.578355164667269,0.1144840392815843,0.2505890932145261,NAIP
3.1719848390695833,-0.3743979755749472,0.2371457184386268,-1.5787675950465925,0.1143893739300577,0.2504489749149254,ZBTB18
13.123770733098208,-0.2008976130031542,0.1271237149878961,-1.580331514244076,0.1140309664119743,0.249999202187347,RPRD1A
4.096564042795767,-0.430911451441626,0.2726445330443138,-1.5804881419411716,0.1139951203874247,0.2499876888581985,NLRC5
14.465180723444222,-0.3158678618618658,0.1997827351002104,-1.581056850099822,0.113865039661574,0.2497694601542876,BIRC3
11.09898103475878,-0.6023093588053318,0.3807140024472196,-1.5820520257560873,0.1136376941927258,0.2494046734484993,SOCS1
11.364143502914938,-0.206667277646049,0.1305959976690043,-1.582493195310988,0.1135370245157178,0.2492506790214751,NADSYN1
11.887674382127765,-0.2296202107618996,0.145088297491526,-1.5826239244092777,0.1135072071763945,0.2492506790214751,PHF21A
16.21748884792576,-0.1780857712186901,0.1125242503789784,-1.5826434801289708,0.1135027473415246,0.2492506790214751,U2AF2
7.873618301689031,-0.3032824159827102,0.1916169585623161,-1.5827535217039732,0.1134776540729807,0.2492506790214751,SLC22A16
67.37054365055114,-0.1773921436312971,0.1120211078631779,-1.5835599827129287,0.1132938865333064,0.2490359787673164,RCSD1
5.159300963851795,-0.2662799930310098,0.168117822902869,-1.5838891346151591,0.1132189503944861,0.2489537254233978,DVL2
42.73586348101758,-0.1443075591905958,0.0910191596218349,-1.585463541853854,0.1128610540589274,0.2482335592773879,DDX46
2.7003636918316025,-0.3931851167377084,0.2479498639114377,-1.5857444345206233,0.1127972949999068,0.2481601231675386,DPH1
14.896416712273096,-0.2063462076846426,0.1301028085596583,-1.5860242370557516,0.1127338116153117,0.248087254163402,RAB3GAP1
7.220614400866923,-0.2795338430782237,0.1759694648438064,-1.5885360754284437,0.1121651701720593,0.246968904736162,PARP10
2.735173833871211,-0.3542777025510064,0.2227664019732933,-1.5903551855790148,0.1117547658258847,0.246131588022454,NRF1
5.262555732179834,-0.4014122129863787,0.252222353218137,-1.5915013394519135,0.1114967942208834,0.2456958752909488,PLXNC1
4.519652744003493,-0.4350500541536565,0.2732548499751004,-1.5921036870646548,0.1113614087894211,0.2454637365034692,TNFSF4
2.7073383198601393,-0.3834048345119871,0.2407533853712294,-1.5925210518672308,0.1112676767578532,0.245323309980685,TOP3B
7.1550620295881595,-0.2671393554776253,0.1677237178781297,-1.5927345211351225,0.1112197597795308,0.2452962405784933,PHF7
5.2112985892628965,-0.3311092520819073,0.2078602723637626,-1.5929414905338652,0.1111733173651902,0.2452962405784933,GALNT10
11.867003724592768,-0.3214335316367165,0.2017761087881368,-1.5930207672614949,0.1111555323044206,0.2452962405784933,PIK3CB
45.28765108700311,-0.1888001696635412,0.1183929397492355,-1.5946911197866451,0.1107813248187465,0.2447793956446667,RB1CC1
11.973293615774253,-0.2247321667107945,0.1408445718869258,-1.5956040314511812,0.1105772268882869,0.2445159911497608,ZC3H8
7.630204294407546,-0.2149086294958972,0.1346872900688816,-1.5956118011282945,0.1105754911116475,0.2445159911497608,POLR3E
2.8861675274154073,-0.317321418601507,0.1987933837513581,-1.5962373224573634,0.1104358177594787,0.2444787501795449,ZNF569
3.826013747417451,-0.3254147202038159,0.2038410761262218,-1.5964138650951472,0.110396422583578,0.2444577693578364,GPR89A
90.34451472111688,-0.2583665219315552,0.1615689506375748,-1.5991099831496267,0.1097961668455725,0.2434584747069669,ITGA4
5.702743330400738,-0.2681804259494961,0.1676030182361322,-1.600093057821086,0.1095779408335689,0.2430405414090912,GK
34.166035252536815,-0.1484140032644165,0.0927228957789699,-1.6006187254785622,0.1094613922329723,0.2429139152459579,TMEM165
3.4478458702917427,-0.3377097411786544,0.210818071793757,-1.6019012900802705,0.1091774391863278,0.2424154498889904,AKAP1
8.19264396081506,-0.2422875614731826,0.1512013795903447,-1.6024163412372352,0.1090635736257823,0.2422284479739785,AMZ2
17.749909800589712,-0.2454723785436284,0.1531723673006813,-1.602589180212641,0.1090253840923825,0.2422094653123594,ZNF609
6.096365927924631,-0.3306741043304574,0.2062154663667484,-1.6035368741079912,0.1088161748885729,0.2419420312964705,SCARB1
5.538222393512624,-0.2903849967455948,0.1810353800239598,-1.6040234605366237,0.1087088814186041,0.2418350857804014,SLC20A2
3.927201054486867,-0.2948886388253559,0.18375423268513,-1.604799163079193,0.108538010231071,0.2415207193894556,FANCM
5.346351595820372,-0.3193420108056862,0.1989060683965948,-1.605491543721817,0.1083856726872117,0.2414320879917179,ANKRD50
6.359295880446637,-0.2401183576149386,0.1493556862120276,-1.607694783538826,0.1079020416140089,0.2407612184675223,ZFYVE27
75.32660505900311,-0.2829254344683652,0.1758514591256342,-1.6088887511944596,0.1076406695978854,0.2403749415917797,KCNQ1OT1
8.558353737927785,-0.4975589677510311,0.3091382325048881,-1.6095031783011948,0.1075063605938103,0.2401406430869393,HOXA6
8.755163626139746,-0.2907552839259003,0.1806225952955041,-1.6097392657337015,0.1074547890200275,0.2400910804163645,AKAP10
4.683790960609027,-0.3325017425104431,0.2065310538218984,-1.6099358249397944,0.1074118670473719,0.2400608221127123,ARFGAP1
3.676940499563617,-0.2876084726320431,0.178609077527355,-1.6102679472603751,0.1073393734714901,0.2399644379303819,COG7
21.841562621918232,-0.2966650897412795,0.1841938783473139,-1.6106131886852997,0.1072640574260869,0.2399273510069959,PIM3
6.378016335018603,-0.3508522120778586,0.2177785583106981,-1.6110503017349775,0.1071687592129205,0.2398455030207543,LTBP4
6.399103593141744,-0.4321253334658309,0.2677525059983539,-1.6138983717615984,0.1065494719102393,0.2388210121837913,ZNF718
3.0221631153652444,-0.3652148190823915,0.2260455978148736,-1.6156687969720795,0.1061659407484679,0.2382537494797394,ZFYVE26
5.411013181866197,-0.3226889202241872,0.1995631887799919,-1.616976167783804,0.1058834253762134,0.237825938294623,BTN3A1
5.263861672666332,-0.319979244614112,0.1978402117745271,-1.6173620203095176,0.1058001589054141,0.2377593780022384,EEFSEC
14.741976883747636,-0.3239611712554884,0.200279369121064,-1.6175463937059926,0.1057603897101713,0.2377353904599201,RALGPS2
16.35997380567993,-0.5339092265330736,0.3298340326679673,-1.6187208524674643,0.105507338160603,0.2372318272180206,FCGRT
8.760965077282448,-0.2741347658335197,0.1691768052806606,-1.6204039636446388,0.1051455289996725,0.2365484904890761,PRKAG1
4.098103938609032,-0.3124342853798515,0.1926959861958421,-1.621384500776867,0.1049352026917145,0.2361403308163038,ATP7A
3.651122751673039,-0.6096958484203523,0.375695362672669,-1.6228463510516102,0.1046222544581402,0.2355009479827725,SMAD7
5.56039840543495,-0.343285516888198,0.2111750459473789,-1.6255969797384993,0.104035418142153,0.2343624243428262,DPY19L3
7.289492729621853,-0.4194991148891067,0.2577176706259023,-1.6277468047507035,0.1035785841953402,0.233537696319019,NBEAL2
3.329875466943697,-0.3751304732383985,0.230410381582109,-1.6280970964180146,0.1035042991349664,0.2334346199922193,IL17RC
3.302536728331329,-0.3932488351822616,0.2413242175049444,-1.6295456761367288,0.1031975537346021,0.2328070711113843,NEK8
6.912410539327499,-0.2107704021241046,0.1292935989028723,-1.63016888626048,0.1030658078388915,0.2325740723147149,ZNF529
34.09942183687748,-0.1493288712306384,0.0915723632281305,-1.6307198587702874,0.1029494443101951,0.2323756655962995,BRD4
12.418192993756469,-0.2156759017727981,0.1321535227653745,-1.632010235214912,0.1026773300433796,0.2318895698685613,TGFBRAP1
5.631378171782229,-0.2552295568104887,0.156290623488982,-1.633044587786685,0.1024596194075722,0.2315258711778962,AAAS
3.796535829944125,-0.2811386937949052,0.1720238069542431,-1.634301081766465,0.1021956466630671,0.2311211261787769,MUL1
3.1904794175374653,-0.3890263705569391,0.2379590086463727,-1.634846155940519,0.1020813022461333,0.2309264453635536,GCAT
13.968507852820617,-0.2175076112322251,0.132956467462274,-1.6359310335463166,0.1018540221284221,0.2307316924899742,ZNF830
4.5642448576113654,-0.5858178309247084,0.3574632884052272,-1.6388195653272628,0.1012508431814254,0.2297474700459394,CREB5
3.543963368690289,-0.297240065332634,0.1812373976285435,-1.64005922189329,0.1009928540003772,0.2293531434233137,WDR5
10.083551567992949,-0.231752670154868,0.1412336962769765,-1.6409162704371396,0.1008147970869786,0.2290124289679461,REXO4
8.319454045631906,-0.2956292423613642,0.1801384637529131,-1.641122257858621,0.1007720392865949,0.2289789580118931,NPLOC4
9.025396410245015,-0.2404564559861308,0.1463073448087149,-1.6435022882857195,0.1002790522898778,0.2283668161261404,ODF2
11.25161072037112,-0.5407634825508275,0.3285940461416364,-1.6456886206566812,0.0998278830224505,0.2274027410583895,HOXA3
26.9519614683696,-0.3782875240823026,0.2296238445075229,-1.6474226572315285,0.0994712014693619,0.2267799071445748,ADAM28
5.912425670620883,-0.3181429599797573,0.19305897113874,-1.6479056016056708,0.099372043760449,0.2266170721648421,RANGAP1
9.90924333403968,-0.2674284806976804,0.1622184581468746,-1.6485699824341031,0.0992357625750154,0.2264326769060183,FAM50A
3.1206110580609585,-0.3950918312160067,0.2389643609002404,-1.653350439904904,0.0982595630399384,0.2246693030187521,CBWD3
15.843588542786856,-0.2305158707057602,0.1392939112372317,-1.6548883483727304,0.0979471481849729,0.2241182155753048,ZSWIM7
3.876547879601975,-0.4243017318058911,0.2562387346010369,-1.655884433188947,0.0977452246514712,0.2237815160064924,MYO5C
7.146308380870701,-0.2774141316303584,0.1674901008104992,-1.6563016577572478,0.0976607449587799,0.2236507699154122,DDX56
5.479830863556662,-0.3268539957824224,0.1973323008733849,-1.656363374550338,0.0976482534887628,0.2236507699154122,ZNF688
44.186246493411915,-0.1932676284189225,0.1166700397012869,-1.6565317789704213,0.0976141749538589,0.2236507699154122,CTNNB1
25.69099059490553,-0.1737188995634726,0.1048508012215476,-1.656819953110402,0.0975558817134923,0.2235986281853986,USP8
4.275166757618948,-0.3643471127366862,0.2198469581203969,-1.657276115401857,0.0974636639091961,0.2234499432665662,CLN3
8.238872682713957,-0.2116866035999956,0.1277136970459489,-1.6575090103595926,0.0974166087212585,0.2234047459616625,SNX27
3.113027886072353,-0.3375782532092544,0.203657635794008,-1.6575771975999072,0.0974028352890802,0.2234047459616625,PGM3
19.798512073513304,-0.2775795781662516,0.1673536629747707,-1.6586405892298752,0.0971882376328429,0.2230062032288569,TESPA1
4.622111810815372,-0.3030850585067618,0.1826690776328304,-1.6592028734932938,0.0970749187808941,0.2228713575045479,GBA2
10.012981733578387,-0.2522271292300798,0.1519127816310137,-1.660341720571763,0.0968457271664084,0.2224577468907276,MED23
13.5475751244835,-0.2615936707060893,0.1573206667554052,-1.66280550484065,0.0963513743699813,0.2216269444037797,POLD2
13.487592618861669,-0.2167618046918098,0.1302269294003432,-1.664492940822104,0.0960139606025085,0.2211189605645707,TGS1
3.113599870255531,-0.3705389804366239,0.2225534905664827,-1.664943468167865,0.0959240348742314,0.2209741440533817,ALKBH6
6.563109479360518,-0.285651384654449,0.1713364940118455,-1.6671952248229158,0.0954755919496171,0.2203760061639327,TYW1
23.866466121892984,-0.1548224071925678,0.0928369798158301,-1.667680352158206,0.0953791977838171,0.2202157177427436,WDR43
9.529205152757148,-0.2603288002386152,0.1560497844749688,-1.668241972358336,0.0952677019447598,0.2200204614444975,MICU1
6.049376139099184,-0.2459588382742664,0.1473806893698957,-1.668867470533806,0.0951436476091291,0.2199204369488525,AP4S1
15.539128265784305,-0.2744209813885039,0.1644217058638706,-1.6690070203729968,0.0951159885117825,0.2199187159393817,KPNA2
86.92548911146274,-0.2881506720034448,0.1726348239651414,-1.6691341027557016,0.0950908060966763,0.2199187159393817,GLUL
14.317832747189938,-0.2662415815202563,0.1594868250931307,-1.6693641080684074,0.0950452422406732,0.2198795793738791,STK17A
4.40768687979498,-0.3545773761232368,0.2121579074288765,-1.6712899388023277,0.0946644227652394,0.2191226624404452,TANC2
26.06381475418364,-0.1904877730397701,0.1139099435841841,-1.6722664154336246,0.0944717990929554,0.2187387561316347,PTBP1
14.442688415121763,-0.2338972147316295,0.139719098836309,-1.6740532731724596,0.094120129929352,0.2181099210586317,AP1G2
17.68643518542878,-0.225730964770523,0.1347106716082622,-1.67567247698792,0.0938023637412287,0.2176204185490007,GATAD1
3.726856289567991,-0.3562997615371154,0.2125734025324729,-1.6761257866335686,0.0937135567702181,0.2174761352937951,ABCF2
646.8773544039219,-0.1424305692410137,0.0849664612682005,-1.6763151850166524,0.0936764720980483,0.2174518333844185,EIF1
15.942254099819742,-0.2018604149402677,0.1204190451494489,-1.676316355853379,0.093676242881934,0.2174518333844185,IARS
20.843112507026603,-0.1876251246420445,0.1118052172179332,-1.678142839044098,0.093319217462803,0.2168689777840056,CHST11
3.577328668957178,-0.3286635582835693,0.1958109278066099,-1.678474035974997,0.0932545949913371,0.2167804539613702,CCDC138
7.816719243412625,-0.2132715165598438,0.1270279047252498,-1.6789343807656376,0.0931648331004672,0.2166848614939479,WDR75
7.0751106668408825,-0.445729741092859,0.2654070152847955,-1.679419591130882,0.0930702977796616,0.2165368460015988,ARHGAP21
17.51328313287712,-0.1933474795312389,0.1151081860066084,-1.679702254365635,0.0930152609598344,0.2165321074936773,YLPM1
31.44183464311999,-0.1936710530370796,0.1152678554056933,-1.6801826697949804,0.0929217801162061,0.2164378179388599,SPEN
4.123037688325029,-0.3073229786647191,0.1828074493867385,-1.6811294052605132,0.0927377818983563,0.2162165765145215,SLC2A11
4.350015192597564,-0.3012753776040007,0.1790976378760911,-1.682185098456957,0.0925329527796465,0.2158397822330837,PRIM2
3.4749287196325502,-0.4116753059053014,0.2446997840150502,-1.6823688977182802,0.0924973285899923,0.2158184920657732,NBPF11
13.927158977905144,-0.2267897359035499,0.1347902644466638,-1.6825379550560209,0.0924645714216928,0.2158184920657732,ZBED5
129.276122642181,-0.1646650258563476,0.0977793557006671,-1.6840469511830114,0.0921725953151229,0.215430025288163,HNRNPDL
52.01239543879445,-0.2000148354199247,0.1187583049780543,-1.684217667613949,0.0921396100248364,0.215430025288163,EWSR1
4.922709618792483,-0.3701631563161419,0.2197296314389607,-1.6846301242669246,0.092059955579448,0.215351244500335,ARHGAP12
12.252395391924493,-0.2309811458603895,0.1371070561663246,-1.6846773048659591,0.0920508474956448,0.215351244500335,CLK3
12.618356557819586,-0.197039237228218,0.1169083472200633,-1.685416327521248,0.0919082756746112,0.2151195991226722,UIMC1
7.27609900224885,-0.2486043334661121,0.1472460584582819,-1.688359851999347,0.0913421723893384,0.214162665880426,ANAPC4
7.0055969833892595,-0.2739473384324858,0.1620514920448836,-1.69049562565342,0.0909331744226217,0.2133874118917985,SLC25A38
10.410538012914728,-0.3197133280287861,0.1889613446166307,-1.691950957892622,0.0906553247568445,0.2129258531418797,NFATC1
11.531292663721208,-0.3880608948680984,0.2293045104594832,-1.6923386901134094,0.0905814148737494,0.2128676275333352,DDX60L
9.01165611425483,-0.5121749937248127,0.3021487261189504,-1.6951088965477838,0.0900547648574259,0.2119347591157912,MAP3K13
26.178693648782907,-0.5995792366903279,0.3536221706675165,-1.6955363278227984,0.0899737248625118,0.2118100351189698,DST
9.183339878813738,-0.9027960869938392,0.532176730351153,-1.69642157483687,0.0898060707295459,0.2115932537286966,HES1
9.357824623029863,-0.2451235246206688,0.1444514995681523,-1.6969261333629788,0.0897106265637748,0.2114903432350272,KDM3B
23.109994079966423,-0.1750196421499376,0.1031248129415396,-1.697163244787212,0.0896658019013504,0.2114456759988267,TMEM87A
6.727131368049688,-0.3414025747545365,0.2010921467006041,-1.697741957386498,0.0895564750548476,0.2112488330465244,GNA12
13.150634848453372,-0.222367416649296,0.1309676453332215,-1.6978805420493408,0.089530310423454,0.2112480988940349,GNL2
6.940899497197852,-0.3128771129679699,0.1841829447203946,-1.698730104695329,0.0893700484354311,0.2109429796896111,TMEM260
28.207564376521315,-0.3358684889273349,0.1973180343833757,-1.7021682279419268,0.0887238368841019,0.2095873001387675,AHR
12.968930494894352,-0.2839401808324877,0.1666710721836967,-1.703596053666366,0.0884565792513763,0.2091373579464688,MEF2D
5.164215846405124,-0.5663328700078187,0.3323747742437345,-1.7038984721280916,0.0884000565144988,0.2090642146975311,SPRY2
4.785865494543512,-0.3062438803053923,0.1796788854374851,-1.7043954806361623,0.0883072276758144,0.2089051410941168,ZNF808
25.09138859644828,-0.7774928157942923,0.4553349791863901,-1.7075183136238423,0.0877257568304068,0.2076498143282891,CLU
5.891676333924371,-0.4175452379105387,0.244516300055715,-1.7076376413981305,0.0877035994312965,0.2076498143282891,MFGE8
9.043730411549395,-0.3320097872865929,0.1942910545761101,-1.70882693498652,0.0874830118584468,0.2071952724334403,CLN8
5.094767141377115,-0.856984053180048,0.5013513621204089,-1.7093482095182326,0.0873864681986135,0.2070266255873792,SETBP1
10.6263320894427,-0.2523165948295486,0.1475932107642573,-1.7095406592418418,0.0873508469098976,0.207002253509505,ERLIN1
8.749859155457864,-0.2464452697563802,0.1441224614844111,-1.7099712787172785,0.087271184268309,0.2068734687137664,NAT9
8.871425180407343,-0.2611157666916494,0.1524887120449328,-1.7123612835991964,0.0868301093371533,0.2060670413575021,ZNFX1
10.429340960080877,-0.4226047957704791,0.2467390637823479,-1.7127599873819128,0.0867567040887637,0.2060029533387952,TPM1
42.07167201277482,-0.2132840567336284,0.1244741201545043,-1.7134811354270922,0.0866240609825285,0.2058770221897151,TTC14
27.60846799318672,-0.2377467922945711,0.1386844431764804,-1.7143003703164512,0.0864735751734249,0.2056242057734893,RICTOR
4.4482248745877255,-0.3147296686525603,0.1830893781474331,-1.7189946890262722,0.0856153389881823,0.2041620454748384,CFL2
6.540064119497544,-0.3686943930816964,0.2143558062225878,-1.7200112260959377,0.0854304009904669,0.2039298295334809,MCM4
3.0740639640850858,-0.5395632703259543,0.3133897921010083,-1.7217002082570965,0.0851238395983731,0.2034357687506016,TJP2
7.004169959039127,-0.3613638503905746,0.2098335560166314,-1.7221451956994562,0.0850432196731532,0.203302559376634,REXO1
7.79843702739532,-0.2127026324569023,0.1235095855768711,-1.722154855134853,0.085041470324551,0.203302559376634,USP39
21.98847413312596,-0.1597624631772848,0.0927443129551915,-1.722611964945737,0.0849587198286241,0.203278975027727,CUL3
11.255351625169544,-0.2437063657034716,0.1414692071026827,-1.7226813572693742,0.0849461634456573,0.203278975027727,SMG7
17.019105027898807,-0.2878521422187636,0.1670733641628351,-1.722908637538498,0.0849050481063223,0.2032696009600819,AKNA
15.206195799824163,-0.3065057807845655,0.1778213868983596,-1.7236721978766265,0.0847670367583874,0.2030581815751344,XPA
3.1212596989164,-0.3955715253273399,0.2293616276326129,-1.7246630546281216,0.0845882128265442,0.2027486908200918,PLA2G6
4.171659197572526,-0.2895710640026175,0.1678080406056526,-1.7256089932133043,0.084417780344776,0.2024589619011343,EXOC8
11.968023256616796,-0.4171830529981714,0.2416548724953102,-1.726358954364835,0.084282855251196,0.2023135165268868,CDKN1C
3.4866461470023347,-0.3977454693291694,0.2303494316900277,-1.7267047997947742,0.0842206932166134,0.2022237097481482,SLC9A8
11.65733906822604,-0.4191194517697732,0.2426921215519913,-1.726959445941414,0.0841749470049256,0.2021732780650344,TRIM73
10.34439837875984,-0.2530405482111053,0.1464325380456397,-1.7280349817623062,0.0839819528919961,0.2018807564288796,MLH3
8.187727234586157,-0.4110394326485247,0.2378008851693661,-1.7285025341927345,0.0838981670780386,0.2018645239089087,SLC7A5
12.358517035552248,-0.2252473576195114,0.1302339633192781,-1.729559263026503,0.0837090496328006,0.2016847848079737,ADIPOR2
10.03061074450093,-0.2180091033237507,0.1260318153578045,-1.7297942008120926,0.0836670509359522,0.2016847848079737,RPRD2
12.097037288797631,-0.5042606534251055,0.2914061288631193,-1.730439422782248,0.0835517954837844,0.2015058208081473,ELL2
3.8064360939402335,-0.3969217269124799,0.2292148401857461,-1.73165806625274,0.0833344610139347,0.201139140236209,ARHGEF18
6.4261919350951215,-0.2495810578376603,0.1441175351502092,-1.7317882766835406,0.0833112662185252,0.201139140236209,TRAK1
12.58022322446273,-0.6213921712039933,0.3586779168104436,-1.7324517124715837,0.0831931674946493,0.2009374435704344,HOXA5
10.217370175315738,-0.2966429451831069,0.1712239913969456,-1.7324846989193516,0.0831872990923917,0.2009374435704344,TGIF1
9.746473346976288,-0.5084783896357548,0.293399199234363,-1.7330599093748364,0.0830850210787625,0.2008543512528309,NLRP3
4.799435163155813,-0.3417178677492814,0.1971235557376442,-1.73352122464796,0.0830030683773196,0.2007750360305147,GTF2H2C
4.721796323568191,-0.4053382101474213,0.2336228517668718,-1.7350109678136332,0.0827388625630844,0.2003732205106587,ABCA2
3.790263178745176,-0.3328512731651608,0.1918358304264176,-1.7350839643735496,0.0827259341673933,0.2003732205106587,C1orf109
15.919648532498632,-0.1959939508595597,0.1129457075404957,-1.7352934885930724,0.0826888344989857,0.2003708382832777,ARL16
11.39233094896546,-0.2313964616920602,0.1333248285320845,-1.73558416867849,0.08263738719861,0.2003055742509173,KIF20B
18.912324841349815,-0.2094869682332973,0.1205473316788329,-1.7377984673391282,0.0822463308386226,0.1994760371868166,GON4L
5.161079620408725,-0.3633483656489207,0.2090151246198308,-1.7383831256699749,0.0821433280054413,0.1992853720702082,ARAP1
4.366198517574489,-0.2674905942628031,0.1538673652581859,-1.7384491754567963,0.0821316981900271,0.1992853720702082,ZNF140
19.16016888851362,-0.1957225617020885,0.1124790206667647,-1.7400805994030195,0.081844866328229,0.1987973848894053,NT5C2
13.314109294874193,-0.2375632373354941,0.1364759053431166,-1.7406972808733672,0.0817366551704267,0.1986367920463618,FOXJ3
5.743403868835808,-0.3710271198291388,0.2129620980195954,-1.7422213777918318,0.0814697146469027,0.1981807199701823,DOT1L
4.898631331836691,-0.3448814600915005,0.1978388269271873,-1.74324456654017,0.0812909037360146,0.1978635610446754,TMTC4
14.767281404336408,-0.2384229407109148,0.1367200284176125,-1.7438772027069058,0.0811805046469051,0.1976537257061567,TCF12
7.545292366234133,-0.3205212176051141,0.183742389850742,-1.7444054029420242,0.0810884235502659,0.1974883781905284,HPS3
8.447050643656562,-0.3043631835027294,0.1743085001304453,-1.7461178501045926,0.0807904756796096,0.1968801004408263,PLEKHM1
28.788405586543213,-0.1567101770953473,0.0896438091073319,-1.7481427736712511,0.0804393079158808,0.1961998761136306,MBD4
6.1239819604971135,-0.4497770294249738,0.2572856404383342,-1.7481621930345372,0.0804359461689099,0.1961998761136306,BAIAP2
5.24330955271373,-0.2726667620380978,0.155793417113077,-1.7501815358488,0.0800869938504293,0.1955156339264589,EXOSC2
12.840870273724851,-0.2389786292470344,0.1365338531437878,-1.750325093333145,0.0800622333202762,0.1955136008547452,PCMTD2
7.061220622050107,-0.2710865878513247,0.1547903430636251,-1.7513146006782676,0.0798917340782088,0.1952139231916998,TYK2
3.447791547244698,-0.3944370618629765,0.2250545548423662,-1.7526286554797796,0.0796657692392159,0.1947782766168861,ADHFE1
5.527319291884546,-0.309539624543928,0.1763733760855166,-1.7550246608300126,0.0792550896333552,0.1940645302349852,CRELD2
29.41922007826351,-0.1835532429609594,0.1045806039928427,-1.7551365736377027,0.0792359497416632,0.1940645302349852,NFE2L2
10.020966954318403,-0.2354507582728156,0.1341306095936479,-1.755384240674963,0.0791936058423554,0.1940302708659329,ZNF195
7.0310175685101175,-0.7791879499595578,0.443821827038849,-1.755632333718804,0.0791512075607998,0.1940302708659329,CFH
2.8689048120887657,-0.3788362515700731,0.2155227133645772,-1.75775557785056,0.0787891067482023,0.193271027090832,FAM117B
19.7128101550548,-0.2249447018083973,0.1279605699892468,-1.7579220054060445,0.0787607810302475,0.1932595621015473,SPSB3
102.15549741771076,-0.2274119709175668,0.1293634583295443,-1.7579305149546236,0.0787593329406417,0.1932595621015473,MACF1
5.144943425557454,-0.297149433890049,0.1689664693744929,-1.7586295966891197,0.078640442550357,0.1931204407644638,CMTR1
8.744052528361697,-0.3616772843240405,0.2055222227832036,-1.7597964805273545,0.0784423200363125,0.1928255707029812,SNX29
8.750253224289885,-0.3491503672326764,0.1983910514217312,-1.7599098584868498,0.0784230915263594,0.1928255707029812,SLC16A7
7.652345426134754,-0.5866790887257162,0.3332987532774533,-1.76021987168172,0.0783705339452412,0.1927650911699476,ST8SIA6
8.893355376758768,-0.5909032379939604,0.3354946137835514,-1.7612897904083469,0.0781893671861322,0.1923773921342627,HTR1F
10.50905910415317,-0.2786691725629865,0.1581917236807148,-1.761591353068739,0.0781383659416089,0.1923098156954478,CARS2
20.166464267883377,-0.2954469859011562,0.1676830850242497,-1.7619367264052297,0.078079988569045,0.1922240393484986,PCSK7
12.928459492310555,-0.2660957317748937,0.1510245205298891,-1.7619372724459723,0.0780798963016115,0.1922240393484986,MAPK6
4.1256192828156495,-0.3001367362860882,0.1703077282497432,-1.762320121174776,0.0780152261451168,0.1921804078479799,EML2
7.96246117485866,-0.2866762525329847,0.1626228265525285,-1.762829109604647,0.0779293162240481,0.1920692741822923,SNHG10
4.270795756119788,-0.4045497781518176,0.229465559170276,-1.763008704289342,0.0778990216181306,0.1920678653113294,OBSL1
5.408981793926917,-0.4032588547085868,0.2285822085292789,-1.764174286805588,0.0777026404432903,0.1916414956420541,AUTS2
19.0881734051867,-0.2143301698566828,0.1214707287250745,-1.7644594060333465,0.0776546640481024,0.1915809963578033,CYB5R4
21.63684657445049,-0.2563159666973072,0.145254791565867,-1.7645956042770443,0.0776317547813731,0.1915809963578033,INO80D
7.724329451402141,-0.3129766649463328,0.1773133616463087,-1.7651047954898915,0.0775461548770061,0.191428891691848,PLEKHM2
21.795954232100645,-0.1843554471343319,0.1043809830528693,-1.7661784909704792,0.0773659083983385,0.1911571930821965,SFSWAP
4.768703885355606,-0.3007176511551517,0.1702541298716138,-1.7662869698486527,0.0773477165226764,0.1911571930821965,SASS6
4.39934569699684,-0.3445438796365279,0.1949031164378552,-1.7677699871278638,0.0770993642944711,0.1907293084014906,ICA1L
41.78517505266495,-0.2199283047954604,0.1243911466792245,-1.7680382460224744,0.0770545100280735,0.1906760755419106,VAMP2
47.50952688410119,-0.2350673088215549,0.1329263374191168,-1.7684028115540975,0.0769935868886537,0.1905830349794577,SMG1
7.001610918224898,-0.2816238140630849,0.1591173244628056,-1.769912955825974,0.076741642215969,0.1900169571353586,SMG5
9.34484824198466,-0.2566886340831379,0.144993007924344,-1.7703518104616156,0.0766685521420607,0.1899511035636077,MCPH1
46.65447036696492,-0.1321788509724369,0.0746056254107568,-1.7717008636372755,0.0764442262342306,0.1895102465290955,RTF1
4.227074550787101,-0.5900915130459478,0.332650249109421,-1.7739097283881633,0.0760780833140974,0.1888890971618019,IL10RA
4.300923083934789,-0.5639217284269923,0.3178809286698509,-1.77400302303973,0.0760626502717516,0.1888890971618019,PAM
3.5742824770129027,-0.3669716311948389,0.2068604651606457,-1.774005636649093,0.0760622179585156,0.1888890971618019,COG8
7.747958884724855,-0.4784690618635299,0.2691864331334513,-1.7774635084463006,0.0754920096912123,0.1878907131242449,ETS1
16.97316831164681,-0.2269912848062474,0.1276621823056292,-1.7780620752888243,0.0753936602749302,0.1877031072841117,MANBA
23.89019019676922,-0.2975340543063429,0.1669111949329793,-1.7825889655023637,0.074653237369906,0.1862001228783584,ATP1B1
4.971223389644839,-0.3404394327804821,0.1908500980188281,-1.783805386083147,0.0744552940804165,0.1857631169255216,SLC25A16
12.725808394268652,-0.227041553880982,0.1272504690549173,-1.784209956687845,0.0743895550219663,0.1856557892744309,SAR1A
3.7084775015985936,-0.3653858424766713,0.2047417618775264,-1.7846180433635217,0.0743232926898303,0.1855470896940433,DNAJC25
6.3231032518242865,-0.6770356821725937,0.3793654099237146,-1.7846531720135916,0.0743175909944817,0.1855470896940433,SRGAP3
16.436907281228777,-0.2043034679598956,0.1144764980561866,-1.784676081370175,0.074313872792757,0.1855470896940433,CREBBP
8.455385172672196,-0.2905101180851919,0.1627800680064254,-1.7846786872808316,0.074313449861591,0.1855470896940433,ATR
6.595897120771314,-0.2489257907967565,0.1394477298667283,-1.7850831349829617,0.0742478331005643,0.1855470896940433,GGA3
16.579604247422132,-0.190838528461105,0.1069041582935564,-1.7851366261831152,0.0742391583448821,0.1855470896940433,TRIM13
10.15592110653932,-0.3135109493681019,0.1755585809281488,-1.7857910887102293,0.0741330901301045,0.1855257211188619,ENDOV
14.038462267551898,-0.2504860145244346,0.1402406334131264,-1.7861158241245458,0.0740805065175032,0.1854509248635167,STRN3
9.300256903970256,-0.2177998376739213,0.1219398767562362,-1.7861247974632104,0.0740790539196514,0.1854509248635167,STX12
4.3901540350745,-0.3856239751257395,0.2157052880780293,-1.7877353798866702,0.0738187107979709,0.1849655583962651,ZMIZ2
5.013871433142453,-0.419173025550477,0.234343367832152,-1.7887129873916845,0.0736610502746758,0.1847404670946519,TAP2
16.995098099026333,-0.2982559705621795,0.1666739179482201,-1.7894579681917453,0.0735410908304176,0.1845529033093804,ARID5A
4.5977722721605705,-0.524840707927544,0.2930060813192421,-1.7912280371945883,0.0732567087433149,0.1840653650497006,CRIM1
6.823542178277631,-0.3137201911234752,0.1750881431232956,-1.7917843294651663,0.0731675199589346,0.1840110204938304,TNRC6C
7.25881875576432,-0.3343326533735156,0.1865539041839775,-1.7921503966156629,0.073108877913835,0.183920148224737,LRRC28
21.868385662550818,-0.2553137473772687,0.1423599896419886,-1.7934375242604317,0.0729029920223134,0.1834586842668073,ATG16L2
12.348184634232531,-0.2140774444005602,0.1193040304405042,-1.7943856851283706,0.0727516301481337,0.1832470930765724,CASC3
6.581139129152106,-0.321231670995357,0.178976353992145,-1.7948274385422749,0.0726811976943049,0.1831261382547535,UNKL
3.244540840140052,-0.4295681285322375,0.2393108170584833,-1.7950217788411067,0.0726502300720435,0.183104574311742,PPM1L
10.084634023585384,-0.3918263260205721,0.2182033093073552,-1.7956937833085578,0.0725432311353841,0.1830584926172667,CCDC88B
14.865220907870292,-0.3634858351191651,0.2023213937698389,-1.7965763696382355,0.0724028986193294,0.1828760694338612,SLCO3A1
6.300952549698356,-0.3375737469385981,0.1878326990800559,-1.7972043663958703,0.072303181617721,0.182680673159678,SLC8B1
6.380232741477309,-0.3315400273950382,0.1844088556298946,-1.7978530708982503,0.0722002946237399,0.1824771442531949,UBR3
7.251125027377388,-0.3975860664645806,0.2208819999650376,-1.7999930575036107,0.0718617344550789,0.1819027980893588,CEP85L
14.298011393654152,-0.2494232526508322,0.1385667312582464,-1.8000226344805872,0.0718570643070059,0.1819027980893588,CEP135
5.6194659593635174,-0.4867359008248565,0.2702646294132382,-1.8009604212049175,0.0717091184450933,0.1817416894587028,GSTM2
9.174870808961318,-0.3450440695655015,0.1915507707415032,-1.8013191397237276,0.0716525928008394,0.1817111532512909,RFTN1
8.536672397354074,-0.5747366736050042,0.3185452799443756,-1.8042542451276151,0.0711914590328073,0.1807099756934043,CCDC144A
16.610234902313007,-0.2481472414940181,0.1374650037469242,-1.8051666586418031,0.0710486066055667,0.1804594854131445,VGLL4
13.030880354502964,-0.290665704403766,0.1608935101451419,-1.8065719626699464,0.0708290443540443,0.1800212262462753,PLCB2
6.7925175170640815,-0.3456151519977463,0.1912979184491354,-1.8066853774451417,0.0708113489181303,0.1800212262462753,USP53
7.794046179048179,-0.3339733284852169,0.1848047084755752,-1.8071689365498855,0.0707359427297979,0.1799450149580257,CRTC3
17.808826098750682,-0.2057506057177021,0.1137897049923408,-1.8081653848346924,0.0705807642866711,0.1796621261639843,SUPT5H
3.6167000619194343,-0.4052425307087224,0.2241076926173602,-1.808249087641228,0.0705677418410971,0.1796621261639843,ZNF700
14.048511245743638,-0.2578035513380775,0.1424529787547807,-1.8097448968186327,0.0703353566281289,0.1792608231467377,CRYZL1
36.36749558572299,-0.2254570876166479,0.1245735200096024,-1.809831556491854,0.0703219126594396,0.1792608231467377,NOP56
4.31503416158825,-0.3417189713511155,0.1888092814793611,-1.8098632052072563,0.0703170033541809,0.1792608231467377,POLI
6.496834794613983,-0.310306368395468,0.1714202197314084,-1.810208672475597,0.0702634332309441,0.1792452428754432,C20orf96
3.3952797687677054,-0.3529450713261702,0.1948682839843927,-1.8111981288573256,0.0701101877600512,0.1790219825585558,RIC8B
30.96640605610992,-0.2576207706982435,0.1422252186434781,-1.8113578812209965,0.0700854712972145,0.1790148127444639,SLC39A10
6.9403403385725495,-0.4826164432166716,0.2663717419157299,-1.8118154716627315,0.0700147136883758,0.1788900017347465,FNBP1L
6.379759654704851,-0.5644266366398961,0.3114392568853659,-1.8123169258898195,0.069937240722497,0.1787479493098289,GCH1
20.911430629513276,-0.2539535902338914,0.1400633285516052,-1.8131340505757316,0.0698111485003966,0.1785373691382601,SPG7
3.5603813438900267,-0.3971297442202148,0.2189473026998405,-1.813814280071988,0.0697063232530092,0.1783809481053362,TAF9B
15.102815096548303,-0.2766753567781611,0.1524991511115216,-1.814274733738224,0.069635439435366,0.178304720835468,MON2
12.116500994104712,-0.2744345104142233,0.1511537733042208,-1.8155981449558696,0.0694320383919952,0.1779673212539581,MEX3C
2.850270642135827,-0.3798477521141521,0.2090633374695091,-1.8169027468508256,0.0692320060264598,0.1777237578517762,TBC1D22B
3.811846914869125,-0.3426252524640387,0.1885306991730434,-1.8173446232730468,0.0691643612810837,0.1776059069854605,LIN54
15.493548316524588,-0.2873878139773713,0.1580758018350693,-1.818037995956026,0.0690583256180016,0.1773893676908806,TBCC
70.52273875584696,-0.1977901588168978,0.1085698907130182,-1.8217772673246453,0.068488788389821,0.1760924763792409,ATF4
59.77344716100432,-0.2184002594838043,0.1198743071561284,-1.8219105049704456,0.0684685661006452,0.1760924763792409,LEPROT
6.4941814716955495,-0.3477493369680297,0.1906923593791135,-1.8236144232537024,0.0682103845096456,0.1755976848860475,GCLC
20.188662387875272,-0.351695731889951,0.1926884265471411,-1.8252042335501089,0.0679702151904002,0.1750345503689757,GADD45A
2.9985634554057587,-0.4481731475898518,0.2452514758708743,-1.8274024488473064,0.0676392814245773,0.1742922007317001,BBS9
2.6796997979924218,-0.3427874714677421,0.1875788798246871,-1.8274310614719216,0.0676349826470364,0.1742922007317001,RINT1
12.45258093393475,-0.2689257572312593,0.1470205338819787,-1.82917140980552,0.0673739339932877,0.1737180229281016,HDAC5
31.716693997232714,-0.1986725565158787,0.1086100184813374,-1.829228641094623,0.0673653635192711,0.1737180229281016,ARHGAP15
10.402735649688498,-0.2831495100899237,0.1547798842690108,-1.8293689223710985,0.0673443599758555,0.1737180229281016,C1orf122
7.21589233724573,-0.6764539208422876,0.3696347116741262,-1.8300605962533527,0.067240878230885,0.1735392343728874,AKT3
8.71060328080195,-0.2699132415880726,0.1474712486325724,-1.8302770478370791,0.0672085216773054,0.1735105310032426,METTL16
12.771253873755509,-0.3017792060502492,0.1647132113478044,-1.8321493678671563,0.0669291699432206,0.1729532724876837,HMGXB3
2.778125585549485,-0.453140681688125,0.2472910259649525,-1.8324186246546068,0.0668890753353804,0.1729043450064515,CAMTA2
22.39499469464157,-0.1997028387632008,0.1089300159861175,-1.833313223681632,0.0667560039679624,0.1726696133023807,EPB41
8.467952058303856,-0.2469936108693339,0.1346088425926621,-1.8348988529435444,0.0665206776746424,0.1722244794928718,STK19
27.876030778586447,-0.231690737449367,0.1262527453762539,-1.8351342520029208,0.066485799963434,0.1721887389861235,LUZP1
10.390632205979296,-0.4475464889026209,0.2438306366328681,-1.8354809513805457,0.0664344589599886,0.172110324718474,FHIT
2.780123256369797,-0.4245769475215982,0.2312540070740568,-1.8359766081183253,0.0663611163153897,0.1720549511736839,ZNF783
6.423002349006478,-0.5441952237324222,0.296013669131607,-1.838412480507697,0.0660016474457546,0.1714238592750352,MDFIC
10.354907126434256,-0.2691694276184301,0.1463478791968047,-1.8392437874446963,0.0658793368901557,0.1712150323566993,MCM3AP
11.13176394352437,-0.3460343370736182,0.1879816040074999,-1.8407882989434028,0.0656525881977854,0.1707343405996513,HIVEP1
9.34134400575652,-0.2690703437119155,0.1459247621490577,-1.843897771353352,0.0651980399653258,0.1696602498588144,GPR108
3.685812119085241,-0.3421949610964589,0.1855081794114106,-1.8446354343091056,0.0650905888426488,0.1694345974620208,HAUS5
16.585080829611606,-0.1913032367367379,0.1036799720753145,-1.845132024126827,0.0650183357555735,0.1693004529824063,DHX29
29.51038490972432,-0.2837088230746697,0.1534784793030221,-1.8485251115534296,0.0645264150895649,0.1682339941598069,RRBP1
11.797027892247703,-0.2383987159913941,0.1289450916990016,-1.848839012406084,0.0644810622334341,0.1681694093550561,AQR
4.719640239732314,-0.3516092517514729,0.1900279478390718,-1.8503028409759952,0.0642699134229862,0.1678866568347892,SLC43A1
37.54684356498579,-0.2564585783645036,0.1385575941530288,-1.8509167969621356,0.0641815238883495,0.1678053515901353,DDX39B
14.384621689944206,-0.2225800614575458,0.1201324974076616,-1.852788098646074,0.0639127367355247,0.1672209323938434,C1orf52
5.555874554575652,-0.2773149268653943,0.1495902927867053,-1.8538296950912871,0.0637635286793013,0.1668839823313809,NDUFAF7
3.9232625741489824,-0.4262710742334764,0.229749940446793,-1.8553696832500155,0.0635434535706334,0.1664146022838609,BTN2A2
3.953674779254057,-0.3195477354696917,0.1722220604588169,-1.855440206779459,0.0635333903093239,0.1664146022838609,ZNF317
27.217462087320943,-0.1945930115771245,0.1048377865651734,-1.8561342999754575,0.0634344178353122,0.1662697396318932,CFDP1
5.0128064319913666,-0.5085503173426863,0.2739587152063347,-1.8563027533534264,0.0634104168696905,0.1662697396318932,PLEKHO2
2.550282684532907,-0.3657443455809247,0.1969205804768065,-1.8573190506311872,0.0632657756149713,0.1659533395023855,C6orf136
17.975760661021777,-0.2315873870887003,0.1246608762473101,-1.857739124416731,0.0632060696527219,0.1658499663238249,NOLC1
11.719996602905852,-0.2221636141528442,0.1195050552197139,-1.859031099097767,0.0630227303968796,0.1655283606791718,CLK4
37.79995851643525,-0.2032817600967425,0.1092769137988272,-1.8602443373444175,0.0628509647761506,0.1651303000597835,MORF4L2
4.825298849598269,-0.3426877331023979,0.1841512142436998,-1.8609040103797303,0.0627577333481647,0.164991454050146,LEMD2
65.69007726533253,-0.2238686066023781,0.1202118425077262,-1.8622841305172544,0.0625630511585789,0.1646385478314809,ANKRD11
9.67157773744922,-0.3016997028528049,0.1619622221006788,-1.8627782388985916,0.0624934728852348,0.1645084300725689,BRWD3
30.428135624082987,-0.2035015718964624,0.1092381961853596,-1.862915893916383,0.0624741002844506,0.1645084300725689,SETD2
4.92313372665397,-0.37434199968785,0.2008972703802725,-1.863350353039984,0.062412990132079,0.164402495928181,THAP2
3.8198641474260273,-0.3254062261185829,0.1746145362663456,-1.8635689391989072,0.0623822629404697,0.1643745470772584,ABCF3
42.015451052916184,-0.3231242756399525,0.1733666705520888,-1.8638200445965671,0.0623469798849081,0.1643345718192208,SORL1
3.5300045175146955,-0.3593061946745162,0.1927551147011864,-1.8640553078527708,0.0623139378033128,0.164300479442036,ENTPD6
54.28087185263861,-0.2030968756044726,0.1089501213096638,-1.8641271176488172,0.0623038551996911,0.164300479442036,STK4
38.34479736184478,-0.2519814909252672,0.1351538120996361,-1.8644053542456136,0.0622648015561889,0.1642769433373006,CUX1
4.956207207530121,-0.4337397037018745,0.2325528061104661,-1.8651235001474953,0.0621640952651864,0.1640642191252709,RPP21
2.7862148031297873,-0.4226908486336938,0.2265320290938272,-1.8659209045384912,0.0620524324098877,0.1638753798387825,PACRGL
8.824915043699518,-0.2977048411477531,0.1593907678719962,-1.8677671556663449,0.0617945333858338,0.1632470521486091,PDE4D
11.171959183605296,-0.2707187374670472,0.1448377732393088,-1.8691169534880312,0.0616065448315868,0.1628030652713117,IP6K1
2.869536789210303,-0.3640416809642183,0.1946887731419711,-1.8698647851602184,0.0615025970611434,0.1626862157936559,TRMT12
32.49932356399118,-0.3008347703425056,0.1608364595704041,-1.870438898904132,0.0614228944567801,0.1625806513140106,VAV3
11.6219625244492,-0.3347176425527587,0.1788886343494283,-1.871095074150687,0.0613319042365569,0.1623924139717778,ZSWIM6
7.957366930316094,-0.3096931908123497,0.1655045149708064,-1.871206902524544,0.0613164084065206,0.1623924139717778,CHPF2
12.24064604619006,-0.3016591794634535,0.1611870003404267,-1.8714857825156477,0.0612777786977192,0.1623543222240805,VPS8
8.672180496665481,-0.3233973629898869,0.172763643726009,-1.8719063572355097,0.0612195599322604,0.1623053290741401,ARL17A
6.401949036244469,-0.2539269312524711,0.135627974145513,-1.8722312476630896,0.0611746177943851,0.1622388192138658,ZNF134
5.092831655007415,-0.3779232257330772,0.2017036301783932,-1.8736560437649517,0.0609778481148137,0.1618745928999815,OSBPL11
3.6632947999203846,-0.3638750758389576,0.1938670148685579,-1.8769313391742544,0.0605275049399344,0.1609405281041993,MAD2L1BP
10.449219571264218,-0.2805170121774253,0.1494368586139583,-1.877160794058765,0.0604960591813047,0.1609092772039196,DSTYK
173.35298172781117,-0.4593907912093887,0.2443967697693257,-1.879692565670919,0.0601499893755419,0.1600408867429349,KLF2
35.158933077510916,-0.247848235247341,0.1318014360170151,-1.88046688061384,0.0600444760216778,0.1598121868316383,DPP7
5.039701994799035,-0.4291148574492605,0.2281639685821487,-1.8807301613653384,0.0600086346014179,0.1597688345807058,BLM
30.71040142370651,-0.2170455430772498,0.1153897732489367,-1.8809772908471305,0.0599750080592243,0.159731352950431,RBM26
14.623036676941826,-0.2472141963814062,0.1314038252148369,-1.8813318103733037,0.059926796400968,0.1596549896942646,ZFAND2B
5.878368082442281,-0.3555404497706209,0.1889410754379138,-1.8817530753785288,0.0598695497131695,0.1595544979472631,MAP4K3
10.442179872849426,-0.3066806756726525,0.1628968480224121,-1.8826679545724407,0.0597453808358712,0.1592755324012736,LINC00667
10.819644442880112,-0.454468186067875,0.2411419155861675,-1.884650310432984,0.0594770650893144,0.1586119774297611,WEE1
4.188893014115057,-0.3762761748541815,0.1994098781235244,-1.8869485222848248,0.0591672498448013,0.1580953559456741,KIF27
10.162891516107493,-0.2914684642996287,0.1544066537297171,-1.8876677737594971,0.0590705652836534,0.1578886453819862,TMEM245
12.371512846987017,-0.3186512881999804,0.168726006732047,-1.88857245170289,0.0589491412327979,0.1576672448488353,RASA2
4.945556727790416,-0.3153100998323189,0.1669177094486117,-1.889015257122206,0.0588897843552451,0.1575600615477105,IFT43
11.358031296735309,-0.2792921337441967,0.1477633946090872,-1.890130735579492,0.058740477379288,0.1572635781999223,SMURF2
8.20125381077894,-0.3891057747413766,0.2058310874559752,-1.8904130544643871,0.058702738835006,0.157214054087458,B3GNT5
15.716481015981367,-0.2350671323956563,0.1243318661131338,-1.8906426786979988,0.0586720590167747,0.1571834079429727,EIF4G3
6.362619705360986,-0.279170560797797,0.1476188432899453,-1.8911580295305843,0.0586032520845932,0.1570505650322111,EMC1
11.003229400063988,-0.2850152669128588,0.1506758166336675,-1.8915793740531408,0.0585470461850344,0.1569514154783189,ZNF254
7.223863557731643,-0.3612073040823504,0.1908564892854846,-1.8925597208384868,0.0584164445761228,0.1567555890415434,FAM13A
3.386938157258129,-0.4419534541820968,0.23346526447636,-1.8930158847113965,0.0583557570636272,0.1566441823150125,BTBD9
3.5235388794924902,-0.3522572154672846,0.1859650074342214,-1.894212359235827,0.0581968282807413,0.156359277964488,SYNJ1
6.249659845976332,-0.30070534608102,0.1587461077802626,-1.8942533475986592,0.0581913901369429,0.156359277964488,TDRD3
10.491236734540209,-0.325813741372818,0.1718571386016555,-1.895840603560936,0.057981124978405,0.1559683780354769,USP32
3.4049437796320334,-0.3598837192606965,0.1896989136890207,-1.8971311551665764,0.0578106302309601,0.1556410740089539,AREL1
3.630176596458588,-0.3909295539977537,0.2058737114570536,-1.898880392406506,0.0575802039176244,0.1551229298420405,VPS54
4.522724337770684,-0.4320829543587893,0.2274464802048477,-1.8997126443532455,0.0574708400775552,0.1549057445124277,CATSPER2
29.808873989575048,-0.4378737094356765,0.2301715581420453,-1.902379742181057,0.0571215274465724,0.154090459150196,MAN1A1
11.232169827637074,-0.2601642856102056,0.1366943112900236,-1.903256127888281,0.0570071324909963,0.1538834752507205,HCFC1
1.7384183201260257,-0.5119890257696177,0.2690009533088814,-1.9032981834147045,0.0570016477630947,0.1538834752507205,DHRS13
12.18231040722534,-0.2663155770067762,0.139895904081981,-1.9036695802810029,0.056953230596645,0.1538834752507205,C2orf49
5.258134557899087,-0.4900304048604249,0.2573873945739969,-1.9038632628900745,0.0569279947330566,0.1538834752507205,SMCR5
42.94083841136111,-0.2023165976138629,0.1060320129574203,-1.908070892656805,0.0563820541726968,0.1526500214198496,ITSN2
3.6196790214177983,-0.3655710444611702,0.1913194226831128,-1.9107889796775872,0.0560317044960171,0.1519532218509645,PIK3R4
2.4134541028809267,-0.4651043799951794,0.2433920243747716,-1.9109269549400607,0.0560139685403007,0.1519532218509645,FAM131A
9.6395020275603,-0.3152132653666837,0.1649277060854949,-1.9112208181885713,0.0559762096302774,0.1519532218509645,CDC14A
3.197701199425018,-0.453814012255773,0.2371946289633257,-1.913255853385872,0.0557153063478979,0.1513463325028838,ZNF577
22.24788393250299,-0.2910240708034703,0.1521013714848582,-1.913355993850732,0.0557024939572921,0.1513463325028838,SPTAN1
10.54478833722672,-0.2991340715708641,0.1562885467537397,-1.9139858792225053,0.0556219600489033,0.1512436058434572,CDK11B
14.36442367904144,-0.2233374369205104,0.1166707356814519,-1.9142541239329496,0.0555876931230654,0.1512007458417337,KAT8
16.695138846837402,-0.2918016259277187,0.1524215738035857,-1.9144378229799772,0.0555642366333717,0.1511872719051882,TAB2
3.539099764386642,-0.3932023253256192,0.2052478065801372,-1.9157443476605276,0.05539764460496,0.1508344398757508,PEX5
7.541612676302345,-0.2777415152877127,0.1446436988646448,-1.9201770797331352,0.0548355357156669,0.1496030592095874,NUFIP1
8.371960285904539,-0.3288803294732803,0.1712002502906539,-1.921027153376974,0.0547282843309546,0.1495061980690355,HDAC10
21.503173174052765,-0.3103462580819036,0.1615163762289309,-1.9214538199025923,0.0546745189974043,0.1495061980690355,P2RX1
2.712645993831091,-0.4303119039507477,0.2239186260203384,-1.9217334064548195,0.0546393114821361,0.1495061980690355,USP21
6.083455803989757,-0.3395142063522817,0.1766224540185995,-1.9222595917307808,0.0545731017943406,0.1494860257330061,NR2C2
5.396548394344629,-0.3483226856207708,0.1811928281242143,-1.922386714897914,0.0545571159766836,0.1494860257330061,TBC1D17
7.81676210856806,-0.3572004309982208,0.1858061229667038,-1.9224362754839388,0.0545508847603589,0.1494860257330061,ATP8A1
7.23270498820258,-0.3289419437240942,0.1710852401387657,-1.9226786802724312,0.0545204159352109,0.1494860257330061,DUS3L
4.328592891930763,-0.3716654593871412,0.1932637831413788,-1.9230993688830755,0.0544675716018886,0.1494860257330061,WDR27
3.373936176066763,-0.4413173455554419,0.2294363018638084,-1.9234852635369113,0.0544191354530394,0.1494651279955579,ZNF891
31.276288379332527,-0.4232052100585217,0.2199568326874637,-1.9240375708621575,0.0543498742903245,0.1493753188113831,SLC25A37
8.638941862127052,-0.517370140422056,0.2688845637547926,-1.9241347781268243,0.0543376917927941,0.1493753188113831,SLC31A2
8.269320850138621,-0.3935421786649871,0.2045061387509473,-1.924353865701081,0.0543102430029849,0.1493753188113831,NBPF10
9.963448004190834,-0.2494951817290685,0.1296048659893456,-1.925044864824586,0.0542237456827805,0.1492797257324797,FAM193A
6.354091474693929,-0.3990005482861822,0.2070247113343563,-1.9273088015168125,0.0539411573720913,0.1487523445451767,SFXN5
18.301832089019825,-0.3004534002440741,0.1558888970001062,-1.9273559953655288,0.0539352796627343,0.1487523445451767,RIPK2
4.573633201394751,-0.4356761241805953,0.2260307922881017,-1.927507839840144,0.0539163719758059,0.1487523445451767,RGPD5
33.73730106688959,-0.3925172587296976,0.2035982589638339,-1.927900860878296,0.0538674586546201,0.148749917089186,PMAIP1
5.063456766702652,-0.3940607328327057,0.2043667213493956,-1.928204015951304,0.0538297548871703,0.1486960538144249,NFKBIE
3.49872590632796,-0.4161559142304107,0.2157816191296017,-1.9285976067334127,0.0537808363911947,0.1486111647455029,RAD51B
6.397390357665137,-0.2594302706142147,0.1345129378643857,-1.928664073011096,0.0537725791139142,0.1486111647455029,BIN3
8.331822945528407,-0.3078833198927153,0.1596090579016297,-1.9289840059232095,0.0537328478295939,0.1486111647455029,TBCK
61.1657403585518,-0.2463700600321595,0.1277162053556473,-1.9290430634554208,0.0537255163736062,0.1486111647455029,MDM4
1.93990482276176,-0.4762302610399621,0.2468430147057366,-1.9292839281179568,0.0536956238630273,0.1486111647455029,NPIPA1
6.4744509499678475,-0.3257809372318984,0.1688222968431477,-1.9297269574206803,0.0536406779689633,0.1485252387951201,ILVBL
5.692431293672868,-0.3566432928386503,0.1847841505412572,-1.9300534802037668,0.0536002116394961,0.1484635014597706,SPECC1L
27.948989834207207,-0.2919393819622479,0.1512492564680145,-1.930187220616095,0.0535836444025768,0.1484635014597706,AFF1
10.66009371144587,-0.302391678415409,0.1566586379640139,-1.9302585694947216,0.0535748077329827,0.1484635014597706,NCOA2
13.18562074231685,-0.3000025990975777,0.1553132423764432,-1.931597039037027,0.0534092616064771,0.1481354638786574,ZNF791
10.67837877215004,-0.3345014960328827,0.1730780989506574,-1.9326621800268624,0.0532778270817572,0.1479215511671895,SP140L
43.23168189667904,-0.3200034110349137,0.1654338833666044,-1.9343281105587091,0.0530727991238507,0.1474525133087333,PSAP
3.945305395958527,-0.6132734210002809,0.3169811077510579,-1.9347317742416277,0.0530232191162357,0.1473648719043409,PPP1R16B
5.187745692577459,-0.3436373558262657,0.1775984715462601,-1.9349116737007304,0.0530011354282991,0.1473536160546554,CEP78
9.5171034145026,-0.2303703893580734,0.1189785669535198,-1.9362343593201117,0.0528390040627245,0.1470014314892064,RBM10
6.455064164033766,-0.306578368965479,0.1582815671668916,-1.936917699596844,0.0527554045002586,0.1468203031919664,TRMT2A
5.060840791816148,-0.3784506665832108,0.1952356705825501,-1.9384299265291955,0.0525707922575772,0.1464561689521526,TK2
6.2743041458129145,-0.6415325251226283,0.330839649718895,-1.9391041118188823,0.0524886621304251,0.1463271437283194,GNG2
5.909690704030962,-0.3792942774978479,0.1954877195024856,-1.940246059768604,0.0523497932906081,0.1459898160332967,POLR1E
11.240733408634968,-0.6342015710644274,0.3264564437453967,-1.942683574532354,0.0520544020329934,0.1453644972698529,PAWR
4.809439590927778,-0.3514233066251805,0.180826266813613,-1.9434306354806885,0.0519641487450683,0.1451865409326609,NEK3
5.26165041320687,-0.3890717785729613,0.2001003940413783,-1.9443828705929784,0.051849297934001,0.1449899429906648,FOXRED1
17.250611733676074,-0.2733680381715412,0.1405474937876615,-1.9450225031016513,0.0517722699926361,0.1449233361116239,FAM111A
2.5668581266475905,-0.4321019303940379,0.2219653077660289,-1.9467093067062156,0.051569595222534,0.1444549751674067,IFT172
3.8961355592777167,-0.3916981365787221,0.2011888168443781,-1.946918038102014,0.051544561716905,0.1444343668685978,TBCD
1.8670763780772912,-0.5367867222691822,0.2754831692603175,-1.9485281939745156,0.0513517946506758,0.1439435725868514,ZNF749
38.401605969762834,-0.2532633411549086,0.1299743864154686,-1.948563468077022,0.0513475784168368,0.1439435725868514,HIF1A
11.181927321054678,-0.3064692538256105,0.1571822249485213,-1.9497704268150045,0.05120348786161,0.1436757209193736,ASPSCR1
10.237881326205995,-0.3077005694430463,0.1577840652132988,-1.9501371638960137,0.0511597727453624,0.1436517192791603,SLC35E1
9.171987538873305,-0.4680752833833331,0.2399286443074713,-1.9508937114798568,0.0510696908766551,0.1434974017032838,CTSF
16.75311074960014,-0.3518527788942817,0.180323964792063,-1.9512258356786556,0.0510301869319867,0.1434357266671014,DIAPH2
7.120782081014156,-0.365562578011526,0.1873387460530445,-1.9513452807462357,0.0510159860004399,0.1434357266671014,FASTK
5.927461021219334,-0.3636839294410638,0.1860029427196755,-1.9552590089349868,0.0505525067998558,0.1424360458833178,DDX51
34.378601597065504,-0.2641842569393019,0.1350430993344001,-1.9562958658488447,0.050430310923704,0.1423647895573702,ZMYM2
3.1400506388647873,-0.4100413971794098,0.2094887968146704,-1.9573428432173552,0.0503071735762304,0.1421369001699098,VAC14
3.327838303520591,-0.3722304321657091,0.1900685267750251,-1.9584012065622016,0.0501829533105078,0.1418349745763264,TUBE1
5.580824246315173,-0.3677800944888736,0.187704426279983,-1.959357601617166,0.0500709223170061,0.1415673032014729,FLVCR1
5.622319818814215,-0.3403397444524119,0.173606955968331,-1.9604038476113592,0.0499486065025991,0.1412703578168007,MYO19
77.13531667668965,-0.174166206255269,0.0888394986640721,-1.9604591299399592,0.0499421504625203,0.1412703578168007,TAOK3
9.59649748565025,-0.2965846179839668,0.1512772471838043,-1.9605368520727489,0.0499330750164945,0.1412703578168007,PMS1
7.360459171005259,-0.3990575939186466,0.2035144160489393,-1.9608320710936016,0.0498986155274611,0.1412703578168007,IMMP2L
11.036048295577922,-0.2488971498162686,0.1268999558508376,-1.9613651411260569,0.0498364433483746,0.1411974960470074,LTV1
7.596633910559584,-0.3348319214605092,0.1702346208791027,-1.9668849951403256,0.0491964707720151,0.1398692980786833,METTL15
8.51687278902863,-0.3265474917561597,0.1658957952096499,-1.9683892008443435,0.0490232734888612,0.1395225244435684,XPO7
9.947814303569489,-0.6284439716707056,0.3192599505621235,-1.968439732463152,0.0490174640722959,0.1395225244435684,IER5L
6.067069955914673,-0.3206767439557471,0.1628348600993422,-1.9693371785384823,0.0489143845342621,0.1393096674902252,USP37
3.183049400756029,-0.3881498218909363,0.1970256283397184,-1.9700473748606695,0.0488329412957717,0.1391262075759244,SNX18
8.312278991983849,-0.2611633839469924,0.1325477048375086,-1.9703350146059104,0.0487999880158648,0.1390808169088356,STIM1
3.0526924469981473,-0.4720817656902081,0.2394385200012649,-1.9716199619330852,0.0486530066637832,0.1387587146421545,ARHGAP33
4.515334284208066,-0.4691362739931545,0.2378786057942216,-1.972166737848564,0.0485905754076689,0.1386290473659438,SLC15A2
4.251252097756803,-0.3174636205960182,0.1609036521537908,-1.9730044430103313,0.0484950561403586,0.1384532158360832,GAN
3.900515700188274,-0.3799752336622114,0.1925715163927996,-1.9731642601139063,0.0484768509310298,0.138452587502406,STK11IP
24.856751631209654,-0.2146232001356354,0.1087470494240232,-1.9736002151082104,0.0484272192700466,0.1384046200264256,SETD5
5.747833891072453,-0.3630035450641183,0.1838579267274152,-1.9743698383061907,0.0483397050480014,0.138251218042429,DHDDS
7.372955621565404,-0.3973472374937303,0.2010655933485848,-1.9762070221773576,0.0481313349038253,0.1377517119086364,CTDP1
166.270026432688,-0.2243249532615782,0.113446621818356,-1.9773612441343025,0.048000811464826,0.1374744586327002,PNRC1
19.950009074905896,-0.1986156265840314,0.1004410049443972,-1.9774356767336436,0.0479924045856399,0.1374744586327002,PPP2R2A
15.53517804789139,-0.2349180582244686,0.1187323494928677,-1.978551416087156,0.0478665342713719,0.1372341935197826,TERF1
15.876637424694676,-0.276725349093222,0.139858506914124,-1.9786093473966304,0.0478600064289829,0.1372341935197826,UBAC2
9.066050654443282,-0.2795842159039943,0.1412013865903589,-1.980038742219292,0.0476991755307762,0.1368984767340964,TEX10
6.123482643517896,-0.354452669541522,0.1789464970604297,-1.9807745631467952,0.0476165606150204,0.1367093874860617,SZT2
4.583830002550005,-0.5190544100837239,0.2619562379180716,-1.9814546666610064,0.047540308423342,0.1365384394119958,SRGAP2
5.071874181425175,-0.2960277170095655,0.1491798928621624,-1.9843674058881775,0.0472148968282514,0.1359383093670341,TFIP11
19.52154288498228,-0.2691987087471158,0.1356541952437001,-1.9844480907022857,0.0472059094428428,0.1359383093670341,PRRC2A
10.049624686739064,-0.2343659292890605,0.1180861459561925,-1.9847030097502316,0.0471775237673532,0.1359383093670341,LATS1
4.105397955225396,-0.4349967514057036,0.2191010580048549,-1.9853703828124132,0.0471032786094372,0.135904268897497,MYBBP1A
4.913457321163031,-0.5270284857164724,0.2654553131670224,-1.9853755399684547,0.0471027052594654,0.135904268897497,MPP6
9.349423416962477,-0.4048088320412913,0.2036955124147258,-1.98732327110426,0.046886584443051,0.1353746577682581,TTC7A
15.893254787345176,-0.5290228082431774,0.2659764424827782,-1.988983698349267,0.0467030023259771,0.1348922700620569,MMRN1
5.167038001007881,-0.3804342741299533,0.1911728444369396,-1.9900016409257515,0.0465907547399402,0.1346632674142382,CRELD1
5.542119887940361,-0.2786889189931869,0.1400224000150115,-1.9903166847826432,0.0465560611906513,0.1346106072147247,CDK5RAP1
10.77871180029599,-0.3785161123023506,0.1901713252085305,-1.9903953021692011,0.0465474070055062,0.1346106072147247,LINC00342
3.4962686615348764,-0.4552456723109294,0.2285293736917482,-1.9920663368420524,0.0463637798850475,0.1341495911617292,L3MBTL1
4.627115364395387,-0.45408095909923,0.2278561512919372,-1.9928404676573583,0.0462789189114429,0.1340464538906061,MICAL3
7.521225769044918,-0.4852506173125622,0.2434415870724793,-1.993293845755654,0.0462292799142436,0.1339501582196045,ANXA2R
8.779690423926608,-0.2643867734221679,0.1326250782612153,-1.993490046440823,0.046207812397016,0.1339354505484278,CCDC97
2.2836939433942343,-0.4501908810273957,0.2258127670858187,-1.993646713767532,0.0461906764944736,0.1339332922769142,FAM185A
5.413006382116661,-0.3807904442263339,0.190978511557586,-1.9938915698979751,0.0461639054258695,0.1339031846768832,TMEM168
6.563992709322019,-0.3054758814252667,0.1532025028560379,-1.9939353191397784,0.0461591235279695,0.1339031846768832,RXRB
40.210477679283585,-0.2587509136328222,0.1297459546136453,-1.9942888732317312,0.0461204945148766,0.1339031846768832,NR3C1
127.70445408833112,-0.3174171600954309,0.1591008347891197,-1.9950691051756688,0.0460353433721288,0.1337325197013475,YBX3
3.2923975246324213,-0.4273633923761707,0.2141787445429496,-1.995358565053456,0.0460037866625963,0.1337235648595073,AMPD3
4.731939427446099,-0.4466212933349939,0.2237170564141715,-1.9963667522433135,0.0458940170176433,0.1334994706483318,H6PD
6.7577799125762885,-0.3440225635967658,0.1723164078999497,-1.9964585368824084,0.0458840346342556,0.1334994706483318,ST6GAL1
8.438054786904909,-0.2944290574124505,0.1474263444813081,-1.997126486777813,0.045811444305583,0.1334017503281964,ANKZF1
12.118971509254424,-0.332583890510766,0.1664564914329099,-1.9980229527114208,0.0457141717723353,0.1332609695154305,GPATCH2
6.5223182407807485,-0.3215637380186281,0.1608923847058428,-1.9986262159426529,0.0456488116868742,0.1331179301546927,DPP9
11.07788845759559,-0.2664342850457947,0.1332890084960907,-1.998921651920076,0.0456168316393434,0.1330721639861031,MOAP1
4.099657328220871,-0.4906829826619246,0.2453741281544775,-1.9997339831728735,0.0455289965499217,0.1328633681462181,TBCE
3.795497361968081,-0.3923590071095081,0.1961796525415604,-1.9999984811186644,0.0455004279083501,0.1328274370986528,KCTD5
3.214988345669405,-0.3667718334572938,0.183350718464935,-2.0003839446499754,0.0454588207258173,0.1327534039137433,POFUT2
3.2402833273324045,-0.4794104833521258,0.2395167204013348,-2.0015741804948917,0.0453305482170362,0.1324622126457029,SMCR8
4.56141647586829,-0.3264100948516632,0.1630233938454173,-2.0022285584434165,0.0452601555397484,0.1323683456454973,RFWD3
2.6980342185602093,-0.8517009705602429,0.4253764625430137,-2.0022287210452308,0.0452601380598207,0.1323683456454973,LIME1
24.415385571698096,-0.3842593220977094,0.1919095053631399,-2.0022943697895346,0.045253081190789,0.1323683456454973,PTPRE
39.728231017011296,-0.2803016322705974,0.1399571801343504,-2.0027670749119464,0.0452022954408288,0.1323683456454973,U2AF1
11.065346314182984,-0.2899442023699491,0.1447354971050561,-2.0032694685775208,0.045148372738253,0.1323671882469557,METTL17
8.623190813678525,-0.3058917997316674,0.1526767936123983,-2.003525175595691,0.0451209481341809,0.1323342667639599,G2E3
13.510838991413747,-0.2848283023116206,0.1421526112799703,-2.003679705543008,0.0451043815909799,0.1323342667639599,TOMM40
27.037236263505157,-0.1943730232914184,0.0969920656087502,-2.0040095246088137,0.0450690401493575,0.1323342667639599,USP48
6.702815883884126,-0.3296996355994357,0.1645040778150028,-2.0042034214507902,0.0450482742217097,0.1323342667639599,WWP1
11.794890252039828,-0.236976912462238,0.1182045907604516,-2.0048029517101016,0.0449841168737769,0.1322177046674934,PPWD1
15.846654003088627,-0.5863198014361748,0.292304756979598,-2.0058510422295255,0.0448721429704761,0.1319360490146673,HIST2H2AA3
6.378691882912867,-0.293585982955405,0.1463320952095824,-2.0062993189219354,0.0448243226570464,0.1318428871240917,MYNN
23.35528227475604,-0.2301905036872748,0.1146818644712258,-2.00720928935569,0.0447273829273738,0.1316051299602347,XRN1
10.631067576464735,-0.2902406771627978,0.1445809660568164,-2.007461183021429,0.0447005798068754,0.1315736446693007,MED15
93.08614206684358,-0.2221290351283811,0.1106489194941603,-2.0075120131661506,0.0446951727928434,0.1315736446693007,SRSF2
24.195084052667415,-0.3046032501860419,0.1515790329184677,-2.009534196922102,0.0444805118214416,0.1311148131648628,ERG
5.32078238094628,-0.3295383652699736,0.1639538011991804,-2.0099464779693137,0.0444368538526325,0.1310333932983978,EED
5.599180516950032,-0.4772891304473132,0.2371824479112631,-2.0123290515404455,0.0441852619532368,0.1304327223337783,POLE
4.535746205025318,-0.3768774242034845,0.1872138724790757,-2.0130849237446697,0.044105695995815,0.1302449013306123,SP4
49.10853554356845,-0.2633002451073918,0.1307745369515496,-2.0133907658563635,0.0440735362885015,0.1302120020205792,ARL6IP1
2.6928658885226633,-0.6222504288877767,0.308892476801372,-2.014456406744746,0.0439616373245585,0.1300450193789824,DYTN
11.064944006127984,-0.3439154763651819,0.1706879964722543,-2.014877926234761,0.0439174413907236,0.129970812605434,MDN1
5.181347810769492,-0.3796062048209579,0.1883854352856414,-2.0150507083808047,0.0438993361836473,0.1299643028828197,MTMR10
5.3881755115326175,-0.438885872959899,0.2176672918566604,-2.016315217671366,0.0437670246346907,0.1296665548549884,CLCC1
25.708617210261,-0.2734810255475945,0.1354750627907942,-2.018681666676282,0.0435203167010552,0.1291698175678613,NFATC2IP
33.27251128528569,-0.406826662663783,0.2014229559791641,-2.019763143113968,0.0434079619039527,0.128930009711813,MTURN
27.35173017559389,-0.2027412211063699,0.10032178853992,-2.0209091569942967,0.043289169823058,0.1286707190339057,USP22
9.212546531580154,-0.2771761179989657,0.1370631924235651,-2.022250562663176,0.0431504731051635,0.1283985854851753,OTUD5
3.8229557891159263,-0.3700604771904632,0.182961553469227,-2.022613331454387,0.043113028641489,0.1283339005572339,SNX16
4.069874450954046,-0.4010183998725329,0.1976986355982309,-2.028432814718532,0.0425160938285498,0.12669547872833,ZNF181
8.247194252172227,-0.6480320024138664,0.3191966927414847,-2.030196481198203,0.0423365713857786,0.1262065395086455,PTGS1
7.179451523401435,-0.3085532954397718,0.1519466094953608,-2.0306691703390216,0.0422885657742312,0.126109441949359,SH2B1
20.50374456795413,-0.2277284179476129,0.1121357865834998,-2.030827311119266,0.04227251551353,0.1261076028700452,MARK3
16.18940921893389,-0.3069364165540223,0.15108472997866,-2.0315515446026575,0.0421990763540682,0.1259344970376522,GPCPD1
6.045870574258258,-0.321900643148476,0.1583562467865286,-2.032762519197695,0.0420765215264474,0.125752471613973,RPRD1B
25.026739972867393,-0.1942612836080155,0.0954767358872802,-2.0346452128124732,0.0418865845702904,0.1253682353567191,SHOC2
7.463191438091171,-0.2885647740601018,0.1417800526027697,-2.035298822102881,0.0418208146296352,0.125263151150568,RBMXL1
24.39711679874339,-0.1918967970916635,0.0942237474305312,-2.0366075678866844,0.0416893837995405,0.1250069559728609,SMARCC2
3.3839152360897176,-0.8114493015249603,0.3983963124917044,-2.0367891872539774,0.0416711723294623,0.1249982192011883,HES4
19.210105459994615,-0.319142663951995,0.1566202441291794,-2.037684628359844,0.0415814824356742,0.1249126077139318,GGA1
12.827311354436166,-0.2260362512904251,0.1109028467852657,-2.038146520513445,0.0415352819568966,0.1249115895729858,PLEKHA3
14.417722741874568,-0.3027868300762891,0.148104249410413,-2.044416897433063,0.0409123794142217,0.1233106057519756,UBE2H
12.954412583362087,-0.4619242496376263,0.2259331593601007,-2.044517285315318,0.0409024715648369,0.1233106057519756,C1orf21
9.913763535747126,-0.2455541939044468,0.1200160745816904,-2.0460108761289906,0.0407553006194355,0.1229732501334592,RRP15
6.561746627282002,-0.5086055062248838,0.2484577859412336,-2.0470499819441423,0.0406531772872961,0.1227104217268183,ARMCX1
3.37960989946404,-0.3992513870480561,0.194935113500743,-2.0481245265570607,0.0405477992484832,0.122482834624531,TAOK2
47.40752501830302,-0.3020243272180363,0.1474265833666458,-2.048642248371925,0.0404971102196636,0.1224202321882618,ATP6V0C
34.27068602702515,-0.2847691129153816,0.138929008683939,-2.049745518326026,0.0403892706390194,0.1221846465721689,LENG8
20.929051248716515,-0.7371560175677435,0.3593647060185456,-2.051275501522683,0.040240124844237,0.1218236606529311,BEX2
12.522912555673274,-0.3016399533487446,0.1469395419057464,-2.0528167533163404,0.040090353085197,0.1215052949032435,HGS
13.00757973663381,-0.2209030828083199,0.1074778202040942,-2.055336462805419,0.0398465177760664,0.1208110934130756,ATF2
16.534481454964663,-0.2504830250495646,0.1217397887255603,-2.0575280084823535,0.03963546359432,0.1202604430112102,PDS5B
2.557781885682504,-0.6000181016909752,0.2905519961069143,-2.0650971589614784,0.0389138081959094,0.1186636972387642,ZNF841
6.903639757182374,-0.3504002707739995,0.1695546655218404,-2.0665917372168336,0.038772640057318,0.1183456264132783,DENND4B
14.286193609007036,-0.2841685038706714,0.137364396075693,-2.0687202214617804,0.0385723485134492,0.1179987494209636,STAT5B
3.112641000751455,-0.5503653179055737,0.2659052694018785,-2.0697796592882622,0.0384729830267555,0.1177625273648153,CYB5D1
10.659172301785103,-0.4600724279653544,0.2222791959048172,-2.0697952684801115,0.0384715206565667,0.1177625273648153,ARAP2
27.197373550382977,-0.2615704554507033,0.1263666677116166,-2.0699323657694073,0.0384586785242359,0.1177625273648153,ETF1
21.218055345129184,-0.6631726927772973,0.3203313661073574,-2.0702708599414468,0.0384269868122721,0.1177625273648153,MZB1
8.26772848739587,-0.424492768028941,0.2049762035473507,-2.070936824287902,0.0383647003123357,0.1177160969778804,PELI2
42.004722438324194,-0.2341073280362426,0.1128966117763105,-2.0736435252821828,0.038112429743907,0.1170299374060371,SLC25A36
2.9391097587253925,-0.5154056549928218,0.2484516487587906,-2.0744706568367492,0.0380356211840968,0.1168819333190128,POLD1
12.620201972835185,-0.3620037735702909,0.1743484416133974,-2.0763235404937137,0.0378640375174374,0.1164860883113635,LRCH4
4.179725748780715,-0.3365699738207274,0.1620356946956349,-2.077134760047375,0.0377891231649951,0.1164392473517092,ZNF561
10.122232161028132,-0.3336543732366377,0.1606303041928345,-2.077157077633932,0.0377870639680675,0.1164392473517092,NR2C1
4.649017611565378,-0.3838168291334035,0.1845359643059367,-2.0799025847183104,0.0375344689144854,0.1158210519260803,R3HCC1L
5.015027142389338,-0.4057653129368619,0.1950392861983095,-2.080428619515624,0.0374862364860121,0.1157728399389561,FBXL17
8.636291277938067,-0.3633225912876713,0.1746046056781651,-2.080830513470848,0.0374494221537086,0.1157334449387114,MSH3
4.510510601293477,-0.6193399843537827,0.2976019068996721,-2.0811022039673124,0.037424552167524,0.1157003464853722,ABCA7
6.3592690373669,-0.3395059244295983,0.1630353661741193,-2.082406611501771,0.0373053450579747,0.1154628691169361,MTF1
32.892764821082366,-0.3104931374475351,0.1490874546008995,-2.0826241770557523,0.0372854936750598,0.1154451568089859,PAN3
8.470614401605939,-0.5888675772894821,0.2825130391988633,-2.0843907911626456,0.0371246348007889,0.114990671325719,ZC3H12A
4.842239607670267,-0.4232289903351856,0.202722432257382,-2.087726482078916,0.0368225145886197,0.1142714647564041,SENP1
13.4172133269802,-0.3736707567616806,0.17874531535655,-2.0905205600286947,0.0365710634635168,0.1137936631989323,POU2F1
22.53132270541943,-0.3610088673104435,0.1726429533991794,-2.0910721243034485,0.036521599104265,0.1136830423927427,TET2
9.03220887243375,-0.3177655972124896,0.1519078836716074,-2.0918308486176476,0.0364536497554541,0.1135580526693922,MAU2
8.111919940567795,-0.308071440361563,0.1469695634571742,-2.096158096375734,0.0360681687728533,0.1124858805507576,TMEM138
4.931890727783854,-0.5622081237739104,0.2679799501106894,-2.097948460478815,0.0359096984778463,0.1121200406046933,SLC16A1
10.765378296062591,-0.3920418234516759,0.1868495297700868,-2.098168638337343,0.0358902509592478,0.1121021561880786,EZH2
4.303165202307812,-0.494519874691509,0.2355722518487703,-2.0992280322088805,0.0357968040313032,0.111853034699724,BTN3A3
15.601264015554063,-0.3453103845585487,0.1644625061740562,-2.099629834128243,0.0357614162366512,0.1117852073717205,ANKRD44
7.388739946989503,-0.5775065438728494,0.2750394884595656,-2.0997222875425408,0.0357532778353793,0.1117852073717205,SNX9
16.93414633441051,-0.3473117211955252,0.1651613691111715,-2.102862933775675,0.0354777527722504,0.1111108517172973,HDAC7
13.593245273575477,-0.5797100358816465,0.2753474227219028,-2.1053766552489064,0.0352585342419348,0.1105091995745492,ZNF521
8.571283317829142,-0.3421161859410906,0.1619545337098136,-2.112421172191983,0.034650340603103,0.1089372578176047,TRIM4
9.639123668240291,-0.3342591386010297,0.1580086943547337,-2.1154477604289865,0.0343918028378597,0.1083746320818171,PI4KA
4.285762542044,-0.4644043280541725,0.2195173134495777,-2.1155703883049037,0.0343813625338867,0.1083746320818171,TSEN2
16.68303798599762,-0.2600741818473083,0.1229317911753053,-2.115597433022292,0.0343790603626317,0.1083746320818171,MECP2
77.37497058105636,-0.3511943729853398,0.1659800058471565,-2.1158836041296376,0.0343547082258724,0.1083746320818171,IRF1
22.510447367062863,-0.2583217760756666,0.1220600650380898,-2.116349651256168,0.0343150808318739,0.108299932590669,RYBP
4.658790925207985,-0.5568275315574021,0.262957551705297,-2.117556723305107,0.034212626580382,0.1080183044004257,FCHO2
7.694395249528032,-0.2920561349468995,0.1375875758236135,-2.12269264283945,0.0337796159272016,0.1070233585657869,HIF1AN
3.3776941204081887,-0.4509712439891432,0.2122352134982729,-2.1248653159661126,0.0335978528064222,0.1065300951809374,ZNF219
14.399209595636664,-0.4449608258454507,0.2092546772019297,-2.1264080296569228,0.0334692997582477,0.1061788236419792,MCTP1
4.506664878126477,-0.6265426087011837,0.2945947203704407,-2.126795103161836,0.0334371113573081,0.106143992579862,FRAT1
86.78929162032804,-0.1828439783797372,0.0858531302774227,-2.1297298978954156,0.0331939191588683,0.105494948832016,FOXP1
8.096457536779592,-0.2780199790233832,0.1305031332721334,-2.13037014554768,0.033141066542406,0.105367959034241,EIF2B4
19.104534612086365,-0.2377120585356503,0.1115527304295322,-2.1309389525504514,0.0330941718040176,0.1052598200897736,POGZ
5.179739862523256,-0.3313926176878721,0.1554623145571542,-2.1316588437002775,0.0330349025169569,0.1051122229229186,ZBTB17
979.679639272463,-0.3416101913433519,0.1602050738679731,-2.1323306627908485,0.032979673030041,0.1050182807203685,FTH1
24.732962289425465,-0.3135980518922754,0.146925624530818,-2.1343999924703225,0.0328100522095958,0.1045596476617034,CCNL2
14.06078752625372,-0.280878285041883,0.1315374626287907,-2.1353482074878096,0.0327325779026984,0.1044349449601518,ISCA1
11.63548027788682,-0.3377633585853092,0.1580961088011174,-2.1364432125917183,0.03264330501018,0.1043130407658119,KIAA0319L
1.9417262816808525,-0.6035538819458227,0.2822274083065783,-2.138537449524369,0.0324731480382614,0.103850525487528,DDX47
22.5742984641173,-0.3535286199663261,0.1650839539099226,-2.141508072669664,0.0322330881857794,0.1032444388733843,SNHG15
5.070373082382898,-0.5087999196103561,0.23750860071414,-2.1422378729885914,0.0321743453164751,0.1030966963062426,UBXN11
3.1439623908519967,-0.4756062008751884,0.2219889132280044,-2.142477270415276,0.032155095804327,0.1030754365700887,ZNF490
4.73987421222153,-0.4609264672254655,0.2148890975107225,-2.144950453814746,0.0319568086156075,0.1025202525316565,TRMU
12.69495897306811,-0.3544561419379485,0.1652288116933038,-2.145244151461228,0.0319333312153739,0.1025202525316565,ZFYVE16
16.594071015658088,-0.2889047824500643,0.1346510668166225,-2.145581088069028,0.031906415621539,0.1024792932561304,MGA
5.383407843061015,-0.3932834029508294,0.1832747540252617,-2.1458678531175175,0.0318835232177798,0.1024460354748246,PTK7
21.9196356899006,-0.2199593029193086,0.1024946771625909,-2.146055863665773,0.0318685220121555,0.1024381169792771,UPF3B
4.337001547280202,-0.3866050592009636,0.1801369490610242,-2.146173015675951,0.0318591776107934,0.1024381169792771,ZNF557
4.2468372078756795,-0.5248267363378253,0.2445183871557451,-2.146369205369978,0.0318435341837574,0.1024381169792771,NPIPB4
7.522796551500418,-0.3119232102141244,0.1451495781133208,-2.1489777253820233,0.0316361657034425,0.1019318256951219,RSAD1
3.4316190549448957,-0.6512016340134816,0.3029718231614573,-2.149380187300284,0.0316042746964382,0.1019001387366293,NRIP3
2.632184576335783,-0.4618334034589296,0.2148622426418701,-2.1494395561564916,0.0315995726537343,0.1019001387366293,TIMM23B
18.91994750606659,-0.3319132868970798,0.1543385510810005,-2.1505533424561167,0.0315114713757334,0.101690455217661,GTF2B
15.842763215324956,-0.2820368240443224,0.1311398402567108,-2.1506570657111177,0.0315032775278069,0.101690455217661,USP11
8.442907762115974,-0.3028291797977891,0.1406422549145374,-2.1531877456160395,0.0313039263705504,0.1013408804967383,PAF1
9.216328898177125,-0.3180664130666371,0.1476327394882295,-2.1544436157536437,0.0312053992504384,0.1011421329929918,NUP160
9.355738664863086,-0.4692300952529718,0.2176691695371827,-2.155703061902006,0.0311068589428202,0.1008627557229302,ARHGAP22
3.825809826120559,-0.3789441669292421,0.1757319763421778,-2.1563757195297124,0.0310543390366104,0.1007724401382622,PTPN23
3.715682576037648,-0.4311427089742922,0.1998621769581213,-2.15720010427302,0.0309900763574885,0.1006438449590775,IQCG
5.469545336345268,-0.4531889484993326,0.2100813794443621,-2.1572066486709027,0.0309895666637049,0.1006438449590775,TELO2
14.122828075691793,-0.2905140485386296,0.1346515704333456,-2.157524398740214,0.0309648281623461,0.1006418500057798,TGIF2
15.407891430506726,-0.4495745629496596,0.20785641502615,-2.16290925104765,0.0305481601069783,0.0996841119145846,VPS13A
12.088071836164907,-0.3152985682715471,0.1456360375691437,-2.164976289758313,0.0303895010770616,0.0992853311877931,KRI1
12.179333863409322,-0.4049788029277638,0.1870128171545069,-2.1655136214176003,0.0303483733979802,0.0992303157402547,SKI
17.51881264013323,-0.4897049105283026,0.2260276023565408,-2.166571274581904,0.0302675596893169,0.09900569664588,MCTP2
3.6988124487985776,-0.4615208798600412,0.212875165054385,-2.168035335367244,0.0301559981474776,0.0986802806820345,KIAA0753
5.083118263638327,-0.3929234629676078,0.1811757823268117,-2.168741638210992,0.0301023042952046,0.0985586187595925,ASB3
25.08363543810011,-0.275299046561323,0.1268752290502144,-2.1698407847001056,0.0300189095006112,0.0983892938345344,ATF7IP
5.037248848951563,-0.4216682197210655,0.1943008062699099,-2.1701825525896776,0.0299930192838642,0.0983438846582884,ZNF789
12.764361365230709,-0.248191896963977,0.1143523872449912,-2.170412904736697,0.0299755800628292,0.0983261600535439,COIL
4.701256161492183,-0.4479215569303434,0.2063713399914525,-2.170463965339835,0.0299717156089551,0.0983261600535439,ABL1
5.101308961457489,-0.3937296032656341,0.1812536768203133,-2.172257193193161,0.0298362688950853,0.0979871998158127,GOLGA1
11.93709738977515,-0.2643154738131199,0.1216700580442659,-2.1723953950688246,0.0298258520588125,0.0979871998158127,WHAMM
7.055776834537207,-0.4009704762184249,0.1843982348966223,-2.1744810976266544,0.0296690234645518,0.0975869026065131,SGSM3
3.8277228415914655,-0.4264967385827101,0.1961078091721468,-2.174807522368086,0.0296445431539001,0.0975535892511149,USP19
7.437394040272482,-0.3874130398709251,0.1781008761310749,-2.1752449975922925,0.0296117618242575,0.0974849741603578,MYO5A
7.124006339982205,-0.5285956675468382,0.2429973256806196,-2.1753147532232147,0.0296065377086205,0.0974849741603578,LDLRAD4
18.51187742561854,-0.2353315572303782,0.1081513398669009,-2.175946756831627,0.0295592420161997,0.0974298372385512,DHX15
12.236538374478291,-0.3354531630471422,0.154138946930093,-2.176303716407775,0.0295325578413415,0.0974298372385512,PEX26
6.671637751299339,-0.3135163863395895,0.1439781727474019,-2.1775271928865823,0.0294412551659567,0.0972370638484369,DPH7
4.488806255345036,-0.9106835945621,0.4177893327302669,-2.179767464647201,0.0292747027953008,0.0967260802832201,HNRNPLL
6.4913278941830965,-0.9505692564613968,0.4358042100747942,-2.1811841980559503,0.0291697951263494,0.0964574649847839,CHD7
13.374796075031847,-0.3012876719709155,0.1380418571066432,-2.1825819956780057,0.0290666068568293,0.0962558395197916,CCNT1
15.08723278527049,-0.2767658388570967,0.1268047301236977,-2.182614470194545,0.0290642132609204,0.0962558395197916,CCNT2
4.508293449681418,-0.4528278047232731,0.2074293309300408,-2.1830461617600125,0.0290324107277254,0.0962558395197916,SS18L1
25.224695938065025,-0.2898381041450497,0.1327359197970892,-2.1835694858491914,0.028993897833155,0.0961872266320381,RC3H1
4.478209266477098,-0.4134015224833703,0.1891379381231839,-2.1857144398715267,0.0288365037862294,0.0957817367631222,FEM1A
5.013918088719816,-0.4615791398866306,0.2110632898919933,-2.186922889920046,0.028748153619054,0.0956048690359344,ATP13A1
10.65482061490482,-0.3274639520185896,0.1497189978019773,-2.1871903821564644,0.0287286287139166,0.0955788376308685,NUP62
31.83147023447263,-0.2901678696633516,0.1326234154890263,-2.187908285979568,0.0286762836159608,0.095443549257033,ZFC3H1
8.77392668563825,-0.31659115506435,0.1446956830544722,-2.1879792705713683,0.0286711123242933,0.095443549257033,TXLNG
7.776007907198117,-0.3153945622362283,0.1440150859317055,-2.1900105825426786,0.0285234693446806,0.0950123391827906,ZNF544
17.98948584688303,-0.2945388573351478,0.1344716068013271,-2.1903423655099874,0.0284994165013995,0.0949709348421434,KIAA2026
6.992934400425277,-0.3870570312173235,0.1765729348022994,-2.192051865993468,0.0283757617768748,0.09459744980777,SPICE1
16.862264017218497,-0.3040460751983623,0.1385993644935278,-2.193704684789953,0.0282566468276968,0.0943543364238294,DDHD1
9.280600607670936,-0.3307676098388581,0.1507365932321546,-2.1943418167175346,0.0282108453460378,0.0942399089625819,KMT2D
3.642882444361954,-0.6112210462718874,0.2785126749956371,-2.1945896942803844,0.0281930434742718,0.0942189604205624,TULP4
13.959588462004264,-0.6253600064505287,0.2849014657268393,-2.195004525003454,0.0281632731508413,0.0941965226833911,SLC4A7
12.399693117486482,-0.277183517754821,0.1262771035503327,-2.195041776867638,0.0281606010972294,0.0941965226833911,EXOC4
20.31310346251268,-0.2783846707814985,0.1268078541763533,-2.1953267215952192,0.0281401694110605,0.0941965226833911,MED17
8.616679965259893,-0.4078709138196935,0.1856520403813923,-2.1969643478293484,0.0280229925385881,0.0939580927504324,P2RX4
10.985865956236166,-0.2837524382884081,0.1289270792499601,-2.200875409100651,0.0277448452421073,0.0931019016317285,AKT2
6.540784903255579,-0.3984761135876428,0.1810471161231668,-2.200952559313667,0.0277393824949519,0.0931019016317285,SLC25A13
32.24251702989655,-0.3102959285192328,0.1409797552654861,-2.2009963624557214,0.0277362813545664,0.0931019016317285,TACC1
11.036689397821272,-0.3088071618419341,0.1402104220326683,-2.202455119705606,0.0276331760312181,0.0929562294570126,GABPB1
4.549046965944835,-0.4138983948688327,0.1877929150182448,-2.204014964188722,0.027523291717596,0.0926247185438539,IFFO1
7.709702995416518,-0.4519012325673898,0.2049648978476191,-2.2047737798662252,0.0274699728442523,0.0924833737578847,NBPF14
3.525346464218048,-0.3893520208219663,0.1765844074660675,-2.2049060073256137,0.0274606908837197,0.0924833737578847,PHOSPHO2
3.324672289933284,-0.4588485510501108,0.2080844451500117,-2.205107405886676,0.0274465585237465,0.0924807545144466,SPATA5
4.40229547829147,-0.4861422774934925,0.2203911118254938,-2.2058161668444276,0.0273968738654993,0.0923895403858834,SBNO2
6.51270729442696,-0.3402410066325616,0.1541741031753029,-2.206862239669993,0.0273236851866184,0.0921807727745084,IKZF5
3.445641082909897,-0.4521790825162701,0.2046773342254918,-2.2092289027866028,0.0271587235067292,0.0917201732595237,PRR12
50.54313343844768,-0.3397444141506446,0.153685564262089,-2.210646235916202,0.0270603443215185,0.091481205399722,BAZ2B
73.38312293089386,-0.2091584891639123,0.0945982640449648,-2.2110182599597623,0.0270345726073374,0.0914319092609911,RBMX
54.153688103262944,-0.1962106264922622,0.0887387093478666,-2.2111052542255543,0.0270285491957493,0.0914319092609911,NCOR1
14.058943490134585,-0.2948880756298119,0.1333570190576843,-2.2112677511354413,0.0270173011459514,0.0914319092609911,ASCC3
23.217239246240055,-0.2355348402658595,0.1064621517838499,-2.21238098534835,0.0269403515897136,0.0912682139426624,AKAP17A
18.634356986510664,-0.2550620742404055,0.1152875009480911,-2.212400061956835,0.0269390346170964,0.0912682139426624,ATP2A2
6.510212874141552,-0.61018293633028,0.2757684977458268,-2.21266367013639,0.0269208418543842,0.0912682139426624,ABCA1
5.534660903149623,-0.441429188455394,0.1991429789794752,-2.2166444969214307,0.0266473943447953,0.0904594346453356,TNFRSF10B
13.603567217585825,-0.3260770978698489,0.1469919684174922,-2.218332752329108,0.0265321525846348,0.0902181517973579,SLMAP
6.868180571389353,-0.4621351099650701,0.2080532430767908,-2.221234829752208,0.0263350602942014,0.0896972812271446,CENPU
46.95946602440081,-1.090893138884468,0.4909148044948846,-2.2221638640678543,0.0262722335735369,0.0895206090614557,CRHBP
15.220470725735716,-0.305330456550919,0.137340932614582,-2.2231570059871633,0.0262052148069724,0.0893667822152637,KLHL6
7.507655996710783,-0.3845693884342345,0.1727090637197032,-2.226689092926635,0.0259680598892186,0.0887769433827033,LINC01003
27.46562233855982,-0.4282308428878971,0.1923109596804662,-2.2267625495677565,0.0259631475511075,0.0887769433827033,UBE2S
4.878074666703547,-0.4679439026476382,0.210108771924133,-2.227150719897622,0.0259372023936028,0.0887491125452801,FBXW4
15.904417546728489,-0.2471238317282476,0.1109394371520215,-2.2275562060911764,0.0259101237928739,0.0886935992926571,EXOC7
3.6251990361305175,-0.6893176581174159,0.3088141871749441,-2.2321437509829027,0.0256054636269953,0.0878715847527002,ODF3B
35.657472111694226,-0.2100709061048468,0.0940780571191892,-2.232942649301357,0.0255527265972921,0.0877274491707875,ADAR
13.87198656321336,-0.3734800484665063,0.1672108209233704,-2.2335877929674486,0.0255102078550497,0.0876759933565833,HLTF
10.275441725167608,-0.7603771515960327,0.3404068267172254,-2.23373061853332,0.0255008030945838,0.0876759933565833,CASC15
9.36938664023441,-0.4113062904996741,0.1841126368754801,-2.2339927203250616,0.0254835520512268,0.0876759933565833,CBX6
4.825773853888758,-0.3787722225498301,0.1695061598526199,-2.2345631738643608,0.0254460407799023,0.0876759933565833,IFT122
9.68712720921376,-0.2823996408766815,0.1262655015444017,-2.236554224412395,0.025315489558483,0.0873534059047148,PARN
4.0811304692859185,-0.5556740160382656,0.2483121578889919,-2.237804305525305,0.0252338195292879,0.0871451983828453,TRERF1
8.573441548955635,-0.2908606626862298,0.1299642748608364,-2.238004736283709,0.025220746266,0.0871368785367806,ATG14
13.854564642607915,-0.3931568906618221,0.1756538586801123,-2.238247958889477,0.0252048897426975,0.0871189315091293,PRKAG2
5.729420463233844,-0.3770368373035626,0.168327769901854,-2.2398968246499047,0.0250976218445044,0.0869320339514396,PREPL
3.7059666649179297,-0.4422631001029656,0.1974296305975136,-2.2401049871008345,0.02508410785492,0.0869220717907345,TUBD1
6.616884397161811,-0.4248475758618238,0.1896317822009202,-2.2403817067525407,0.0250661528583,0.086896705560106,NXPE3
10.649813936385469,-0.3915872717821919,0.1746759412368953,-2.2417928250984582,0.0249747651728879,0.086616641013441,CORO7
3.236019335997923,-0.4886663229610794,0.2178121407530471,-2.243521969306218,0.0248631747827633,0.0863395669995577,DEPDC5
9.671894658768707,-0.4556507681442539,0.2030349086859678,-2.244199143355218,0.0248195911382203,0.0862248636013597,RFX2
87.20819475060489,-0.4589285940552158,0.2044600237602031,-2.2445883826828714,0.0247945692396635,0.0862112447903366,HIST1H1C
16.48143694711825,-0.3465636697347405,0.1543940951571387,-2.244669197886202,0.0247893768472694,0.0862112447903366,RNF11
30.633320490511643,-0.2442809553616971,0.1088016035258581,-2.24519627878132,0.02475553489473,0.0861488397039348,ATXN2
12.336942101136952,-0.2305918346790111,0.1026900719067619,-2.245512447282912,0.0247352540696817,0.0861149386465144,DHX30
3.2231009832567454,-0.4139149132642558,0.1843067574564695,-2.245793474837819,0.0247172394654598,0.0860889018210878,ZNF383
18.10948082752165,-0.3009131317069422,0.1339464148736363,-2.246518744012825,0.0246708003103326,0.0859637992902893,PTCD3
9.783809856555804,-0.3003925205464855,0.1336335310898845,-2.247882833721093,0.0245836620659522,0.0857332918228321,MAP2K7
27.64037686329045,-0.2231563204403349,0.0991923219066943,-2.2497338115569847,0.0244658478280543,0.0853588567903637,PTPN2
3.698792412916316,-0.488610190525721,0.2170373488504918,-2.251272387511076,0.0243682905658525,0.0851628657773022,TBC1D32
9.042435273645252,-0.5206138819758496,0.2311139803202362,-2.252628254052292,0.0242825981026049,0.0850099010695737,CBX4
15.001121771551002,-0.2462567411294965,0.1092373819327926,-2.2543266487382856,0.0241756260502836,0.0847079933348489,TTF1
23.418768568126527,-0.2431306317823577,0.1077919336146318,-2.255554971780883,0.0240985158930152,0.0844740340462581,EHMT1
15.694337984125015,-0.2455640251094145,0.1087190996296801,-2.258701791551407,0.0239019409601562,0.0838209268607024,UBN1
11.471372576647536,-0.3331577089019871,0.1474233117885848,-2.259871283991762,0.0238292406120064,0.0836737108039126,LMBR1L
14.97573486017038,-0.3434639894863059,0.151950119004581,-2.260373283919253,0.023798093164604,0.0836002662287101,MAST4
7.032936950930465,-0.517721910262592,0.2288999729587794,-2.261782312904965,0.0237108561547471,0.0833296368345975,JMY
5.206011208686264,-0.5289046141333922,0.233825899946485,-2.2619590655031834,0.0236999325048951,0.0833270862725897,TMEM67
12.735955408080478,-0.3072738659847577,0.1358381432373995,-2.2620587904219653,0.023693771240365,0.0833270862725897,IQCB1
4.466860135200769,-0.5116635798526015,0.226156207317811,-2.2624343851574005,0.0236705784935989,0.0832955628213595,NMRK1
3.0403062763403126,-0.4564382595166611,0.2016844223248938,-2.263130956050656,0.023627617799948,0.0831802089803429,ZNF614
6.499835327134124,-0.478948516612085,0.2115749150110315,-2.263730161900869,0.0235907161982368,0.0831229178232551,EML3
12.148046941058665,-0.4007909216253366,0.1768451286928038,-2.26633848830265,0.0234306666185082,0.0827448434784571,TMEM91
6.797689262938446,-0.4282198051700588,0.1889279365856327,-2.266577473448273,0.0234160494879698,0.0827448434784571,MBD3
21.387702290459224,-0.3500794890495793,0.1543240331717034,-2.2684703208869297,0.0233005559581941,0.0824194124391362,ARID2
14.177681523096489,-0.3856121791366519,0.1698756999071241,-2.269966683566143,0.0232096045588388,0.0821688383233416,PTBP2
7.606666172214384,-0.3840139627381382,0.1691362837082323,-2.2704410568732825,0.0231808357878068,0.0821025614313697,NUDCD3
22.166628884809963,-0.3411395320937492,0.1501366482322639,-2.2721936056944645,0.0230748193191809,0.0819045823879356,CREBZF
2.4613971917805837,-0.7754825628813222,0.3411413544334127,-2.273200105479116,0.0230141239529922,0.0817299558344067,PPM1H
18.55895051253602,-0.2723800539103311,0.1198031888608627,-2.273562636355769,0.0229922960983732,0.0817181606871716,AZIN1
33.61728105367116,-0.2335277649310817,0.1027073732437609,-2.273719573928131,0.0229828525215217,0.0817181606871716,BBX
14.803015159981486,-0.2392813744421848,0.1052205054112154,-2.274094517100465,0.0229603042926631,0.0816755099587943,NELFCD
32.38424393816894,-0.2792296639086825,0.1227415453017055,-2.2749401046102244,0.0229095231064127,0.0815945162787858,RBM6
5.368269007760861,-0.4250253469881104,0.1867737762970152,-2.275615749783941,0.0228690178420028,0.0814926928857414,ALMS1
5.653646355913947,-0.4245370369781423,0.1864424854749409,-2.277040213751081,0.0227838243267286,0.0812599862827148,CC2D1A
9.619256582641777,-0.3258702031891763,0.1430255258994748,-2.278405907895165,0.0227024047364599,0.0810733864104318,RRN3
11.715481121073498,-0.3526987439254604,0.1547147565452901,-2.2796710010154317,0.0226272084535831,0.0808714074691446,POLG2
9.129444277587249,-0.3183641386863849,0.1396061575684618,-2.2804448187055177,0.0225813200234134,0.080749219217204,IFT74
8.753099247756426,-0.31495561097222,0.1379432074164278,-2.2832266761887072,0.0224170195415872,0.0802761582876734,RBM48
42.66276517788505,-0.2497599823372208,0.1093629517507771,-2.2837714083137493,0.0223849688448684,0.0802226229962368,SRSF6
5.2357834586639695,-0.3730505757930255,0.1632959921290656,-2.28450539985191,0.0223418456025073,0.0801032121185112,MIS12
23.384032026990607,-0.2667760147767158,0.1167499526093968,-2.285020326040319,0.0223116359470339,0.0800651635148064,NIN
2.6516474137075634,-0.4932206612639128,0.2156714827571473,-2.2869071745535057,0.0222012417683299,0.0797390534017689,CUL9
19.95745848902226,-0.2660395941314649,0.1163169102102676,-2.2871961922865873,0.0221843741787023,0.079713509856718,HOOK3
6.039492314716754,-0.3953830267396755,0.1728543971767057,-2.287376157029335,0.0221738767474063,0.0797108433361449,C16orf58
6.276187002864978,-0.5840505048411415,0.2550691827447106,-2.289772910064546,0.0220344843216614,0.0792795118416098,HIST1H2BJ
6.035745116527744,-0.5361715428768118,0.2340936328465243,-2.2904148923535,0.0219972770432606,0.0791805069253227,PLCL2
25.74650582134105,-0.4628272399115331,0.2020566371440606,-2.290581722299726,0.0219876170552036,0.0791805069253227,MAP3K8
25.422480741007213,-0.2474101060563918,0.107856679032753,-2.29387839747282,0.0217974845991502,0.0785651727656183,DNM1L
2.1623140884971495,-0.6157459168790472,0.2681051736175336,-2.2966580934295644,0.0216382818256343,0.0782107348933807,GPR89B
50.16578296446538,-0.2940055862385425,0.1279346297601382,-2.2980922897089475,0.0215565369997523,0.0780064055912206,ARID1B
15.062647515578291,-0.2615419116178681,0.1137833910186855,-2.298594806116454,0.0215279587636855,0.0780064055912206,ZMYM5
4.877978129572108,-0.4265477551511314,0.1854942745608452,-2.2995197892817796,0.0214754409663622,0.0779059148609233,GPSM1
2.8170751382411523,-0.5402580074355976,0.2349126216197365,-2.2998253721340576,0.0214581154106747,0.0779059148609233,NOD1
10.764531403250746,-0.3295310969826748,0.1431566571922846,-2.301891532295675,0.0213412898635548,0.0775470226109336,SOCS4
92.15603301835714,-0.2028053883611115,0.0880988780571057,-2.302020103248682,0.0213340385018524,0.0775470226109336,ELF1
18.071385000620577,-0.4211576030105284,0.1826713386803519,-2.305548347392868,0.0211358822996397,0.0769956728802301,SLC20A1
9.97185042575041,-0.2773659014561402,0.12029305739572,-2.3057515326400604,0.0211245198282391,0.0769886046014906,CNOT10
8.6662964136779,-0.4506112711200374,0.1953901711230655,-2.3062125823935236,0.0210987568625303,0.07693057066013,SLC1A5
3.203295711592657,-0.4685730584847728,0.2030576388070646,-2.3075864628268814,0.0210221481560665,0.0767181655128271,PAK4
6.254245992133901,-0.3358087557925237,0.1453078840346648,-2.3110153865595673,0.0208320050268975,0.0760582274686238,ZNF384
4.0196425165677665,-0.5235654924118138,0.226136435559468,-2.3152637526831876,0.0205985021655147,0.0753740981614064,NBPF12
3.8746418598676775,-0.4955824717790586,0.2139423576382752,-2.316429889105778,0.0205348083795511,0.0752083905286027,PIGQ
43.7993599685558,-0.2532856903838877,0.1093323786783679,-2.316657640176285,0.0205223887979736,0.0751966093579562,CNTRL
15.048228692987886,-0.618238756731649,0.266643851433806,-2.31859370995144,0.0204170764946175,0.0749115096710913,GOLGA8A
5.0954179482775,-0.6594696641162568,0.284042870699502,-2.3217258102349296,0.0202477042610387,0.074323446323876,NUSAP1
13.340967816152922,-0.3793141221181031,0.1633401134244126,-2.322234962164605,0.0202202873861288,0.0742561654975546,SYMPK
140.74309683957011,-0.2289763990807594,0.0985872891916013,-2.3225752625751883,0.0202019809133034,0.0742267673213082,LUC7L3
30.64432651947539,-0.2944238364221712,0.1266124409337587,-2.3253942049518512,0.0200508910723687,0.0737666956111322,RSBN1L
33.94833617887062,-0.219627694513758,0.094171189861576,-2.3322174736943726,0.0196892533899993,0.0726652617207249,MARCH6
3.959893065352048,-0.5252420644852531,0.2250475512911791,-2.33391592786391,0.0196001245582662,0.0723690093834585,TOM1L2
12.700168198233875,-0.3238687515745366,0.1387625147562367,-2.3339786839657295,0.0195968381033587,0.0723690093834585,TM2D3
6.566563648581915,-0.3935600754014847,0.1686012699000961,-2.334265190497597,0.0195818402453967,0.0723669003370133,ZNF814
8.434918551517525,-0.3842096610298874,0.1644585149539271,-2.3362102055799507,0.019480288669473,0.0721220836965402,NSUN4
41.89065882536885,-0.8240023963946315,0.3524421481578756,-2.337979156867247,0.0193883294132747,0.0718467299935908,DUSP2
24.93700908715229,-0.2573368281928225,0.110043650597503,-2.33849773972022,0.0193614427873525,0.0717911805353278,KAT6A
16.1357961832932,-0.3160051928659813,0.1349307257385679,-2.3419809768032382,0.0191816925853845,0.0713398316409546,TRNT1
5.099202771809416,-0.4133121480507944,0.1764676028210089,-2.3421417951147494,0.0191734290036944,0.0713398316409546,ZNF672
9.25446500694992,-0.4169196940642489,0.1779855167411673,-2.3424360683827317,0.0191583159513787,0.0713178130472509,ANKRD26
6.865958686146183,-0.404502380598727,0.1724197606299146,-2.346032607404898,0.0189744474135322,0.0707946163543252,CIC
26.188763274593775,-0.3036121749586923,0.1292863510224694,-2.348369897963366,0.0188557852528155,0.0704161888943125,HERC2
5.921373205503699,-0.4038658375264849,0.1719229052949718,-2.349110124875819,0.0188183401585366,0.0703084853385473,TTLL5
4.721576623204575,-0.808824295858675,0.3440982029139344,-2.350562394715492,0.0187450646197941,0.0700667534347382,FOXO1
10.197109946515244,-0.4558974304195113,0.193867448309171,-2.3515934954302735,0.0186931911613296,0.0699368429392053,KLF7
21.54272346214306,-0.2859093942012955,0.121365732030942,-2.3557670638727193,0.0184845046451679,0.0693465966279464,AP3B1
22.180687097577316,-0.5339421769641396,0.2266184653438713,-2.356128288813246,0.0184665389374599,0.0693110195948484,SLC40A1
4.562945447018582,-0.5327144519075342,0.2259845405387948,-2.3573048432314465,0.0184081283079657,0.0691553178870751,CHKB
9.49368560053631,-0.3591036099585564,0.1521987477845131,-2.3594386628396213,0.0183026062779847,0.0688221794281701,TBC1D22A
18.71898861093432,-0.2935550343860623,0.1243534068075033,-2.3606513236945723,0.0182428738520981,0.0686607656589101,ZNF800
10.956796755767884,-0.3405293151852397,0.1441755504243501,-2.361907509164792,0.0181811775675871,0.0685232481110492,CLN5
3.470155606967997,-0.4187232216020514,0.1771747468981712,-2.363334667793864,0.0181113058743574,0.0683544943646071,TRMT2B
20.843857135462528,-0.270071942221485,0.1142649610769323,-2.363558694424714,0.0181003592242604,0.0683447482538967,CNOT1
10.369635719644194,-0.3633343167841107,0.153553859090936,-2.366168580425848,0.0179732582605313,0.0679590436125873,RUFY2
3.792451010095809,-0.5146068363442298,0.2174796535908733,-2.3662297959712477,0.0179702864822664,0.0679590436125873,TECPR1
6.014237128647404,-0.4756217255622756,0.2005700010599395,-2.3713502669830366,0.0177232262192798,0.067137914435668,SREBF1
21.24362161018427,-1.7414805985249886,0.7341045441890965,-2.372251489668485,0.0176800520889289,0.0670054293221887,HBG2
2.907068378135713,-0.8081361758068236,0.3406356223798975,-2.3724358895897892,0.0176712295627187,0.0670030704208699,MAP1LC3A
11.598463024919091,-0.2921274121496939,0.1230705884561066,-2.3736573929999674,0.0176128846927325,0.0668438833368869,ING5
15.510410387205797,-0.2997553370694092,0.1260803275881752,-2.377494909820671,0.0174306835519246,0.0661831390812158,SCAF4
6.216571744721999,-0.3735963256649441,0.1569132651190276,-2.3809097680909903,0.0172699416000014,0.0656949221664858,KIF13A
5.511573240396221,-0.4527105910949059,0.1900642493752788,-2.381881877222665,0.0172244215051868,0.0655522813781471,AP4M1
48.67679975648536,-0.3187413912490898,0.1337564655396793,-2.382998010324473,0.0171722871442711,0.0653843235115746,BOD1L1
9.20967359800628,-0.3052924188663465,0.1280114427885115,-2.3848838214465085,0.0170845157618585,0.0651108107696577,THUMPD2
10.518286214125816,-0.3632742587360096,0.1522619505804456,-2.3858505513107717,0.0170396740118605,0.0650309090849661,DENND4C
2.5020934670084864,-0.7441742800302601,0.3117128042575074,-2.387371547995488,0.0169693316600467,0.0648230056074064,GET4
12.280278927066384,-0.4941802144801132,0.2065648211362709,-2.3923735501608094,0.0167397952415922,0.0640659798215691,PLCB1
7.668050136534563,-0.4567815865535633,0.1909285776266402,-2.3924212510858225,0.0167376194843167,0.0640659798215691,CYB561A3
6.117231274315941,-0.493861172689603,0.2061950068504354,-2.3951170313635566,0.0166150610785342,0.0637079606160035,RAPGEF1
10.158658107808266,-0.4282765505758746,0.1787185069866605,-2.396374935069489,0.0165581430896227,0.0635493598803698,PCGF3
13.39421218314654,-0.5479705870372157,0.2285999017325037,-2.3970727147486866,0.0165266436547775,0.0634639954939746,PIK3IP1
118.54256037162824,-0.1756167876274516,0.0732570500572217,-2.3972680785026945,0.0165178339059845,0.0634639954939746,HNRNPA3
3.1116025977405224,-0.5407986138152282,0.225571754910223,-2.3974571374437574,0.0165093123943986,0.0634639954939746,SMURF1
27.687974977973536,-0.2764381624280121,0.1152779432515415,-2.398014352362376,0.0164842193329048,0.063414574467592,NARF
80.5416545096402,-0.5385549788090074,0.2244124172136792,-2.399844828088147,0.0164020231476213,0.0631578374831357,STK17B
20.65431580544687,-0.5204669238346245,0.2167259228834837,-2.401498246771513,0.0163280873122613,0.0629376771100787,H2AFX
17.24713636220045,-0.3042347090322531,0.1266776130521761,-2.401645418649817,0.0163215204498088,0.0629376771100787,SUPT20H
34.23309095924135,-0.2735442925193451,0.1137937827309063,-2.4038597360473424,0.0162229965544871,0.0626456072054417,BIRC6
5.925973852786492,-0.3711761936518184,0.1544025535515674,-2.403951133669903,0.0162189411621131,0.0626456072054417,POLR1C
20.24776144449403,-0.2600587010686403,0.1081109135444444,-2.4054805619761046,0.0161512111597856,0.0624865276451743,ATG12
5.037017929181122,-0.5176334332675757,0.2151406770855244,-2.4060230742036843,0.0161272460640976,0.0624233669302425,C9orf43
4.009586722803511,-0.4311326194569432,0.1791839878712297,-2.4060889847299083,0.0161243366433698,0.0624233669302425,METTL25
7.660808573805825,-0.4676984184544124,0.1942978014983868,-2.407121515774308,0.0160788188716685,0.0622949402562367,FUT8
30.344205743987025,-0.945158256999752,0.3926310038611782,-2.40724305443268,0.0160734684372275,0.0622949402562367,IER3
10.114805306201678,-0.726170189769181,0.3016059804320081,-2.40767835150034,0.0160543184149446,0.0622590582669731,TCTEX1D1
51.94405971377533,-0.2230611427182836,0.0926053412092887,-2.4087286954017455,0.0160081932039173,0.0621463203115823,PHF3
73.04846813274554,-0.2256131557117129,0.0935786624888032,-2.4109465738378963,0.0159111790117719,0.061850734398282,ANKRD12
2.761303213931184,-0.5535429944722512,0.2293142421263568,-2.413905867073174,0.0157825392416511,0.0614676492581178,FBXO41
10.00840103806929,-0.3502140015702389,0.1449925047490419,-2.415393831401157,0.0157182040755953,0.0612462782554551,ZNF92
662.9924654204877,-0.3489765080060565,0.1442773527949486,-2.418789236464802,0.0155722599894953,0.0607645350401942,NEAT1
8.258544910440698,-0.3398025714316924,0.1403880927669971,-2.420451512192451,0.0155012464404043,0.0605163328545358,TUBGCP4
5.641633396190209,-0.384708201156211,0.1588629107658364,-2.421636361197424,0.0154508030016707,0.0603770977171935,DDX19B
7.959229471338857,-0.3380600604894485,0.1395222214821601,-2.422983643022587,0.015393619780385,0.0602388124543253,ARFGEF2
63.85827397183661,-0.6129560250811977,0.2528188125630764,-2.4244873981767863,0.0153300153667593,0.0600486843536869,H1F0
6.596684121864686,-0.4104054883697853,0.1692013528765031,-2.425544958079222,0.015285422375619,0.0599027272092005,MED14
4.765790738385054,-0.4416294123916368,0.1820304759395391,-2.4261289770967944,0.0152608456528335,0.0598351102827748,ATG4D
24.78092506680391,-0.2755097127225793,0.1134340174077867,-2.4288103253201614,0.01514845501118,0.0594515013911395,ABCF1
68.28050770536929,-0.3069491440640642,0.1263623741965528,-2.4291182087684913,0.0151355966245015,0.0594295819407985,MIS18BP1
11.90383681622207,-0.3526179948961251,0.1450177226292977,-2.4315510442644768,0.0150343297467652,0.0591598323681709,NUP107
21.031696583173176,-0.4034826220786505,0.1657912624702223,-2.433678446420659,0.0149462661543642,0.0589695513024191,TNRC18
11.564532681719063,-0.3568605745337956,0.1465794367333566,-2.4345882511676074,0.0149087438233274,0.058851309573762,MYO9A
9.13018721626536,-0.4703554261368682,0.193122687462604,-2.435526515899107,0.0148701346948889,0.0587542894545153,CREM
15.12391041864152,-0.2989533403465371,0.1226053274569179,-2.438338908654568,0.0147549334370126,0.0583555474897533,RNF138
18.151450511404025,-0.3252248584651589,0.1333451418026399,-2.4389704346823087,0.0147291732649047,0.0582818763910589,GRIPAP1
11.358382413980332,-0.4238116102867893,0.1737474728021452,-2.439238991230706,0.0147182307652101,0.0582818763910589,MAN2A1
9.897116900975924,-0.5033023326399189,0.2062256804739994,-2.4405415052242945,0.0146652606281534,0.0581416033928391,NOTCH1
25.032827970927077,-0.3907720443793821,0.1600643439244932,-2.4413434922378463,0.01463272938178,0.0580407921254976,ANKRD13D
11.428289311793105,-0.4104702758420033,0.1681122346604583,-2.441644278127903,0.0146205449244122,0.0580206277694865,OSER1
5.792357410356398,-0.3611684398427704,0.147852492157836,-2.44276193503194,0.0145753483805009,0.0578975068629429,WDR55
16.105907260836805,-0.3665053951883593,0.1499231391681445,-2.444621939094469,0.0145004053543717,0.0576558696596453,CEP95
7.176850238542811,-0.7088812795748869,0.2899652218310034,-2.44471138676084,0.0144968099199529,0.0576558696596453,MAML2
12.886243781843948,-0.4007789103257942,0.1639130855264268,-2.445069647970106,0.0144824171469157,0.0576404435009489,MAN2A2
5.640391670464801,-0.5186624151669481,0.2120984414612128,-2.445385320107586,0.0144697457900799,0.057618076437984,ARHGEF9
8.306299562150475,-0.4034534183658296,0.1648776074574281,-2.4469873416255297,0.0144055898324462,0.0573905775333585,SAMD8
12.552556799702783,-0.4178012968503085,0.1707353431954561,-2.447069769098796,0.0144022956663045,0.0573905775333585,SLC17A9
16.254095681012416,-0.2479463586617311,0.1012339503223689,-2.44924116733736,0.0143157559359735,0.0571162313246286,DDX50
7.931478276232325,-0.3969622670650072,0.1620460804905794,-2.4496875571642387,0.0142980222945779,0.0570733464430858,NEK1
5.161314084854499,-0.4250929778189637,0.1735084869037259,-2.4499837754612757,0.0142862651871856,0.057054287802783,INPP5K
13.030296226931386,-0.7163061155643407,0.2922307547789286,-2.451166086561366,0.0142394233596739,0.056922861189773,ACSM3
2.7747774946965955,-0.5388461457252945,0.2196189812373889,-2.453549974092854,0.014145388295969,0.0566300674994428,CENPL
4.521559471149014,-0.4348128608613002,0.1770523799628997,-2.455843072837612,0.0140554520012923,0.056297597207137,TOR1B
6.848276359384145,-0.3860486577701973,0.1570779571182881,-2.457688302372572,0.0139834481579173,0.0560641584388333,MTMR4
13.0275365881216,-0.3457017283728286,0.1406405450554594,-2.4580516822976364,0.0139693069209318,0.0560349567260353,HMGXB4
5.861296087692886,-0.4026053629224568,0.1637712777535097,-2.458339267086952,0.0139581242660684,0.056017599890985,CRTC2
25.87339767449786,-0.2792780216460933,0.1135908000438994,-2.458632402784035,0.013946733899083,0.0559993919849669,TPP2
21.46867149627976,-0.5805154420213828,0.2358676226139064,-2.4611917294457717,0.013847634258002,0.0556288198240583,LMO4
12.246454833789262,-0.3485622838714089,0.1416203244467349,-2.4612447770694623,0.0138455867958059,0.0556288198240583,EP400
8.481724134075884,-0.8776467773523638,0.3564723658445977,-2.4620331376120457,0.013815190184658,0.0555531097435239,GRASP
4.954579904333287,-0.6027740108723549,0.2447654737335796,-2.4626594661322927,0.0137910830196122,0.0555108075631781,RAB24
13.422977968851956,-0.4506153659731959,0.1828936644689505,-2.463810691756881,0.0137468696238606,0.0553601141924914,PCNT
4.384062949059956,-0.4387406258429971,0.1778957431918431,-2.466279507148512,0.0136524753907409,0.0550342261557694,TJAP1
29.306910041996954,-0.3154208415976628,0.1278297068015223,-2.467508136331785,0.0136057129307041,0.0549270159865533,NFAT5
81.4293141490208,-0.238595821051955,0.0966889769219534,-2.4676631054287363,0.0135998247623322,0.0549270159865533,BPTF
20.753823826847945,-0.5687234056767551,0.2302276878928118,-2.4702650271219255,0.0135012984277829,0.0546134205214924,FOSL2
6.146121858004025,-0.4840475563703884,0.1959453152196967,-2.47031961865313,0.0134992379964778,0.0546134205214924,ZNF618
24.874590707016573,-0.313864450652864,0.1270275117657358,-2.4708383742231597,0.0134796726253459,0.0545799826668493,ITPR1
4.756457308453169,-0.6696931855346067,0.2708921201250119,-2.4721766924248483,0.0134293123177922,0.0544300153515278,PSTPIP1
13.027376577906647,-0.3222760882127874,0.1303311156309079,-2.472748634527608,0.0134078411570643,0.0543699603446018,WDR45B
3.785772421872545,-0.6545967995261536,0.2645133419859622,-2.47472129236072,0.0133340186093863,0.0541512256746003,NBPF9
5.0936596218244965,-0.5456169154974028,0.2203619649342822,-2.47600313266457,0.0132862412431064,0.0539840264532186,GABPB2
26.39516680710152,-0.4294505071794461,0.1733647579545616,-2.4771499827664156,0.0132436236297449,0.0538376361585305,EIF4A3
8.096882256028119,-0.4114030861297304,0.1659692017992158,-2.4787917376829496,0.0131828254133857,0.0536438577952065,NPRL3
11.270427533110247,-0.3421398020958441,0.1379856837387726,-2.479531157330535,0.0131555235858766,0.0535917706982494,TAF1
40.252704493546155,-0.2966978170149459,0.1196299538345298,-2.4801298295687166,0.0131334552602075,0.0535496322011757,BCL11A
2.75051745819483,-0.8156284924044609,0.3288459285493793,-2.4802754773410145,0.0131280913284706,0.0535496322011757,COL9A2
42.73597144538595,-0.4352432082542566,0.1753193564264886,-2.482573613808319,0.0130437113850208,0.0533026954736707,NCOA7
4.072671195505671,-0.5865327856041174,0.2362511793073102,-2.482666064668269,0.0130403269557876,0.0533026954736707,ME3
24.660457456712543,-0.3091385789435186,0.1244827166725106,-2.483385543045312,0.0130140149149594,0.0532753085521712,ARFGEF1
19.094152883378552,-0.3543719204621607,0.1426760337072408,-2.483752255051483,0.0130006219675749,0.0532471589458919,ATP6V0A2
7.618910136036852,-0.3831403200335509,0.1542341403779309,-2.4841472782531464,0.0129862086881933,0.0532147999956008,SNAPC1
3.5432776688842544,-0.490927705268202,0.1975721216610706,-2.484802517383371,0.0129623320324549,0.0531523929651031,RHBDD3
24.810737476858097,-0.3287500686331859,0.13229876039344,-2.4849066435356164,0.0129585412946444,0.0531523929651031,NUMA1
7.715238973040624,-0.3607086727160492,0.1451231392638169,-2.4855352119989833,0.0129356789285631,0.0531142877011503,DDX55
3.484999094141741,-0.4090153994907966,0.1643329447383573,-2.488943407799394,0.0128123358407,0.0527137946396577,AMMECR1L
13.66287320799961,-0.494798509902782,0.1985493130857824,-2.492068606094882,0.0127001503471236,0.0523049034709412,IRF9
5.378340293288222,-0.5269075054787644,0.2113461414445862,-2.493102083043785,0.0126632433150376,0.0522251642167048,TSGA10
13.561034570584978,-0.3243585691727952,0.1299548616107123,-2.495932550368382,0.0125626486546664,0.0519480780148177,TP53BP1
9.664071540540924,-0.3369420147503404,0.1348905597214074,-2.4978917386526867,0.0124934341890399,0.0517404210636824,AZI2
42.95327380252537,-0.2504875716879138,0.1002680147198414,-2.498180226144902,0.0124832710382487,0.0517245474916485,ZNF326
24.800460800388464,-0.2330215658019855,0.0932750192502697,-2.4982205061438423,0.0124818525933149,0.0517245474916485,TCERG1
13.6661950210164,-0.33315160130557,0.1333120668060181,-2.499035603358678,0.0124531799032906,0.0516774009140293,MLLT6
14.320913932971454,-0.3058811097764204,0.1223634296482772,-2.4997755510420756,0.0124272012770317,0.0515968809119035,SENP5
10.764668411291444,-0.5416551804554183,0.2165804608836108,-2.500942043643082,0.0123863446663696,0.0514533921041719,BTG3
7.116685442307835,-0.4010939219383599,0.1601930074317682,-2.50381666696157,0.0122861679124271,0.0511602127234491,NGRN
7.095626336607745,-0.467937605187161,0.1868012743066653,-2.5050022111678083,0.0122450627865559,0.0510221356598414,XYLT1
4.52875948593293,-0.4862324470145495,0.1940945660339614,-2.505131683745704,0.0122405811084638,0.0510221356598414,COX18
11.825361886368242,-0.4282928299238723,0.1708183916158279,-2.5072992777446745,0.0121657656342241,0.0507953352055419,JAK2
4.134974820712797,-0.4602779682410947,0.1834296660735942,-2.5092885905185347,0.0120974605086901,0.0505618157629191,DUSP28
20.39744978201859,-0.293434215220342,0.1168912508964488,-2.510318034668723,0.0120622471040787,0.0504404406793385,ALG13
5.561081278729519,-0.5331506896328354,0.2123399426058493,-2.510835611472698,0.0120445770977961,0.0504181554641867,CCNYL1
8.4108411745152,-0.6889972718453649,0.2741899756643717,-2.512846321882851,0.0119761492141432,0.0501831360147509,ATP6V0A1
9.759791856894411,-0.4398476183883006,0.1749963439561548,-2.513467472774768,0.0119550801887288,0.0501205542442808,STARD3
7.486238253994099,-0.4620637345764165,0.1835646758006453,-2.517171305214662,0.0118301294917947,0.0496783246428096,ZNF407
8.302781863844734,-0.3296471755860596,0.1309329186059173,-2.51767988597454,0.0118130630014339,0.0496525400127145,PRPF18
10.221794680726926,-0.3471555919031441,0.1378316533619601,-2.5186927925146314,0.0117791378423301,0.0495354273338545,TRIM52
7.965606194647216,-0.3274024751946193,0.1299178099357447,-2.52007384789312,0.0117330215560979,0.0493923334028213,STK3
12.470965974423065,-0.4278375252768351,0.1694068836543291,-2.5255026008850257,0.0115532926286516,0.0488117652888894,GPSM2
79.97966840491388,-0.237086031825205,0.0938684966175677,-2.525725247216048,0.0115459739458639,0.0488060802440011,ZNF207
5.01134735498611,-0.8408977275804496,0.3321802677551935,-2.531449966197766,0.0113592022279588,0.0481411003136159,ZNF503
31.67085616261832,-0.2749696019067253,0.1085423272829127,-2.533293773865972,0.0112996208027869,0.0479383185771404,USP16
15.474101572615677,-0.35765419546124,0.1411543127367289,-2.5337815652031233,0.0112839046367542,0.0478965115776201,MAP3K11
7.728948446925983,-0.6038898920210632,0.2381779998599675,-2.5354562233964075,0.0112300963668387,0.0477425168644325,INSR
4.520946751535262,-0.4682741318101904,0.1846832477798003,-2.535552831345691,0.0112269992300323,0.0477425168644325,DGCR2
11.53038851641914,-0.5224185144014472,0.2060359412025064,-2.5355698202576114,0.0112264546640039,0.0477425168644325,CLCN7
6.794759086363891,-0.4862824383969265,0.1917062921380377,-2.536601344554616,0.0111934338947515,0.0476858959092881,HIVEP2
16.56577706948572,-0.3660977796113332,0.1442927968232796,-2.53718680122131,0.0111747308725475,0.0476717505164958,CSPP1
3.7579684522767858,-0.5092417452294737,0.2005702668018326,-2.538969276700493,0.0111179586198446,0.0474881546694985,POLH
23.160828748002864,-0.3085715810366766,0.1213795317806799,-2.5422044104951165,0.0110155730446302,0.0471741338300177,FNDC3A
15.5788003543339,-0.5370458303411318,0.2111818134240889,-2.5430496198204944,0.0109889622469849,0.0470848508233423,NDRG1
6.888179590004089,-0.428732892501915,0.1684996310055866,-2.5444144295348656,0.0109461127862606,0.0469258591692213,RBM19
5.164324407100881,-0.5071131085978708,0.1990791890493286,-2.5472934213742264,0.0108562108129245,0.0465893374750035,PICK1
28.947368462123904,-0.2752400353962155,0.107986621480307,-2.54883458361006,0.0108083553049768,0.0464327398511915,CCDC59
11.626581326332431,-0.4222949660626629,0.1654397870292194,-2.5525598989563405,0.0106934520622264,0.0459874720002382,ZMAT1
15.890304371719555,-0.2884743423098839,0.112964185963098,-2.5536796450170467,0.0106591276832969,0.0458881624342566,ESCO1
55.55963161754733,-0.3420027036706333,0.1337968042309281,-2.556135070912081,0.0105842025241033,0.0456859581745635,SSBP2
8.2423081210017,-0.4817675685609153,0.1884398931250547,-2.5566113447177496,0.0105697238093672,0.0456475757115961,HYI
307.47664822523046,-0.8474821077954108,0.3314733636449737,-2.5567125469035004,0.0105666495351327,0.0456475757115961,PLCG2
2.493720476120382,-0.5809216355155674,0.2271282837393489,-2.557680734215513,0.0105372785552758,0.0455797263500048,GSTCD
3.715062955624835,-0.4651776209490392,0.1816986152762336,-2.5601605176893436,0.0104623826507097,0.0454240853554459,HSF2
9.854164137359664,-0.5135401713021258,0.2005526112871328,-2.5606257031821245,0.0104483857140911,0.0453874320413815,SFXN1
3.296964873469892,-0.6345763257947883,0.2477540032356072,-2.5613161341789645,0.0104276420932454,0.0453214167786746,CAPS
42.026205808739896,-0.2978029036488909,0.1161650510118873,-2.563618756715532,0.0103587256944602,0.0450698336791453,SNRNP70
20.189501108190083,-0.5104617993086963,0.1990741661782319,-2.5641790148284627,0.0103420188653347,0.0450211167547416,DUSP10
17.295310892517872,-0.6452083590836198,0.2516171126470025,-2.5642467330463035,0.0103400011415086,0.0450211167547416,ARHGAP5
13.154664944043956,-0.3006778713571275,0.1172033644991848,-2.565437200902358,0.0103045872738862,0.0449299800506532,DCAF16
36.79638256870405,-0.3887598213892516,0.1515257193286149,-2.5656358743042524,0.0102986876885076,0.0449282312348083,RNF213
13.7367161220468,-0.3440215480262444,0.1339882326842823,-2.5675504567394767,0.0102419882623254,0.0447286403481888,RNF216
7.79205205414329,-0.4373084522327571,0.1701624664750718,-2.5699466003968694,0.0101714192309088,0.0445394783149816,TNS3
8.93393337250551,-0.3528502961712719,0.1372681302225381,-2.570518703789682,0.0101546343168117,0.0444898214491523,PRPF39
17.766919194271058,-0.3220980803782325,0.1252738262971589,-2.571152250224972,0.0101360755085936,0.0444323352900853,TRPM7
8.393069908227401,-0.4127242267395625,0.1604741837606072,-2.571904197096636,0.0101140875327998,0.0443651721269928,VPS13D
7.437235461672482,-0.4034347133347699,0.1568197333251059,-2.5726017050316092,0.0100937294091452,0.0443418618290998,SPOPL
3.719913915751453,-0.6324390841818373,0.2456899075442011,-2.5741353827000713,0.0100490943244525,0.0442647707412948,BMP1
27.513396146452347,-0.3303544191902516,0.1283310826201654,-2.574235426409011,0.0100461888387227,0.0442647707412948,QKI
10.340404916966746,-0.4176817684564379,0.1621450100161522,-2.575976703907386,0.0099957380665366,0.0440772669949653,RAB11FIP2
8.128782606014303,-0.4431808758060694,0.1719377524397108,-2.5775658313404373,0.0099498926825012,0.0439068082200135,ABL2
1.8648497481189013,-0.9551253025150442,0.3705380506905475,-2.5776713099640904,0.0099468563261889,0.0439068082200135,AMT
10.370836667548758,-0.3700841937426115,0.1435271881261184,-2.5784953957114785,0.0099231622158843,0.0438518974937757,SIRT7
16.125474170896645,-0.2796884208336834,0.1084204694708885,-2.5796643585718964,0.0098896384487699,0.0437274003056813,ZC3H7A
1.989161310862849,-1.1005340557607517,0.4260437191015652,-2.5831481756884993,0.0097903264698165,0.0433821895796479,RMRP
3.4772773932126357,-0.5399368549665249,0.2087444838695608,-2.5865922057318547,0.0096930232487828,0.0430210173632832,URGCP
5.976707278766045,-0.44438860905435,0.1717793531671841,-2.586973351924601,0.0096823079863694,0.0429968144329481,RBM34
12.237109033861744,-0.5265405321433366,0.2034983113931475,-2.587444232527755,0.0096690845782949,0.042984815064879,SLC36A4
13.343289383221672,-0.3633036567830671,0.1403828854698237,-2.5879483497378444,0.0096549456557166,0.042945324416364,CTDSPL2
4.791349885106239,-0.4946293517318612,0.1910946842175983,-2.5883993254811313,0.0096423128085153,0.0429124934413828,KTI12
6.256064822493737,-0.4177079959942535,0.1613615480837081,-2.588646433768489,0.0096353969994235,0.0429050838595583,PER2
52.05429233131527,-0.390239122453686,0.1506539093393711,-2.5903019985668765,0.0095891767297989,0.0427225534673866,PIK3R1
5.037060892087541,-0.5188134444783786,0.2002162430305659,-2.591265506860871,0.0095623684781451,0.0426263572476399,ATXN7L1
13.555068841554784,-0.3126086137590519,0.1205452517795188,-2.5932884883000065,0.0095062992430085,0.0424718402031446,WDR6
13.755508061824056,-0.3610884179559561,0.1392323450350056,-2.593423373463772,0.0095025711943935,0.0424718402031446,THOC1
7.984252918910468,-0.3297141265371159,0.1270896294624472,-2.5943432830177593,0.0094771808529547,0.0424085677708066,SENP2
6.639846318439402,-0.5293072248734816,0.2039357263749106,-2.5954610027495404,0.0094464122029264,0.0422940460877324,ULK1
6.76468308208511,-0.4339297894485114,0.1671787286181878,-2.5956040761593817,0.009442480109649,0.0422940460877324,IFT88
6.625408208028917,-0.5956696992343731,0.2294492667533257,-2.596084562234667,0.0094292855699327,0.042263682058102,SLFN11
6.107331220637319,-0.4147120232773292,0.1597058381631036,-2.596724252834101,0.0094117446673774,0.0422313924641084,ZC3H7B
30.216286225446485,-0.3091171162618883,0.1189436891521675,-2.5988526038269018,0.0093535926744676,0.0420397171304042,TTC17
19.471523928591377,-0.3703428948975177,0.142458303519713,-2.599658185921542,0.0093316658748798,0.0419642497873654,ST3GAL1
10.394926249370323,-0.5023423553667904,0.1932315470512135,-2.5996912151909184,0.0093307678446139,0.0419642497873654,SNX13
24.674809780405344,-0.353392505394129,0.1359333671814486,-2.599748043630879,0.0093292229209876,0.0419642497873654,EP300
15.684091969291885,-0.4136628423419203,0.1591005503297943,-2.600008871650363,0.0093221350435091,0.0419642497873654,BRD1
5.912425554123977,-0.4543017662272817,0.1746544991876912,-2.601145509220862,0.0092913035162314,0.0418980358891432,TRAPPC9
6.9758056346472115,-0.3777234989195789,0.1451219236155445,-2.602801075874931,0.0092465587081639,0.0417423376819932,ZNF136
8.66641729853856,-0.6540055072756595,0.2512353136934722,-2.6031591564934224,0.0092369062357817,0.0417218136277348,RHPN1
17.88797631395717,-0.3873308930285106,0.1484723026168603,-2.608775416031878,0.0090866856676058,0.0411114665503914,TLK2
57.82942560289624,-0.3231987957934831,0.1238887040181057,-2.6087834105218284,0.0090864733992165,0.0411114665503914,ETV6
5.933729508189651,-0.4938220952978088,0.1890450957651415,-2.61219204496743,0.0089963702237133,0.0407931970576924,NISCH
12.714056218883217,-0.374654255377599,0.1434020970465126,-2.6126135049202217,0.0089852850410322,0.0407655547308577,MAPKAPK2
32.9725925514902,-0.4391710870246925,0.1680676249684032,-2.6130617785980896,0.0089735079953117,0.0407347410164955,KDM6B
45.52453684305895,-0.2854934879133216,0.1092408165273887,-2.6134323871676934,0.008963781778927,0.0407347410164955,DDX6
9.66889093241511,-0.3866975686014763,0.1478618387726527,-2.6152628143360848,0.008915882166309,0.0405632924169884,PCED1A
6.053714851171779,-0.6716583073628782,0.2568144856325907,-2.6153443241662773,0.0089137544996838,0.0405632924169884,ZFHX3
9.27523806467353,-0.6971618955663502,0.2662999518490926,-2.6179572723370943,0.0088457880605722,0.0403567472043192,SERINC5
4.4137185587569645,-0.5523514443171702,0.210978841016507,-2.6180418929970055,0.0088435947190604,0.0403567472043192,FAM193B
4.647353264180494,-0.7043777925077294,0.2689771449678968,-2.618727299643986,0.0088258470866409,0.0403182447392874,DNAH14
10.08032123325382,-0.3960286008315786,0.1512105210087452,-2.6190545352904,0.0088173850117941,0.0403172092509065,THADA
10.116487062595109,-0.3857993639663024,0.1472938955930859,-2.6192488318192866,0.0088123640757597,0.0403172092509065,MBNL2
10.682666317873586,-0.6164312497356109,0.2350158353329756,-2.6229349561157767,0.00871759136835,0.0399503303818217,ING1
9.506718196132692,-0.4435431083108824,0.1690821979831193,-2.6232395462186058,0.0087098010458828,0.0399370282524739,SLC25A33
6.2518841765044435,-0.5258974806379697,0.200259921595045,-2.6260745357796145,0.0086375900839316,0.0397173599188551,MMS22L
42.94381166623992,-0.2798867762379788,0.1065524530809109,-2.62675112721662,0.008620435692869,0.0396681556549956,CD46
13.39353516618294,-0.3085413152559427,0.1174560986407289,-2.6268650059602217,0.0086175513919037,0.0396681556549956,GOLGA2
36.0471876301772,-0.9259358484959967,0.352390958119133,-2.627581176991962,0.0085994321004495,0.0396681556549956,MLLT3
5.680309120946583,-0.5499073941558351,0.2090589629136837,-2.6303937726070177,0.0085286018577013,0.0394158403728946,C2CD2
15.938363513764775,-0.5404563192673975,0.2053282256782122,-2.6321579387453222,0.0084844411019378,0.0392561541585132,CHCHD7
11.632164600181138,-0.3585849318338407,0.1361836984217879,-2.6330973236108774,0.0084610098658934,0.0391699215944563,WDR73
40.61959938494519,-0.3007170190339153,0.1141438924527749,-2.6345432293570297,0.0084250574688803,0.0390477280647882,GOLGA4
4.203332001507983,-0.4769830937337816,0.1809647178143485,-2.6357795016325674,0.0083944260201894,0.0389278405283587,INVS
27.184103312497147,-0.4156736696227714,0.1574744188433195,-2.639626630636111,0.008299740979314,0.0386422698244871,SYAP1
8.470195837685806,-0.4069152951920395,0.1540361642044732,-2.64168675774012,0.008249431235306,0.0384738028674003,ZNF124
6.635268102684632,-0.6739635727323557,0.255041952098455,-2.642559654155182,0.0082281969264819,0.0384186269064479,TNIK
2.752887123858666,-0.59880217260318,0.2265768474857057,-2.6428215382463436,0.008221835810209,0.0384186269064479,TESK2
21.07113800062811,-0.2873855170821101,0.1087297335548914,-2.643118010925921,0.0082146398547549,0.0384186269064479,ARMCX3
3.8870765673709142,-0.4781744429714943,0.1806923134522643,-2.646346343325886,0.0081366461508521,0.0381260867922355,ARMCX5
4.6798729046471506,-0.5864703032002873,0.2215900008628371,-2.646646062171861,0.0081294389369924,0.0381260867922355,GLCCI1
50.65186944108884,-0.2485760042363535,0.0938686307047415,-2.64812645470706,0.0080939243059566,0.0380088824735472,RNPS1
8.482787615896253,-0.3994897646666905,0.1507949181769768,-2.6492256469666886,0.0080676445891206,0.0379072593086285,KAT5
9.97260094655145,-0.4633059707784275,0.174865913814116,-2.6494927494613147,0.0080612701950141,0.0378991017050982,ZZEF1
32.556772667361415,-0.2726198162961163,0.1027597365469033,-2.652982826320138,0.0079783930077214,0.0375310588751251,SRSF1
17.765696372341143,-0.4024793006662048,0.1516133775055815,-2.6546424021942774,0.0079392521844326,0.037368450229838,ZNF493
16.319752910821116,-0.6958175654045092,0.261922641724743,-2.6565766167544633,0.007893851132804,0.0371976110762064,PLXDC2
8.55957134775011,-0.423892524532438,0.159386842963375,-2.6595201752621622,0.0078252043199955,0.0369593898836319,NRDE2
8.714852443741771,-0.6442980673287397,0.2422343535057821,-2.6598129373642307,0.0078184061332976,0.0369539917058231,ATXN1
18.74455790048388,-0.6554951888998525,0.2463514752300524,-2.6608129230309094,0.0077952254943338,0.0368927466468793,NFKBID
6.8726750025377665,-0.4784118076904086,0.179732523417964,-2.6617987584688416,0.0077724331672779,0.0368550259038472,AARSD1
7.627937969683938,-0.8197162602052704,0.3079152592429375,-2.6621488724549844,0.0077643529791332,0.0368455595122989,LINC00910
49.71526680146074,-0.8430467856558888,0.31639307354828,-2.6645551250578943,0.0077090230452179,0.0366436459002187,LYZ
9.509847947730696,-0.9633614603447314,0.3610989477667391,-2.6678600596948807,0.0076336045952427,0.0363865094707614,ZNF711
6.112007111537387,-0.4159405396370376,0.1558540161026483,-2.668782942128944,0.0076126629263491,0.0363548034898881,LIAS
10.01505594863946,-0.5260306585388618,0.1968700782576596,-2.6719685550711434,0.0075407714350901,0.0361263719597213,ATAD2
3.9805818537445594,-0.4755482178517665,0.1777496333074793,-2.675382272261242,0.0074644084121819,0.0358663793372975,SETD6
5.379607634201319,-0.4287256964213519,0.1600709996765053,-2.678347091526779,0.0073986505003042,0.0356452672393786,KIAA1328
15.520604695906869,-0.3776570305840692,0.1409959672827542,-2.6784952638163992,0.0073953778034657,0.0356452672393786,IRF3
11.445146788754968,-0.5471744773652771,0.2042476642764645,-2.6789754453428434,0.0073847809049097,0.0356414913018415,HECA
16.109506200992694,-0.4329748717081934,0.1615112948108771,-2.6807714730736847,0.0073452658676888,0.0355347349940114,MKLN1
7.212838166718872,-0.4351405226856033,0.1622787302446105,-2.68143904028393,0.007330626912512,0.0354849244680899,ENTPD4
4.929506983993014,-0.5705207469750639,0.2124985071641216,-2.684822376349338,0.0072568361238858,0.0351485524411803,PARG
10.437359933289178,-0.7969645153264433,0.2966199691299902,-2.6868201681228783,0.0072135778091206,0.0349597534272387,AFF3
10.097970111915323,-0.4550422257982852,0.1693428440558916,-2.68710631580097,0.0072074008199022,0.0349505472400126,BCL7A
9.831504490933824,-0.5018811327164919,0.186693892124184,-2.6882568412182084,0.0071826126415926,0.0348674001249962,MAPK8IP3
5.739234115264243,-0.4016240150661384,0.1493569574942423,-2.689021133023689,0.0071661882313438,0.034833387292273,HELQ
42.985103586415754,-0.343126223915253,0.1275742309982614,-2.689620162554058,0.0071533388346085,0.0347916259628489,HNRNPUL1
11.406186025123557,-0.3723724287320862,0.1383554962307657,-2.691417680371723,0.0071149054890795,0.0346459432367516,MNAT1
11.690636879160335,-0.3845251447577258,0.1428052400904224,-2.692654306762478,0.0070885725011172,0.0345795378547037,ERCC6L2
16.202151366882813,-0.2633713791648923,0.0978107665449277,-2.692662459034273,0.0070883991956092,0.0345795378547037,CCNK
80.9068211105615,-0.199889658212909,0.0741783015913473,-2.694718724002514,0.0070448072786657,0.0344277035131445,ATRX
11.300029037389322,-0.7832499902652992,0.2904264278329751,-2.696896408875531,0.006998903920605,0.0342853980427242,SPRY1
11.004994352576976,-0.4339000752884662,0.1608340759082676,-2.6978118463897096,0.0069796877656314,0.0342117748848077,FBXL20
25.101575570181783,-0.3147323708940646,0.1166336260770813,-2.698470256648481,0.0069658962385437,0.0341851880871716,RBM33
11.139326857805314,-0.5147893468726152,0.1906426929003535,-2.700283651268444,0.0069280380466354,0.0341018065536494,MAP3K5
8.73416348299585,-0.4905459756315545,0.1815860274192658,-2.7014522130545195,0.0069037400418106,0.0340231965510462,RRAGB
5.946682104557266,-0.5139055416741319,0.1902077618893015,-2.7018116220368453,0.0068962822293236,0.0340069535882943,KIF13B
2.682251286956008,-0.8025693463157202,0.2969951036279218,-2.702298241661204,0.0068861963027737,0.0339777234238915,ZNF154
6.856464782848757,-0.3915539624809566,0.1448740724567549,-2.702719374426614,0.0068774783894949,0.0339599626506961,ZNF350
22.094728885457315,-0.3380015378260769,0.1250572027833712,-2.702775452378987,0.0068763182623726,0.0339599626506961,ZNF451
8.766310538946216,-0.3784629526171423,0.1400275124088263,-2.7027756624867862,0.0068763139160439,0.0339599626506961,ANAPC1
8.762960574085644,-0.6274406689620585,0.2320151959633706,-2.704308510297385,0.0068446707577686,0.0339161945189374,ARHGAP26
5.569365692693105,-0.4747986693850764,0.1754419441829796,-2.7063007742884935,0.0068037392534388,0.0337748198297987,ANKAR
76.61413189487398,-0.6749839385319397,0.249344563022846,-2.7070329120033576,0.0067887526796418,0.0337209107266587,HIST1H1E
14.275946889692335,-1.0841555975304022,0.400096258831172,-2.7097369035582055,0.0067336597997077,0.0335083643260728,PLK2
54.78386523677637,-0.349994895245022,0.129142499201959,-2.7101449747978292,0.0067253804824306,0.0334908205581659,NUFIP2
4.003596662144799,-0.607191707035266,0.2239422920224579,-2.711375781464156,0.0067004641578594,0.0334062585135958,UVSSA
5.473721587831944,-0.6236974695794658,0.2299665046504487,-2.71212310039452,0.0066853760281561,0.0333697052694344,RAVER1
5.136920155113791,-0.4791101441500631,0.1766046375185065,-2.7128967329629536,0.0066697888163048,0.0333326265553683,WDR47
15.73390229860021,-0.3333335103101728,0.1228665699571873,-2.7129715627800333,0.0066682828733755,0.0333326265553683,CEP290
27.757822693957863,-0.2929734138083928,0.1078561720674258,-2.716334245806923,0.006600923914944,0.033069374193138,NSD1
8.830274892390365,-0.6469613852827306,0.2379006470384408,-2.7194603854027863,0.0065388526906031,0.0327986281982307,RABGEF1
66.66829555295048,-0.412496273152912,0.1516529764622268,-2.720001168296589,0.0065281685669486,0.0327651507128608,C12orf57
11.955118399120115,-0.7194396836902143,0.2643908725201265,-2.7211214851429775,0.0065060846668934,0.0326944758998684,GOLGA8B
22.85514114193431,-0.3382359273346144,0.1242361898401234,-2.722523346618099,0.0064785455673122,0.0325761205110819,CHMP4A
17.359210257035574,-0.2844502633156731,0.1044595471512719,-2.723066211494767,0.0064679093653182,0.0325627156032136,PPM1B
5.1076407727432835,-0.4685117444765281,0.1719550009951747,-2.724618311564402,0.006437586103481,0.0324901272708729,ANKRD39
8.314225023584475,-0.4623947663120544,0.1697054310531965,-2.724690444156206,0.0064361799697721,0.0324901272708729,UBE3C
42.097247694245034,-0.3893908667825842,0.1425384218893902,-2.73183091001773,0.0062983456372979,0.0318947093166212,ELMO1
3.5439914681959372,-0.4895646113647802,0.17906721743456,-2.733971177854993,0.006257552164759,0.0317643387673758,ANKMY1
19.312850449519004,-0.2527315316063264,0.0923817527481295,-2.7357299909147215,0.0062242074231949,0.0316465521165385,NAA15
10.882023493721352,-0.4353734949457503,0.1590187428109347,-2.7378753425524645,0.0061837510485107,0.0315008914073448,CCNG2
6.430016017719438,-0.7544001571260769,0.2755025745876617,-2.7382689916969745,0.0061763534966967,0.0314854415553249,ACSL1
5.889170147771992,-0.5544474571578779,0.2024636952990881,-2.7385030997227635,0.0061719578606024,0.0314854415553249,MEGF6
18.69168506551599,-0.467822041848084,0.1704211622288989,-2.745093600639428,0.0060493641181095,0.0309320113949145,ZNF439
8.572810308737346,-0.411154705389966,0.1497713437424003,-2.745216108210478,0.0060471061984232,0.0309320113949145,INO80E
12.83566369081938,-0.4154101904902454,0.1512255999972286,-2.7469568016120176,0.00601510565503,0.0308146885938872,VPS53
11.75577161245,-0.3985467986925352,0.1450316083066731,-2.747999579855707,0.0059960085919408,0.0307361268536692,CCDC88C
5.87520485481786,-0.6729193007727287,0.2447452266763935,-2.7494685388184283,0.0059691992873751,0.0306353224495817,SMIM14
69.49805847145689,-0.2937489928553758,0.1067690801256833,-2.7512552558248964,0.0059367363393674,0.0305280507419579,MYCBP2
4.787041444241942,-0.5354366396284165,0.1945930852209882,-2.75157074065788,0.0059310208350433,0.030522165498849,BTD
8.00502573500906,-0.5254782329712628,0.190786047298554,-2.754280202414181,0.0058821384741268,0.0303619415490148,XRRA1
4.958884245937845,-0.4545333306045162,0.1647558766882528,-2.7588292432480173,0.005800883742826,0.0300183793936871,WDPCP
22.649925858664613,-0.5707506180172538,0.2068798611975937,-2.758850545980028,0.0058005056270357,0.0300183793936871,PDZD8
3.130533485261317,-0.5636470532306219,0.204220638310386,-2.759990654685739,0.0057803015003775,0.029987837180689,RCCD1
127.76253489080769,-0.2949492337363322,0.1067163283908353,-2.7638622709742897,0.005712164442173,0.029680231437894,SRRM2
4.522327882065735,-0.5003351900781071,0.1809259989007792,-2.765413445927656,0.0056850689865031,0.0295688724944095,DNAJB2
12.784083005012535,-0.4332779699561266,0.1564047426813471,-2.7702354962398426,0.0056015776024244,0.0292463198654378,JMJD6
12.27153428799168,-0.3730886388206408,0.1345015117777789,-2.7738620472686697,0.0055395163115274,0.0289778410893027,DCAF5
17.20027563594591,-0.3911154559991276,0.1409807467129053,-2.77424730055941,0.0055329600533671,0.0289620862242555,SENP7
3.508430614577453,-0.5363875873789821,0.1932853079726811,-2.7751079117446156,0.00551833942019,0.0289102289975076,CCHCR1
3.2810434060424343,-0.470935836933086,0.1696731527584457,-2.77554715803231,0.0055108906606499,0.028902110133614,STK35
8.962422664927647,-0.4186119652232075,0.1508070484178803,-2.775811672033063,0.0055064093984751,0.0288971555523061,FGD3
4.21981279813551,-0.891576505179204,0.3210886656606512,-2.776729920829668,0.0054908784068147,0.0288362808093167,HOMER1
9.977705017566786,-0.5439310495693367,0.195860437891179,-2.7771358801492485,0.0054840247422442,0.0288352420649146,MTMR6
11.262474138766224,-0.4075500382243529,0.146646077357639,-2.7791404009424943,0.0054502962039237,0.0286833477723284,POM121
5.763009701265998,-0.4538739668149216,0.1632784533577863,-2.7797542019850185,0.0054400057574007,0.0286833477723284,ADNP2
25.679455737409363,-0.6868398531153409,0.2470099246992117,-2.7806164224037464,0.0054255801543871,0.0286525236380925,HIST1H2BC
14.324315959904071,-0.4302422351261462,0.1545929684083836,-2.7830647121645793,0.0053848064708298,0.0284600605906536,MAML3
52.32029540555114,-0.3614973115265877,0.1298456786891816,-2.7840534638963432,0.0053684184342054,0.0283918103727461,VPS13C
18.02315334534915,-0.3984518085455459,0.143080048294916,-2.7848174032221356,0.0053557873997296,0.028343354173051,DDX39A
8.523938532106682,-0.389154825170297,0.1397100371590594,-2.785446436659705,0.0053454070635112,0.0283067538016529,XPO4
13.011865364943436,-0.4796617115985315,0.1721689093455622,-2.785994947762588,0.0053363703427009,0.0282772257264654,SMG6
6.792021439499719,-0.4769236929558453,0.1711751596633485,-2.7861734955808695,0.0053334317450852,0.0282772257264654,PPP1R12B
15.566528170977309,-0.3576613256829437,0.1283625368190438,-2.7863373110734693,0.0053307369024319,0.0282772257264654,NSMAF
9.612215579098136,-0.414451628165417,0.1486750586781065,-2.787633863072743,0.0053094513510921,0.0281894262441677,RGP1
4.958497724932773,-0.6486906130267831,0.2326906689976826,-2.787780944637893,0.005307041560948,0.0281894262441677,HIC2
5.008056592766905,-0.5176224137876846,0.1856188559146844,-2.788630558231638,0.0052931407824522,0.0281393970939606,DXO
7.183846552255683,-0.4156184275673004,0.1490015755223897,-2.7893559253327997,0.0052812988714607,0.0280947220564491,ETFDH
4.755180578173909,-0.5640022949802708,0.2021716351996627,-2.7897202019623952,0.0052753609394227,0.0280814164404063,EIF3C
13.036367537691715,-0.4780097977817314,0.1712985830989525,-2.7905064311337817,0.0052625654722753,0.0280315661499101,ENOSF1
34.97573932829803,-0.291380261648007,0.104313634320732,-2.793309460890828,0.0052171754616969,0.0278414028448589,HECTD1
25.033510247054355,-0.8082645657446995,0.2893018274236695,-2.793845351557467,0.0052085380624311,0.027816316671977,SLC2A3
9.861150232475884,-0.4556179309141335,0.1627985353353255,-2.7986611180233965,0.0051314961450992,0.0274587131641164,MAN2C1
16.530949006488612,-0.4549945964062739,0.1625503533121248,-2.799099399880144,0.0051245359635264,0.0274394386356322,ARRDC3
5.250889005862947,-0.5400583252927563,0.1928908556304025,-2.7998130006098374,0.0051132218052337,0.0273968100790591,NR1D2
9.306952843182076,-0.3813732211246378,0.1361907694455912,-2.800286852604926,0.0051057213483097,0.0273745729245662,KIF9
31.67950377614982,-0.2855827028454606,0.1019736853671155,-2.8005529251721573,0.0051015141288391,0.0273699750142773,ZC3HAV1
21.251023340638064,-0.3851190127378168,0.1375017509661313,-2.8008298805785925,0.0050971381553459,0.0273644650902309,CHORDC1
12.467424278473768,-0.3365121343344065,0.1200506412923527,-2.8030848541234943,0.0050616350177781,0.0272010029199784,CYP20A1
226.6570331467687,-0.5482786906251456,0.1955781811914499,-2.8033735015075116,0.0050571066227507,0.0272010029199784,TSC22D3
8.916928662187788,-0.401506177006463,0.143137256379263,-2.805043125478204,0.0050309848015945,0.0270983367263212,POLB
5.659485758035376,-0.5101849628511433,0.1816681846304029,-2.8083341278996943,0.0049798528942528,0.0268938387302974,ATXN1L
6.890960612731621,-0.6693334124055039,0.2383312654038959,-2.8084163077437454,0.0049785821115233,0.0268938387302974,NLRP1
2.997634278604131,-0.744680703292938,0.2648047434886731,-2.81218792942352,0.0049205745090751,0.0266795051849058,BRCA1
24.593929241579737,-0.3045362489040414,0.1081026059762271,-2.817103678065005,0.0048458880014171,0.0263620178825428,RFC1
15.13389940209566,-0.4426363310392911,0.1570893456286337,-2.81773616961715,0.0048363532028462,0.0263276762294849,SDE2
6.744209414612595,-0.4723056290447172,0.1676165875492093,-2.8177738012119855,0.0048357864426196,0.0263276762294849,ZNF333
30.471755678255366,-0.4625319649422759,0.164108492471881,-2.818452341956209,0.0048255774121749,0.0263040647330766,POLR2A
15.753213561431464,-0.4580682399465092,0.1624402102023195,-2.819919029752452,0.0048035768668158,0.0262366487825883,USP3
33.03799382772197,-0.2993381927163904,0.106091748808561,-2.8215030488048236,0.0047799183163525,0.0261248913464327,RIF1
22.926982685313934,-0.350113985473703,0.1240767439849541,-2.8217534908569073,0.0047761874398857,0.0261219729392949,ZNF280D
20.51697589586144,-0.3569140136959138,0.126431115474734,-2.8229918905306137,0.0047577775036946,0.0260561662082367,R3HDM2
5.113577208845374,-0.4972938692769949,0.1760906568266776,-2.824078677646542,0.0047416743640387,0.0260028330393022,PPRC1
2.905155771310332,-0.9203651938213776,0.3256654749786183,-2.826106125869819,0.0047117650615438,0.0258909430516979,LRRC70
7.000120206331701,-0.8616070257929133,0.3048736740399515,-2.826111596897034,0.0047116845834784,0.0258909430516979,FOSL1
17.131535983002713,-0.4420616996580662,0.1563594781576114,-2.8272139614872915,0.0046954943118223,0.0258362855366335,FBXW7
5.912767789107848,-0.6022060367818696,0.2128733100584018,-2.8289410101090375,0.004670230636252,0.025731931577084,DAGLB
4.522218008908199,-0.6249390755518185,0.2209045140809208,-2.829000928984609,0.0046693563418812,0.025731931577084,OBSCN
46.115127439799735,-0.3574584770308116,0.1262895264308624,-2.830468108742996,0.0046479944654622,0.0256786766580745,SREK1
12.026216218224336,-0.7690339530996311,0.2715307688606854,-2.832216607813607,0.0046226522198247,0.0255732507029031,TRPS1
5.729326051304272,-0.6785202935491792,0.2394732011053212,-2.8333871615586887,0.0046057565394236,0.0255143299550037,TAF4B
4.1155413252496365,-0.57364515027864,0.2022528860299345,-2.8362767105025997,0.0045642881790168,0.0253706113678549,FLYWCH1
6.63144931895177,-1.5658109195845256,0.5519343764890177,-2.836951250518243,0.0045546565695342,0.0253343082570892,CCL4
17.311060825039615,-0.4040690620145266,0.142359843541251,-2.83836404960252,0.0045345431557268,0.025274046470289,ATAD2B
21.556155886505636,-0.3645087099884315,0.1284178620767839,-2.8384580158364847,0.004533208256826,0.025274046470289,UBR2
17.73687399966445,-0.529071550255288,0.186094638560779,-2.8430241426998006,0.0044687685208933,0.0249414669291114,DSE
23.511545672996174,-0.3230185131189887,0.1135000047660868,-2.8459779696459075,0.004427525785957,0.0247450842661116,MLLT10
6.734477731688401,-0.5189846271751677,0.1821403495763392,-2.8493665922039373,0.0043806373005445,0.024600816070618,SNIP1
16.06827030770401,-0.3890305926847642,0.1363660687290889,-2.852840125923335,0.004333041488893,0.0243670213391226,LUC7L2
13.415462734578169,-0.2880393847523615,0.1007968939492713,-2.857621633632132,0.0042682901117891,0.0240194204569072,DCAF8
12.497161265401518,-0.4111044097315112,0.1438325072276955,-2.858216252051479,0.0042602994123216,0.0239931647752221,DDX10
6.451013466844549,-0.4163761937350232,0.145556944095794,-2.8605725155991006,0.004228768305171,0.023879243829684,TRRAP
22.958631230561085,-0.4080228520852148,0.1425415126152892,-2.862484371036832,0.0042033399039146,0.0237712586663176,DYRK1A
39.97130138883521,-0.4015587917904016,0.1402373224700815,-2.863423122443534,0.0041909049977,0.0237474928822518,KMT2C
5.407815543262875,-0.6753963681952694,0.2355699553842599,-2.867073464837941,0.0041428683118772,0.0235079006780201,CEP128
29.642512300925343,-0.358247984104231,0.1249429672548854,-2.86729210915409,0.004140006982377,0.0235079006780201,INPP5D
5.3773060115292015,-0.8333907685715262,0.2906221875956377,-2.8676088892809486,0.0041358645612842,0.0235007992560874,DOCK10
60.1904945864649,-1.0076679144563747,0.3513009014769455,-2.8683897770256763,0.0041256692274313,0.0234591811115808,HIST1H1D
7.065480811624488,-0.5235026045169866,0.1824597285972189,-2.8691405415417552,0.0041158886933734,0.0234525289494802,PPAN
3.423061971885952,-0.6967851403822771,0.242755482344834,-2.870316804596381,0.0041006073067794,0.0233980882009041,GTPBP2
5.953788371342033,-0.4394309551456727,0.1529672676701382,-2.8727123249221567,0.0040696450737229,0.0232538950331398,ZNF236
3.632732860536825,-0.6138117620192921,0.2135972635215705,-2.87368738671741,0.0040571032234027,0.0232146991865712,POLA1
12.244118630370382,-0.3736194090020501,0.129892193626777,-2.876380778321302,0.0040226412376792,0.0230659660021591,ZRANB1
8.299349622793505,-0.5853944010878103,0.2033932000713985,-2.8781414564612544,0.004000257199148,0.0229537230156168,NOM1
5.843318575924771,-0.4968669679240176,0.1726138397235436,-2.878488588862829,0.00399585736755,0.0229445892833813,PPM1D
34.61268035166097,-0.4994022976434284,0.1734039459528498,-2.8799938484630587,0.0039768293025967,0.022851386941996,ARL4A
8.10072963838063,-0.4632361872644709,0.1608412879924457,-2.880082552473889,0.0039757105618294,0.022851386941996,DHRS7B
27.230975706919253,-0.3435649026710743,0.1192878794941395,-2.8801325342358295,0.0039750803144714,0.022851386941996,GTF2F1
13.296813712512924,-0.4516052396138208,0.1566291622387252,-2.883276863381991,0.0039356136448328,0.0227103807146392,ITFG2
13.449859467970674,-0.5097424162684142,0.1767210685599139,-2.884446209058518,0.0039210273846144,0.0226422012435934,KMT2B
16.321711288473796,-0.4686389753144826,0.1623838221255055,-2.885995471594912,0.0039017777121671,0.0225519358863179,SIAH2
4.879205730372156,-0.5024280630178193,0.1739914284608993,-2.8876598546389243,0.0038811933369131,0.0224597951529158,ZNF689
6.425847828387445,-0.4235609194926275,0.1466058076978326,-2.8891141909304414,0.0038632875416839,0.0223878883000703,RBBP5
6.427295893667234,-0.5469669734252142,0.1891420362717485,-2.891831896318189,0.0038300281594872,0.0222424734123454,FKBP15
12.658728785076104,-0.4350817584167673,0.1503850924947413,-2.893117603608092,0.0038143844586866,0.0221673793825949,CRCP
5.565609067401377,-0.4800722455087061,0.1659018950326966,-2.893711644548072,0.0038071761604023,0.0221412358766173,MCM9
5.839290127661262,-0.8765189578093007,0.3028413905471028,-2.8943169103332,0.0037998443892541,0.022114336541735,DPY19L2
7.068133044742309,-0.5028521420175841,0.1736994462564789,-2.8949553545213327,0.0037921246247121,0.0220851392077852,CSAD
5.205557511893425,-0.6800276853314607,0.2348793477376766,-2.895221277993947,0.0037889134107079,0.0220821765184698,MCOLN1
17.10249645440221,-0.4051817892107745,0.1394758230672024,-2.9050324299972,0.0036721505014303,0.0214950995484955,BCAS2
12.561393280439823,-0.4619806491705213,0.1589079062423508,-2.9072225548422597,0.0036465365940147,0.0213743547415313,TSPYL4
17.647243592592236,-0.4438386092139854,0.1526605238797704,-2.9073567804833136,0.0036449720970886,0.0213743547415313,MBTPS1
13.301193818841256,-0.3674308483839551,0.126353153788301,-2.907967370561789,0.0036378629290665,0.0213582910575536,RNF44
32.92936911442546,-0.4670728513350023,0.1604900811149571,-2.9102910789885117,0.003610922891876,0.0212389426679062,LRBA
203.2858773757324,-0.2486941055843895,0.0854358315292179,-2.910887635000536,0.0036040360219198,0.0212165549964746,PNISR
8.431367995348449,-0.3730199183323545,0.1280102498994926,-2.9139847678231345,0.0035684731777134,0.0210239380688589,SLC25A32
10.937755594838324,-0.6336117473320761,0.2173598407542281,-2.9150359382555404,0.003556475858652,0.021012266262506,PRR4
67.56135920050933,-0.374338064218255,0.1283622839542531,-2.9162621035292964,0.0035425276452928,0.0209450024527407,USP15
9.759307464787703,-0.6086466732740815,0.2084932537875823,-2.919263152246569,0.0035085990163538,0.0207813477324207,SYNC
12.479752155648718,-0.4229682727604526,0.1447976467582598,-2.921099080198448,0.0034879888151502,0.0206824068277163,HTT
4.956255921306682,-0.4456598611009038,0.1524084617604673,-2.924114947117076,0.0034543716020531,0.0205128418316687,MPP5
11.169632116324305,-0.2883792641724245,0.098400037385084,-2.930682465534697,0.0033821830131956,0.0201868644271891,NAPG
27.57688451647865,-0.3483495766684981,0.1188140964341208,-2.9318876052863683,0.0033690865272854,0.0201438393179677,DNAJC2
8.678147533499597,-0.4356458923569821,0.1485486457339056,-2.93268168285662,0.003360482388152,0.0201161183835825,SRCAP
6.9555161185872745,-0.5769686199420301,0.196466323087928,-2.936730381439516,0.003316923452225,0.0199283687706844,ZNF335
37.29860226853974,-0.3407499808189502,0.116025095784477,-2.936864464666438,0.0033154897217021,0.0199283687706844,ELF2
6.1817166813122615,-0.5244245847553741,0.1784757170097487,-2.9383525867932434,0.0032996153222764,0.0198535764346987,ANKS3
13.052490772035595,-0.2816324736903375,0.0957906260158139,-2.9400838621082097,0.0032812342526916,0.0198091198720603,YY1AP1
18.284292545201467,-0.2918750890123567,0.0992378832863267,-2.94116600784624,0.0032697924602011,0.0197760726812017,UBAP2
23.331409937972136,-0.3511550694185665,0.1193150113394383,-2.94309211788589,0.003249517110575,0.0197118072089891,REV3L
24.55091896676454,-0.4832319728528317,0.1641789631076798,-2.9433245508798525,0.0032470781474498,0.0197116460199201,RHOH
27.927040204547964,-0.3709237049748553,0.125908357085009,-2.9459816136304617,0.0032193153590007,0.0195948098426073,SECISBP2
158.44630273216814,-0.3565840322777165,0.1210240648332508,-2.9463894868266443,0.0032150728264746,0.0195901268196301,SFPQ
17.199857228221852,-0.623346545760102,0.2115531465240734,-2.9465245778756066,0.0032136687874236,0.0195901268196301,NPIPB5
2.522312951771116,-0.7290558226919475,0.2474279859974896,-2.946537432913286,0.0032135352105405,0.0195901268196301,ZNF318
6.376351066908901,-0.4887621503994281,0.1658244554333547,-2.9474672425254123,0.0032038869525304,0.0195657401264021,MTMR3
36.597079257373665,-0.312272142247151,0.1058047369822607,-2.9514003923993193,0.0031633655793943,0.0193472007105025,USP34
3.0998467757955668,-0.9358883640653414,0.3167932101071258,-2.954256386204945,0.0031342349936986,0.0191833963546902,EIF4EBP3
5.253810288437129,-0.6412116069156103,0.2169607680810868,-2.955426515986355,0.0031223706801414,0.0191251055677931,LONP1
3.853158176650844,-0.7071065045470755,0.2390336098196552,-2.9581886207574297,0.0030945270595568,0.0189687776471412,TIPIN
4.726371202370854,-0.4685552510677537,0.1583901323161455,-2.9582351136150393,0.0030940603281704,0.0189687776471412,B4GALT4
4.596747021248354,-0.6145177968658921,0.207692635320366,-2.9587847249277672,0.0030885477655635,0.0189605738485495,EID2B
3.4219821348360195,-0.6599763090380002,0.2230135306990516,-2.959355456905497,0.0030828328440736,0.0189397196758843,GCC1
24.593261571450405,-0.3421635184672638,0.1155100649914236,-2.96219657129159,0.0030545270760721,0.0187940818814651,LONP2
24.204034378493983,-0.4577500442367264,0.1544863154040039,-2.963045905002293,0.0030461113782256,0.0187705701896541,PHACTR1
3.4442528815298377,-0.5685536297906018,0.1918264176992258,-2.9638964049365977,0.0030377053207556,0.0187470469606456,MIER3
4.4224731179908225,-0.6941446986323898,0.2338618146827406,-2.968183153688744,0.0029956577132095,0.0185295376038116,TNFRSF10D
5.191514202897201,-0.5906056723567662,0.1986637439583172,-2.9728910801192012,0.0029500911887872,0.0183170175559124,ELL
31.52890649058478,-0.3811914528599114,0.1281343433001609,-2.9749358606142913,0.0029304981355909,0.0182369385117394,BRWD1
17.15533451987574,-0.4399744516864876,0.147858134034033,-2.9756526724814294,0.0029236578174223,0.0182082378248155,ERC1
7.547685218052707,-0.5730768600613797,0.1925801484762203,-2.975783665117191,0.0029224093703348,0.0182082378248155,KLHL18
10.27508026598298,-0.4824018876611779,0.1620537578353751,-2.976801612655187,0.002912724221039,0.0181678393970307,TRMT11
48.71535020732929,-0.6393897487001633,0.2147180336015861,-2.977811122686437,0.0029031482901381,0.0181496745820345,CITED2
6.431430016151637,-0.5061029706314011,0.1699170327895569,-2.978529946778272,0.0028963472495993,0.0181312448661959,ZNF266
14.403534820813729,-0.4790402784692403,0.1607326008824396,-2.980355421608662,0.0028791411181468,0.0180687112721799,RALGAPA1
7.436264016090068,-0.4400725128744981,0.1475254514310757,-2.9830277325407883,0.0028541213169439,0.0179530602623161,MFSD11
11.341687215085898,-0.3713997711034478,0.1244010191644958,-2.985504247455922,0.0028311120627142,0.0178495498954,MARS
12.9427270693126,-0.5188815918033917,0.1737537915908984,-2.9863037062528868,0.0028237205488017,0.0178304641454859,KDM6A
7.613511853138688,-0.45626706853047,0.1526371421422059,-2.9892270133398076,0.0027968424612457,0.017715503682821,ANKRA2
11.265949475876528,-0.4265034636641763,0.1426692082152809,-2.989457003368261,0.0027947377846969,0.017715503682821,TUBGCP3
5.964667891392704,-0.3857854611008112,0.1290010046276528,-2.990561679843799,0.0027846488534332,0.0176656566625803,ZNF263
6.8194122448908905,-0.5993508507961759,0.2003835265732729,-2.9910185784509347,0.0027804857641359,0.0176529519648446,RAD9A
12.153375222568824,-0.659535488268545,0.2204764828971465,-2.991409694140585,0.0027769265808976,0.0176529519648446,PRKD3
8.662302327725499,-0.4860778261951738,0.1624879202224868,-2.9914705384228633,0.0027763732673727,0.0176529519648446,POM121C
51.3543518004105,-0.3662627681359674,0.1223769255663371,-2.992907089641066,0.0027633385949763,0.0176262604680341,ZNF292
37.83881390124586,-0.4613969569221308,0.1541449351244281,-2.9932670609623617,0.0027600811343744,0.0176262604680341,MIDN
6.268739249985376,-0.4192710753452759,0.14000925527917,-2.9945954252043885,0.0027480908023579,0.0175701486275953,SMPD4
11.639648884932871,-0.4384914931053648,0.146408361714977,-2.994989411595258,0.0027445436885818,0.0175612110253734,DHX38
4.752945110385833,-0.4925761449569642,0.1644592296771191,-2.995126183699347,0.0027433132888339,0.0175612110253734,GBF1
9.279731339564975,-0.4301897352364601,0.1435169775181039,-2.997483243278266,0.0027221882353261,0.0174866352758257,LINC00909
9.473922885522228,-0.3903309282936341,0.130200060692167,-2.9979319995594804,0.0027181831569118,0.0174746456137894,EDRF1
10.34016814744496,-0.3731436049486045,0.1244333040577678,-2.99874384734953,0.0027109512222599,0.0174418759347133,QRICH1
14.73742863615913,-0.4398270882039268,0.1466374411827146,-2.9994187341000393,0.0027049527224597,0.0174307324094784,FBRS
7.397978752993203,-0.5220679487261529,0.174049904869674,-2.999530215871532,0.0027039630228618,0.0174307324094784,ERF
11.725394976055975,-0.3976986717950463,0.1324867346422821,-3.001799937698245,0.0026838849669384,0.0173412470704876,ZNF121
5.022928544594035,-0.5330824174796159,0.1774414311222222,-3.0042725315511407,0.0026621674232645,0.0172365847983319,TUBGCP5
9.99822341453929,-0.7092926449065587,0.2358362555813102,-3.0075640539586717,0.0026335061927041,0.0170780786512583,GABARAPL1
212.3434229198118,-0.615469812882931,0.2041624570106986,-3.014608179655081,0.0025731143019166,0.0167341732917492,SOX4
4.470125051148124,-0.4920208695131722,0.1629068869833274,-3.020258250736371,0.0025255923747688,0.0164960953591018,ZNF76
12.417393084730662,-0.4876192621257467,0.1613877005853205,-3.021415264962884,0.0025159604819109,0.016459498076617,RAPGEF2
27.915003476062633,-0.2942965386959071,0.0973458296066406,-3.023206437143878,0.0025011156196635,0.0163886252832964,SMC5
6.209177867285776,-0.4425983902801508,0.1463978207347359,-3.023258051648955,0.0025006890396029,0.0163886252832964,PIGG
101.86541565366016,-0.5283887783905225,0.174756382391426,-3.0235735665837775,0.0024980828398639,0.0163886252832964,MSI2
20.475258207289823,-0.3597722274154425,0.1189420086292382,-3.02477006704092,0.0024882221332193,0.0163434590438386,SAT2
5.223312112983658,-0.5620859956952828,0.185823421957769,-3.0248393328103966,0.0024876523858625,0.0163434590438386,IPMK
20.33381454329236,-0.4624361165121319,0.1528539361098435,-3.0253464731180824,0.0024834845250682,0.0163434590438386,PURB
11.516346206323243,-0.3490167477317312,0.1153501757739629,-3.025714918854175,0.002480460513929,0.0163434590438386,LEMD3
22.340452813870357,-0.343367028627485,0.1134151473713397,-3.027523541482914,0.0024656650797264,0.0162869437077161,TSPYL1
3.937262797352167,-0.5897596736279491,0.1947396145913323,-3.0284525049799425,0.002458097126495,0.0162500903079216,SLC23A2
24.17412706488876,-0.4966254090948144,0.1639103557710495,-3.029859869186681,0.0024466722903346,0.0161876593395336,CCDC14
9.1646650347071,-0.4143654670945337,0.1366974568346859,-3.0312595178390453,0.002435358302644,0.0161258611757732,UBR1
4.005301878160934,-0.769685938509966,0.2537973876229414,-3.0326787273849467,0.0024239351035882,0.0160694233350665,GSAP
6.105158192631105,-0.4752952763036638,0.1566461710455391,-3.034196579024515,0.0024117722240118,0.0160086034463042,OTUD6B
14.492376308235976,-0.5208655484832629,0.1716181604670956,-3.035025821659057,0.0024051509413307,0.0159906333129484,GPS2
33.644504432408276,-0.4623038366861401,0.1522647932267573,-3.036183394001417,0.0023959358571959,0.0159813811339986,ZBTB20
4.96578965323156,-0.560026923574548,0.1844181574493838,-3.036723342864193,0.0023916485508069,0.015965817245624,DNAJC27
9.042235916936374,-0.4453471006579557,0.1462057441406427,-3.0460301219735517,0.002318846031747,0.0155305663322991,NPAT
7.535620597881708,-0.6584156772321333,0.2160218522947521,-3.047912376631947,0.0023043710958221,0.0154716649334125,INTS1
19.002362583326473,-0.3314585436193163,0.1085095040178815,-3.054649881771596,0.0022532339540072,0.0151782148707282,TOPORS
51.62068125326222,-0.3012926084069969,0.0986209499817919,-3.055056846061851,0.0022501786789918,0.0151701402525099,ILF3
3.7681267031143255,-0.7073018253726253,0.2313065524755578,-3.057854685925362,0.0022292765009818,0.0150511590372664,LINC00893
34.231429704920195,-0.3526462382599703,0.1152805891455978,-3.0590252953563835,0.0022205839946826,0.0150201919044306,CREBRF
8.637310540259806,-0.4963579031488581,0.162235932512422,-3.0594819252563124,0.0022172016620154,0.0150097388403712,TMEM41A
16.122459575891696,-0.5799929371683066,0.1892683072298748,-3.0643954376570783,0.0021811040342728,0.0148267895707514,PLEKHA5
22.83790256771018,-0.4967497721167244,0.162035571605388,-3.0656834619405657,0.00217173096531,0.0147753652935455,ZMYND8
11.179833783280394,-0.409741705709405,0.1336371773698247,-3.0660757266332728,0.0021688837634562,0.0147753652935455,LARP1B
16.023225554328054,-0.4017131849126394,0.1308507592588601,-3.0700103475741862,0.0021405135474863,0.0145994459069373,STX4
24.372590091198138,-0.242159619463966,0.0788091373291006,-3.072735315611016,0.0021210652856821,0.0145152633578803,CEBPZ
16.993501705580258,-0.3871886260536476,0.1258897157057947,-3.0756176061157405,0.0021006706545294,0.0144015097872317,DLG1
4.933890299507299,-1.1734734447081163,0.381223351919244,-3.0781782878733455,0.0020827027104421,0.0143247170429485,TTN
16.95077149939918,-0.413738675013905,0.134226049786509,-3.0824022287176756,0.0020533717173862,0.014134878098368,SIN3A
10.70503452016098,-0.4822207462907835,0.1564097100479768,-3.083061442559212,0.0020488284838465,0.0141154953975633,CLASP2
127.66020851294928,-0.2876700569960408,0.0930974244947523,-3.089989422986196,0.0020016362330585,0.0138370301694764,N4BP2L2
24.3603512116461,-0.4440725156483713,0.1435817497303092,-3.0928200588339134,0.0019826431186376,0.0137639566035585,TRIM28
17.686070700460256,-0.4079221871967429,0.1318921586201046,-3.092846394088529,0.0019824671925827,0.0137639566035585,ZC3H11A
33.84803668729668,-0.2905207812214007,0.0939262838606607,-3.093072240059951,0.0019809590735184,0.0137639566035585,NOP58
5.086148634396652,-0.6011298538819627,0.1943123368467033,-3.093626805364424,0.001977260350263,0.0137616646695051,TOP3A
5.0568759300925805,-0.6778923937218719,0.2189840545571637,-3.09562445125389,0.0019639893543598,0.0136809522715039,PPP1R12C
40.97806897040477,-0.2778142107477299,0.0897236144848736,-3.0963332489750086,0.0019593002739383,0.0136599339064423,DYNC1H1
8.685759760261607,-0.8088272891184874,0.2608963833118921,-3.1001859008201125,0.001933992167678,0.013497224040328,FRY
11.844206327076442,-0.4526129642818298,0.1456734519164271,-3.107038093265572,0.0018897204623844,0.0132426294152171,PIK3C2A
10.77103947416956,-0.5617367647211166,0.1806479931683471,-3.109565486274902,0.0018736274596639,0.0131637231065466,ATP9B
7.04074767294057,-0.5604521156436407,0.1801414750775624,-3.111177564202414,0.0018634285243059,0.0131033343133427,GAB2
10.824221380200896,-0.3672780702911348,0.1180272185989185,-3.111808230771103,0.0018594524615544,0.01309946343647,ISG20L2
84.57601064524414,-0.355214613894078,0.1141123097564953,-3.1128509680688423,0.0018528955753606,0.01307427439229,NKTR
8.365337025946095,-0.5357775133836702,0.1718923867144147,-3.116935680658277,0.0018274143700547,0.0129279678075476,MAP3K4
12.132754097463962,-0.5257905206811427,0.1686081831091579,-3.118416383982638,0.0018182572658327,0.0128854988023586,USP24
4.675889515267413,-0.7470399487862711,0.2392596501283423,-3.1222980907376066,0.0017944514548649,0.0127388903889673,YOD1
15.312154350793817,-0.4309677468602074,0.1380062669199561,-3.1228128727673607,0.0017913159947089,0.0127276895589275,YTHDF3
28.84526525066655,-1.311755816622428,0.4199534658871867,-3.1235742128029225,0.0017866880170067,0.0127058553411336,ID1
19.875015799927343,-0.4075894664777169,0.1303519102579471,-3.126839228294834,0.0017669652470253,0.0125765444542194,KIAA1109
133.23801445202625,-0.7533229767358981,0.2409204662537371,-3.126853390456664,0.0017668801362409,0.0125765444542194,CD69
27.23431139638403,-0.6256899597526563,0.2000380187392262,-3.1278552132048407,0.0017608690052366,0.0125640859852194,POLR2J3
8.843749632499156,-0.4804104316750082,0.1534870146219248,-3.1299744337224475,0.0017482151753691,0.0124865963268718,MBD5
6.354825304729783,-0.6373418527626096,0.2034644245583932,-3.1324486044472892,0.0017335477560284,0.012395664874539,MTHFR
4.702336328600318,-0.6778377752877386,0.2161925548077457,-3.1353428238568233,0.0017165338455615,0.0123096794197448,ATAD3B
9.095231557902704,-0.4398193676825601,0.1402535585578332,-3.1358874042486535,0.0017133497023049,0.0123020917553021,KIAA1191
20.799022487559853,-0.4622947276421924,0.1473770618287104,-3.136816014011029,0.0017079326786053,0.0122767576541538,MYO9B
5.549669883447091,-0.709538780479397,0.2261959967167588,-3.1368317334452067,0.0017078411153808,0.0122767576541538,TTC27
4.824196767209636,-0.5468911965688565,0.1743302207811076,-3.1370992024127795,0.0017062838426361,0.0122767576541538,BAP1
8.914424866742559,-0.4504851219882872,0.1434233677157592,-3.140946480081769,0.0016840280351132,0.0121556475926766,CCDC93
10.412556089366552,-0.4625926117652104,0.1471335887973283,-3.144031322463128,0.0016663760232713,0.0120388669196729,KDM4C
7.336752563636264,-0.5339782452288009,0.1697167462066818,-3.1462908473305258,0.0016535548079166,0.0119886391619228,MAP3K3
6.561189075469559,-0.6413245773556501,0.2035968418255906,-3.149973111591952,0.0016328548983418,0.0118596065549789,KAT2A
27.56061977765441,-0.3773311658627135,0.1196797361968109,-3.1528408889722135,0.0016168991167796,0.0117541660882623,UBR5
2.807871414950077,-0.7790084263497381,0.2469127461020921,-3.154994785192814,0.0016050097412101,0.0116885335075117,KBTBD7
10.580774242116243,-0.5456765552227282,0.1726727445602076,-3.160177691114774,0.0015767294700711,0.0115339807519705,LTBP3
13.286547524840204,-0.6503649613281973,0.2056652272191728,-3.1622504694734705,0.0015655484442877,0.011477243036884,TCF7L2
87.1082433472188,-0.3642585553641108,0.1150369226372827,-3.166449058383078,0.0015431237151967,0.0113593368260112,DNAJB6
6.389830097022111,-0.4879419915560224,0.1538496342497946,-3.171551196304998,0.0015162713882169,0.0112020375344672,ATL2
3.8602124883584334,-0.626308469392795,0.1974547360109383,-3.1719090767116347,0.0015144041292971,0.0111983675479523,GPATCH3
7.315170187912673,-0.570554179872914,0.1798325955415584,-3.172696129723944,0.0015103050901814,0.0111850424899455,WASL
12.2953721494874,-0.5159666307534567,0.1625663502842995,-3.1738833396402337,0.0015041413329305,0.0111581557960741,UBAP1
4.609222151020021,-0.6280065500475399,0.1977650036941587,-3.1755191177239053,0.0014956866576488,0.0111102324360445,SRF
12.06502978609453,-0.3774294401908598,0.1188530338354558,-3.1755978624271872,0.0014952807648501,0.0111102324360445,RABGAP1L
4.355417768600382,-0.6077531768730603,0.191340068086921,-3.176298529364864,0.001491673614762,0.0111006057433703,ZNF692
66.39971959683204,-0.4015200378031394,0.126404520338242,-3.1764689801339694,0.001490797319081,0.0111006057433703,TCF25
14.094906407049548,-0.3603550288377335,0.1134292083897728,-3.17691566355165,0.0014885031475837,0.0110972255646962,NGDN
24.18771218436795,-0.3675653547259735,0.1155917699542442,-3.179857483551556,0.0014734749986141,0.0110557981760109,CHD6
3.8938281395824688,-0.6355717495130733,0.199751095834238,-3.18181858707047,0.0014635345970501,0.0110014178403831,DHX37
3.896670952864093,-0.6573982737871938,0.2063948152900836,-3.1851491659964144,0.0014467941211637,0.0108956265106257,SH3GLB2
92.23963796484124,-0.4254994053487351,0.1335822064078303,-3.1853000245382477,0.0014460400560948,0.0108956265106257,AMD1
13.589495901703591,-0.3396607926830811,0.1065140805664597,-3.188881609611688,0.001428243582177,0.0107857470517269,MED6
6.578689615830945,-0.6353779952955368,0.1992231211549073,-3.1892783910432474,0.0014262844949542,0.0107809163813793,CYB5D2
195.81109757745145,-0.329125756396215,0.1031765756470431,-3.189927116035733,0.0014230867852631,0.0107766840800601,HNRNPU
7.54743157422351,-0.5507203436975457,0.1722671603585999,-3.1968968580612733,0.0013891458880174,0.0105489879656047,TXNDC11
5.462762394715371,-0.622287746733246,0.1945581352773363,-3.198466853345376,0.0013816041484728,0.0105112546528598,BARD1
10.090034234971704,-0.414168005417607,0.1294503817758143,-3.199434406727934,0.0013769751661652,0.0104903613688207,ANKIB1
7.367117200466234,-0.5353108895997194,0.1672653059783161,-3.2003701333563797,0.0013725120594979,0.010471331501548,MNT
15.87870210105186,-0.8243437709655733,0.2574339221595691,-3.2021567478376367,0.0013640275352612,0.0104163261594576,SESN3
2.8729917554548123,-0.7109681174848356,0.2219264943788632,-3.203619826802211,0.0013571155205726,0.0103905195311223,RAD52
38.92469880519651,-0.4026745810912033,0.125658899396892,-3.204505077028892,0.001352949042054,0.0103704940174702,RBM5
4.999115377770504,-0.5675272445205862,0.177026894833367,-3.205881485153947,0.0013464943328612,0.0103404184152343,ZNF574
7.946001744876701,-0.5289922629356817,0.1649866231973326,-3.2062736522765194,0.001344660459904,0.0103387077586949,TIMM44
9.3701732442329,-0.941775199911928,0.2936186987672665,-3.2074769211425984,0.0013390480407827,0.0103317861579186,KLF9
20.06375502851421,-0.4204515060873303,0.1310444838707323,-3.2084639785531226,0.0013344602434479,0.0103061197062504,ATP1A1
11.461436793913595,-0.4093417343533791,0.1275449587551925,-3.20939171840623,0.0013301613769828,0.0102826382320969,JADE1
15.168218461639514,-0.3854173052812631,0.1200310931115327,-3.2109788829727126,0.0013228365524253,0.010235698361617,CYTH2
7.410710728310479,-0.5098897938534779,0.1587780588842125,-3.2113366131104453,0.0013211907623588,0.010232653762307,PRKRIP1
12.794294037117144,-0.6884979842610818,0.2139048284267733,-3.218711748233291,0.0012876785785523,0.0100205920622392,RIMKLB
17.800385830307075,-0.3941259740637994,0.1222740054736221,-3.223301408481489,0.0012672213464676,0.0098896519789755,HBP1
10.538280349448252,-0.4830316969874401,0.1495025430952391,-3.230926290529583,0.00123389755214,0.0096428245267969,PWWP2A
10.303301955764285,-0.4606761422735813,0.1423908289458679,-3.23529363291167,0.0012151769225911,0.0095381466229516,AKAP8
40.55507093360602,-1.0350591639033797,0.3191755965267136,-3.2429144808279524,0.0011831371832021,0.0093224820867354,CXCL2
4.79105691304602,-0.6956099904440641,0.2141101727157035,-3.248841386755118,0.0011587607109851,0.0091657635715967,TUBGCP6
46.63832279228986,-0.4497488047406185,0.1383150267847839,-3.251626487702026,0.0011474670588103,0.0090940381547422,SPAG9
7.548594219929508,-0.7335803606748286,0.2254555874615642,-3.2537688195458445,0.0011388491743884,0.0090432814421072,GTF2IRD2B
13.18774403654649,-0.5085733885922442,0.1561610065804953,-3.2567245801537092,0.0011270573328663,0.0089626238751228,TCOF1
18.26669135848181,-0.3938046125417457,0.1208289205415447,-3.2591916800774823,0.0011173015120205,0.0089068006387514,BSDC1
16.707708268554523,-0.5492011207592671,0.1684340222472158,-3.260630562827666,0.0011116477484535,0.0088703845240372,SPTY2D1
13.165476535802611,-0.4201673039579868,0.1287270547657076,-3.2640170686940757,0.001098445477369,0.008782189819552,AHCTF1
8.990842703497641,-0.731363867826268,0.2239976849020279,-3.265051012228773,0.0010944436413049,0.0087587649295815,ZNF667
74.34006747514402,-0.3295158205848955,0.1008872741232585,-3.2661782514047433,0.0010900960741568,0.0087325245313091,DAZAP2
20.093977649144747,-0.6027664253337288,0.1845329726537708,-3.2664429378952593,0.001089077542237,0.0087325245313091,AAK1
10.189884995656117,-0.7628603439897149,0.2334926309850336,-3.26717096283271,0.0010862805899992,0.0087190556983145,PIM2
7.193447373428773,-0.5306625919022323,0.162193861405007,-3.2717797535946103,0.0010687279659382,0.0086205095850757,UNK
7.604414472565758,-0.6328430572402357,0.193202557910798,-3.275541815199053,0.0010545950110416,0.0085402337316369,CCDC159
14.435461182155445,-0.4627109791903592,0.1409382403693601,-3.2830761756193483,0.0010268091526494,0.0083483160062671,EHMT2
17.165728251627748,-0.4713920520291602,0.1434640983798667,-3.2857840906022355,0.0010169893087421,0.0082849647474893,WDR60
4.70523922747182,-0.5984704332141233,0.1820866278787572,-3.2867346723155104,0.0010135628311852,0.0082652913109925,INO80B
9.823320929432198,-0.7688648664563368,0.2337630968426811,-3.2890771761710984,0.0010051645768495,0.008221421178616,CLDN15
46.939600072854674,-0.2557346534495473,0.0776173958462708,-3.2948110492660136,0.0009848787873498,0.0080716595500858,RSF1
16.80329647850787,-0.408039653368273,0.1237906235912236,-3.296208077242465,0.0009799940271578,0.0080477700461374,NUP98
23.5882891892058,-0.5417610877205019,0.1642368812760907,-3.298656693375547,0.0009714864325629,0.007985931227839,TMEM259
11.040444540567632,-0.4530616961298769,0.1371607729412542,-3.3031433580789353,0.0009560749733931,0.0079105350180683,ING3
6.95530829262484,-0.63811718916671,0.1925821114590343,-3.313481113755724,0.0009214232979733,0.0077061921880658,NCAPD3
5.151414646567629,-0.6850560241691632,0.2064484948333131,-3.318290233708308,0.0009057032197535,0.007598050316844,SIK2
41.3937998345659,-1.1006385571085766,0.331674439599544,-3.3184304417230996,0.0009052486581667,0.007598050316844,CXCR4
40.09288325550649,-0.3822346528713879,0.1150669106852774,-3.3218468332468594,0.0008942376732986,0.0075405738168458,RBBP6
13.405981516950568,-0.4689821047481913,0.1411156820854309,-3.3233875768978764,0.0008893126078489,0.007506790618527,PHF1
383.65000582825286,-0.5629142767291827,0.1693141386486304,-3.32467377634287,0.000885220474838,0.0074877189439977,KLF6
41.49023770321547,-0.3359353886581463,0.1010201095561996,-3.325430848708972,0.0008828199646532,0.0074751522602919,DHX36
19.9605121425427,-0.4305973385240573,0.129370322288034,-3.328408949661286,0.0008734355014385,0.0074033625334586,HCG18
15.35319183455273,-0.4354641081390842,0.1307928466920735,-3.329418382981604,0.0008702756647043,0.0073919152352383,PHTF1
8.45946040670854,-0.5704283034994719,0.1709848059462801,-3.336134461436816,0.0008495206476567,0.0072381993868647,WRN
21.01471267972281,-1.8143463362271104,0.543753017682196,-3.336710376267798,0.000847762411196,0.0072307585197105,S100A8
15.294025223743356,-0.5097181485741612,0.1527250663191904,-3.337488474281404,0.0008453922804666,0.0072180776632107,BRD9
11.18085148533353,-0.5597133745627337,0.1676830153930536,-3.337925270789949,0.0008440644683326,0.0072142790488979,ZNF721
24.312335084760033,-0.2774075002328888,0.0830597867909809,-3.339853266551017,0.0008382266583622,0.007171884843432,ZNF131
5.6720945634147855,-0.8011907376008917,0.239842629659653,-3.3404851286771486,0.0008363215957078,0.0071630857007639,DDX11
4.958132392269563,-0.7435361079984033,0.2222158681808582,-3.346008159026925,0.0008198398328741,0.0070485729985556,FNIP2
15.313225903581946,-0.4346172032162648,0.1298029588086842,-3.348284254882391,0.0008131356348926,0.0070011920681851,NUDT4
32.392784323956654,-0.386897376252574,0.1155430944273296,-3.348511463797704,0.0008124691951265,0.0070011920681851,CDK12
7.411490152051468,-0.6421800435808152,0.1917803257133267,-3.3485188910396673,0.0008124474184052,0.0070011920681851,MIB2
17.112074865403486,-0.511220810868278,0.1526245227883525,-3.349532575293933,0.0008094803655563,0.0069992212348797,PNKP
5.483359301596786,-0.5946737144477848,0.1774476732429955,-3.3512623951594054,0.0008044403920481,0.0069703949559124,DHX33
6.172413397382308,-0.5975443639404217,0.1777290802730741,-3.36210800743647,0.000773498621256,0.0067273560644445,ULK4
121.00821077859725,-0.360258918544437,0.1067757804432977,-3.3739759807772995,0.0007409083228769,0.0065096364583095,MBNL1
33.27808377051992,-0.5792692458690076,0.1715509276356908,-3.376660527882169,0.0007337154372812,0.0064742860021873,PABPC4
11.58599646999224,-0.6098515569408361,0.1804806140363702,-3.379041899857121,0.0007273892118734,0.0064500022603866,ST8SIA4
15.38915225173887,-0.4599847182593591,0.1360111190428694,-3.3819640739399865,0.0007196955619569,0.0064069265723987,ZNF274
935.4641287512034,-0.4344277877154184,0.1284019020708652,-3.3833438656980106,0.0007160891137828,0.006387733786812,H3F3B
287.48001799302153,-0.2964070788797125,0.0875538894581389,-3.385424459314625,0.0007106826730139,0.006346435105133,HNRNPA2B1
33.233451135900246,-0.3143832963034514,0.0928271453392973,-3.3867603614689705,0.0007072313396683,0.0063315549217573,NEMF
4.936945248596886,-0.8278137104926719,0.2440221834615042,-3.392370721177748,0.0006929062110651,0.006221688627048,ENGASE
15.391989624763836,-0.6228890693101685,0.1836000662001773,-3.3926407664310907,0.0006922235449447,0.006221688627048,TAGAP
26.74430763004478,-0.3787534642057648,0.1114666889529539,-3.3979071932927236,0.0006790345137869,0.0061240518897937,PRRC2B
27.331357409812465,-1.702946241684954,0.5009301694037834,-3.399568134839698,0.0006749236181423,0.0060937026340784,S100A9
16.470544244238738,-0.4143913712052493,0.1218747101138248,-3.4001424152576742,0.0006735076426932,0.0060876448544762,ZNF302
22.26291386957723,-1.0056602814418385,0.2957433385564305,-3.400449478762982,0.0006727516646835,0.0060875457941629,RGS2
4.470569197581164,-0.6444954693107554,0.1895115843750278,-3.400823603666105,0.0006718316503476,0.0060859605487697,NUP188
10.498406176747892,-0.4800926135485842,0.1411148851259731,-3.402140129441384,0.0006686034606213,0.0060692535059859,NAA25
16.692310871854357,-0.4217435678300545,0.123880359810531,-3.4044425482384035,0.0006629924518698,0.0060259302827899,SAP30BP
14.75562170575594,-1.417869464232638,0.4161709898680872,-3.406939692461641,0.0006569564101981,0.0059843821936776,SGK1
15.07280298945792,-0.4842264847156453,0.1420427594078339,-3.4090191343392,0.0006519690660798,0.0059588805804679,PDXDC1
5.944468287842144,-0.5494745569745684,0.1611262740995772,-3.4102107806141473,0.0006491269091356,0.0059395475638829,ZNF410
23.68412869042415,-0.3410541867918265,0.0999300865363345,-3.4129279640703545,0.0006426892804373,0.0058938429971423,GPATCH8
29.8374075952608,-0.493364159872598,0.1443621210629942,-3.4175457955297865,0.0006318846245431,0.0058012688394857,HIPK1
5.364282326553474,-0.5124494196023063,0.1499209773005987,-3.4181301965156,0.0006305293719093,0.0058004432378635,MTO1
68.34354965035092,-0.3024840684648055,0.0884582046987152,-3.419513989629938,0.0006273310672059,0.0057789426720851,PCM1
29.716146698138857,-0.312412547563427,0.0913154654579542,-3.4212446489392945,0.0006233523066318,0.0057490063282456,ZNF644
5.523235009291681,-0.6643632259316489,0.1938646491392479,-3.426943637643055,0.0006104157541923,0.0056635248380128,FAM135A
320.31935426375696,-0.3226596116501137,0.0940080533652464,-3.4322550047546954,0.0005985844361559,0.0055643156175539,DDX5
8.644788487386183,-0.6491148525265811,0.1886788158195843,-3.4403165490887337,0.0005810341831646,0.0054320712936369,GIGYF1
14.326374393194635,-0.519696458923865,0.1509483618130514,-3.442875780046595,0.0005755636197491,0.0054056670539889,KRIT1
6.564073380590167,-0.6247250361634035,0.1813446695309679,-3.4449594674009427,0.0005711450295651,0.0053765276919087,ZNF460
33.73873215612398,-0.6488085618400293,0.1873034163571336,-3.463944088467337,0.000532317139805,0.0050517576647467,CEBPB
13.500802775734291,-0.429717401730486,0.1240335273544855,-3.464526172043481,0.0005311664514615,0.0050471456827866,BCR
4.1963359264322655,-0.6992367805847751,0.2017418494789559,-3.4659976717310386,0.000528267854243,0.0050308585513049,MORC2
9.231112281858817,-0.8389139339792563,0.2420406643397778,-3.4660040959133416,0.0005282552321055,0.0050308585513049,HIST1H4E
16.34390106589103,-0.4698466508675615,0.1355564355213734,-3.466059350560895,0.0005281466802022,0.0050308585513049,TNRC6A
4.817082569289235,-0.746153566720183,0.2151656780026782,-3.4678094278163423,0.0005247192586786,0.0050145977341091,CCDC7
6.768657133848987,-0.6270091353622818,0.1807821555203786,-3.4683131947256935,0.0005237365103209,0.005011066774979,ZC3H6
47.67103672707533,-0.6058384514878264,0.1738104267240854,-3.485627777955817,0.0004909836705688,0.0047365142529141,CSF3R
7.1576789546608905,-0.5921616834003988,0.1696831231876672,-3.4898089584635703,0.0004833659592294,0.0046851521386283,SNTB1
18.538069951203447,-0.7955563081060195,0.2274741754753859,-3.4973478041779003,0.000469908755047,0.0045818907368607,SOCS3
9.58797688110938,-0.5630794075709399,0.1609141766415938,-3.499252951622118,0.0004665637364171,0.0045601582419437,NDEL1
3.3849318897438208,-0.7051927823967213,0.2013044425303101,-3.5031158454962625,0.0004598494239259,0.0044999157399992,NKIRAS1
17.73536238396357,-0.468701528113287,0.133685324498242,-3.506005837757087,0.0004548852429203,0.0044566754435276,RAF1
7.207735222514657,-0.7716016143090549,0.2196311933340261,-3.5131695211233698,0.0004427948692585,0.0043434296239038,PFKFB3
6.492738262801993,-0.5430824938485427,0.1545593506764877,-3.5137472528936997,0.0004418329996867,0.0043392036543754,FBXO33
78.40589423806226,-0.4450211412389744,0.1266214723450761,-3.514578791393116,0.0004404519888796,0.0043389811213658,WSB1
12.385146961587171,-0.5381340974786366,0.1529068092080472,-3.5193599308350194,0.0004325893922918,0.0042899467712078,SCAI
25.816274564911215,-0.4705121197204647,0.1334673075474567,-3.5252986545275564,0.0004230056024853,0.0042150960706189,ARIH1
8.190032314308684,-0.6555399202803125,0.1855704437747743,-3.5325664310849905,0.0004115468127926,0.0041221792233609,NCKAP5L
12.0297623013928,-0.5187162638542661,0.1464615536073505,-3.541654796622567,0.000397625473296,0.0040210368097794,C8orf33
23.71915710578176,-0.6395481730412138,0.1803613406582486,-3.545927141077529,0.0003912343615797,0.0039662232859406,MXD1
4.248561276259277,-0.5930718799854172,0.1672401047245407,-3.5462300203785393,0.0003907849398551,0.0039662232859406,VCPKMT
18.020980853648723,-0.5437940691515833,0.1532126514689222,-3.549276537792227,0.000386291174996,0.0039356423826592,CWF19L2
12.062399967167988,-0.4132756228718501,0.1162880649777246,-3.5538954315820313,0.000379570100858,0.0038768341176384,MED19
4.58488096399267,-0.7507778204767449,0.2111620954632322,-3.5554573316283036,0.0003773221792071,0.0038586977801019,PARP16
5.904231857314839,-0.5971799172314326,0.1679193703521055,-3.556349192944341,0.0003760441800798,0.0038504473626968,NAF1
3.2963050155232656,-0.7790901916129812,0.2190399446473466,-3.556840707147333,0.0003753415917984,0.0038480754662302,TAF1C
8.004100173313995,-0.6204156613148699,0.1741039899227482,-3.563477560681721,0.0003659739928965,0.0037824535455509,CENPT
7.890772233996083,-0.6059166201978379,0.169954735002502,-3.5651646904037,0.0003636277824111,0.0037753527447038,GKAP1
13.785104860584068,-0.4870105463436435,0.1365759400881597,-3.5658590087630246,0.0003626663181704,0.0037701609233728,SAMD4B
2.937893726022464,-0.8909138013178018,0.2497907536914674,-3.566640430647111,0.0003615870797757,0.0037637299730542,ZNF519
12.124633587797756,-1.1395180370555982,0.3194576459372656,-3.5670394856643193,0.0003610370955179,0.0037637299730542,HIST1H2AE
20.742994777741384,-0.5088018380978939,0.1425597953268313,-3.569041586594729,0.0003582895544727,0.0037437134905329,RLIM
6.434225675097988,-0.6653633472487199,0.1863344096388941,-3.570802346910362,0.0003558893840786,0.0037233958480236,PPP1R3E
14.525531157142836,-0.6871021227753751,0.1922474899458203,-3.5740499029090884,0.0003515018928077,0.0036869344879747,AHI1
7.0734430777543285,-1.15287790921101,0.3225278662532851,-3.574506360035385,0.000350889283906,0.0036852395100211,SERPINE1
66.43803017092526,-0.4316791977970727,0.1206868030682545,-3.576855023269912,0.0003477529117716,0.003661712683101,JMJD1C
9.129040114154318,-0.6464030934693078,0.1807115910566151,-3.5769874510528545,0.0003475768528662,0.003661712683101,OSBPL1A
6.042558513867079,-0.5871370115846336,0.1640245145588493,-3.5795686587688587,0.0003441618180757,0.0036379640562707,USPL1
11.63859925823018,-0.6872597306588976,0.1910384913600959,-3.597493498645018,0.0003212985243297,0.0034273240761074,EML4
10.7747128131107,-0.4812145140084465,0.1337411839196717,-3.5981026928659157,0.0003205470585466,0.0034237777978881,MSL2
26.1529501120468,-0.449823385098354,0.1247423309219277,-3.6060203603208625,0.0003109287518168,0.0033341192009124,ATF6B
8.230376831124024,-0.5820200411519983,0.1613200458901302,-3.6078593825121583,0.0003087337299395,0.0033222944229096,YRDC
7.682754584691464,-0.562699753588883,0.1559060714625061,-3.6092228372530495,0.0003071157116602,0.0033149834609981,AK9
32.309931415505815,-0.4444711715978483,0.1230324999619961,-3.612632204784446,0.00030310448227,0.0032760141860168,TRIM44
36.670563216979446,-0.6509971569665204,0.1800695612205974,-3.6152537527928144,0.0003000535706458,0.0032516415460836,TCF4
30.31404122743605,-0.6589771251630927,0.1819835959838008,-3.621079809972274,0.0002933759878131,0.0031834995968405,TFRC
7.709387836886248,-0.6633061058826076,0.1831548584668684,-3.621558889755553,0.0002928331262869,0.0031820813531379,IRGQ
27.326490564214552,-0.4325205047241746,0.1193554052087149,-3.62380324517212,0.000290302477334,0.0031627487230615,MLXIP
12.049020169429182,-0.4133909832452661,0.1139052078619058,-3.6292544564463194,0.0002842409545365,0.0031091470408547,KAT7
27.47039765694839,-0.3641076006379824,0.1001226098679892,-3.636617154886944,0.0002762420332296,0.0030379187799725,DNAJB14
50.15959208040794,-0.3940750380659878,0.1083278662383778,-3.637799319325807,0.0002749775420814,0.0030321747589033,ASH1L
27.562516798480843,-0.4257856895471518,0.1168515262230943,-3.6438179569365374,0.0002686234465073,0.0029822312247435,TTC19
3.29622424070984,-0.76655756411073,0.2102003654689771,-3.646794630449223,0.0002655319790553,0.0029519208174978,VILL
4.4855017786701135,-1.171593834904215,0.3207536628368764,-3.652628077703496,0.0002595700563392,0.0028974684840821,HIST1H2AM
7.347749034553172,-0.6608578300007341,0.1808625001862879,-3.65392399928151,0.0002582627432305,0.0028911007207079,ARMC5
9.548815556371473,-0.5806504128129808,0.1589085262803104,-3.6539915535352,0.0002581947647463,0.0028911007207079,SCLT1
186.10714402894095,-0.7888448496516195,0.2157649569620671,-3.6560378513657503,0.0002561435502206,0.0028788843863177,ZFP36
9.980872887882288,-0.5496690579806932,0.1503387400128383,-3.6562037032753736,0.0002559779710172,0.0028788843863177,DEDD2
2.9869869836291794,-1.4596767903319796,0.3989708691448738,-3.658604933890408,0.0002535919071586,0.0028589143515542,UGGT2
82.54954965869929,-0.3747834016485694,0.1023775889302709,-3.6607953514497495,0.0002514335312843,0.0028455171525268,ZRANB2
27.147250913377043,-0.610477540448084,0.1666789166638723,-3.6625960419408288,0.0002496720975264,0.0028373723350324,PAXBP1
8.560963584239728,-0.6625815225275116,0.1807507110595975,-3.665720143745624,0.000246643533664,0.0028107731012122,PHYH
8.345675241968308,-0.6401057798625315,0.1741428861928058,-3.6757503786506978,0.0002371513227399,0.0027177608108113,POLM
11.60339865226994,-0.622300956940167,0.169190352436994,-3.6781113578678193,0.0002349673774991,0.0027003072314284,C16orf72
4.23907088060072,-0.7605190470928557,0.2065429198144625,-3.6821356441364808,0.0002312882873863,0.0026617698538506,SLC25A45
16.948721347501497,-0.8035154725222234,0.217740037746514,-3.69025136965233,0.0002240325625609,0.0025965532889155,ARL5B
6.37191945691419,-0.6200566910024253,0.16796780570919,-3.691521053004386,0.0002229169408899,0.0025872930738801,DIS3L2
3.0180324630774615,-0.772748158924404,0.2093238938305034,-3.6916385644446503,0.00022281395223,0.0025872930738801,HEATR5A
24.16594128669009,-0.433957413076816,0.1174606540664001,-3.6944917132123343,0.000220327078557,0.0025645193146581,LUC7L
17.777975039562758,-0.7631145431269066,0.2064470452906889,-3.696417849199047,0.0002186629713303,0.0025487805117547,SNHG9
3.121714165545342,-0.7600915281916993,0.2054934622275018,-3.698859905091296,0.0002165700921719,0.0025316083306682,NCAPH2
19.52497120763411,-0.7649608299184668,0.2068090114715103,-3.698875713758957,0.0002165566053809,0.0025316083306682,SERTAD1
10.164211379923277,-0.5277252092078382,0.1424891034436868,-3.703618006245654,0.0002125462400881,0.0024917006137166,CDADC1
5.28990277208455,-0.8060710262072639,0.2172742059989913,-3.709925080619123,0.0002073205893943,0.0024409460172063,LIG1
27.72019169511896,-0.490718132931774,0.1322590022384668,-3.710281528110993,0.0002070288917881,0.0024409460172063,SBDS
21.942013809879533,-1.009730484688618,0.2718845393628337,-3.713820900059045,0.0002041533020362,0.0024140906381165,ZFP36L1
9.37094816998991,-0.531236628219204,0.1430194267954171,-3.7144368434584343,0.0002036567230456,0.0024117088174,SPIDR
5.09028891088307,-0.7633581828901029,0.205265045948815,-3.71889027360486,0.0002000999448632,0.0023839908771771,PRR3
25.44113734639974,-0.6131649740427264,0.1648210164422407,-3.72018682616001,0.0001990754597327,0.0023781368150236,HIST2H2BE
4.951134340937796,-0.9379213868654988,0.2520486041308817,-3.7211925457776496,0.0001982841755292,0.0023721522668365,KNTC1
25.333442891477823,-0.3195308585855271,0.0858069598313725,-3.723833815036308,0.0001962201152424,0.002354353247645,TOX4
6.64730338685174,-0.6025379920104891,0.1617486746667229,-3.725149484235318,0.0001951995146569,0.0023490062360261,CDK16
12.62245875265952,-0.4743894138130194,0.1271498143225846,-3.7309485376791263,0.0001907601911995,0.0023023656163834,CAPN7
27.926100636432658,-0.4879251422245697,0.1306832067175482,-3.733648373651752,0.0001887259294172,0.0022845623248415,RNPC3
49.52601129612738,-2.0444421264611528,0.5470398825663394,-3.737281671073085,0.0001860204958011,0.0022618652845103,AVP
34.119334184007684,-0.3912384040455954,0.104658499865338,-3.738238218099762,0.0001853143161473,0.0022566367768107,KAT6B
12.873982539924576,-0.5387771214192189,0.1440231397652174,-3.740906650816796,0.0001833576186826,0.002240065830834,ZNF75A
6.985352270154924,-0.5461630037250466,0.145988163844656,-3.74114578429941,0.000183183219421,0.002240065830834,SPRTN
9.161987764106463,-0.5978937924735911,0.1597307270566788,-3.743135735314312,0.0001817379910351,0.0022364173565489,TNK2
65.07137847449863,-0.3105766293960825,0.082968158062217,-3.7433231814449113,0.0001816024096542,0.0022364173565489,TNRC6B
6.388287343442829,-0.6764252823548064,0.1805062218045521,-3.747379317967354,0.0001786917614989,0.0022156151490259,NOP2
3.5798405882291493,-0.8669067567422963,0.2310131291322951,-3.752629818047448,0.0001749891620527,0.0021796287242879,ABCA5
4.447747755693862,-0.7434274079128678,0.1978019856025493,-3.758442594234941,0.0001709742535316,0.002139403714559,PAN2
11.810893955639337,-0.5134764756495024,0.1365900582214745,-3.7592521910849737,0.0001704219853127,0.0021357638680839,DYNLL2
9.226377494220886,-0.6644747731912239,0.1766976213779814,-3.760519060807375,0.0001695611534568,0.0021282399153545,SIRT1
56.07909102515711,-0.76656333845095,0.2034308863449416,-3.768175778141915,0.0001644448934962,0.0020790185801123,DNAJB1
11.066829748762256,-0.5781802882989484,0.1533565373019601,-3.770170469880311,0.000163136077881,0.0020666432439784,VPS13B
1.868324923248203,-1.0836657040194442,0.2873767770723419,-3.770888222281965,0.0001626675277495,0.0020660820527867,IL12A
54.85105574754344,-0.3904351517230102,0.1034759976183023,-3.773195337175971,0.0001611700008011,0.0020609077880221,AKAP13
24.754129103088133,-0.6096671836942505,0.1611879329183805,-3.782337626991984,0.0001553624366665,0.0019928829984336,HERPUD1
6.456742870033396,-0.6753713499487264,0.178228714018917,-3.789352089905352,0.0001510407110905,0.0019435490556232,RBM15
29.34830061585738,-0.4286149486289897,0.1130193636530339,-3.79240277749948,0.0001491966684321,0.001925886220789,PHACTR4
34.918930152662234,-0.3189347331881722,0.0839976132065545,-3.796949949088377,0.0001464873515496,0.0018939052998614,CNOT2
27.011035014149495,-0.8359965501863084,0.219709661443743,-3.805005864070144,0.0001418008312458,0.0018420581750553,NAMPT
11.289928599244105,-0.5362770788556142,0.140653408684899,-3.8127556514255336,0.0001374259611812,0.0017954370852265,KIAA0586
32.95499173250031,-0.4527412081708657,0.1186474475258568,-3.815852912235638,0.0001357133334498,0.0017828193691625,SLC3A2
6.460347043306764,-0.624596872734835,0.1634729631450353,-3.820796177657124,0.0001330215533644,0.0017559274839111,USP42
3.6826098804098,-0.8710932527510421,0.2275714231849274,-3.827779606770664,0.0001293044572668,0.001717962146874,C22orf34
58.82900757817071,-0.4322501079487498,0.11291384170804,-3.8281410091989745,0.0001291147815163,0.001717962146874,PRPF4B
11.76093787559721,-0.9185267756413698,0.239921318558126,-3.8284500150362297,0.0001289528131763,0.001717962146874,HIST1H2BN
17.873886502918175,-0.4859693075858987,0.1268873895471737,-3.8299259628572218,0.0001281818192529,0.0017113948449605,SUCO
17.06284039846222,-0.3962535750954194,0.1034577438473086,-3.830100680334211,0.0001280908398468,0.0017113948449605,DCP1A
10.513504085940852,-0.8103831685240885,0.2115680914460204,-3.830365737031996,0.0001279529349207,0.0017113948449605,CPEB4
89.85264394202294,-0.4690070259706268,0.1224130020496099,-3.8313497595668298,0.0001274421861983,0.0017099016476622,BCLAF1
16.88126411016284,-0.5046679135709266,0.131700623310523,-3.8319326126575968,0.0001271405679326,0.0017086604943718,ASXL1
25.963864715039232,-0.51299646326202,0.1336402629675268,-3.838637038499936,0.0001237191583067,0.0016654188509464,EPM2AIP1
11.64027852602104,-0.80162060323501,0.208785460177859,-3.83944649475174,0.0001233119983238,0.0016626771259143,ETV3
9.311223711620038,-0.919760884971183,0.2394087703710392,-3.84180113178696,0.000122134775582,0.0016495260351748,LINC00685
5.460448829417528,-0.6796636983520166,0.1763963653037741,-3.853048203014616,0.000116656413598,0.0015781449594537,RAD18
18.55338950236741,-0.5190335260850955,0.1344342499219704,-3.8608727045850126,0.0001129827574581,0.0015309819422734,CDK5RAP3
2.9089746394107996,-0.848846827474395,0.2198423402700622,-3.861161714488852,0.0001128491778006,0.0015309819422734,C2CD3
18.2162682731905,-0.6087791337075812,0.1575074826566279,-3.8650807151476223,0.0001110524686108,0.001512349535032,RABGAP1
10.257661980446311,-0.8830184494433746,0.2284210610284894,-3.865748830110029,0.0001107488693042,0.001512349535032,PELI1
63.28990409910777,-0.4417908358970259,0.1141809174769093,-3.8692177787621023,0.0001091850846626,0.0014943908321245,PHIP
10.22313507039416,-0.5453645667335387,0.1408267155254567,-3.872593099247247,0.0001076835219353,0.0014812829254772,ECD
10.400910920101357,-0.6104892344630632,0.1576415893214705,-3.872640697742037,0.0001076624870083,0.0014812829254772,AMPD2
34.18001257388223,-0.8270773871316248,0.2135535160555324,-3.872927977999443,0.0001075356132001,0.0014812829254772,SKIL
4.175800591895125,-0.8192670786448436,0.2114441559769746,-3.8746262570343086,0.0001067884663769,0.0014764273413975,DIABLO
19.1459647083797,-0.5532615209571708,0.1426948333122502,-3.8772358333851034,0.0001056499396724,0.001470639960926,PSME4
13.64592625082085,-1.669600812477942,0.4304549842457443,-3.8786885355816354,0.0001050211162476,0.0014643814690442,BEX1
266.47385954071024,-0.7654747497014622,0.1972636750946527,-3.8804648110411897,0.0001042570288296,0.0014605120448811,IER2
23.31927713991318,-0.6843127411538455,0.175888464460875,-3.8906061477730702,9.999412246561892e-05,0.0014087103011492,CHD3
11.33700248871114,-0.5668009460916099,0.145667494257863,-3.891059903098555,9.980728644186784e-05,0.0014087103011492,NECAP1
64.18697405483616,-0.4008125576221752,0.1029928218477372,-3.891655267147933,9.956264215291912e-05,0.0014087103011492,DDX21
13.87426856122844,-0.6344466936378229,0.1629423551174178,-3.893688005065562,9.87316178656829e-05,0.001407209267461,PPP6R2
13.197196900119067,-0.6031667900298486,0.1549036128385922,-3.893820027673218,9.86778714518887e-05,0.001407209267461,CDKN2AIP
17.59464128352455,-0.489839778861981,0.1257891675057521,-3.8941332435448497,9.855047172448664e-05,0.001407209267461,MPHOSPH9
4.774463553195571,-1.027894906349997,0.263762084159311,-3.8970533222248624,9.737018663443558e-05,0.0014007249911795,ZCWPW1
20.57096391699928,-0.4188328692114284,0.1073427352205025,-3.9018278074530657,9.546906276362114e-05,0.0013831165103573,ATXN2L
44.51249262407325,-0.4593794198289329,0.1177061327761698,-3.9027653784403022,9.509987787471748e-05,0.0013802151014463,SMCHD1
13.681779801246112,-0.5664342770968318,0.1451117010768753,-3.9034362693932834,9.483653081471324e-05,0.0013788421588737,COQ10B
9.740081370669497,-0.5537356901834266,0.1417171652126066,-3.907329710926002,9.33217689258431e-05,0.0013592373866186,NAA16
3.3429246562851342,-0.9370587692276864,0.2397163417406197,-3.9090316597673262,9.266682032200108e-05,0.0013569544603065,SLC38A6
22.352767868684687,-0.5275150122069444,0.1349307598041195,-3.9095237659133,9.247825728034548e-05,0.001356624488757,CCNH
52.73356506824405,-0.497420125255234,0.1272284489309313,-3.909661160180212,9.242567590493446e-05,0.001356624488757,GLS
8.452339008974768,-0.5356182868265251,0.136947574568272,-3.911119189332594,9.186941889255092e-05,0.0013525495887766,ALPK1
184.82506446495063,-0.7441406548051626,0.1901364171009812,-3.9137197710523304,9.088510454906662e-05,0.0013428972681201,JUNB
14.05031827449362,-0.5427452190821269,0.1385880101050275,-3.9162494552798104,8.993718915787556e-05,0.0013312985011032,ZNF83
107.56182752322424,-0.4213725844838065,0.1074209856416656,-3.92262817145822,8.758827110327754e-05,0.0013036134119943,DNAJA1
36.2439445638801,-0.8978872768483971,0.2283924071992096,-3.931335931256406,8.447513680747597e-05,0.0012595736183465,HEXIM1
6.74782659492171,-0.6101167199180652,0.155190210737833,-3.931412406860841,8.444826482245243e-05,0.0012595736183465,ZNF669
16.676883410406898,-0.743464536156949,0.1889439308722385,-3.93484211281531,8.325140593990937e-05,0.0012504544814981,EFCAB2
116.42333639549337,-0.4399659062329759,0.111798443469116,-3.9353491209787306,8.307584215400773e-05,0.0012504544814981,HNRNPH1
3.0892150338459254,-0.9644623139904274,0.2447942402556419,-3.939889733448085,8.151906942030676e-05,0.0012335042893209,MSH5
15.827931203061349,-0.6109657864630822,0.1545205783096752,-3.953944472293156,7.687325715943988e-05,0.0011762760004677,ANKHD1
17.301799783492633,-0.4795392111308345,0.1211987558364322,-3.956634767587982,7.601301270739752e-05,0.0011652951722929,MAP4K5
7.827952437135507,-0.6358525685513878,0.160440359919987,-3.9631709182682777,7.396079050488e-05,0.0011424075977606,SYNE1
14.680316369679886,-0.5809532990203646,0.1456950544592355,-3.987460666915852,6.67842720992032e-05,0.0010414013116843,AP1G1
20.52732211629651,-0.5228310110871958,0.1310043369958416,-3.9909442929648313,6.581073858288618e-05,0.0010301523849823,UVRAG
20.217939424335142,-0.9105553002024008,0.2280392225051806,-3.992976691462428,6.524898453790077e-05,0.0010241122632619,MEIS1
33.66118088937848,-0.4382843505844555,0.109450654540557,-4.00440136629835,6.21747253884969e-05,0.0009890922626484,KANSL1
5.195498649781627,-0.7549595710388443,0.188095359436904,-4.013706522579538,5.9772656929788104e-05,0.0009557776512197,ASTE1
149.52716638736234,-0.3879397085578556,0.0966244509928669,-4.014922771323112,5.9465262897917954e-05,0.0009527267904684,PNN
10.623584130847645,-0.7296090220858261,0.1816270902843755,-4.017071577502395,5.892583027662796e-05,0.000945939016091,CNTLN
15.082580914443604,-0.810406024566557,0.201698595036985,-4.017906145642486,5.8717573799575725e-05,0.0009455318491849,MYO15B
46.61265057069564,-0.3933734347409209,0.0978785868559492,-4.018993810360789,5.8447206128669687e-05,0.0009438184214967,FNBP4
13.120424847038748,-0.7043386335439534,0.175164869836342,-4.021003950175757,5.795063311053906e-05,0.0009395131411631,PILRB
5.878777300136004,-0.7847510139039076,0.1951467499158599,-4.021337861082817,5.78685337290552e-05,0.0009395131411631,IBA57
50.691602615898965,-0.529160039359828,0.1311619697238127,-4.034401438725555,5.474166142339501e-05,0.0008945882309811,CYCS
27.012941705446213,-0.4114554553346048,0.101881763131933,-4.038558449383973,5.378069326778827e-05,0.0008806453801424,THUMPD1
13.403749901278834,-0.4839926773800856,0.1197101715456868,-4.043037205032926,5.2763244334932755e-05,0.0008685112404406,WDR70
8.283127765634777,-0.7481821079821488,0.1845982343010776,-4.0530296013659175,5.055860228780958e-05,0.0008413733997834,PEX1
3.577755619720138,-0.9046911726660448,0.2230448759956638,-4.056094849198117,4.990000236333329e-05,0.0008321079985934,SLC10A7
7.392129598084176,-0.997064765257757,0.2453048364539842,-4.064594810566616,4.811597727745583e-05,0.0008089622434857,KANSL1L
7.066359482493598,-1.043150135042899,0.2565821026620845,-4.065560786274774,4.79171026798325e-05,0.0008072796824678,C21orf58
12.204718084289638,-0.9835666269465156,0.2418572065016283,-4.066724499027461,4.767855299054987e-05,0.0008065868664301,TOB1
4.740656053939721,-0.6953209770456066,0.1708944220683064,-4.068716630011991,4.7272797234372754e-05,0.0008013817970997,SLC35D1
13.538514276873016,-1.2348085675078189,0.3032297553480728,-4.072187988577839,4.65735656076879e-05,0.0007928179262092,HIST1H2BF
15.288077081499356,-0.7668787292149971,0.1879561568082039,-4.080093689069962,4.5017552886362973e-05,0.0007695364532101,MED29
30.770830314443717,-0.6873919472000692,0.1684351173918875,-4.08104888009047,4.483292454126669e-05,0.0007679870574983,CSRNP1
13.794137187773858,-0.5545149284777515,0.1358235765808473,-4.082611741177962,4.453238791567177e-05,0.0007644414740734,CDK19
9.94872637324595,-0.6406436917002571,0.1568576593065097,-4.084235953364567,4.422207888936997e-05,0.0007623177354536,CCDC18
13.313042448732723,-0.510334911907199,0.1249071080854782,-4.085715534763317,4.3941187963306586e-05,0.0007606852687461,FAM172A
7.512904225800465,-0.5257888857415575,0.1286493324584505,-4.086992724283042,4.3700081832700445e-05,0.0007581175555307,SUPV3L1
10.384916275453406,-0.5888115596670574,0.1434185766320834,-4.105545972454849,4.033610511671242e-05,0.0007072667701902,PTPN4
30.511633148103517,-1.1346122157679417,0.2762250893184083,-4.10756393840843,3.9985410731625846e-05,0.0007034709050482,CXCL3
9.926042944521871,-0.6187638726425583,0.1505256607092274,-4.110686973417995,3.944836946238642e-05,0.0007007231019068,PDE12
34.119236215075105,-0.5270529104790971,0.1280447601308881,-4.116161488688332,3.852344379914395e-05,0.0006902961826377,PKN2
6.853083442357906,-0.8647693353640732,0.2099387030890873,-4.119151555380947,3.8026998539680925e-05,0.0006844022138055,C6orf120
6.09548282166598,-0.6565256885836926,0.159147283297556,-4.1252711009599405,3.702983091544281e-05,0.0006694043106417,RNF103
8.463101604596254,-0.788665092738453,0.1910379682280097,-4.1283159575752855,3.654297569380298e-05,0.0006650170476482,ATAD5
15.059211761696057,-0.5369677265300522,0.1297796355817444,-4.137534553268427,3.510575956425899e-05,0.0006446048570776,RLF
19.33654880025887,-0.8647577062947928,0.2088244358791491,-4.1410752657090635,3.4568149759300154e-05,0.0006361629542415,PLK3
232.81159668512268,-0.7430754299843143,0.1788005379183699,-4.155890349298389,3.2402320786453315e-05,0.0006044734318404,NFKBIA
4.088833983264907,-0.9358052251493448,0.2249972562279377,-4.159185053355983,3.1938507045943336e-05,0.0005971843045135,HYPK
60.55163795397715,-0.4932990619859885,0.118432951990735,-4.16521798785003,3.1105521114512756e-05,0.0005842832483372,IQGAP2
4.036520747199599,-0.7650138645438852,0.1836482079439232,-4.1656484052241955,3.104688782764131e-05,0.0005842832483372,ZNF548
7.847440809065452,-0.6805146854665851,0.1632927382140926,-4.167452226652996,3.080230400423208e-05,0.0005812601062784,MZF1
20.4337295269886,-0.6365134104669642,0.1526601857086832,-4.169478816707346,3.052969890923342e-05,0.0005774494671003,TOB2
5.234192659803774,-1.189908108250204,0.2839600378292456,-4.190406922560471,2.784546238040114e-05,0.0005316011053977,RECQL5
50.145638027055185,-0.5001609127713076,0.1192733571471504,-4.193400141778914,2.748040766404769e-05,0.0005258604473605,ATXN7L3B
4.396612552329086,-1.1837225180596933,0.2819945940410545,-4.19767805154222,2.6966562374777117e-05,0.0005184559556807,APOLD1
56.61021546237391,-0.5002021946303548,0.1191172908236571,-4.199240858918299,2.678113305152064e-05,0.0005184559556807,REL
15.73119673211118,-0.6534801819679861,0.1553716871109076,-4.205915467092262,2.6002742005699697e-05,0.0005095165585817,JOSD1
10.011734857829998,-0.5678221820605629,0.1349502950749868,-4.2076394256496075,2.580521878222814e-05,0.0005071694242854,DBF4
11.01408081185461,-0.8016942829999781,0.1905291024893738,-4.207726129632558,2.579532242655918e-05,0.0005071694242854,ZFAND2A
71.20284469581692,-0.6350740308811662,0.1509208253228924,-4.2079946854414345,2.5764692481764316e-05,0.0005071694242854,SLC38A2
8.093202081417871,-0.7900037593215522,0.187489270148341,-4.213594509683159,2.5133834539677355e-05,0.0004984673835526,ZBED6
10.983920034529335,-0.9721439181467249,0.230666191299862,-4.214505440387468,2.503261187019145e-05,0.0004976678140908,IL6ST
9.563653771555073,-0.5463062551625344,0.1294838426036676,-4.21910752861037,2.452712821071193e-05,0.0004888077185603,CHERP
25.166530171699986,-0.4721812964782184,0.1118064341237964,-4.22320325461235,2.408544251571472e-05,0.0004845142846454,RSRC1
5.7817647874665905,-0.914664422396046,0.2165646177991811,-4.223517357965685,2.4051883688344942e-05,0.0004845142846454,C9orf72
12.54025920571794,-0.939445257185445,0.2222929897364097,-4.226157821258417,2.3771529948558256e-05,0.0004831770428101,RRP12
10.835832132273197,-0.5721492701535288,0.1352726375264088,-4.229600905370311,2.3410625513945204e-05,0.0004770279827292,HOOK2
77.71004149752167,-0.6219190109860663,0.146978188479581,-4.231369412152376,2.322728326249988e-05,0.0004744753288447,YPEL5
17.693979864189505,-0.6027837372541888,0.1424237469656001,-4.232326069891842,2.3128676227495904e-05,0.0004736451465034,BRAF
35.448612235863514,-0.4513095323770162,0.1064325811078653,-4.240332496678169,2.231889336780196e-05,0.0004605244386573,JARID2
13.519651004028589,-0.5562403362612883,0.1311778046526843,-4.240354057868475,2.231674951770002e-05,0.0004605244386573,DNAAF2
19.08891193784128,-0.5667543696399321,0.1333448508361839,-4.250290626791418,2.1349332044391404e-05,0.0004427548023723,HPS4
39.134822673249595,-0.4336355264267789,0.1018182583493092,-4.25891714764065,2.0541958540854063e-05,0.0004292796502233,CHD1
15.353048085307153,-1.3190413520649975,0.3094890955060302,-4.2619962099417394,2.0260888040839492e-05,0.000424491579953,PDE4B
7.750605061008597,-0.6154338258541877,0.1439064137861949,-4.276625409959503,1.897476837560124e-05,0.0003995949288583,ST7L
20513.2725225674,-0.5185848356430588,0.1212185123372481,-4.27809932364355,1.8849591518331467e-05,0.0003979845278973,MALAT1
14.56534314291932,-1.4656102863807523,0.3425432625197452,-4.278613672327798,1.8806094240191472e-05,0.0003979845278973,PTGS2
4.733612480014366,-1.2201191648505874,0.2846421870178446,-4.286501511366255,1.8150896813162575e-05,0.0003862265048446,HIST1H2AK
100.12778723963764,-0.3656623063608933,0.0853051646160487,-4.286520142206021,1.8149375316263764e-05,0.0003862265048446,RBM25
21.60464027875183,-0.4698388437870232,0.1095803996440658,-4.287617542125531,1.8059969644659143e-05,0.0003862265048446,ESF1
54.83308600726112,-0.5652059500657869,0.1317078939289949,-4.2913597143273385,1.7758237629163734e-05,0.0003818488412313,MAT2A
10.804272797153128,-0.6770897801038496,0.1575868326838986,-4.296613927522836,1.73426854769239e-05,0.0003738973167069,PRPF3
17.811974508701702,-0.7875500027510044,0.1828468358786636,-4.307156855990767,1.6536634757764338e-05,0.000358410723092,ZBTB10
76.9311619006587,-0.4588895241793365,0.1063390186758893,-4.31534473322521,1.5935402507854835e-05,0.0003481501975713,AKAP9
86.13949374645101,-0.2727992267080593,0.0631961829712817,-4.316704172339454,1.5837618678151676e-05,0.00034694150729,SRRM1
5.219424202226599,-0.8351484404666799,0.1934636228047826,-4.31682415721843,1.582901574476943e-05,0.00034694150729,CLIP4
15.489073148531808,-0.5601637641180629,0.1297383948322018,-4.317640624755339,1.5770593085828306e-05,0.00034694150729,NUP153
31.17807786234672,-0.4426246369376206,0.1024026792713221,-4.32239312571949,1.5434585436872854e-05,0.0003408540475802,HNRNPL
45.40537100540542,-0.5220600223493717,0.1202935516013835,-4.339883687858189,1.4255815159730132e-05,0.0003173958192647,BDP1
8.535518123299443,-0.6529128723332445,0.1498653387551041,-4.356663640551159,1.3205997011968984e-05,0.0002964456087494,NFKBIB
126.64575070673764,-0.5105035891654048,0.1171363037350968,-4.35820128249826,1.3113575276004364e-05,0.0002951818831411,EIF4A2
61.25199280441008,-0.7532296354278921,0.172626432406751,-4.363350530543868,1.280854636894278e-05,0.0002899131090876,SOD2
6.251775885836259,-0.7591450995010658,0.1739235148484808,-4.364821514574496,1.2722659666733828e-05,0.0002887690337135,FAM122C
156.54329121078422,-0.4474062367850626,0.1024727209762655,-4.366100875653431,1.2648408350097336e-05,0.0002878834112218,ARGLU1
115.431546268378,-0.2899276683702712,0.0663452079368209,-4.369986580588651,1.2425417220741244e-05,0.0002851912475019,PRRC2C
22.96379858942976,-0.4453483947144565,0.1018669901864454,-4.371861717906287,1.2319154471721676e-05,0.0002843497491198,RSBN1
8.141187775319166,-0.6558341229894145,0.1500076368762149,-4.372004896861374,1.2311076354714206e-05,0.0002843497491198,HDAC6
17.469123959319123,-0.6799354556052708,0.1553845251026838,-4.37582478149574,1.2097416573998764e-05,0.000280818155756,PIBF1
4.24245814825355,-0.8671352462070417,0.197959082200805,-4.380376169492644,1.1847460489518746e-05,0.0002757994292303,TDP1
16.827756825045842,-0.4900632158870677,0.111764935550533,-4.384767131776245,1.1610991968038744e-05,0.0002710669010595,RABGGTB
65.57268591144212,-0.3209051147491416,0.0729807258843106,-4.397121443514305,1.0969597463850168e-05,0.0002598045822525,ARID4B
18.293603485946395,-0.5703632308072768,0.1296829350840211,-4.398136350304998,1.091843803506519e-05,0.0002593446429782,PNPLA8
3.372477091588188,-0.843952238802397,0.1918551368077894,-4.398903531302958,1.0879917237317783e-05,0.0002591831013006,ZNF432
28.478258407157615,-0.920124952946578,0.2090448154975796,-4.4015679162214445,1.0747141614716204e-05,0.0002567686962977,PTGER4
87.72827072189563,-0.6074530382983369,0.1380025923644314,-4.4017509228681755,1.073807876505937e-05,0.0002567686962977,IDS
5.2043975046592275,-0.8757993541797646,0.198272827516389,-4.417142606731484,1.0001424833409494e-05,0.000242497454937,ZNF10
5.115220129747063,-0.8513880770824515,0.1924051345155164,-4.42497586785446,9.64530647454649e-06,0.0002352591021,ZNF324
21.437571448106283,-0.4542599375350043,0.102564165319812,-4.429031680982795,9.465711902027717e-06,0.0002315698561421,MIA3
22.565624668357348,-0.5904738077664802,0.1330137960195368,-4.439192214916958,9.029714586791208e-06,0.0002215669606266,RBM23
120.15443386104268,-1.252920113135982,0.2816384397212734,-4.448682908398258,8.639845609363701e-06,0.0002126390917894,EGR1
23.195281981300692,-0.4847656855133528,0.1086919335366247,-4.459996889741651,8.19608423479159e-06,0.0002041774520807,CNOT4
13.370598804269864,-1.1050745599299985,0.2474294239814916,-4.466221285034641,7.961326356125882e-06,0.0001995460050794,IRS2
40.51156610510624,-0.5619591244170106,0.125746904543148,-4.468969844296908,7.859720926156907e-06,0.0001976054759619,ERICH1
107.16727332008593,-0.3940090079661811,0.0881440211976253,-4.470059371160119,7.819788716367391e-06,0.0001975635194389,TAF1D
194.65027190863623,-0.5838224391311848,0.1305115797308443,-4.473338230486591,7.70078220278e-06,0.0001954133272637,TUBA1A
12.578856940065206,-0.5492284913577742,0.1225820248425763,-4.480497789648284,7.446915115508891e-06,0.0001901523231525,INO80
56.53854950516341,-0.5831395616436497,0.1297069903741843,-4.495822160096254,6.930164218753198e-06,0.0001791973792133,UPF2
47.00931203414481,-0.6262905586903142,0.1387975180137058,-4.512260504748146,6.414034114833994e-06,0.0001679206985617,TRA2A
6.634810668920927,-0.913378470934818,0.2021857413641302,-4.517521684626869,6.256762227129119e-06,0.0001651136259923,PKD1
44.401626550977056,-2.2814826419612495,0.503976116762693,-4.526965794761123,5.9836620849947005e-06,0.0001597794212303,EREG
11.976267280170292,-0.6894063739469606,0.1517092402770161,-4.544260934193111,5.512833387046215e-06,0.0001491568265084,RHOT2
11.7525385483778,-1.6521582218395436,0.3635166076138044,-4.544931888214517,5.495302108399649e-06,0.0001491568265084,HIST2H2AA4
101.75261087461055,-0.6241686763128409,0.1371057034566191,-4.552463249716891,5.302142508358953e-06,0.0001453614729244,DDX3X
7.396465877963347,-1.399503115537514,0.3066934179578459,-4.563199056752732,5.038000634299107e-06,0.0001395440785859,HIST2H2BF
47.70453861043354,-0.5223534704852292,0.1143843610374925,-4.566651120374872,4.955777991233732e-06,0.0001382415453428,FAM133B
22.36200882688167,-1.2433809093364,0.2719895000423374,-4.571429813073143,4.8440754184246815e-06,0.0001360169767833,PER1
114.72573696287354,-0.4876525556904834,0.1064970940160702,-4.579022180801456,4.671546629534291e-06,0.0001319087538589,EIF5
58.23729248813997,-0.3572297772561926,0.0780092895168845,-4.579323558367661,4.664821065665756e-06,0.0001319087538589,GPBP1
16.574139445209685,-0.8971647433207682,0.1956502971298782,-4.585552674756251,4.527870985248555e-06,0.0001289102223709,MYLIP
6.261065223561322,-0.9566811138940072,0.2081208578312998,-4.596757498806204,4.291165633421375e-06,0.0001230284715462,ANKRD42
16.665525008225657,-0.5880762834957467,0.1278674246955222,-4.599109467450943,4.243007964906139e-06,0.0001220761200043,FOXO3
48.606955263188546,-0.3512277005297154,0.0762651178641732,-4.605351835359978,4.117690771625487e-06,0.0001193108201948,HNRNPH3
26.115933069051064,-0.4050814460331091,0.0878119894581062,-4.613053963734271,3.967952297947281e-06,0.000115793350809,SAFB2
6.247644170806087,-1.3885281974024783,0.3007828158250167,-4.616381403285578,3.904890067502415e-06,0.0001143614936973,HIST1H3H
8.280755646660156,-0.8614660411312808,0.1861871325386359,-4.626882800037307,3.7121043336228288e-06,0.0001098971177899,ZBTB21
17.395922208949667,-0.7401057846338077,0.1599390314280726,-4.627424450589137,3.7024122455032407e-06,0.0001098971177899,ATXN7
21.22058989764811,-1.0921159747818825,0.2359883539994511,-4.627838434706919,3.695020933196824e-06,0.0001098971177899,MAFF
9.727917580568104,-0.5975056752411183,0.1288633142375216,-4.636739934686085,3.539472834315858e-06,0.0001059378480922,CLASRP
21.293048635726816,-1.0039063218388051,0.2165105003376927,-4.636755816798752,3.5392009987733313e-06,0.0001059378480922,HIST2H2AC
20.975433168764983,-0.8531641551935638,0.1836300537294616,-4.646103063556866,3.3826405482337893e-06,0.0001027492785115,IVNS1ABP
22.014535352468304,-0.5689981550748631,0.1224067550348196,-4.648421199573558,3.3448535689818125e-06,0.0001019805914632,HERC1
6.543000222763145,-1.0404991170190394,0.222795536780647,-4.670197312091853,3.0091056685958804e-06,9.278265063432808e-05,TCF7
50.67937207595939,-0.3746578020373295,0.0801833916753192,-4.672511279572757,2.975391710193379e-06,9.24407819923578e-05,MPHOSPH8
27.98630008326943,-0.6088439535818452,0.1301555286077843,-4.677818607433565,2.899428546033522e-06,9.042454446427446e-05,CWC25
9.746770817740538,-1.1491737003436917,0.2452244780928489,-4.6862112187209215,2.7830904594388307e-06,8.712885878955818e-05,DNAJB4
15.061997196951818,-0.7811768134094543,0.1664612396177065,-4.692845104382848,2.6943149148519143e-06,8.500095432144784e-05,MCM7
29.266872021657377,-0.5579974835461615,0.1188616000874914,-4.694514318631346,2.6724089266005366e-06,8.494598485200951e-05,FNIP1
16.121948645875012,-0.7083280460614392,0.1507134602782532,-4.699832680861389,2.6037473335084957e-06,8.343223318469773e-05,FCHSD2
19.60905379617205,-0.6422166673127626,0.1364863894639008,-4.705353184557803,2.5342683037508815e-06,8.152561539349784e-05,COX19
6.119000708000559,-1.2154446298803558,0.2581261491635517,-4.708723365761119,2.492731034929823e-06,8.050634500557938e-05,ERN1
56.10447441168109,-0.4770100742275794,0.1011905347092302,-4.7139791839055105,2.4292549089798673e-06,7.876762643362895e-05,STAT3
9.04125399312797,-1.039650750420125,0.2201340720328729,-4.722807063982683,2.326115009216565e-06,7.663986185608286e-05,DNAJB9
29.12242114987375,-0.5867169393781968,0.124162228108617,-4.725406013694739,2.29656035258787e-06,7.597244793925299e-05,RNF19A
15.76957271872435,-0.6463403227909894,0.1364502595056458,-4.736820033414784,2.1709779098558703e-06,7.295763994135863e-05,UHRF2
10.537071227036288,-1.1851727728467083,0.2500336724687368,-4.740052654287585,2.136626870444894e-06,7.214205850580674e-05,HELLS
43.28703996184924,-0.7793694451099884,0.1643250965525065,-4.742850979314396,2.1073128890737387e-06,7.174522340258967e-05,CHMP1B
8.422128750819239,-0.6047890752820788,0.1274258458953338,-4.746204123917262,2.0726954687975664e-06,7.086190240813773e-05,C18orf25
8.119862895195991,-0.6354206950419932,0.1338768764785722,-4.746306544907298,2.0716467326623174e-06,7.086190240813773e-05,EHBP1
46.95769110038391,-0.4187615418392152,0.087671282089561,-4.776496155393591,1.7837596209930807e-06,6.228675155185668e-05,YTHDC1
4.934180779345326,-0.9707273632551016,0.2027912899106292,-4.786829669473992,1.6943651543909337e-06,5.9675248605725504e-05,CNTROB
36.345283949995974,-0.4122716612636481,0.085807355086048,-4.804619147743456,1.550463496340863e-06,5.5081900993918223e-05,DDX18
41.23517348688019,-0.528735325858876,0.1099503409891312,-4.80885571706542,1.5179671655607516e-06,5.4400481183319746e-05,PHF14
4.3431702836115615,-0.7892847666177775,0.164015342281984,-4.812261802074566,1.4923168555111936e-06,5.371683271533904e-05,COQ10A
40.70968961654137,-0.8611468638110918,0.1789413796970659,-4.812452353217279,1.4908942440174214e-06,5.371683271533904e-05,INTS6
17.906361853897717,-0.728171752479215,0.1512079467598436,-4.815697640784288,1.466864945369266e-06,5.3270015416054545e-05,RBM14
16.750340187037526,-2.2724842106813576,0.4712564638347376,-4.822181519144706,1.4199663541292906e-06,5.226371657473168e-05,FCER1A
19.302599197942047,-0.661772018259442,0.1368695541552069,-4.835056432703854,1.331078682691529e-06,5.012093970632481e-05,CDK11A
53.72968304075592,-0.5423262286948726,0.1117382075792697,-4.853543299503289,1.2127484736923264e-06,4.630545690906541e-05,SRSF10
12.87392311334995,-0.8061828765988267,0.1652549275135547,-4.878419595280756,1.069392407955732e-06,4.143708361636379e-05,USP36
30.78969721648843,-0.9793621317783698,0.2005091224389026,-4.884376929417724,1.0375642441348471e-06,4.095621951123592e-05,TIPARP
31.709171174126524,-0.5924001292809163,0.1205939621667954,-4.912353144691924,8.998978120089521e-07,3.58686098630495e-05,AFF4
25.462174744366862,-0.9761203733169038,0.1981718526155075,-4.925625715427759,8.409082502139272e-07,3.368167310048039e-05,DDIT3
11.81945697493334,-0.6554080452793686,0.1325033555270898,-4.946350548423454,7.561773359146143e-07,3.089362505879157e-05,CDK17
28.077232557985223,-0.6118958963543272,0.1236265255514595,-4.949551834647538,7.438456577808927e-07,3.0696782170341786e-05,FRYL
29.53827326829894,-0.5104982941736688,0.1030200089110119,-4.955331489192882,7.220707855078875e-07,3.0256617376333067e-05,OFD1
10.010139121027652,-0.8614776990245674,0.1738422015269304,-4.955515355062466,7.2138824961612e-07,3.0256617376333067e-05,SBF2
12.931700391461664,-0.7302672515246331,0.1471333846475771,-4.963300839396946,6.930510482616563e-07,2.9341555001792712e-05,FAM214A
5.881512718627868,-0.8103279425797151,0.163050179632062,-4.969807113419291,6.701953904389594e-07,2.852170070456634e-05,FEM1C
62.23449855109906,-0.6922062023506921,0.1391890454465317,-4.97313707504803,6.587804444126702e-07,2.833102637524173e-05,BRD2
24.55573290838499,-0.6199850431228396,0.1244341702989582,-4.982434018190503,6.278940426054369e-07,2.723100774187131e-05,VPS37B
36.757152715034856,-0.9475602492663124,0.1897659690087023,-4.993309676208904,5.935327338696278e-07,2.6214897126749885e-05,SNHG12
8.942645597817544,-0.6824900655812293,0.1361579651487994,-5.012487259451727,5.373093410255841e-07,2.4122827612747516e-05,ANKRD54
335.0126969142004,-0.8084931872699934,0.1608210956678438,-5.027283167749562,4.974774916916943e-07,2.3095957867118375e-05,JUND
41.26279030835316,-0.6426407907020162,0.1275183249763866,-5.039595609658596,4.665165283645177e-07,2.178232316152271e-05,UTRN
26.139129489698114,-1.079965817754574,0.2141564352913197,-5.042882864040404,4.5856999039603954e-07,2.153434133060942e-05,WDR74
8.657776653785213,-1.3145879050680265,0.2606758946735817,-5.042997576412474,4.5829505832046506e-07,2.153434133060942e-05,MED12L
20.4164739390406,-0.7159051373002296,0.141906985289931,-5.04489004426075,4.537822484581001e-07,2.153434133060942e-05,NDE1
16.03123441099182,-0.6548977148847434,0.129751707475968,-5.047314810913298,4.480627241591048e-07,2.153434133060942e-05,ZNF394
87.27257925431631,-2.4375282045229865,0.4813881390051606,-5.063540222574648,4.115415023635807e-07,2.0016104856028675e-05,AREG
22.27414289258378,-1.0522519148746752,0.2071957248381837,-5.078540668232734,3.8034502370978257e-07,1.8835146598379596e-05,IER5
39.01746877667796,-0.4533830640620614,0.0890247969778215,-5.092772794247555,3.528644690982041e-07,1.7688684521481135e-05,DNTTIP2
16.06469219999327,-1.0916152891625344,0.2141653024438226,-5.097068837511036,3.449529187123402e-07,1.7398829004929206e-05,TMEM107
12.777463050462815,-0.9942592491740408,0.1947177418712849,-5.106156427344356,3.287775550632349e-07,1.6790258765135577e-05,DPYD
7.585028193954563,-1.2378516997894728,0.2413856372464494,-5.128108341117468,2.926680103457182e-07,1.51353817249042e-05,KLHL15
14.423480507116004,-0.9648747075991302,0.188070231870162,-5.13039569316451,2.891337415453977e-07,1.504784587367799e-05,NSUN6
5.249305307913634,-1.0327066536412912,0.2002037476912016,-5.158278331703156,2.4923094220117577e-07,1.339780282056452e-05,ATG2A
5.037079235648591,-1.170884619380416,0.2258715016769097,-5.183852813159529,2.173484822618608e-07,1.183969632374443e-05,GZF1
45.15649324660007,-0.7252638408201478,0.139429626179878,-5.201648033427886,1.9752904399663786e-07,1.0979658629228082e-05,ZFAND5
16.426007990857517,-0.7179641570910141,0.1379851433996658,-5.20319897781657,1.9588693616427957e-07,1.09629599684817e-05,ZBTB11
53.60492371251093,-0.3853002115301159,0.0739671680097941,-5.209070752568186,1.897887369392669e-07,1.076919284396354e-05,EPC1
14.843371628351742,-1.4974528000659186,0.2873656644439487,-5.210966323911672,1.878595534926192e-07,1.0734268612504834e-05,HIST1H2AG
9.842984543043649,-1.02457943735424,0.1956017539175583,-5.238089213586892,1.6224763344940556e-07,9.33609445714854e-06,ABHD5
30.429475976482752,-0.977586054052585,0.1853125303160355,-5.275337034065593,1.325123232995763e-07,7.733987097720272e-06,NEU1
7.719170531957572,-0.7810304860573924,0.1479126686460992,-5.28034882479277,1.2893817253422678e-07,7.579523796958036e-06,TTC21B
34.106871502677805,-0.5732444437087573,0.1085148638008015,-5.2826352412057584,1.273387674739047e-07,7.539746877023733e-06,PCF11
28.772077827308134,-0.6806801655347896,0.1286457121427585,-5.291122060713822,1.215681939958598e-07,7.303924361324781e-06,KDM2A
62.28928579424265,-0.961797441730712,0.181148960108598,-5.309428445816739,1.0996954629928909e-07,6.656008613418453e-06,TLE4
6.812611082364964,-1.0023244420017434,0.1880775860092957,-5.329313626729576,9.858462779136163e-08,6.149122089184853e-06,GTPBP1
13.956649589322687,-1.8705191374543064,0.3468472504959111,-5.392919029284211,6.93221957982147e-08,4.56799727312268e-06,RGS1
121.78323728963544,-0.3648778123675478,0.0676339675055664,-5.394889961726961,6.85655593156012e-08,4.554871424128271e-06,SON
13.88492165933166,-1.9986224248471869,0.3700720621560377,-5.400630388587628,6.64071231646347e-08,4.447644289985493e-06,HIST1H2BG
70.1848906907344,-0.9923502402807396,0.1835078589976201,-5.407671615271852,6.38493530146319e-08,4.311678210599646e-06,BTG2
7.1276093285075275,-0.8972501957714807,0.1657852679066452,-5.412122603539947,6.228202020734773e-08,4.240886559285318e-06,LRRC23
69.68768276152042,-0.5575204092601588,0.1030009128501172,-5.412771536029392,6.20566472204964e-08,4.240886559285318e-06,KMT2E
33.90303190056896,-1.9494409072108616,0.360069258493051,-5.414072046499032,6.160735855429471e-08,4.240886559285318e-06,NR4A2
35.818661652121826,-0.628437627094066,0.1151160310168773,-5.459166907882099,4.783738944770745e-08,3.45169425702911e-06,CENPC
36.7148783818722,-0.7778221760211964,0.1420947938351464,-5.4739667445071865,4.4007168460112485e-08,3.2394826440322434e-06,RERE
16.468565696863056,-0.6685923820107265,0.1220461626644304,-5.478192574141318,4.296923449961038e-08,3.1918328645119673e-06,GNL1
78.64412203307761,-1.0363375722956223,0.189149430502427,-5.478935725806082,4.27891749821063e-08,3.1918328645119673e-06,SELL
190.25065024698105,-0.9457645058293278,0.1714479357012488,-5.51633650157993,3.4613920658738e-08,2.693622340024269e-06,SAT1
26.613286471288365,-0.9675835746619412,0.175057763858687,-5.527224576243358,3.2533639968587925e-08,2.580896817313902e-06,PPP1R15B
201.5948305676001,-0.4894880045051026,0.0881967160137287,-5.549957261775017,2.8573944204843517e-08,2.3347769809777636e-06,RBM39
15.853519561551224,-0.9343522941123136,0.1666968318170989,-5.605099292693771,2.0813561133474108e-08,1.7715375835585096e-06,FAM53C
40.03620368531213,-1.0425008910907247,0.1854080775176114,-5.622737180863656,1.8795524516916066e-08,1.6338109662523526e-06,IFRD1
5.0336877614163855,-0.9078946165070786,0.1613714749851502,-5.626115870792067,1.8431256385102e-08,1.619374149706112e-06,ZNF844
43.657683504789816,-0.7521181923396429,0.1333304726610224,-5.641007470601398,1.6905802600124652e-08,1.5014925331045491e-06,CLK1
173.9632762297992,-0.9866906744995771,0.1743797735017958,-5.658286248946274,1.5289197982958633e-08,1.3880892968750554e-06,MCL1
69.32955412160153,-1.1968819244408937,0.2103659039549578,-5.689524309496287,1.2739375383652641e-08,1.1964762788485714e-06,GADD45B
9.623601302640544,-0.9217112812408566,0.158967305413809,-5.79811854293902,6.706304202716191e-09,6.602073691613733e-07,ZNF3
51.04034336791804,-0.7426532321089481,0.1277693452606418,-5.812452357754357,6.156420804635339e-09,6.134648096911629e-07,YME1L1
20.746858994203624,-0.9942457766813128,0.1696121454133308,-5.8618784300995515,4.576600530774724e-09,4.733595308475984e-07,NXF1
42.78663072468144,-0.8688093720912097,0.1479823745609689,-5.871032781226652,4.330886158795946e-09,4.536880872246369e-07,ANKRD36
77.19280466047908,-0.5479636029530284,0.0930530460377377,-5.888722898235929,3.891913723945428e-09,4.1299775374491027e-07,CHD9
15.485683481692586,-0.6957194355263837,0.1171659969746633,-5.937895408996775,2.887041167262396e-09,3.103949128644873e-07,STAG1
9.655161947108432,-1.2366287319771212,0.2080131622542857,-5.944954245084761,2.765340876921689e-09,3.053459500719882e-07,ZNF331
5.305910268439978,-1.2315961324780318,0.2039914544102194,-6.037488854809264,1.5653096998109034e-09,1.817346717094052e-07,ARIH2OS
75.35550490330183,-0.5670754989606899,0.0930707522622878,-6.0929506335414905,1.1084825415207267e-09,1.3818699434465368e-07,RSRC2
38.04413184786192,-1.5722504432480198,0.2572583485263843,-6.111562373987527,9.866042649514622e-10,1.2596161638935e-07,ATF3
6.213324204574007,-1.3513112619089682,0.2184671259880747,-6.185421517298355,6.193674412722655e-10,8.162663488122067e-08,BRCA2
17.164499670376024,-1.4016654235304715,0.2243259673774298,-6.248342266912688,4.148318583898513e-10,5.7450696862770765e-08,RASGEF1B
9.25067905945803,-1.8645858893979748,0.2980797657747766,-6.255325263529697,3.966882691429125e-10,5.588516977873688e-08,PTCH2
14.257059242318247,-0.8573960937026603,0.1370429001880901,-6.256406515958814,3.9394906518298604e-10,5.588516977873688e-08,ZCCHC8
114.02021879619949,-0.5527376167676016,0.087243060251928,-6.3356055504183955,2.3641090383391296e-10,3.7148336446671215e-08,SF1
14.228707760114524,-0.8188542372209981,0.1289658895802935,-6.349386181771602,2.1617573680741334e-10,3.463474402849754e-08,SCAPER
141.5983424745734,-0.922568764488956,0.1452082804794163,-6.35341704648677,2.1058377146171459e-10,3.44135999322734e-08,BTG1
51.65998590038381,-2.5357226507802024,0.3959340658507161,-6.404406363296553,1.5095556332016343e-10,2.5172610365082765e-08,NR4A1
110.79068061706546,-0.8657038398676044,0.134274658136578,-6.447261544967405,1.1388915592048372e-10,1.9799750915452604e-08,TRA2B
38.01704062508065,-0.8327463028542026,0.1284419751216921,-6.483443609966432,8.96523954173733e-11,1.6311568093718222e-08,RBM4
32.58358097930804,-0.5818721683410047,0.0896248490823764,-6.492308486970969,8.453094189776096e-11,1.606284479643267e-08,ARID4A
13.913328001466931,-1.3447300654790026,0.2062724081042675,-6.519195067520916,7.068568030763589e-11,1.3751730804611737e-08,MEPCE
11.751456600728952,-0.927376214301248,0.1420414401268691,-6.528913065602054,6.624868712633107e-11,1.3202878597786614e-08,KANSL2
15.745955071390854,-0.9740205998468808,0.1489507271724569,-6.539213458952424,6.184320580037435e-11,1.263302086487147e-08,BTAF1
144.19438308713725,-0.6596993953369699,0.1008126562138889,-6.543815232259334,5.996888168558498e-11,1.2564249544946535e-08,FUS
275.9400464788286,-0.8682120237570755,0.1324367260093264,-6.55567416923259,5.539105700113891e-11,1.1910534914639632e-08,ANKRD28
61.446260491139824,-0.5496989199262052,0.0838074447043987,-6.559070281465741,5.4144281358030235e-11,1.1910534914639632e-08,PRPF38B
21.929764519231547,-0.9823312433815838,0.1497490754234875,-6.559848470540268,5.3862483101356005e-11,1.1910534914639632e-08,TSC22D2
16.453608677886955,-1.179534457346769,0.1789030261036178,-6.5931498367366945,4.3059160212306507e-11,1.0348129355728132e-08,CCDC171
57.30838889899805,-0.5900392113113389,0.0891842951268268,-6.615954193193521,3.691626769636433e-11,9.140691616575545e-09,CHD2
13.78268962291964,-1.2689033467887365,0.1914745429296653,-6.627008099216851,3.4255884508664406e-11,8.747026010009278e-09,COQ7
43.915785359709986,-0.6481932129465233,0.0975797979159877,-6.642698865851223,3.0799068881522325e-11,8.118038446158674e-09,RNMT
68.61370769574103,-1.107538240311207,0.1633795401633309,-6.778928617402147,1.2107032355936835e-11,3.6639467177911062e-09,PPP1R10
19.478079648353447,-1.8181039770532663,0.2643095393755241,-6.8786922384596645,6.0404497466045185e-12,2.05652145331273e-09,CD83
171.34139387270483,-0.969263801045104,0.1401320013810462,-6.916791250340361,4.6198806408723865e-12,1.641262813763838e-09,CCNL1
32.87460591224552,-1.839126036062076,0.2611194281116124,-7.043237071107414,1.878242530110997e-12,7.308152244541406e-10,TNFAIP3
49.83123988034095,-0.9992553874664016,0.1390260253636852,-7.187541935780721,6.596814418223828e-13,2.8369774005951004e-10,ANKRD36C
21.220380389040585,-2.102907491130294,0.2858962633351269,-7.355491347101903,1.9022607968756737e-13,9.143160571335958e-11,KLF4
116.39968104316996,-0.9558446806130784,0.1257922081395725,-7.5986000623545955,2.99351346668918e-14,1.5287499085198308e-11,SRSF7
21.308009613954372,-1.6454626348656145,0.2122579061294175,-7.752185371424258,9.032440354055139e-15,5.677236164075734e-12,TSPYL2
239.61822369541775,-1.4793636684811102,0.1825531681072642,-8.103741413087217,5.329431866928362e-16,4.3546787784671653e-13,DUSP1
187.95898639217268,-1.233346328337097,0.1496210374998876,-8.243134447841419,1.6775688834928739e-16,1.5230461496689193e-13,PPP1R15A
69.6261257442007,-0.6767331492146379,0.0739799671016044,-9.147518926106162,5.825608689219883e-20,6.800149799945095e-17,DDX24
790.3018861724412,-1.6921431694639515,0.1815559393607204,-9.3202303126088,1.1608803410317853e-20,1.897110653314144e-17,FOS
74.85822821369122,-1.751979138299934,0.1751416694242371,-10.003211366315115,1.4753354456420752e-23,4.018321975447132e-20,NFKBIZ
314.9971294663983,-1.970243292774398,0.1739761425907506,-11.32479007428657,9.89155557181942e-30,4.0411950288668237e-26,FOSB
556.0842954451226,-2.366583212807143,0.1882600882221666,-12.570817506546192,3.0554796119456456e-36,2.496632390920787e-32,JUN
