Name,Term,ES,NES,NOM p-val,FDR q-val,FWER p-val,Tag %,Gene %,Lead_genes
prerank,Cellular Respiration (GO:0045333),0.6993520600550753,2.9413008835708427,0.0,0.0,0.0,55/76,16.25%,ETFB;NDUFAB1;NDUFA12;COX5A;SDHC;COX8A;COX7A2;NDUFA8;COX6C;COX5B;NDUFS3;NDUFV2;NDUFS8;NDUFA4;COX6A1;CHCHD5;COX7B;COX6B1;NDUFB3;SDHB;NDUFC2;BLOC1S1;UQCR10;NDUFB9;ETFA;NDUFB5;NDUFB7;OXA1L;UQCRFS1;NDUFB11;MDH2;NDUFB4;NDUFA9;NDUFB2;NDUFC1;UQCRC2;NDUFS6;NDUFA11;SURF1;NDUFB10;UQCRH;NDUFB1;COX7C;UQCRC1;CYC1;NDUFA3;NDUFS2;NDUFA6;UQCRQ;NDUFA1;COX4I1;UQCRB;NDUFS4;NDUFS5;NDUFB6
prerank,Mitochondrial ATP Synthesis Coupled Electron Transport (GO:0042775),0.7234882009962276,2.938255392432663,0.0,0.0,0.0,53/63,20.99%,NDUFAB1;NDUFA12;COX5A;SDHC;COX8A;COX7A2;NDUFA8;COX6C;COX5B;NDUFS3;NDUFV2;SDHD;NDUFS8;NDUFA4;COX6A1;COA6;COX7B;COX6B1;NDUFB3;SDHB;NDUFC2;UQCR10;NDUFB9;NDUFB5;NDUFB7;UQCRFS1;NDUFB4;NDUFA9;NDUFB2;NDUFC1;UQCRC2;NDUFS6;NDUFB10;UQCRH;NDUFB1;COX7C;UQCRC1;CYC1;NDUFA3;NDUFS2;NDUFA6;UQCRQ;NDUFA1;COX4I1;UQCRB;NDUFS4;NDUFS5;NDUFB6;NDUFS7;NDUFA2;NDUFS1;COX15;NDUFAF1
prerank,Aerobic Electron Transport Chain (GO:0019646),0.7192904782078383,2.9165831335040715,0.0,0.0,0.0,51/62,20.99%,NDUFAB1;COX5A;SDHC;COX8A;COX7A2;NDUFA8;COX6C;COX5B;NDUFS3;NDUFV2;SDHD;NDUFS8;NDUFA4;COX6A1;COX7B;COX6B1;NDUFB3;SDHB;NDUFC2;UQCR10;NDUFB9;NDUFB5;NDUFB7;UQCRFS1;NDUFB4;NDUFA9;NDUFB2;NDUFC1;UQCRC2;NDUFS6;NDUFB10;UQCRH;NDUFB1;COX7C;UQCRC1;CYC1;NDUFA3;NDUFS2;NDUFA6;UQCRQ;NDUFA1;COX4I1;UQCRB;NDUFS4;NDUFS5;NDUFB6;NDUFS7;NDUFA2;NDUFS1;COX15;NDUFAF1
prerank,Aerobic Respiration (GO:0009060),0.701261276600913,2.781777541527303,0.0,0.0,0.0,39/54,18.84%,NDUFAB1;NDUFA12;SDHC;NDUFA8;NDUFS3;NDUFV2;NDUFS8;NDUFB3;SDHB;NDUFC2;BLOC1S1;NDUFB9;NDUFB5;NDUFB7;OXA1L;NDUFB11;MDH2;NDUFB4;NDUFA9;NDUFB2;NDUFC1;UQCRC2;NDUFS6;NDUFA11;SURF1;NDUFB10;UQCRH;NDUFB1;UQCRC1;NDUFA3;NDUFS2;NDUFA6;NDUFA1;UQCRB;NDUFS4;NDUFS5;NDUFB6;NDUFS7;NDUFA2
prerank,Oxidative Phosphorylation (GO:0006119),0.7226138891269889,2.7787706886959245,0.0,0.0,0.0,36/48,18.84%,NDUFAB1;NDUFA12;SDHC;NDUFA8;NDUFS3;NDUFV2;SDHD;NDUFS8;NDUFB3;SDHB;NDUFC2;NDUFB9;NDUFB5;NDUFB7;NDUFB11;NDUFB4;NDUFA9;NDUFB2;NDUFC1;UQCRC2;NDUFS6;NDUFA11;NDUFB10;UQCRH;NDUFB1;UQCRC1;NDUFA3;NDUFS2;NDUFA6;NDUFA1;UQCRB;NDUFS4;NDUFS5;NDUFB6;NDUFS7;NDUFA2
prerank,Proton Motive Force-Driven Mitochondrial ATP Synthesis (GO:0042776),0.725342132232869,2.6655409468933313,0.0,0.0,0.0,32/41,18.84%,NDUFAB1;NDUFA12;SDHC;NDUFA8;NDUFS3;NDUFV2;SDHD;NDUFS8;NDUFB3;SDHB;NDUFC2;NDUFB9;NDUFB5;NDUFB7;NDUFB11;NDUFB4;NDUFA9;NDUFB2;NDUFC1;NDUFS6;NDUFA11;NDUFB10;NDUFB1;NDUFA3;NDUFS2;NDUFA6;NDUFA1;NDUFS4;NDUFS5;NDUFB6;NDUFS7;NDUFA2
prerank,Proton Motive Force-Driven ATP Synthesis (GO:0015986),0.7200731904043913,2.659952219935797,0.0,0.0,0.0,32/42,18.84%,NDUFAB1;NDUFA12;SDHC;NDUFA8;NDUFS3;NDUFV2;SDHD;NDUFS8;NDUFB3;SDHB;NDUFC2;NDUFB9;NDUFB5;NDUFB7;NDUFB11;NDUFB4;NDUFA9;NDUFB2;NDUFC1;NDUFS6;NDUFA11;NDUFB10;NDUFB1;NDUFA3;NDUFS2;NDUFA6;NDUFA1;NDUFS4;NDUFS5;NDUFB6;NDUFS7;NDUFA2
prerank,"Mitochondrial Electron Transport, NADH To Ubiquinone (GO:0006120)",0.7289277148291331,2.614443337861716,0.0,0.0,0.0,28/34,20.99%,NDUFAB1;NDUFA8;NDUFS3;NDUFV2;NDUFS8;NDUFA4;NDUFB3;NDUFC2;NDUFB9;NDUFB5;NDUFB7;NDUFB4;NDUFA9;NDUFB2;NDUFC1;NDUFS6;NDUFB10;NDUFB1;NDUFA3;NDUFS2;NDUFA6;NDUFS4;NDUFS5;NDUFB6;NDUFS7;NDUFA2;NDUFS1;NDUFAF1
prerank,NADH Dehydrogenase Complex Assembly (GO:0010257),0.6435122541095899,2.466385587739101,0.0,0.0,0.0,32/48,20.99%,NDUFAB1;NDUFA8;NDUFS3;NDUFS8;NDUFB3;NDUFC2;NDUFB9;TMEM126B;NDUFB5;NDUFB7;OXA1L;NDUFB11;LYRM2;NDUFB4;NDUFA9;NDUFB2;NDUFC1;TMEM126A;NDUFA11;NDUFB10;NDUFB1;NDUFA3;NDUFS2;NDUFA6;NDUFA1;NDUFS4;NDUFS5;NDUFB6;NDUFS7;NDUFA2;NDUFS1;NDUFAF1
prerank,Mitochondrial Respiratory Chain Complex I Assembly (GO:0032981),0.6435122541095899,2.466385587739101,0.0,0.0,0.0,32/48,20.99%,NDUFAB1;NDUFA8;NDUFS3;NDUFS8;NDUFB3;NDUFC2;NDUFB9;TMEM126B;NDUFB5;NDUFB7;OXA1L;NDUFB11;LYRM2;NDUFB4;NDUFA9;NDUFB2;NDUFC1;TMEM126A;NDUFA11;NDUFB10;NDUFB1;NDUFA3;NDUFS2;NDUFA6;NDUFA1;NDUFS4;NDUFS5;NDUFB6;NDUFS7;NDUFA2;NDUFS1;NDUFAF1
prerank,Energy Derivation By Oxidation Of Organic Compounds (GO:0015980),0.7062534097946862,2.42243249241089,0.0,0.0,0.0,20/28,15.16%,COX5A;COX8A;COX7A2;COX6C;COX5B;NDUFA4;COX6A1;CHCHD5;COX7B;COX6B1;UQCR10;UQCRC2;UQCRH;COX7C;UQCRC1;CYC1;UQCRQ;COX4I1;UQCRB;NDUFS4
prerank,Pyruvate Metabolic Process (GO:0006090),0.7425427659516517,2.2810564274593754,0.0,0.00017480000822588275,0.002,15/20,17.27%,UCP2;VDAC1;PGAM1;PDHA1;PDHB;ENO1;ME2;DLD;DLAT;PKM;HK1;LDHB;PGM1;PDHX;LDHA
prerank,Mitochondrial Respiratory Chain Complex Assembly (GO:0033108),0.5270024020588379,2.2227236731641478,0.0,0.0006454154149878748,0.008,51/77,27.56%,NDUFAB1;NDUFA8;NDUFS3;NDUFS8;COX17;NDUFB3;NDUFC2;NDUFB9;AIFM1;TMEM126B;NDUFB5;NDUFB7;OXA1L;UQCRFS1;NDUFB11;COA3;LYRM2;NDUFB4;NDUFA9;NDUFB2;NDUFC1;TMEM223;TMEM126A;NDUFA11;SURF1;NDUFB10;NDUFB1;COA5;NDUFA3;NDUFS2;NDUFA6;NDUFA1;COX14;NDUFS4;NDUFS5;NDUFB6;NDUFS7;NDUFA2;CHCHD4;UQCC1;NDUFS1;SMIM20;NDUFAF1;SDHAF2;SAMM50;COX16;FASTKD3;SDHAF1;NDUFA13;NDUFA5;NDUFAF3
prerank,Positive Regulation Of Actin Filament Bundle Assembly (GO:0032233),0.6784081469123512,2.2094322240084985,0.0,0.0005993143139173123,0.008,12/23,18.09%,S100A10;RHOA;CDC42;PFN1;ITGB1BP1;RAC1;ROCK2;RHOC;PXN;CD47;PLEK;LIMK1
prerank,Regulation Of Lamellipodium Assembly (GO:0010591),0.7051356943980281,2.184189897261278,0.0,0.000769120036193884,0.011,9/20,2.85%,ACTR2;ARPC2;TWF2;RAC2;CDC42;CAPZB;ACTR3;BRK1;RAC1
prerank,Positive Regulation Of Lamellipodium Assembly (GO:0010592),0.7303577471328722,2.1716998920900834,0.0,0.0009177000431858845,0.014,8/16,2.85%,ACTR2;ARPC2;TWF2;RAC2;CDC42;ACTR3;BRK1;RAC1
prerank,Regulation Of RNA Splicing (GO:0043484),-0.5037776520295497,-2.168152997423437,0.0,0.014251781472684086,0.015,41/81,22.92%,FUS;TRA2B;CLK1;RBM39;SON;SRSF10;YTHDC1;ERN1;ATXN7;HNRNPH3;RBM23;HNRNPL;SRRM1;SLC38A2;HNRNPH1;MBNL1;KAT2A;DYRK1A;TRRAP;POLR2A;JMJD6;SRSF1;MBNL2;PIK3R1;QKI;SNRNP70;ZNF326;SUPT20H;PTBP2;AKAP17A;HNRNPLL;CCNL2;USP22;FASTK;CLK4;METTL16;CLK3;PTBP1;FAM50A;U2AF2;ZNF638
prerank,Fatty Acid Beta-Oxidation (GO:0006635),0.5910594516706127,2.1613663353579518,0.0,0.0009871059288049848,0.016,17/38,10.82%,ETFB;ACADM;CPT2;ECHS1;SCP2;ACAA2;HADHB;ACAT2;BDH2;ECI2;ETFA;PEX2;ECI1;HSD17B4;HADHA;ACOT8;HSD17B10
prerank,Positive Regulation Of Lamellipodium Organization (GO:1902745),0.6749928852240377,2.1160285383808786,0.0020491803278688526,0.0021558667681192203,0.035,8/20,2.85%,ACTR2;ARPC2;TWF2;RAC2;CDC42;ACTR3;BRK1;RAC1
prerank,Regulation Of Actin Filament-Based Process (GO:0032970),0.5476125913173231,2.1034243932855787,0.0,0.002704800127284712,0.047,13/43,7.56%,RHOA;TWF2;ABRACL;RHOG;CORO1A;CDC42;RALA;ARHGAP18;RAC1;SH3BP1;EZR;ROCK2;DYNLL1
prerank,Regulation Of mRNA Processing (GO:0050684),-0.596130789023957,-2.103300229510166,0.0,0.023752969121140142,0.048,11/31,11.04%,RBM39;SON;SRSF10;CDK11A;YTHDC1;SAFB2;RBM23;SRRM1;ZFP36L1;JMJD6;QKI
prerank,Positive Regulation Of Stress Fiber Assembly (GO:0051496),0.6684897413788826,2.098812843064012,0.0,0.0027268801283237705,0.049,10/20,18.09%,S100A10;RHOA;CDC42;ITGB1BP1;RAC1;ROCK2;RHOC;PXN;CD47;LIMK1
prerank,Regulation Of Substrate Adhesion-Dependent Cell Spreading (GO:1900024),0.615543391750492,2.067849576798092,0.0,0.004195200197421186,0.077,10/27,13.71%,S100A10;C1QBP;CDC42;ITGB1BP1;ILK;RAC1;CIB1;LIMS1;TRIOBP;ACTN4
prerank,Regulation Of Peptidase Activity (GO:0052547),0.6951466429077983,2.0562993017407454,0.0,0.004528909304034235,0.086,9/15,17.76%,HDAC1;CSTB;FURIN;CST7;CSTA;PINK1;PSMB8;CST3;PSMA3
prerank,Regulation Of Viral Entry Into Host Cell (GO:0046596),0.6450880783668245,2.05574164609327,0.0,0.004332000203858833,0.086,7/23,10.06%,LGALS1;TRIM21;SNX3;LY6E;IFITM2;FURIN;LGALS9
prerank,Positive Regulation Of Substrate Adhesion-Dependent Cell Spreading (GO:1900026),0.6445266736573582,2.047790156095334,0.0,0.004370000205647069,0.091,8/21,12.47%,S100A10;C1QBP;CDC42;ILK;RAC1;CIB1;LIMS1;TRIOBP
prerank,Regulation Of Focal Adhesion Assembly (GO:0051893),0.5700675155824132,2.0276678075020134,0.0,0.005915232278363871,0.122,10/31,10.12%,S100A10;RHOA;ACTG1;ITGB1BP1;RAC1;TLN1;VCL;ROCK2;DYNLL1;LIMS1
prerank,Homotypic Cell-Cell Adhesion (GO:0034109),0.6068209964753017,2.00956816300985,0.0019723865877712033,0.007543292662670787,0.155,9/25,6.67%,MYL12A;FIBP;CD99;CLIC1;ACTG1;ILK;FERMT3;TLN1;VCL
prerank,Establishment Of Protein Localization To Mitochondrion (GO:0072655),0.5432172092249108,1.9991177835961864,0.0,0.008506933733659627,0.177,18/37,19.53%,RALA;TOMM22;TSPO;TIMM8B;TIMM13;TIMM17B;ROMO1;BCAP31;HK1;DNAJC15;GRPEL1;PINK1;AKT1;TOMM20;TOMM34;TOMM5;CHCHD4;AIP
prerank,Platelet Aggregation (GO:0070527),0.6234006667307712,1.997545271537937,0.0,0.008278028960982875,0.178,15/22,26.55%,MYL12A;FIBP;CLIC1;ACTG1;ILK;FERMT3;TLN1;VCL;GNAS;PLEK;FLNA;METAP1;MYH9;RAP2B;MYL9
prerank,Substantia Nigra Development (GO:0021762),0.5960504430355359,1.9807218516310572,0.002053388090349076,0.009583862519970813,0.213,14/25,19.20%,RHOA;CDC42;YWHAH;NDUFS3;YWHAE;COX6B1;CALM2;DYNLL1;GNB4;CALM1;CALM3;G6PD;YWHAQ;ERCC4
prerank,Establishment Or Maintenance Of Epithelial Cell Apical/Basal Polarity (GO:0045197),0.6605951422554542,1.979089194605014,0.0019120458891013384,0.009439200444197668,0.215,12/16,20.47%,RHOA;CDC42;SLC9A3R1;MSN;SH3BP1;EZR;PDCD6IP;WDR1;PDZD11;PRKCI;RAP2A;MARK2
prerank,"Regulation Of mRNA Splicing, Via Spliceosome (GO:0048024)",-0.4622925015113724,-1.9573970570750925,0.0,0.11876484560570072,0.28,21/70,11.04%,SRSF7;RBM4;TRA2B;RBM39;SON;SRSF10;YTHDC1;TRA2A;RBM23;HNRNPL;SRRM1;RBM25;FAM172A;RBM15;DDX5;NUP98;RBM5;HNRNPU;JMJD6;RNPS1;QKI
prerank,Regulation Of Gluconeogenesis (GO:0006111),-0.6464966331067625,-1.9533922761464226,0.0,0.09263657957244655,0.286,9/17,25.21%,SIRT1;ZNF692;KAT2A;EP300;SIRT7;FOXO1;PTPN2;CRY1;SOGA1
prerank,Epithelial Cell Differentiation (GO:0030855),0.5340788803656136,1.9392431445385387,0.0,0.014480207133034415,0.317,15/36,19.36%,TAGLN2;VDAC1;RAB10;TST;HDAC1;BDH2;ANXA4;CBR1;ANXA1;ANXA7;EDF1;AKT1;DNPH1;HDAC2;CASP6
prerank,Fatty Acid Oxidation (GO:0019395),0.5342232173289171,1.9341509739395337,0.0,0.015437025726448271,0.341,15/37,10.82%,ADH5;ACADM;CPT2;ECHS1;SCP2;ACAA2;HADHB;ACAT2;BDH2;ECI2;PEX2;ECI1;HSD17B4;HADHA;HSD17B10
prerank,Regulation Of Endopeptidase Activity (GO:0052548),0.5658936115915758,1.9215933242433716,0.0,0.017702473560330306,0.386,12/26,17.76%,TIMP1;HDAC1;SERPINB1;PRELID1;PSENEN;FURIN;PSME2;PSME1;APH1A;AKT1;PSMB8;PSMA3
prerank,Inner Mitochondrial Membrane Organization (GO:0007007),0.5945988569766775,1.9170900594166393,0.0,0.018014683200690974,0.399,8/23,7.31%,GHITM;MTX1;TMEM11;TIMM8B;TIMM22;IMMT;TIMM13;ROMO1
prerank,Regulation Of Stress Fiber Assembly (GO:0051492),0.5101513835425077,1.9134975893888497,0.0,0.018249120858782157,0.414,18/40,18.09%,S100A10;RHOA;PAK2;CDC42;PFN1;ACTG1;ITGB1BP1;RAC1;ROCK2;DYNLL1;WASF2;RHOC;WAS;PXN;STMN1;F11R;CD47;LIMK1
prerank,COPII Vesicle Coating (GO:0048208),0.6329340208402,1.8994357310813825,0.0040650406504065045,0.020664195567027324,0.463,8/18,13.36%,TRAPPC1;PDCD6;TMED10;TRAPPC2L;TRAPPC2;TRAPPC6A;TRAPPC3;TMED2
prerank,"Vesicle Targeting, Rough ER To cis-Golgi (GO:0048207)",0.6329340208402,1.8994357310813825,0.0040650406504065045,0.020664195567027324,0.463,8/18,13.36%,TRAPPC1;PDCD6;TMED10;TRAPPC2L;TRAPPC2;TRAPPC6A;TRAPPC3;TMED2
prerank,Vesicle Budding From Membrane (GO:0006900),0.5473169307652502,1.8872876685212918,0.0,0.0230460010845177,0.508,15/29,18.70%,S100A10;TRAPPC1;AP2M1;SNX3;TMED10;CHMP5;TRAPPC2L;TRAPPC2;RILP;TRAPPC3;CHMP6;VAPB;VAPA;SEC13;TRAPPC4
prerank,Regulation Of Cellular Component Size (GO:0032535),0.5490462692913518,1.885622159701958,0.001984126984126984,0.022885354923111726,0.514,12/29,13.30%,PPP1CA;SLC9A3R1;MSN;LAMTOR5;RAC1;SNAPIN;EZR;BLOC1S1;PEX11B;MTPN;BLOC1S2;LAMTOR4
prerank,Regulation Of Cell Size (GO:0008361),0.6118343961561751,1.8774476157024016,0.002012072434607646,0.02435838114627676,0.542,9/19,17.74%,RHOA;SLC9A3R1;MSN;LAMTOR5;RAC1;EZR;MTPN;LAMTOR4;PLEK
prerank,Negative Regulation Of Transcription By RNA Polymerase II (GO:0000122),-0.3475570840871267,-1.8732942891770328,0.0,0.1905938242280285,0.561,127/420,20.00%,JUN;FOSB;KLF4;ARID4A;ATF3;ZNF3;NR4A2;EPC1;GZF1;JUND;DDIT3;PHF14;STAT3;FNIP1;DNAJB4;MAFF;ZBTB21;FOXO3;PER1;ZNF10;ARID4B;HDAC6;ZBTB10;ZBED6;MZF1;PLK3;ZNF669;HEXIM1;CHD3;CNOT2;DNAJB1;SIRT1;ZNF75A;ZFP36;MXD1;CEBPB;DDX5;ZNF274;FNIP2;ZNF131;EHMT2;MNT;HNRNPU;TCF25;ZNF692;TCF7L2;ID1;N4BP2L2;SIN3A;DLG1;ZMYND8;ZBTB20;GPS2;SOX4;ERF;ZNF263;ZNF266;CITED2;MIER3;SFPQ;FLYWCH1;TRPS1;NR1D2;HIC2;ZNF439;NSD1;ZNF451;ZNF350;ATXN1;KAT5;ZNF124;ING1;ZFHX3;ETV6;ZNF136;EP300;PER2;SIRT7;TCERG1;BCL11A;TAF1;BPTF;NOTCH1;CREM;CNOT1;KLF7;ZMYM5;CC2D1A;MBD3;ZNF614;EHMT1;CBX4;CBX6;NCOR1;IKZF5;SKI;TGIF2;ZNF557;ZBTB17;ZNF219;MECP2;EZH2;NR2C1;ATF2;EED;NR3C1;ZNF749;MDM4;ZNF891;NR2C2;HDAC10;HCFC1;ZNF254;SMURF2;KLF2;ZNF134;CUX1;HIVEP1;HDAC5;GADD45A;ATF4;TAF9B;SUPT5H;ARID5A;CREBBP;RTF1;MCPH1
prerank,Fatty Acid Catabolic Process (GO:0009062),0.5023638332284561,1.8632323313571058,0.0,0.02834318182160167,0.598,23/43,23.68%,ACADM;CPT2;ECHS1;SCP2;ACAA2;HADHB;ACAT2;BDH2;ECI2;PEX2;ECI1;HSD17B4;HADHA;ACOT8;HSD17B10;ABHD2;DECR1;ACAT1;PCCB;PLA2G15;SLC27A2;ACADS;AUH
prerank,Protein Targeting To Mitochondrion (GO:0006626),0.48748153484771517,1.8612963216525327,0.0,0.028167772754113675,0.603,24/47,27.66%,MTCH2;TOMM22;TSPO;MTX1;TIMM8B;TIMM22;AIFM1;TIMM13;TIMM17B;ROMO1;BCAP31;DNAJC15;GRPEL1;TOMM20;TOMM34;TOMM5;CHCHD4;AIP;SAMM50;DNAJC19;TIMM10;MTX2;NDUFA13;MFF
prerank,"Regulation Of Alternative mRNA Splicing, Via Spliceosome (GO:0000381)",-0.5052605261170664,-1.8607346735462214,0.0,0.18163103721298496,0.602,13/36,14.49%,RBM4;TRA2B;YTHDC1;HNRNPL;RBM25;FAM172A;RBM15;DDX5;RBM5;HNRNPU;RNPS1;SRSF6;RBMX
prerank,Regulation Of Actin Cytoskeleton Organization (GO:0032956),0.46499818793949727,1.8593816688219287,0.0021008403361344537,0.02802491294672641,0.607,19/53,19.27%,RHOA;TWF2;RHOG;CORO1A;CDC42;RALA;ARHGAP18;RAC1;SH3BP1;EZR;ROCK2;DYNLL1;ARHGDIB;PRKCD;CSF1R;F11R;FSCN1;RNH1;HRAS
prerank,Regulation Of Telomerase RNA Localization To Cajal Body (GO:1904872),0.625897249421193,1.8561798870678656,0.005940594059405941,0.02843678315638338,0.618,11/17,21.65%,CCT5;NOP10;CCT7;RUVBL1;NHP2;TNIP1;CCT8;CCT4;CCT6A;CCT3;DKC1
prerank,Amino Acid Catabolic Process (GO:0009063),0.6014891897048099,1.8542834809082782,0.006185567010309278,0.028340908000356456,0.623,10/19,21.46%,ETFB;ECHS1;DLD;ETFA;BLMH;BCKDK;GOT2;KYNU;ALDH6A1;ALDH5A1
prerank,Phagocytosis (GO:0006909),0.519744874107983,1.8519546901372423,0.0020920502092050207,0.028682401349760064,0.635,18/35,23.78%,TYROBP;CORO1A;CDC42;ANXA11;SH3BP1;CD36;MYD88;ANXA1;NR1H3;BIN2;ITGB2;PIP5K1C;AIF1;VAMP7;ITGB1;GSN;MYH9;CD302
prerank,"Negative Regulation Of Gene Expression, Epigenetic (GO:0045814)",-0.5005515024726445,-1.8465582980250161,0.0,0.1810654903291483,0.657,14/38,19.20%,EPC1;HELLS;UHRF2;MPHOSPH8;SIRT1;MORC2;SPTY2D1;PPM1D;UBR2;CREBZF;KMT2D;EZH2;L3MBTL1;HDAC5
prerank,Protein Neddylation (GO:0045116),0.5934382896905126,1.8450426740870336,0.0,0.03052677590463927,0.659,12/20,30.30%,RBX1;NEDD8;RNF7;DCUN1D5;COPS4;COPS5;DCUN1D1;COPS7A;UBA3;UBE2M;UBE2F;COPS3
prerank,Positive Regulation Of miRNA Transcription (GO:1902895),-0.5489205598078468,-1.838750584025408,0.004008016032064128,0.17363420427553444,0.688,12/26,17.47%,JUN;FOS;KLF4;STAT3;FOXO3;EGR1;SRF;FOSL1;SREBF1;POU2F1;NR3C1;HIF1A
prerank,Cellular Response To Type I Interferon (GO:0071357),0.5909426604194484,1.8339241291059623,0.0037243947858473,0.032427185199454575,0.702,15/19,32.91%,IFITM2;MYD88;OAS2;IFNAR1;MAVS;IRAK1;JAK1;SP100;IFITM3;TBKBP1;STAT2;TANK;IKBKE;STAT1;IFITM1
prerank,Type I Interferon-Mediated Signaling Pathway (GO:0060337),0.5909426604194484,1.8339241291059623,0.0037243947858473,0.032427185199454575,0.702,15/19,32.91%,IFITM2;MYD88;OAS2;IFNAR1;MAVS;IRAK1;JAK1;SP100;IFITM3;TBKBP1;STAT2;TANK;IKBKE;STAT1;IFITM1
prerank,Negative Regulation Of Peptidase Activity (GO:0010466),0.6234457103510923,1.833907969526856,0.004219409282700422,0.03177864149546548,0.702,8/16,17.58%,TIMP1;SERPINB1;CSTB;PARK7;CST7;CSTA;AKT1;CST3
prerank,Regulation Of miRNA Transcription (GO:1902893),-0.5181946597649358,-1.8291632327748661,0.004008016032064128,0.17017682765901293,0.733,14/34,17.47%,JUN;FOS;KLF4;STAT3;FOXO3;EGR1;DDX5;SRF;FOSL1;SREBF1;NCOR1;POU2F1;NR3C1;HIF1A
prerank,Positive Regulation Of Cell-Substrate Adhesion (GO:0010811),0.5225012130986624,1.8242935193544272,0.002061855670103093,0.034630966335574886,0.74,11/32,12.47%,S100A10;C1QBP;CDC42;ILK;RAC1;RSU1;CD36;CIB1;LIMS1;JUP;TRIOBP
prerank,Positive Regulation Of miRNA Metabolic Process (GO:2000630),-0.5182056029637571,-1.8233423597891896,0.0,0.16218527315914488,0.748,13/31,17.47%,JUN;FOS;KLF4;STAT3;FOXO3;EGR1;SRF;FOSL1;SREBF1;POU2F1;ZC3H12A;NR3C1;HIF1A
prerank,Heterochromatin Formation (GO:0031507),-0.5403747297847614,-1.822949764326282,0.006172839506172839,0.14821852731591448,0.749,12/26,20.94%,FAM172A;SIRT1;SPTY2D1;UBR5;PPM1D;UBR2;NRDE2;KMT2D;EZH2;L3MBTL1;HDAC5;ZNFX1
prerank,Negative Regulation Of Cell Cycle (GO:0045786),-0.4856823270208628,-1.8181943519407437,0.002136752136752137,0.14164687252573238,0.765,14/42,17.01%,DUSP1;TSPYL2;NR4A1;BTG1;BTG2;HEXIM1;SIRT1;BARD1;BRCA1;HECA;BTG3;ZBTB17;CDK5RAP1;LATS1
prerank,DNA-templated DNA Replication Maintenance Of Fidelity (GO:0045005),-0.5419407705021003,-1.8144963280534656,0.0,0.13513612278457884,0.774,16/26,22.23%,DDX11;WRN;TIPIN;MCM9;ATRX;MMS22L;SLFN11;THOC1;BOD1L1;POLD1;POLE;RFWD3;FAM111A;BLM;ATR;FANCM
prerank,Regulation Of Chromatin Organization (GO:1902275),-0.5701529623566827,-1.8128101016509481,0.00808080808080808,0.12751951136749237,0.778,13/22,24.00%,KANSL2;KANSL1;MSL2;RLIM;HNRNPU;MLLT3;TLK2;SETD5;KAT8;HCFC1;WDR5;SETD1A;TLK1
prerank,U2-type Prespliceosome Assembly (GO:1903241),0.5618749473278425,1.8116590384565268,0.0,0.0387854325944276,0.774,11/22,15.57%,SNRPF;SNRPB;SNRPD3;SNRPB2;HTATSF1;SNRPG;RBMX2;SF3A3;SNRPE;SNRPD1;SF3B4
prerank,Establishment Of Vesicle Localization (GO:0051650),0.6359610929005748,1.8054870119151905,0.0038461538461538464,0.04068552644291489,0.792,9/15,23.76%,TOR1A;SNAPIN;COPS5;F8A1;RAB11A;TMEM230;KIF5B;IKBKG;CDK5
prerank,snRNA Metabolic Process (GO:0016073),-0.6277307183201668,-1.8051606040196606,0.003780718336483932,0.12794932699920825,0.803,4/15,4.72%,MEPCE;ZCCHC8;INTS6;USPL1
prerank,Cell-Cell Junction Assembly (GO:0007043),0.5844024108551716,1.8009260389250552,0.004158004158004158,0.04175777974284976,0.806,10/19,14.55%,RHOA;PAK2;ACTG1;CD9;TLN1;VCL;WDR1;RHOC;JUP;PIP5K1C
prerank,Secondary Alcohol Biosynthetic Process (GO:1902653),0.5874567417414678,1.7992350980842449,0.00411522633744856,0.041627827413502044,0.811,10/18,24.28%,FDFT1;MSMO1;LSS;ACLY;GLB1;G6PD;CYP51A1;MVD;PMVK;DHCR24
prerank,Cell Junction Assembly (GO:0034329),0.5612228188189946,1.7988031223537226,0.003929273084479371,0.04099684478640614,0.813,5/21,4.03%,RHOA;CAPZA1;CDC42;SH3BP1;TLN1
prerank,Microtubule Nucleation (GO:0007020),-0.5846994297259452,-1.7983536079543108,0.0020964360587002098,0.12785035629453684,0.821,8/18,12.54%,NDE1;NDEL1;TUBGCP6;CLASP2;TUBGCP5;TUBGCP3;GOLGA2;TUBGCP4
prerank,Endoplasmic Reticulum To Golgi Vesicle-Mediated Transport (GO:0006888),0.4047896067344245,1.7961522122466245,0.0,0.04140000194823539,0.821,40/96,25.05%,TRAPPC1;PDCD6;COPB1;ATL3;COPE;TMED10;ARCN1;TRAPPC2L;TRAPPC2;RAB2A;YIF1A;TRAPPC6A;TRAPPC3;ERGIC3;BCAP31;COPG1;TFG;BET1;ZW10;TMED2;KDELR2;USO1;VAPB;KDELR1;TMED9;COPB2;SEC22C;VAMP7;VAPA;SEC13;TRAPPC4;RAB1B;YIF1B;BCAP29;TBC1D20;RAB1A;GOPC;TMED7;SPAST;TEX261
prerank,Regulation Of Cytoskeleton Organization (GO:0051493),0.4340374932036003,1.791989526396326,0.002105263157894737,0.04213282956892829,0.837,22/64,20.47%,RHOA;TWF2;RHOG;PAK2;CORO1A;CDC42;RALA;ARHGAP18;RAC1;SH3BP1;EZR;MAPK1;ROCK2;DYNLL1;PFDN2;CAPN2;PRKCD;F11R;DIAPH1;FSCN1;HRAS;MARK2
prerank,Positive Regulation Of Plasma Membrane Bounded Cell Projection Assembly (GO:0120034),0.46241078065968355,1.789454070781665,0.0,0.04255639522299288,0.848,10/47,2.85%,ACTR2;ARPC2;TWF2;RAC2;CDC42;RALA;PFN1;ACTR3;BRK1;RAC1
prerank,Positive Regulation Of Exocytosis (GO:0045921),0.5559154813907339,1.7856610367271466,0.0081799591002045,0.04324552203508339,0.861,7/23,9.52%,S100A10;VPS4B;CHMP2A;TSG101;PDCD6IP;SDCBP;RAB9A
prerank,Steroid Biosynthetic Process (GO:0006694),0.5592459917277292,1.77707436205914,0.0020491803278688526,0.046439490709977965,0.886,13/22,22.98%,FDFT1;SCP2;MSMO1;LSS;ACOT8;HSD17B10;CYP7B1;SLC27A5;CYP51A1;SLC27A2;SQLE;AKR1C3;PMVK
prerank,Integrated Stress Response Signaling (GO:0140467),-0.5476109307951003,-1.7747776294367126,0.004140786749482402,0.15084532625401706,0.876,7/22,8.76%,JUN;FOS;DDIT3;JUNB;CEBPB;QRICH1;FOSL1
prerank,Receptor Internalization (GO:0031623),0.5165787090612101,1.769652942724255,0.0,0.04890453133364777,0.902,12/29,19.63%,RALB;RALA;CD9;AP2M1;FCER1G;CD36;CLTC;RAB31;ITGB2;ARRB2;SNX1;ITGB1
prerank,Regulation Of Early Endosome To Late Endosome Transport (GO:2000641),0.5980866904151559,1.7692017267473703,0.003992015968063872,0.04831139274966779,0.902,5/16,10.43%,MSN;SNX3;EZR;MAPK1;MAP2K2
prerank,protein-DNA Complex Disassembly (GO:0032986),0.6022669363475163,1.767582529710653,0.011857707509881422,0.04831035227342835,0.902,9/15,21.05%,SET;NFE2;MYC;SUPT16H;SMARCB1;HMGA1;SMARCE1;SMARCD2;SSRP1
prerank,Protein Deubiquitination (GO:0016579),-0.43911549540579625,-1.766218267860795,0.0,0.15254684613354447,0.893,21/57,18.26%,TNFAIP3;USP36;JOSD1;USP42;YOD1;USP24;OTUD6B;USP34;USP15;ZRANB1;USP3;USP16;USP19;USP11;ZC3H12A;OTUD5;USP22;USP48;USP37;USP21;USP32
prerank,Substrate Adhesion-Dependent Cell Spreading (GO:0034446),0.5693506700120875,1.7624329983118645,0.007561436672967864,0.04992288234931211,0.909,13/19,26.51%,RHOA;ILK;FERMT3;RAC1;PARVB;VAMP3;PXN;PEAK1;LPXN;ITGB7;MLF2;PARVG;LAMA5
prerank,Response To Endoplasmic Reticulum Stress (GO:0034976),-0.4145054949475017,-1.7571493692607794,0.001953125,0.15806975871984,0.914,20/75,14.97%,JUN;PPP1R15A;ATF3;PPP1R15B;DDIT3;DNAJB9;ERN1;CDK5RAP3;HERPUD1;ATF6B;CEBPB;TMEM259;QRICH1;MBTPS1;MAP3K5;PIK3R1;ITPR1;TNFRSF10B;ATP2A2;USP19
prerank,Positive Regulation Of Cell-Matrix Adhesion (GO:0001954),0.5954056886601052,1.7562418050238038,0.00808080808080808,0.05191560244308717,0.919,6/15,10.65%,S100A10;RAC1;CD36;CIB1;LIMS1;JUP
prerank,Negative Regulation Of DNA Binding (GO:0043392),-0.6040649400390489,-1.755891756862479,0.007889546351084813,0.15230403800475062,0.918,6/16,11.61%,JUN;NFKBIA;RSF1;SIN3A;PER2;JAK2
prerank,Regulation Of Protein Localization To Plasma Membrane (GO:1903076),0.4566218101788898,1.7421019468899313,0.0,0.058184922141099056,0.943,19/48,20.89%,RHOG;VAMP8;AP2M1;APPL1;STAC3;TMBIM1;CLTC;CIB1;PTPN9;STX7;TGFB1;STX8;ARF6;AKT1;KIF5B;PPP2R5A;PRKCI;ITGB1;TMEM59
prerank,Vesicle Coating (GO:0006901),0.5120748854565081,1.7335048211264177,0.00398406374501992,0.06209513233388858,0.955,9/27,13.36%,TRAPPC1;PDCD6;TMED10;TRAPPC2L;TRAPPC2;TRAPPC6A;TRAPPC3;AP3S1;TMED2
prerank,Cellular Response To Glucose Starvation (GO:0042149),-0.5157017485332023,-1.7333267797532876,0.0020408163265306124,0.18011537156430268,0.958,15/28,19.27%,FOXO3;CPEB4;SIRT1;SESN3;MTMR3;ITFG2;KAT5;PICK1;ATG14;ZC3H12A;MYBBP1A;SZT2;PMAIP1;PIK3R4;ATF4
prerank,Positive Regulation Of Peptidase Activity (GO:0010952),0.5899274911792858,1.7321301786752639,0.011673151750972763,0.06189440291267778,0.956,10/16,29.21%,PRELID1;PSENEN;PSME2;PSME1;PINK1;DDRGK1;NCSTN;NDUFA13;MAPK12;TANK
prerank,Regulation Of BMP Signaling Pathway (GO:0030510),-0.5385404329615808,-1.7290606425257777,0.005988023952095809,0.1780608939753833,0.962,10/23,22.01%,SKIL;LEMD3;NUMA1;NOTCH1;SMURF1;SKI;SMURF2;SORL1;CRIM1;SMAD7
prerank,Positive Regulation Of Phagocytosis (GO:0050766),0.4994922946978937,1.7278957324453017,0.0018832391713747645,0.0633924715546037,0.96,11/29,22.66%,PYCARD;CAMK1D;CFP;FCER1G;CYBA;IL2RG;RAB31;CD47;IL15RA;UXT;LYAR
prerank,Negative Regulation Of Nucleic Acid-Templated Transcription (GO:1903507),-0.3306285341458852,-1.7259243913211146,0.0,0.17540018589280182,0.966,104/280,26.76%,JUN;KLF4;BTAF1;ARID4A;EPC1;GZF1;DDIT3;MPHOSPH8;ZBTB21;PER1;EREG;HDAC6;EIF4A2;HNRNPL;ZBED6;HEXIM1;CHD3;BCLAF1;RBM15;SIRT1;KAT6B;DEDD2;RLIM;RSF1;TCF7L2;ID1;TRIM28;SIN3A;ILF3;CITED2;EID2B;ZNF318;SFPQ;BRCA1;NR1D2;HIC2;ZNF350;BCL7A;ATXN1;KAT5;PER2;ZNF503;INPP5K;NOTCH1;PLCB1;FOXO1;CIC;KAT6A;CREBZF;MBD3;EHMT1;CBX4;TRERF1;NCOR1;SBNO2;ATF7IP;FOXP1;ZNF219;IRF1;MECP2;EZH2;POU2F1;SMARCC2;EED;WWP1;NR3C1;L3MBTL1;MYBBP1A;ZMYM2;MDM4;HDAC10;KAT8;SMURF2;MDFIC;HDAC5;GCLC;VGLL4;ARID5A;CDKN1C;AHR;HES1;UIMC1;SPEN;CTNNB1;ZC3H8;TNFSF4;ZBTB18;TNF;ARID5B;MDM2;CLOCK;LIMD1;CRY1;NKRF;IKZF4;NR1H2;LBH;KLF10;BCL3;RING1;L3MBTL3;ZBTB4;ZHX2;FBXW11
prerank,Cholesterol Biosynthetic Process (GO:0006695),0.5565678620294794,1.7257220722569386,0.006097560975609756,0.06371091004041399,0.961,10/19,24.28%,FDFT1;MSMO1;LSS;ACLY;GLB1;G6PD;CYP51A1;MVD;PMVK;DHCR24
prerank,Wnt Signaling Pathway (GO:0016055),-0.5170305626008148,-1.7191143014595562,0.0076045627376425855,0.17953285827395093,0.976,10/24,15.52%,NR4A2;TCF7;DDX3X;TCF7L2;USP34;SIAH2;CCDC88C;PLCG2;TMEM67;FRAT1
prerank,Positive Regulation Of Reactive Oxygen Species Metabolic Process (GO:2000379),0.4883471386558408,1.7170634598740904,0.003952569169960474,0.06839050321837663,0.972,10/31,14.43%,TYROBP;CYBA;CD36;ROMO1;CBR1;GSTP1;TGFB1;SORD;ITGB2;PRKCD
prerank,Negative Regulation Of Cytoskeleton Organization (GO:0051494),0.5940331427914795,1.7166342925958293,0.013972055888223553,0.06774098948918114,0.972,6/15,21.70%,TWF2;CORO1A;PFN1;PRKCD;SSH1;PIK3CA
prerank,Negative Regulation Of Protein Localization To Plasma Membrane (GO:1903077),0.5975830708255583,1.7116264944292876,0.007936507936507936,0.0697026843612074,0.975,7/15,20.89%,AP2M1;TMBIM1;CLTC;TGFB1;CSK;PPP2R5A;TMEM59
prerank,Positive Regulation Of Dephosphorylation (GO:0035306),0.5515826461345379,1.7090764388399295,0.0099601593625498,0.07045139531535978,0.976,10/20,19.87%,PPP1R7;CALM2;DYNLL1;TGFB1;CALM1;CALM3;PRKCD;PIN1;PPP2R5A;CAMTA1
prerank,Intrinsic Apoptotic Signaling Pathway In Response To Endoplasmic Reticulum Stress (GO:0070059),-0.5655927408245203,-1.7078934591275252,0.006263048016701462,0.19006175771971495,0.983,8/17,14.42%,PPP1R15A;DDIT3;ERN1;CEBPB;QRICH1;MAP3K5;ITPR1;TNFRSF10B
prerank,Sterol Biosynthetic Process (GO:0016126),0.5440765351673688,1.703390006588205,0.00411522633744856,0.07329180344902604,0.985,11/20,24.28%,FDFT1;MSMO1;LSS;ACLY;GLB1;G6PD;CYP51A1;MVD;SQLE;PMVK;DHCR24
prerank,Positive Regulation Of JUN Kinase Activity (GO:0043507),-0.586450053996943,-1.6965077774272495,0.012526096033402923,0.20168097935318838,0.986,9/15,22.86%,ERN1;MAP3K4;MAP3K5;MAP3K11;MAP2K7;TAOK3;MAP3K13;DVL2;TNF
prerank,Anterograde Axonal Transport (GO:0008089),0.49842881293457364,1.6957286053313674,0.007722007722007722,0.07737965039464206,0.987,10/27,16.03%,SNAPIN;BLOC1S1;ARL8A;APEX1;ARL8B;BLOC1S2;AP3S1;BLOC1S4;AP3M1;KIF5B
prerank,Positive Regulation Of Nucleic Acid-Templated Transcription (GO:1903508),-0.31959908620651173,-1.6953757358232906,0.0,0.19583003430984428,0.986,127/337,27.63%,JUN;FOS;KLF4;KANSL2;BRCA2;KMT2E;EPC1;DDIT3;STAT3;ATXN7;FOXO3;INO80;EGR1;RBM23;KANSL1;NAA16;CHD3;PHIP;KAT6B;TCF4;TRIM44;MSL2;CEBPB;KLF6;ING3;RSF1;INO80B;PIM2;GPATCH3;KAT2A;TRIM28;ILF3;NPAT;SOX4;QRICH1;EDRF1;CITED2;ZNF318;ELF2;DNAJC2;KMT2B;DYRK1A;TRRAP;BRCA1;NR1D2;DXO;JMJD6;INO80E;NAA15;NSD1;CEP290;MAP3K5;ATAD2;ZNF711;KAT5;MLLT3;ING1;ZFHX3;EP300;USP16;TP53BP1;EP400;INPP5K;NOTCH1;MED14;SUPT20H;PLCB1;FOXO1;KAT6A;ELF1;ARID1B;MBD3;MAP2K7;TRERF1;MED17;NUP62;SS18L1;ATF7IP;RYBP;IRF1;SMARCC2;USP22;RXRB;HIF1A;KAT8;HCFC1;BLM;KLF2;MORF4L2;MDFIC;ATF4;CREBBP;ETS1;INO80D;CDKN1C;AHR;NFATC1;CTNNB1;WDR5;CREB5;BRD4;TNF;CREB3L2;CLOCK;EPC2;NFYA;CDK5RAP2;CXXC1;SFR1;NR1H2;LBH;SERTAD3;PPM1A;TFE3;HMGN5;BCL3;KMT2A;NCOA1;FBXW11;NCF1;CHUK;TAF2;FLI1;ID2;RXRA;MED13;TASP1
prerank,Regulation Of Exocytosis (GO:0017157),0.4864632879050165,1.688554178919923,0.0019455252918287938,0.08116098843472526,0.988,9/29,13.88%,S100A10;ANXA2;RALA;WDR41;APEX1;RAB13;RAB9A;RAB8A;CHMP6
prerank,Negative Regulation Of Epithelial Cell Apoptotic Process (GO:1904036),-0.573016543813935,-1.6854721571586466,0.022587268993839837,0.20583644384119443,0.992,5/15,13.40%,TNFAIP3;SERPINE1;KRIT1;TCF7L2;PAK4
prerank,Cellular Defense Response (GO:0006968),0.5554299272008009,1.6806240695799277,0.008064516129032258,0.08608125974708535,0.992,8/17,19.86%,TYROBP;NCF2;LSP1;KLRG1;VEZF1;BECN1;ITGB1;LGALS3BP
prerank,Protein Methylation (GO:0006479),0.5325456008943302,1.6789525513830967,0.01364522417153996,0.08623758405823925,0.992,8/21,11.71%,GSPT1;ICMT;SETD3;SNRPB;SNRPD3;FAM98A;TRMT112;PCMT1
prerank,Protein-Containing Complex Assembly (GO:0065003),0.3367854726462158,1.6774009545807091,0.0,0.08623467072476881,0.992,77/190,24.96%,TRAPPC1;CAPZA1;HIGD2A;VAMP8;CDC123;SLC9A3R1;AP2M1;CLTA;ITGB1BP1;COX7A2;PDCD6;FERMT3;NIFK;CHMP2A;PPID;FKBP1A;TMED10;SRP19;CYBA;PTGES3;MKKS;ADRM1;AIFM1;SLC9A3R2;TBCA;TRAPPC2L;GPX4;TRAPPC2;IL1RAP;CLTC;STOML2;TRAPPC6A;VBP1;CAPG;PSMG2;TRAPPC3;FADD;VAMP3;HIGD1A;TGFB1;COX7A2L;WAS;BIN2;PSMG1;PXN;TSPAN4;ZW10;TMED2;EPS15;CSNK2B;SMAD2;PFDN5;AP2S1;PDZD11;PSMD11;LPXN;SLC25A46;TRAPPC4;BECN1;CHCHD4;PPP2R1A;CCT2;HIP1;SMAD3;NDUFAF1;DBNL;FAS;IKBKG;TMEM70;KIFAP3;SRPRB;SAMM50;PPIH;RIPK1;PSMG3;CASP1;GEMIN5
prerank,Positive Regulation Of Cell Cycle Process (GO:0090068),-0.4315914917483313,-1.676400072812714,0.002053388090349076,0.21485789171922354,0.997,23/50,20.83%,EREG;INO80;DBF4;PKN2;PHIP;RAD18;NCAPH2;DDX11;NCAPD3;DYNC1H1;SMC5;ATRX;CSPP1;INSR;GPSM2;NUMA1;NUSAP1;NUP62;USP19;CDC14A;SASS6;KIF20B;CUL3
prerank,Regulation Of Macromolecule Metabolic Process (GO:0060255),-0.39028821554479887,-1.6760690570817915,0.0,0.20813935075217735,0.997,39/78,26.57%,NFKBIZ;COQ7;AFF4;ATXN7L3B;TOB2;TOB1;ZFP36L1;TRIM44;CHD6;NPAT;ANKRA2;KDM6A;MTMR3;UBAP2;ZNF335;ADNP2;AFF3;NFKBID;KDM6B;ZNF407;MTMR4;CHD7;FOXP1;TRIM4;ZC3H12A;YBX3;HIF1A;AFF1;SETD2;ATP1B1;AHR;HNRNPDL;MDM2;LDLR;KIF16B;STX3;SIRPA;TARDBP;ZNF507
prerank,Negative Regulation Of Cell Death (GO:0060548),0.4489942524090078,1.673532044029626,0.006060606060606061,0.08827826756890557,0.996,20/39,26.32%,VPS4B;VPS35;CHMP2A;KANK2;CHMP5;PARK7;PEPD;PSMC5;PINK1;XPNPEP1;AKT1;CHMP6;BECN1;IKBKG;CHMP1A;CDK5;BNIP3;BNIP3L;TNFRSF1B;SNCA
prerank,Regulation Of Phagocytosis (GO:0050764),0.4951454422108159,1.6735236086643985,0.003861003861003861,0.08722731012891098,0.996,6/29,5.90%,PYCARD;CAMK1D;SNX3;FCER1G;CYBA;IL2RG
prerank,Interferon-Mediated Signaling Pathway (GO:0140888),0.49938899635493167,1.66621216337713,0.00929368029739777,0.09183243289295483,0.997,19/25,32.91%,IFITM2;MYD88;IFNGR2;OAS2;IL10RB;IFNAR1;MAVS;IRAK1;IFNGR1;JAK1;SP100;IFITM3;HCK;TBKBP1;STAT2;TANK;IKBKE;STAT1;IFITM1
prerank,Integrin-Mediated Signaling Pathway (GO:0007229),0.4502055176219505,1.6613611122504075,0.01972386587771203,0.09447837621074712,0.997,20/41,30.04%,CDC42;ITGB1BP1;ILK;FERMT3;ZYX;ITGAE;ITGAX;ITGB2;CD47;ISG15;PLEK;ITGB7;ITGB1;NME2;ADAM10;MYH9;LAMA5;HCK;ADAM15;FGR
prerank,Positive Regulation Of DNA Metabolic Process (GO:0051054),-0.3958496433400297,-1.6534319158734074,0.007797270955165692,0.24485480039843688,1.0,15/67,9.92%,PPP1R10;EREG;INO80;ATAD5;SMCHD1;ZCWPW1;SIRT1;KAT7;WRN;DHX36;INO80B;TRIM28;BRCA1;INO80E;ATRX
prerank,Regulation Of RNA Metabolic Process (GO:0051252),-0.38527391592033583,-1.6493163195153604,0.0,0.24429928741092638,1.0,28/71,21.77%,FUS;TRA2B;CLK1;SON;USP36;ATXN7;HNRNPH3;HNRNPL;HNRNPH1;MBNL1;KAT2A;TRRAP;SRSF1;MBNL2;SNRNP70;ZNF326;SUPT20H;PTBP2;AKAP17A;RC3H1;HNRNPLL;CCNL2;USP22;FASTK;CLK4;CLK3;PTBP1;FAM50A
prerank,Myeloid Leukocyte Differentiation (GO:0002573),0.45674023311112,1.6476180044217938,0.012371134020618556,0.10474585609200744,0.997,10/35,16.47%,TYROBP;UCP2;SPI1;CDC42;PARP1;LGALS9;GLO1;CSF1R;CEBPA;OSCAR
prerank,COPII-coated Vesicle Budding (GO:0090114),0.46650744398544425,1.6471688938510471,0.00625,0.10380709454021216,0.997,14/34,22.16%,TRAPPC1;PDCD6;TMED10;TRAPPC2L;TRAPPC2;TRAPPC6A;TRAPPC3;TMED2;VAPB;VAPA;SEC13;TRAPPC4;TBC1D20;RAB1A
prerank,Protein Modification By Small Protein Removal (GO:0070646),-0.39954844902705366,-1.6453634932626928,0.00816326530612245,0.24464118620888217,1.0,24/66,18.26%,TNFAIP3;USP36;JOSD1;USP42;USPL1;YOD1;USP24;OTUD6B;USP34;USP15;ZRANB1;SENP7;USP16;SENP5;USP19;USP11;SENP1;ZC3H12A;OTUD5;USP22;USP48;USP37;USP21;USP32
prerank,Mitochondrion Organization (GO:0007005),0.35935678004529675,1.6427403284628421,0.001949317738791423,0.10644128682718357,0.997,51/107,27.66%,UCP2;HIGD2A;BAX;COX7A2;PRDX3;TOMM22;TSPO;MTX1;TMEM11;TIMM8B;RAB32;PARP1;PARK7;AIFM1;APEX1;TIMM13;OXA1L;TIMM17B;CHCHD2;PHB2;MGME1;STOML2;HIGD1A;BID;COX7A2L;HSD17B10;BCAP31;THG1L;ATPAF1;PINK1;MFN1;TOMM20;TOMM34;SLC25A46;TOMM5;CHCHD4;AIP;NDUFS1;MIEF1;TMEM70;LETMD1;SAMM50;DNAJC19;TIMM10;BNIP3;BNIP3L;MTX2;MPV17;CEP89;CHCHD10;MFF
prerank,Regulated Exocytosis (GO:0045055),0.5057278383172409,1.6412035627519133,0.011494252873563218,0.10636482298293153,0.998,14/23,26.32%,RAB10;SNAPIN;TMED10;SYNGR2;RAB31;SDF4;LYN;PIP5K1C;VAMP7;PLEK;PPP3CB;MYH9;CDK5;SNCA
prerank,Apical Junction Assembly (GO:0043297),0.5118781613036316,1.628545629640686,0.022222222222222223,0.11628861880573892,0.998,8/20,9.51%,RHOA;PAK2;PDCD6IP;VCL;WDR1;RAB13;OCEL1;RHOC
prerank,Epithelium Development (GO:0060429),0.4413017466905474,1.6255476123966541,0.014314928425357873,0.11781136378582242,0.999,12/40,10.40%,TAGLN2;VDAC1;TST;SLC9A3R1;KANK2;BDH2;ANXA4;PDCD10;VCL;CBR1;ANXA7;TGFB1
prerank,Negative Regulation Of Cellular Component Organization (GO:0051129),-0.44200600061716544,-1.6242232675414197,0.0038240917782026767,0.2823249965069163,1.0,16/35,22.86%,DDX3X;HDAC6;DNAJB1;RAF1;WASL;DNAJB6;DNAJB2;EP300;ULK1;MCTP1;TFIP11;PEX5;SORL1;CLU;SPRY2;TNF
prerank,Positive Regulation Of Histone Methylation (GO:0031062),-0.5560708621130942,-1.621328550281706,0.018556701030927835,0.28028503562945367,1.0,8/17,21.86%,KANSL2;KANSL1;SIRT1;BRCA1;KAT8;HCFC1;CTNNB1;WDR5
prerank,Regulation Of Mitotic Nuclear Division (GO:0007088),-0.49742472161873896,-1.6196026367048606,0.026694045174537988,0.2762734230667723,1.0,11/23,20.55%,DUSP1;EREG;PHIP;INSR;TOM1L2;NUSAP1;CUL9;NUP62;L3MBTL1;OBSL1;KIF20B
prerank,Spliceosomal snRNP Assembly (GO:0000387),0.46005484016444387,1.6164694515720022,0.016194331983805668,0.12521760589259323,1.0,14/34,15.46%,GEMIN7;SNRPF;CD2BP2;SNRPB;SNRPD3;SNRPG;LSM2;GEMIN2;STRAP;CLNS1A;WDR77;SNRPE;LSM4;SNRPD1
prerank,"Phagocytosis, Engulfment (GO:0006911)",0.5447467432815056,1.6113921483890934,0.02494802494802495,0.1283821479769967,1.0,10/17,23.38%,CDC42;RAC1;SH3BP1;CD36;BIN2;ITGB2;AIF1;VAMP7;GSN;MYH9
prerank,Regulation Of Mitochondrial Membrane Potential (GO:0051881),0.50173029683791,1.6103661882424027,0.031078610603290677,0.12790897623201192,1.0,10/23,14.87%,BAX;PRDX3;HEBP2;PRELID1;PARK7;ARL6IP5;PINK1;AKT1;BAK1;PPA2
prerank,Axonal Transport (GO:0098930),0.457717286453209,1.6092579057222924,0.021526418786692758,0.1277548860119946,1.0,10/30,13.15%,HSBP1;SNAPIN;BLOC1S1;ARL8A;APEX1;ARL8B;BLOC1S2;AP3S1;BLOC1S4;AP3M1
prerank,RNA Export From Nucleus (GO:0006405),-0.39881401181453224,-1.6090269262821126,0.010101010101010102,0.2910188097836554,1.0,31/57,30.04%,NXF1;YTHDC1;UPF2;NUP153;NUP188;HNRNPA2B1;NUP98;POM121C;SMG6;DDX39A;POM121;THOC1;EIF4A3;NUP107;DDX19B;NUP62;NUP160;DDX39B;MCM3AP;CASC3;SMG5;SMG1;SMG7;ALKBH5;SRSF3;NCBP1;RBM8A;THOC2;UPF1;MAGOHB;NUP88
prerank,RNA Metabolic Process (GO:0016070),-0.367972754348335,-1.6071688476451098,0.002,0.2880360045005626,1.0,23/92,14.29%,DDX24;RBM4;RBM39;DNTTIP2;WDR74;HNRNPH3;DDX3X;HNRNPL;SUPV3L1;HNRNPH1;ATXN2L;DEDD2;PABPC4;DHX36;RBM5;HNRNPU;HNRNPUL1;ATXN1;THOC1;RBM6;ATXN2;PARN;ADAR
prerank,Positive Regulation Of mRNA Catabolic Process (GO:0061014),-0.4407211432229378,-1.6065173473038747,0.023762376237623763,0.2819172909434192,1.0,14/38,19.71%,BTG2;GTPBP1;TOB1;TNRC6B;ZFP36L1;ZFP36;TNRC6A;DHX36;YTHDF3;ZC3HAV1;CNOT1;ZC3H12A;METTL16;TNRC6C
prerank,Iron-Sulfur Cluster Assembly (GO:0016226),0.5179507334129229,1.6007483990418818,0.023391812865497075,0.13313273203826562,1.0,10/20,19.07%,NDUFAB1;GLRX3;NFU1;ISCA2;GLRX5;LYRM4;BOLA3;ISCU;CIAPIN1;CIAO1
prerank,Metallo-Sulfur Cluster Assembly (GO:0031163),0.5179507334129229,1.6007483990418818,0.023391812865497075,0.13313273203826562,1.0,10/20,19.07%,NDUFAB1;GLRX3;NFU1;ISCA2;GLRX5;LYRM4;BOLA3;ISCU;CIAPIN1;CIAO1
prerank,Response To Molecule Of Bacterial Origin (GO:0002237),-0.4519164749165542,-1.5907157956936324,0.018867924528301886,0.3114964370546318,1.0,14/31,21.06%,TNFAIP3;PELI1;IL12A;S100A9;S100A8;CXCL2;LIAS;MAPKAPK2;JAK2;FOXP1;OTUD5;TAB2;GCH1;AHR
prerank,Regulation Of Epidermal Growth Factor Receptor Signaling Pathway (GO:0042058),0.48928846890816835,1.587791666965015,0.02012072434607646,0.1458581211496259,1.0,6/23,9.30%,RALB;RALA;TSG101;RNF126;APEX1;PDE6G
prerank,Vesicle Organization (GO:0016050),0.38657648909365,1.5862371203237375,0.006237006237006237,0.1460692432374831,1.0,18/66,14.35%,S100A10;ANXA2;TRAPPC1;CORO1A;VAMP8;AP2M1;LAMTOR1;CHMP5;PLEKHJ1;TRAPPC2L;TRAPPC2;TRAPPC3;STX7;VAMP3;STX8;CHMP6;STX6;EPS15
prerank,Actomyosin Structure Organization (GO:0031032),0.4588465097958572,1.585903458012742,0.01875,0.14488123881794066,1.0,8/28,7.54%,RHOA;TMOD3;PDLIM1;ZYX;FLII;PDCD10;WDR1;ROCK2
prerank,Regulation Of JUN Kinase Activity (GO:0043506),-0.5009321850874369,-1.5832988533310397,0.021321961620469083,0.32183535137014074,1.0,12/22,24.36%,ERN1;DNAJA1;MAP3K4;MAP3K5;DUSP10;MAP3K11;MAP2K7;TAOK3;MAP3K13;DVL2;TNF;PTPN22
prerank,Negative Regulation Of Cation Channel Activity (GO:2001258),0.5393517837691472,1.5831299034699113,0.027888446215139442,0.14625049401108906,1.0,8/16,24.12%,GSTO1;FKBP1A;CALM2;KCNE3;CALM3;SRI;PPP3CB;PPP3R1
prerank,Cellular Component Assembly (GO:0022607),0.3467890866412731,1.5813055123256814,0.0,0.14683200690974152,1.0,47/113,26.70%,RHOA;CAPZA1;CDC42;SLC9A3R1;AP2M1;NIFK;PARVB;SH3BP1;PPID;EZR;RTN4;PDCD10;ADD1;SLC9A3R2;IL1RAP;TINF2;GORASP2;CAPG;STX7;VAMP3;TGFB1;WAS;TSPAN4;ZW10;CSNK2B;AIF1;LPXN;SLC25A46;FSCN1;BECN1;CORO1B;PPP2R1A;LIMD2;NDUFAF1;GSN;LCP1;FAS;IKBKG;MYO1B;KIFAP3;PPIH;PDGFA;GEMIN5;RTN3;PARVG;AIF1L;YTHDF1
prerank,Positive Regulation Of Secretion By Cell (GO:1903532),0.42904704502506474,1.580431651733202,0.015873015873015872,0.14644507096920267,1.0,9/35,13.60%,S100A10;ANXA2;PPID;TMED10;EZR;RAB9A;CD33;TGFB1;ARF6
prerank,"Regulation Of Nuclear-Transcribed mRNA Catabolic Process, Deadenylation-Dependent Decay (GO:1900151)",-0.5198971025565373,-1.5784980159046642,0.037578288100208766,0.3258681144666893,1.0,8/18,14.83%,TOB1;TNRC6B;ZFP36L1;ZFP36;DHX36;HNRNPU;CNOT1;RC3H1
prerank,Positive Regulation Of Phosphate Metabolic Process (GO:0045937),0.5278966259548992,1.5774885446183189,0.02131782945736434,0.1485867300692398,1.0,7/17,13.34%,ILK;CCL5;BTBD10;PTGES3;SDCBP;KCTD20;CD244
prerank,Regulation Of Protein Binding (GO:0043393),0.3732724499931691,1.5774336824720252,0.00984251968503937,0.14726151550138222,1.0,15/70,8.88%,PPP1CA;RALB;TRIM21;BAX;SUB1;CTNNBIP1;ITGB1BP1;RAN;SNAPIN;FKBP1A;STYX;PARK7;ADD1;BTBD1;DTX3L
prerank,Negative Regulation Of Cellular Response To Growth Factor Stimulus (GO:0090288),-0.47992437354171075,-1.5760737010411687,0.02330097087378641,0.3241230735237253,1.0,13/23,25.54%,SKIL;LEMD3;SPRY1;NOTCH1;SMURF1;SKI;HGS;SMURF2;SORL1;CRIM1;SPRY2;SMAD7;SULF2
prerank,Rho Protein Signal Transduction (GO:0007266),0.4839773911544103,1.575220865047063,0.02240325865580448,0.1482468975423623,1.0,10/24,18.39%,RHOA;CFL1;RHOG;CDC42;ROCK2;ARHGDIB;WAS;ARHGAP1;LIMK1;TNFRSF25
prerank,Branched-Chain Amino Acid Catabolic Process (GO:0009083),0.5363196036757716,1.573834522643369,0.03505154639175258,0.14844931539706507,1.0,9/16,27.35%,ECHS1;DLD;HSD17B10;BCKDK;ALDH6A1;ACAT1;HMGCL;HIBADH;IVD
prerank,L-alpha-amino Acid Transmembrane Transport (GO:1902475),-0.539070524118044,-1.5731016091715548,0.035343035343035345,0.3237961563377241,1.0,9/15,26.55%,SLC38A2;SLC3A2;SLC36A4;SLC25A13;SLC43A1;SLC7A5;SLC25A38;CLN3;SLC38A9
prerank,Response To Amino Acid (GO:0043200),0.5389322847246911,1.5726286681775068,0.03359683794466403,0.14843434031847877,1.0,6/16,13.30%,LAMTOR2;RRAGC;LAMTOR5;LAMTOR1;RRAGA;LAMTOR4
prerank,Regulation Of ERK1 And ERK2 Cascade (GO:0070372),0.36521105956888794,1.57239364095124,0.009242144177449169,0.14719764362419563,1.0,19/81,10.40%,PYCARD;PTPN6;GLIPR2;SLC9A3R1;ITGB1BP1;CCL5;STYX;EZR;RAP1A;MFHAS1;CD36;DDT;PHB2;CIB1;GSTP1;APIP;TNIP1;LGALS9;TGFB1
prerank,Positive Regulation Of Biosynthetic Process (GO:0009891),0.47967222868946596,1.562650384375382,0.02895752895752896,0.15619493098671333,1.0,10/24,17.61%,VIM;CCL5;CYBA;CD36;MTPN;TGFB1;NR1H3;AKT1;CREBL2;HDAC2
prerank,Protein Insertion Into Mitochondrial Membrane (GO:0051204),0.48320920356508845,1.5622241087403892,0.022494887525562373,0.15523185595367714,1.0,13/22,26.42%,MTCH2;TOMM22;MTX1;TIMM8B;TIMM22;TIMM13;ROMO1;TOMM20;TOMM5;SAMM50;TIMM10;MTX2;NDUFA13
prerank,Cellular Response To Low-Density Lipoprotein Particle Stimulus (GO:0071404),0.518295721705067,1.5621484787867554,0.034,0.15395822867366454,1.0,9/16,21.30%,CD9;FCER1G;CD36;CD68;MYD88;AKT1;ITGB2;ITGB1;LCP1
prerank,mRNA Transport (GO:0051028),-0.39348940444172614,-1.5612846856874363,0.02004008016032064,0.34653998416468723,1.0,27/50,30.04%,NXF1;YTHDC1;UPF2;ZFP36L1;ZFP36;HNRNPA2B1;SMG6;DDX39A;THOC1;EIF4A3;NUP107;DDX19B;NUP160;DDX39B;MCM3AP;CASC3;SMG5;SMG1;SMG7;ALKBH5;SRSF3;NCBP1;RBM8A;THOC2;UPF1;MAGOHB;NUP88
prerank,Mitotic Nuclear Division (GO:0140014),-0.4789754709988299,-1.560925955472997,0.015968063872255488,0.3400805535474543,1.0,12/24,17.13%,NDE1;INO80;KNTC1;NDEL1;CLASP2;CHMP4A;ZNF207;NUSAP1;MIS12;UBE2S;NUP62;CTDP1
prerank,Actin Filament Organization (GO:0007015),0.3815653425547453,1.5606260573633166,0.012738853503184714,0.15441492408074395,1.0,24/66,23.16%,TAGLN2;TPM3;RHOG;CORO1A;RAC2;CDC42;DSTN;RAC1;SH3BP1;ARPC4;FLII;CAPG;WAS;AIF1;CNN2;TPM4;CORO1B;MYO1G;HIP1;DBN1;GSN;LCP1;MYO1B;FLNA
prerank,Cell-Matrix Adhesion (GO:0007160),0.4161291303101309,1.560443439641349,0.020484171322160148,0.15318000720847091,1.0,16/41,19.63%,ITGB1BP1;ILK;CD63;FERMT3;RAC1;ZYX;CD96;VCL;DYNLL1;ITGAE;ITGAX;ITGB2;PEAK1;BCAT2;ITGB7;ITGB1
prerank,DNA Damage Response (GO:0006974),-0.3047193408688833,-1.5592279149244033,0.0,0.3371102238843685,1.0,84/265,20.79%,PPP1R15A;MCL1;GNL1;BTG2;DDIT3;MCM7;INO80;TDP1;RECQL5;PLK3;UVRAG;CDKN2AIP;PSME4;RAD18;BCLAF1;SIRT1;SPRTN;SPIDR;LIG1;MORC2;PNKP;FNIP2;DDX11;WRN;PHF1;RBBP6;BARD1;UBR5;TRIM28;TOPORS;SMC5;RAD9A;MCM9;RBBP5;POLA1;TRRAP;FLYWCH1;USP3;BRCA1;POLB;ATRX;CCNK;MNAT1;IRF3;NRDE2;KAT5;MAPKAPK2;TLK2;SLFN11;SIRT7;POLH;USP16;TP53BP1;TAF1;NFAT5;EP400;IER3;BOD1L1;FOXO1;HERC2;HLTF;ABL1;FOXP1;ZC3H12A;MSH3;POLD1;PDS5B;ATF2;TAOK2;RFWD3;MOAP1;TAOK3;FAM111A;RAD51B;BLM;VAV3;GADD45A;POLI;ENDOV;ATR;SMG1;MBD4;DOT1L;XPA
prerank,Cell Junction Organization (GO:0034330),0.5108627177877393,1.5577232569558601,0.030947775628626693,0.15493056729085022,1.0,9/19,20.90%,RHOA;CAPZA1;CDC42;SH3BP1;LIMS1;TGFB1;PIN1;PRKCI;SMAD3
prerank,Dicarboxylic Acid Metabolic Process (GO:0043648),0.45006297994283423,1.5574583572064313,0.02729044834307992,0.15392949000236142,1.0,13/30,17.49%,MDH1;ME2;ACLY;MDH2;MTHFS;IDH1;NIT2;ACOT8;IDH2;FH;GOT2;SHMT2;ALDH18A1
prerank,Regulation Of Cell-Substrate Junction Assembly (GO:0090109),0.5388403591639508,1.555259944633923,0.03747534516765286,0.15524929961354167,1.0,5/15,15.06%,RHOA;TLN1;VCL;ROCK2;PEAK1
prerank,Regulation Of Nucleic Acid-Templated Transcription (GO:1903506),-0.30059147351785326,-1.5528237115005852,0.0,0.34513064133016624,1.0,93/276,24.34%,FUS;BTG1;BRCA2;ZNF331;ZBTB11;GZF1;DDIT3;SRSF10;CDK11A;STAT3;TCF7;GPBP1;MZF1;CHD3;KAT6B;ASH1L;KAT7;JMJD1C;ZNF519;CEBPB;ZNF460;ZNF274;PHF1;ING3;RSF1;SPTY2D1;JADE1;KAT2A;SOX4;ZNF263;ERC1;SFPQ;RHOH;YY1AP1;SRCAP;TRRAP;ZNF280D;POLR2A;ATXN1L;NR1D2;NSD1;ZNF350;ATRX;ZFHX3;BRD1;SSBP2;INSR;MLLT6;BPTF;NOTCH1;CREM;ZNF92;ING5;KAT6A;AKAP17A;KMT2D;CHD7;ATF7IP;TGIF2;ZNF219;RYBP;EZH2;ATF2;NR3C1;MYBBP1A;HIF1A;NCOA2;NR2C2;HDAC10;CDK11B;HCFC1;ATF4;LIN54;CREBBP;ZNF195;GON4L;SETBP1;AHR;MED23;REXO4;WDR5;TGFBRAP1;ZNF718;DVL2;CLOCK;NFKB2;LIMD1;ATF7IP2;NFYA;SBNO1;ZNF37A;CXXC1;DENND4A
prerank,Positive Regulation Of Endocytosis (GO:0045807),0.42735724591314955,1.5509672773097358,0.015625,0.15905319392553416,1.0,9/38,11.45%,PYCARD;CDC42;TOR1A;CAMK1D;FCER1G;CYBA;IL2RG;VPS28;HNRNPK
prerank,Steroid Metabolic Process (GO:0008202),0.4921381109518395,1.5497597021377223,0.023809523809523808,0.15901218899553157,1.0,14/21,31.85%,FDFT1;TSPO;SCP2;MSMO1;LSS;CBR1;HSD17B10;CYP7B1;CYP51A1;AKR1C3;DHCR24;ACAA1;DHRS4;ARV1
prerank,Positive Regulation Of Protein Kinase B Signaling (GO:0051897),0.4146761491111949,1.5493169844646013,0.033797216699801194,0.1581765274436013,1.0,19/38,25.93%,C1QBP;TXN;ITGB1BP1;PARK7;MFHAS1;RTN4;TGFB1;MTDH;PINK1;CPNE1;IL18;OSBPL8;ITGB1;HIP1;PIK3CA;TGFBR1;AKR1C3;PDGFA;MAZ
prerank,Multivesicular Body Organization (GO:0036257),0.46195689657277106,1.5492324096348058,0.03815261044176707,0.1569646288741741,1.0,10/27,13.88%,VTA1;VPS4B;CHMP2A;TSG101;CHMP5;PDCD6IP;VPS25;VPS28;RAB11A;CHMP6
prerank,Response To Unfolded Protein (GO:0006986),-0.4865448005263201,-1.5476228660861922,0.03696098562628337,0.34970187599980607,1.0,8/22,12.18%,DDIT3;ERN1;DNAJB4;DNAJA1;HERPUD1;DNAJB1;DNAJB2;TOR1B
prerank,Protein Localization To Cell Periphery (GO:1990778),0.36052920059727495,1.5463616634906536,0.003952569169960474,0.15851495172182223,1.0,27/78,21.17%,S100A10;RAB10;TNFRSF1A;SLC9A3R1;ITGB1BP1;PSMD10;EZR;RAP1A;SLC9A3R2;ARL3;ROCK2;RAB13;JUP;RAB8A;TESC;RAB11A;TMED2;EHD2;EFR3A;F11R;EHD1;BSG;FLOT2;PDZD11;RAP2A;TSPAN14;RAB34
prerank,Golgi Vesicle Transport (GO:0048193),0.3217420062350365,1.545755361434759,0.004081632653061225,0.15790835865049377,1.0,57/159,25.05%,TRAPPC1;SNX2;PDCD6;COPB1;SNX3;COPZ1;RABIF;ATL3;COPE;TMED10;ARCN1;EXOC5;TRAPPC2L;ARL3;TRAPPC2;RAB13;SCAMP2;RAB2A;YIF1A;TRAPPC6A;TRAPPC3;RER1;ERGIC3;BCAP31;RAB8A;COPG1;TFG;BET1;ZW10;TMED2;KDELR2;ARF5;USO1;VAPB;KDELR1;TMED9;PITPNB;COPB2;SEC22C;VAMP7;ARF3;SNX1;VAPA;SNAP23;TRAPPC4;GABARAPL2;RAB1B;YIF1B;BCAP29;TBC1D20;RAB1A;MYO1B;GOPC;RP2;TMED7;SPAST;TEX261
prerank,Cellular Response To Radiation (GO:0071478),-0.45865519400834615,-1.5443523281584757,0.026530612244897958,0.3514869358669834,1.0,14/25,28.83%,BRCA2;INO80;SIRT1;SPIDR;BARD1;RAD9A;BRCA1;BLM;GADD45A;CLOCK;MAPK14;RHOB;HUS1;FIGNL1
prerank,DNA Geometric Change (GO:0032392),-0.49242413566884374,-1.5428756320197552,0.023346303501945526,0.34800428484933166,1.0,8/20,18.49%,SUPV3L1;HNRNPA2B1;DDX11;WRN;DHX36;MCM9;ASCC3;BLM
prerank,Regulation Of Actin Polymerization Or Depolymerization (GO:0008064),0.5193354341559692,1.5418252221337725,0.03131115459882583,0.16126992371820512,1.0,7/17,12.03%,PFN1;ARHGAP18;BRK1;SH3BP1;WDR1;COTL1;WAS
prerank,Monocarboxylic Acid Metabolic Process (GO:0032787),0.3971479111642098,1.5401450018274436,0.01764705882352941,0.16189277561848356,1.0,17/49,17.27%,VDAC1;GRHPR;TSPO;SCP2;ME2;MSMO1;ACSL4;CD36;SGPL1;ALKBH7;HSD17B10;LDHB;ACBD5;GGT5;AASDHPPT;KYNU;LDHA
prerank,Protein Localization To Plasma Membrane (GO:0072659),0.3624108143853097,1.5398802603236015,0.004056795131845842,0.16094918852646042,1.0,23/75,17.02%,S100A10;RAB10;TNFRSF1A;SLC9A3R1;ITGB1BP1;PSMD10;EZR;RAP1A;SLC9A3R2;ROCK2;RAB13;GORASP2;JUP;RAB8A;TESC;RAB11A;TMED2;EHD2;EFR3A;F11R;EHD1;BSG;FLOT2
prerank,Regulation Of Cell Cycle (GO:0051726),-0.31310826580466716,-1.5391609581020989,0.0,0.35028320847798283,1.0,77/196,28.83%,JUN;PPP1R15A;TSPYL2;NR4A1;GADD45B;SON;EPC1;JUND;CDK11A;UHRF2;STAT3;PKD1;INO80;JUNB;BEX1;CDK5RAP3;PHACTR4;SIRT1;KAT7;ING3;INO80B;PIM2;HBP1;JADE1;BARD1;HNRNPU;KAT2A;GBF1;CITED2;YY1AP1;TRRAP;BRCA1;INO80E;ANAPC1;KAT5;PER2;EP400;ING5;AKT2;TXLNG;CCNL2;ZBTB17;IRF1;RPRD1B;L3MBTL1;CDK11B;HCFC1;MORF4L2;GADD45A;INO80D;KIF20B;ANAPC4;WDR5;PIM3;BIRC3;PKD2;MDM2;NEK9;EPC2;RHOB;THAP5;ATM;CKS2;E4F1;PPM1A;ANKRD17;TARDBP;ANAPC2;TSC1;BOP1;ADARB1;DAPK3;CDK7;MX2;FZR1;WDR12;FIGNL1
prerank,Mitotic DNA Damage Checkpoint Signaling (GO:0044773),-0.454188364221781,-1.5391443382523395,0.027083333333333334,0.34376372518262893,1.0,18/30,28.85%,CDK5RAP3;RAD9A;TIPIN;SDE2;BRCA1;ATF2;TAOK2;RFWD3;TAOK3;BLM;RINT1;UIMC1;ZNF830;ATM;MUS81;HUS1;FZR1;PRKDC
prerank,Negative Regulation Of Protein Localization To Cell Periphery (GO:1904376),0.5403152579032117,1.5386210260284325,0.036072144288577156,0.16112706899977317,1.0,6/15,20.89%,AP2M1;TMBIM1;CLTC;TGFB1;PPP2R5A;TMEM59
prerank,Tumor Necrosis Factor-Mediated Signaling Pathway (GO:0033209),0.4461484230752794,1.5380683849563788,0.028462998102466792,0.16045821380097477,1.0,10/28,17.14%,PYCARD;TNFRSF1A;ILK;TXNDC17;TMSB4X;RRAGA;EIF5A;LIMS1;COMMD7;TRADD
prerank,Nuclear-Transcribed mRNA Catabolic Process (GO:0000956),-0.36967957797250867,-1.5372762049805853,0.007889546351084813,0.3420955397202428,1.0,26/66,20.81%,UPF2;CNOT4;PDE12;DCP1A;CNOT2;PAN2;ZFP36L1;DIS3L2;ZFP36;SAMD4B;DDX5;DXO;SMG6;RNPS1;EIF4A3;CNOT1;CNOT10;PARN;RC3H1;UPF3B;ZC3H12A;XRN1;PNRC1;SMG5;SMG1;SMG7
prerank,Regulation Of Protein Dephosphorylation (GO:0035304),0.4378354792013634,1.5357580813245764,0.03747534516765286,0.1617753750548193,1.0,15/30,19.87%,YWHAB;PPP1R7;TIPRL;MFHAS1;CALM2;DYNLL1;TGFB1;CALM1;PPP6R1;CALM3;PRKCD;PPP1R8;PIN1;PPP2R5A;CAMTA1
prerank,Mitochondrial Transport (GO:0006839),0.4054610816719141,1.5347172059318661,0.030710172744721688,0.16159588452758913,1.0,21/44,25.70%,VPS35;SLC25A24;SLC25A5;TOMM22;TSPO;TIMM8B;TIMM13;OXA1L;TIMM17B;BCAP31;PINK1;BAK1;TOMM20;TOMM34;SLC25A20;TOMM5;AIP;DNAJC19;TIMM10;BNIP3;MTX2
prerank,Cytokine-Mediated Signaling Pathway (GO:0019221),0.3418855270664667,1.5336247638558977,0.0019801980198019802,0.16163529920942046,1.0,32/116,15.26%,PYCARD;PLP2;SPI1;TNFRSF1A;PTPN6;IL3RA;ILK;TXNDC17;APPL1;IL2RA;FCER1G;CCL5;IL2RG;IL1RAP;TMSB4X;RRAGA;OAS1;JAGN1;MYD88;EIF5A;LIMS1;CTR9;LYN;ACTN4;AKT1;COMMD7;IL12RB1;CSF1R;CSNK2B;IL18;CEBPA;OAS2
prerank,Mitochondrial Membrane Organization (GO:0007006),0.47952341212739924,1.533406744566739,0.033271719038817,0.16073655301861856,1.0,5/23,4.75%,GHITM;SLC25A5;MTX1;TMEM11;IMMT
prerank,Multivesicular Body Assembly (GO:0036258),0.4623323603338418,1.5330165143077306,0.04065040650406504,0.15995383609866792,1.0,10/26,13.88%,VTA1;VPS4B;CHMP2A;TSG101;CHMP5;PDCD6IP;VPS25;VPS28;RAB11A;CHMP6
prerank,SMAD Protein Signal Transduction (GO:0060395),-0.5133386735552699,-1.5295437133527308,0.033402922755741124,0.3551371194126538,1.0,2/16,0.06%,JUN;FOS
prerank,mRNA Metabolic Process (GO:0016071),-0.36450029712367965,-1.5293921723363746,0.011741682974559686,0.349151679674245,1.0,20/70,16.63%,SRSF7;SON;PCF11;ERN1;EREG;PRPF3;ATXN2L;DIS3L2;ZFP36;DDX5;HNRNPA2B1;SFPQ;DXO;SRSF1;PRPF18;TCERG1;CNOT10;DHX15;SRSF2;U2AF1
prerank,Negative Regulation Of Protein Localization To Membrane (GO:1905476),0.5107563845158973,1.524925985078325,0.03665987780040733,0.16816021686864585,1.0,7/18,20.89%,AP2M1;ITGB1BP1;TMBIM1;CLTC;TGFB1;PPP2R5A;TMEM59
prerank,Cell-Cell Junction Organization (GO:0045216),0.5242144523231611,1.5239379355134832,0.04618473895582329,0.16806438124224538,1.0,8/16,20.90%,TLN1;LIMS1;TGFB1;CSF1R;CSK;FSCN1;PRKCI;SMAD3
prerank,"Nuclear-Transcribed mRNA Catabolic Process, Deadenylation-Dependent Decay (GO:0000288)",-0.43406061395890316,-1.5238094937586557,0.031578947368421054,0.3557944743092887,1.0,10/30,14.83%,CNOT4;PDE12;DCP1A;CNOT2;PAN2;ZFP36;SAMD4B;CNOT10;PARN;RC3H1
prerank,Positive Regulation Of RNA Metabolic Process (GO:0051254),-0.45267597439425467,-1.5237417237599595,0.035196687370600416,0.34975837496928497,1.0,12/27,22.58%,ERN1;SLC38A2;SUPV3L1;DYRK1A;POLR2A;DXO;PIK3R1;SIRT7;HNRNPLL;WDR75;WDR43;U2AF2
prerank,Positive Regulation Of Erythrocyte Differentiation (GO:0045648),-0.5111679745916138,-1.5212242711701018,0.036585365853658534,0.3500140907443939,1.0,8/16,24.01%,ANKRD54;STAT3;FOXO3;BRD1;STAT5B;HIF1A;ETS1;MAPK14
prerank,RNA Processing (GO:0006396),-0.31519629273746397,-1.5198223321152233,0.004032258064516129,0.3473317498020586,1.0,43/161,18.02%,SRSF7;FUS;RBM4;ZCCHC8;RBM39;SON;DNTTIP2;IVNS1ABP;HNRNPH3;HNRNPL;SRRM1;PRPF3;RSRC1;HNRNPH1;PRPF4B;RNPC3;DEDD2;HNRNPA2B1;PABPC4;MBNL1;CDK12;RBM5;HNRNPU;SFPQ;BCAS2;HNRNPUL1;ATXN1;NRDE2;SRSF1;RNPS1;THOC1;PRPF18;TCERG1;LUC7L3;RBM6;ADAR;DHX15;DDX47;SRSF2;U2AF1;TFIP11;FASTK;NUFIP1
prerank,Regulation Of T Cell Activation (GO:0050863),0.4867510434141884,1.5186917639340451,0.054307116104868915,0.1731985316799309,1.0,4/20,3.40%,PYCARD;TNFAIP8L2;CCL5;PRELID1
prerank,Proteasomal Protein Catabolic Process (GO:0010498),0.3124331675570551,1.518345802018417,0.001941747572815534,0.17241660373416048,1.0,51/173,19.77%,RBX1;PSMB1;PSMA5;PSMA4;TRIM21;PSMA7;PSMB2;PSMB3;PSMD7;PSMB5;PSMB4;FBXO45;PSMB6;SH3BGRL;PSMD4;RNF126;PSMD13;UBE2K;KCTD10;PSMC1;MAEA;HECTD3;RNF34;PSMD8;PSMB7;PSMD1;KLHDC3;PSMD2;PSMC5;CUL4A;UBE2A;UBE2B;SPOP;CRBN;PSMD3;APPBP2;ARRB2;PSMA1;SKP2;PSMA3;GID8;PSMD11;PCBP2;GID4;PSMD6;PSMC2;SHARPIN;PSMD14;PSMC4;STUB1;KLHDC2
prerank,Negative Regulation Of Calcium Ion Transmembrane Transporter Activity (GO:1901020),0.49713569443495903,1.516770701522354,0.02620967741935484,0.1729988081411204,1.0,9/18,24.12%,GSTO1;FKBP1A;YWHAE;CALM2;CALM1;CALM3;SRI;PPP3CB;PPP3R1
prerank,Histone H3-K4 Methylation (GO:0051568),-0.4559489053167567,-1.516613067462135,0.03614457831325301,0.34916085822203186,1.0,14/23,31.56%,KDM6A;RBBP5;KMT2B;KMT2C;BOD1L1;KMT2D;HCFC1;WDR5;SETD1A;NFYA;CXXC1;KMT2A;NCOA6;WDR5B
prerank,Regulation Of Transcription Elongation By RNA Polymerase II (GO:0034243),-0.36339215575987827,-1.5161815474487195,0.013539651837524178,0.3445099992337752,1.0,28/69,25.72%,INTS6;RECQL5;MED29;HEXIM1;MED19;CDK12;PWWP2A;HNRNPU;MED6;ZMYND8;INTS1;ELL;SRCAP;CCNK;TCERG1;MED14;NELFCD;MED17;CCNT1;MED15;SUPT5H;ELL2;WDR43;MED23;INTS8;CDK13;NCBP1;RNF8
prerank,Cellular Response To Acid Chemical (GO:0071229),0.5099856445113857,1.5160110790698187,0.03515625,0.17271246855930028,1.0,6/17,13.30%,LAMTOR2;RRAGC;LAMTOR5;LAMTOR1;RRAGA;LAMTOR4
prerank,Fatty Acid Metabolic Process (GO:0006631),0.3742166250216514,1.515939978563175,0.01775147928994083,0.17155372235883062,1.0,26/61,27.46%,NDUFAB1;ACADM;CPT2;TSPO;MSMO1;ACSL4;ACLY;CD36;PEX2;GPX4;SGPL1;ALKBH7;ACOT8;HSD17B10;ACBD5;GGT5;PCCB;SLC27A5;PLA2G15;LCP1;SLC27A2;ACSF2;DECR2;HPGD;ADIPOR1;ACAA1
prerank,Organophosphate Ester Transport (GO:0015748),0.49361551682529065,1.5156480040134177,0.041666666666666664,0.1706494378177958,1.0,11/19,28.83%,PRELID1;SCP2;OSBPL8;PITPNB;VAPA;NPC2;PCTP;PITPNA;TRIAP1;PITPNM1;PLTP
prerank,Negative Regulation Of Extrinsic Apoptotic Signaling Pathway (GO:2001237),-0.41026456430047886,-1.514057126919491,0.02217741935483871,0.34400331787505184,1.0,9/40,8.90%,TNFAIP3;MCL1;DDX3X;PHIP;SERPINE1;TCF7L2;HTT;SIAH2;BRCA1
prerank,Positive Regulation Of Viral Life Cycle (GO:1903902),0.5201302092944294,1.5140237331970863,0.060784313725490195,0.17133108975278036,1.0,4/16,10.06%,LGALS1;TSG101;FURIN;LGALS9
prerank,Protein Acetylation (GO:0006473),-0.46290492509822295,-1.511389447199532,0.04678362573099415,0.344833729216152,1.0,13/22,23.89%,NAA16;SIRT1;NAA15;KAT5;EP300;ESCO1;ING5;FOXO1;KAT6A;GTF2B;CREBBP;CLOCK;NAA35
prerank,Membrane Organization (GO:0061024),0.33449194172859087,1.5106865493416395,0.00784313725490196,0.17413014525729684,1.0,36/119,19.33%,S100A10;ANXA2;VPS4B;TOR1A;SLC9A3R1;AP2M1;SH3GLB1;SNAP29;CHP1;SNX3;CHMP2A;RABIF;TSG101;CTDNEP1;CHMP5;EXOC5;PDCD6IP;VPS25;TMEM43;GCA;VAMP3;VPS28;SYNGR2;NUP93;REEP3;CHMP6;USO1;PIP5K1C;VAPB;ESYT1;VAPA;SNAP23;REEP5;TMEM33;LMNA;PRKCI
prerank,Regulation Of Signal Transduction By P53 Class Mediator (GO:1901796),-0.44863834097902205,-1.5104938521356612,0.0311284046692607,0.3418527315914489,1.0,9/28,13.20%,PLK3;HEXIM1;CDK5RAP3;NOP2;SGK1;SOX4;EP300;TAF1;KAT6A
prerank,Negative Regulation Of TOR Signaling (GO:0032007),-0.4256262596226486,-1.5097812315930221,0.03112033195020747,0.3382278845461743,1.0,17/32,29.80%,FNIP1;SIRT1;SESN3;UBR1;ITFG2;UBR2;NPRL3;DEPDC5;SZT2;SEH1L;WDR59;ATM;TSC1;TBC1D7;NPRL2;MIOS;TSC2
prerank,Purine Nucleotide Metabolic Process (GO:0006163),0.4685380763995799,1.5082087815852545,0.0547945205479452,0.17577597493847724,1.0,10/22,17.38%,MDH1;QPRT;IDH1;TP53I3;IDH2;GUK1;DNPH1;MTHFD1;G6PD;PRPSAP2
prerank,Vesicle-Mediated Transport To The Plasma Membrane (GO:0098876),0.370664071775973,1.5081696342203876,0.012345679012345678,0.17457095993924193,1.0,21/57,19.44%,RAB10;CMTM6;VPS35;SNX3;SNX4;EXOC5;VPS29;ARL3;RAB13;RAB14;GOLGA7;SNX17;ARF6;STX6;VPS26A;EHD2;EPS15;RAB35;EHD1;COMMD1;CCDC22
prerank,Positive Regulation Of Cation Channel Activity (GO:2001259),0.5219649204193068,1.5053628517650341,0.052734375,0.1768449288700595,1.0,7/15,14.11%,STAC3;GSTO1;APEX1;CALM2;TMSB4X;CALM1;CALM3
prerank,Replication Fork Processing (GO:0031297),-0.434989943137306,-1.5044419952960737,0.030800821355236138,0.3461835714538944,1.0,14/30,22.23%,BRCA2;DDX11;WRN;BARD1;BRCA1;ATRX;MMS22L;THOC1;BOD1L1;RFWD3;FAM111A;BLM;ATR;FANCM
prerank,Positive Regulation Of Cellular Component Biogenesis (GO:0044089),0.3916963524556367,1.5028244914454782,0.021739130434782608,0.17873835943162508,1.0,20/48,21.90%,PFN1;BAX;VPS4B;SH3GLB1;BRK1;CHMP2A;TSG101;PARK7;PDCD6IP;SDCBP;RHOC;BID;TGFB1;SUMO1;BAK1;PLEK;LIMK1;RAB7A;SMAD3;ERCC1
prerank,Monoatomic Anion Transport (GO:0006820),0.5141340117023137,1.5017809930409285,0.03413654618473896,0.17877080300733825,1.0,4/16,8.52%,VDAC1;CLIC1;TSPO;VDAC2
prerank,Regulation Of Protein Kinase B Signaling (GO:0051896),0.36943992071224485,1.500992272220271,0.014028056112224449,0.17842974799400949,1.0,24/59,22.81%,C1QBP;TXN;SLC9A3R1;ITGB1BP1;PDCD6;PARK7;MFHAS1;RTN4;CIB1;HYAL2;TGFB1;MTDH;PINK1;CPNE1;SORD;IL18;OSBPL8;ARRB2;ITGB1;PPP2R1A;HIP1;PIK3CA;TGFBR1;AKR1C3
prerank,Plasma Membrane Invagination (GO:0099024),0.49850428921239387,1.4947013314667417,0.05394190871369295,0.1852041047154873,1.0,9/17,23.38%,RHOA;CDC42;SH3BP1;CD36;BIN2;ITGB2;VAMP7;GSN;MYH9
prerank,Cellular Response To Ionizing Radiation (GO:0071479),-0.40585828955543324,-1.4931625275143734,0.03359683794466403,0.36793349168646083,1.0,16/36,24.13%,BRCA2;INO80;SIRT1;SPIDR;WRN;BARD1;RAD9A;BRCA1;TLK2;BLM;GADD45A;ATR;MDM2;CLOCK;MAPK14;RHOB
prerank,Regulation Of Fat Cell Differentiation (GO:0045598),-0.4095618181030475,-1.493092996943796,0.030864197530864196,0.3627938999621329,1.0,10/34,15.80%,ASXL1;SIRT1;ZFP36L1;ZFP36;CEBPB;GPS2;SYAP1;FOXO1;ANKRD26;ZC3H12A
prerank,Response To Metal Ion (GO:0010038),0.4167728996047528,1.4929980794590532,0.04638218923933209,0.18595711073767784,1.0,10/33,16.08%,CRIP1;PPP1CA;ANXA11;PDCD6;CALM2;PPP2CB;CALM1;IMPA2;CALM3;HVCN1
prerank,Protein Localization To Membrane (GO:0072657),0.33273106434552885,1.4917864488889263,0.004024144869215292,0.18630000876705927,1.0,34/106,21.17%,S100A10;RAB10;TNFRSF1A;SLC9A3R1;ITGB1BP1;SH3GLB1;PSMD10;RAB32;EZR;RAP1A;SLC9A3R2;ARL3;ROCK2;RAB13;TM9SF2;BID;JUP;RAB8A;TESC;RAB11A;TMED2;ITGB2;EHD2;EFR3A;F11R;EHD1;BSG;FLOT2;PDZD11;SYNE3;ITGB7;RAP2A;TSPAN14;RAB34
prerank,Fatty Acid Biosynthetic Process (GO:0006633),0.4272973779782297,1.4909327893208175,0.025590551181102362,0.18622713033225713,1.0,7/29,13.29%,ELOVL1;NDUFAB1;ACOT7;ACLY;GPX4;ABHD2;LTC4S
prerank,Regulation Of Endothelial Cell Apoptotic Process (GO:2000351),-0.4787731653557635,-1.488671569267853,0.058333333333333334,0.36757380386834065,1.0,8/18,25.92%,TNFAIP3;SERPINE1;KRIT1;PAK4;NFE2L2;ITGA4;TNF;PDPK1
prerank,Insulin Receptor Signaling Pathway (GO:0008286),-0.443221375271471,-1.488648514819783,0.03563941299790356,0.3624636178113813,1.0,9/27,14.64%,IRS2;PHIP;NAMPT;PIK3C2A;PIK3R1;INSR;FOXO1;PTPN2;AKT2
prerank,Response To Glucose (GO:0009749),-0.4553185584846119,-1.4870142870729923,0.03765690376569038,0.3612826603325415,1.0,7/23,8.44%,TRA2B;ERN1;IRS2;TCF7L2;ZBTB20;SOX4;ZNF236
prerank,Cortical Cytoskeleton Organization (GO:0030865),0.4925601623582024,1.4869135839296266,0.04893617021276596,0.18990091283261745,1.0,5/18,8.04%,RHOG;RAC1;EZR;ROCK2;RAB13
prerank,Positive Regulation Of Mitochondrion Organization (GO:0010822),0.40766844589083645,1.4861829383943135,0.029411764705882353,0.18974484505820144,1.0,11/39,15.30%,PYCARD;RALA;BAX;VPS35;RALBP1;PARK7;PDCD5;BID;PINK1;BAK1;FAM162A
prerank,Heterochromatin Organization (GO:0070828),-0.42492591564134585,-1.4858440230011585,0.04878048780487805,0.3593791689714639,1.0,10/30,19.20%,SIRT1;SPTY2D1;UBR5;MTHFR;PPM1D;UBR2;KMT2D;EZH2;L3MBTL1;HDAC5
prerank,Regulation Of Smoothened Signaling Pathway (GO:0008589),-0.4820887100631214,-1.4855082654875278,0.043222003929273084,0.35525454195287925,1.0,6/18,19.85%,PTCH2;PHIP;TUBD1;IFT122;FBXL17;CREBBP
prerank,Endosome Transport Via Multivesicular Body Sorting Pathway (GO:0032509),0.48711465837004364,1.485129900879991,0.04678362573099415,0.18966473200232226,1.0,6/20,7.87%,TMEM50A;VTA1;VPS4B;CHMP2A;CHMP5;RILP
prerank,Memory (GO:0007613),-0.45809503788413486,-1.483311453439285,0.06047516198704104,0.35559778305621537,1.0,9/22,15.91%,SGK1;KAT2A;ATXN1L;PLK2;ATXN1;INSR;PLCB1;CIC;LRCH4
prerank,Vacuolar Transport (GO:0007034),-0.40769827721362056,-1.4811990485037476,0.04307116104868914,0.355881985248156,1.0,18/35,31.91%,VPS37B;CHMP1B;AP1G1;VPS13C;VPS53;VPS13D;VPS13A;PSAP;PIK3R4;VPS54;VPS8;AP1G2;VTI1A;TMEM106B;VPS41;USE1;VPS52;CHMP3
prerank,Regulation Of Cell-Matrix Adhesion (GO:0001952),0.40629762308003814,1.4791116220463334,0.025145067698259187,0.19635941815764066,1.0,8/35,10.65%,RHOA;ACTG1;TLN1;CD36;VCL;ROCK2;CIB1;JUP
prerank,mRNA Processing (GO:0006397),-0.3016687544282947,-1.4782380584185488,0.004008016032064128,0.35759015331461885,1.0,49/186,17.03%,SRSF7;RNMT;RBM4;TRA2B;ZCCHC8;SON;SRSF10;RBM14;YTHDC1;ERN1;CWC25;HNRNPH3;TRA2A;SRRM1;PRPF3;RSRC1;PNN;HNRNPH1;HEXIM1;PRPF4B;RNPC3;CWF19L2;DDX5;HNRNPA2B1;RBM5;HNRNPU;DHX38;SFPQ;BCAS2;SNIP1;DDX39A;SRRM2;SRSF1;RNPS1;SNRNP70;RBM19;PRPF18;TCERG1;EIF4A3;HNRNPA3;SRSF6;RBM6;RBMX;DHX15;RPRD1B;SRSF2;PPWD1;U2AF1;TFIP11
prerank,Positive Regulation Of Protein Localization To Membrane (GO:1905477),0.3964191573624443,1.476435477467577,0.043052837573385516,0.19869450555286133,1.0,15/40,20.97%,RHOG;ITGB1BP1;CHP1;STAC3;CIB1;PTPN9;PDCD5;ARF6;AKT1;ITGB2;KIF5B;HRAS;PRKCI;ITGB1;MIEF1
prerank,RNA Transport (GO:0050658),-0.42109309958590513,-1.4762566154805703,0.03805496828752643,0.3578780680918448,1.0,13/29,19.55%,NUP153;ZFP36L1;ZFP36;NUP188;HNRNPA2B1;NUP98;POM121C;DDX39A;POM121;ATXN2;NUP62;DDX39B;RFTN1
prerank,Nucleic Acid Metabolic Process (GO:0090304),-0.4670402301823086,-1.4757965210051833,0.05150214592274678,0.3543341651883701,1.0,6/21,9.10%,DDX24;WDR74;RECQL5;PDE12;WRN;DXO
prerank,mRNA Splice Site Recognition (GO:0006376),-0.4578930114185882,-1.4744633060031331,0.0577319587628866,0.35285035629453687,1.0,8/21,13.64%,SRSF10;YTHDC1;LUC7L;LUC7L2;SRSF1;PRPF39;LUC7L3;SRSF6
prerank,Epigenetic Regulation Of Gene Expression (GO:0040029),-0.3667218753074774,-1.474092464237526,0.033264033264033266,0.3492448901791736,1.0,19/59,19.20%,EPC1;RBM14;MPHOSPH8;HDAC6;KAT7;MORC2;PHF1;ZNF335;RBBP5;PPM1D;EP300;SIRT7;ARID1B;CREBZF;MECP2;EZH2;ATF2;USP21;HDAC5
prerank,Regulation Of Cellular Response To Stress (GO:0080135),-0.33701821299453794,-1.4717198356772787,0.024439918533604887,0.35044319564335785,1.0,32/85,21.67%,BRCA2;ATXN7;INO80;SLC38A2;DNAJB1;SIRT1;INO80B;BARD1;DNAJB6;KAT2A;SOX4;DNAJC2;TRRAP;BRCA1;CHORDC1;INO80E;PARG;MAPKAPK2;EP300;SIRT7;POLH;SUPT20H;CRHBP;USP19;USP22;RFWD3;ATR;CREBBP;INO80D;NFE2L2;UIMC1;CLN3
prerank,Microtubule Polymerization (GO:0046785),-0.44319795834496134,-1.471469100010555,0.0613107822410148,0.346747560312509,1.0,9/24,12.54%,NDE1;NDEL1;TUBGCP6;CLASP2;TUBGCP5;TUBGCP3;GOLGA2;ZNF207;TUBGCP4
prerank,mRNA Export From Nucleus (GO:0006406),-0.3664728190522649,-1.469879170082821,0.028397565922920892,0.34620518040945597,1.0,27/55,30.04%,NXF1;YTHDC1;UPF2;HNRNPA2B1;ZC3H11A;SMG6;DDX39A;THOC1;EIF4A3;NUP107;DDX19B;NUP160;DDX39B;MCM3AP;CASC3;SMG5;SMG1;SMG7;ALKBH5;SRSF3;NCBP1;DDX19A;RBM8A;THOC2;UPF1;MAGOHB;NUP88
prerank,Negative Regulation Of Intracellular Steroid Hormone Receptor Signaling Pathway (GO:0033144),-0.474190984682305,-1.4687458152689972,0.053169734151329244,0.3449601788458852,1.0,10/20,24.17%,PER1;CNOT2;SIRT1;BRCA1;CNOT1;NCOR1;FOXP1;STRN3;CLOCK;CRY1
prerank,Glucose Homeostasis (GO:0042593),-0.4024303534104706,-1.4686124791341888,0.044715447154471545,0.34128045075401864,1.0,19/40,24.17%,STAT3;SIRT1;TCF7L2;MBD5;SOX4;PIK3R1;INSR;CRTC2;INPP5K;KLF7;FOXO1;PTPN2;ASPSCR1;HIF1A;SLC8B1;CYB5R4;ADIPOR2;HECTD4;CRY1
prerank,Lymphocyte Differentiation (GO:0030098),-0.38949217588664714,-1.4667035871245269,0.03740157480314961,0.34140934283452096,1.0,13/44,14.88%,DNAJB9;FNIP1;KAT7;KLF6;GPS2;SOX4;RHOH;PIK3R1;PLCG2;GPR89B;LMBR1L;PTPN2;CHD7
prerank,Stress Granule Assembly (GO:0034063),-0.46877315355278804,-1.4659306606350637,0.05189620758483034,0.3394083351328007,1.0,7/20,10.61%,DDX3X;PRRC2C;ATXN2L;DAZAP2;YTHDF3;DYNC1H1;DDX6
prerank,Carboxylic Acid Transport (GO:0046942),-0.48352132845760665,-1.4647862507171643,0.0697211155378486,0.33806079692545843,1.0,8/17,20.70%,SLC38A2;SLC3A2;SLC1A5;SLC16A1;PSAP;SLC43A1;SLC16A7;SLC7A5
prerank,TOR Signaling (GO:0031929),0.4586304333690782,1.4643434410165856,0.04339250493096647,0.21439056103236379,1.0,8/22,13.30%,LAMTOR2;LAMTOR5;LAMTOR1;TIPRL;EIF4EBP1;PRR5L;PINK1;LAMTOR4
prerank,Vascular Transport (GO:0010232),-0.42759114545597443,-1.4628362994633821,0.06765327695560254,0.3383267352863552,1.0,11/26,20.70%,SLC38A2;TFRC;SLC2A3;INSR;SLC1A5;SLC16A1;SLC15A2;ATP8A1;SLCO3A1;SLC16A7;SLC7A5
prerank,Sensory Perception Of Sound (GO:0007605),0.4780174999259509,1.46108201934701,0.07051282051282051,0.21755390523783083,1.0,5/19,7.07%,TIMM8B;MKKS;NDUFB9;TIMM13;WDR1
prerank,Organic Hydroxy Compound Biosynthetic Process (GO:1901617),0.45695135871867065,1.4602984058599515,0.04048582995951417,0.2172840102251299,1.0,11/22,22.98%,SCP2;MSMO1;PARK7;ACOT8;HSD17B10;CYP7B1;SLC27A5;SLC27A2;SQLE;AKR1C3;PMVK
prerank,Endocytic Recycling (GO:0032456),0.38806442410708436,1.457600785763787,0.0379746835443038,0.21981424738123692,1.0,17/42,20.12%,CMTM6;VPS35;SNX3;SNX4;VPS29;RAB13;RAB14;SNX17;ARF6;STX6;VPS26A;EHD2;EPS15;RAB35;EHD1;CCDC22;RAB7A
prerank,Lamellipodium Organization (GO:0097581),0.4714719109244182,1.4575282511882683,0.07142857142857142,0.2185364716337625,1.0,8/18,20.61%,SNX2;RAC1;PARVB;VCL;PHPT1;SNX1;ITGB1;ARHGEF6
prerank,Regulation Of Androgen Receptor Signaling Pathway (GO:0060765),-0.4827059514205133,-1.454231417265757,0.055449330783938815,0.35391401947221424,1.0,8/19,15.50%,SAFB2;HDAC6;SIRT1;DDX5;KDM4C;EP300;NCOR1;FOXP1
prerank,Positive Regulation Of Myeloid Cell Differentiation (GO:0045639),-0.4536267958525171,-1.452131166524981,0.05725971370143149,0.3549829598265001,1.0,12/21,28.85%,ANKRD54;STAT3;FOXO3;BRD1;STAT5B;MTURN;HIF1A;ETS1;HOXA5;MAPK14;PITHD1;PRKDC
prerank,Amino Acid Transport (GO:0006865),-0.489940475307617,-1.4520689871470929,0.06438631790744467,0.3513498327075831,1.0,9/16,26.55%,SLC38A2;SLC38A6;SLC3A2;SLC36A4;SLC1A5;SLC43A1;SLC7A5;SLC25A44;SLC38A9
prerank,Late Endosome To Vacuole Transport (GO:0045324),0.48934514298917253,1.4500319288323693,0.05588822355289421,0.22772390827739483,1.0,5/17,4.88%,TMEM50A;VTA1;VPS4B;CHMP2A;CHMP5
prerank,protein-RNA Complex Assembly (GO:0022618),0.3224669392525568,1.4498017739328815,0.024096385542168676,0.22671243248700215,1.0,34/109,17.05%,DENR;TXNL4A;GEMIN7;SNRPF;EIF6;SRSF9;EIF3I;PTGES3;EIF2S2;SNRPB;XRCC5;SNRPD3;NUDT21;TNIP1;EIF3L;SNRPG;EIF3F;EIF3K;GEMIN2;EIF3H;STRAP;EIF3M;MCTS1;CLNS1A;EIF2S3;WDR77;SNRPE;LSM4;ERAL1;DDX1;SNRPD1;EIF3G;DICER1;EIF3D
prerank,Leukocyte Cell-Cell Adhesion (GO:0007159),0.5000574218809445,1.4474057516342995,0.050505050505050504,0.22870159148531938,1.0,8/15,19.63%,MSN;FERMT3;CCL5;EZR;TNIP1;ITGB2;F11R;ITGB1
prerank,Negative Regulation Of Translation (GO:0017148),-0.34975376606281267,-1.4469467587847598,0.02636916835699797,0.3597513518977106,1.0,18/69,13.42%,RBM4;BTG2;DDX3X;TOB1;CPEB4;TNRC6B;ZFP36;PARP16;TNRC6A;DHX36;UNK;YTHDF3;ILF3;EIF4EBP3;DDX6;EIF4A3;CNOT1;CNOT10
prerank,Positive Regulation Of Chromosome Organization (GO:2001252),-0.4668572412535518,-1.4468428096335633,0.054,0.3562045255656957,1.0,7/20,10.28%,PPP1R10;NCAPH2;DDX11;DHX36;NCAPD3;ATRX;KAT5
prerank,Protein Monoubiquitination (GO:0006513),0.42177629090182456,1.4467851657258657,0.06464646464646465,0.22830555804918018,1.0,6/28,11.61%,RBX1;TRIM21;RNF126;PEX2;FANCF;UBE2R2
prerank,Fat Cell Differentiation (GO:0045444),-0.40274211694444106,-1.4465791123514276,0.028985507246376812,0.3531571654790182,1.0,11/33,19.22%,KLF4;NR4A1;NR4A2;SIRT1;TCF7L2;EP300;PER2;FOXO1;AKT2;OSBPL11;BBS9
prerank,Non-Membrane-Bounded Organelle Assembly (GO:0140694),-0.3383416087571573,-1.4454280900565166,0.018036072144288578,0.3523373411367143,1.0,24/80,14.83%,CENPC;RBM14;DDX3X;INO80;PRRC2C;ATXN2L;CENPT;DAZAP2;TUBGCP6;DHX37;YTHDF3;DYNC1H1;TUBGCP5;TUBGCP3;GOLGA2;DDX6;RNF213;TUBGCP4;GOLGA8A;MIS12;ATXN2;NCOR1;NUP62;RC3H1
prerank,Negative Regulation Of MAP Kinase Activity (GO:0043407),-0.41962087883332005,-1.4410109369999045,0.057539682539682536,0.35854379756653254,1.0,12/28,24.36%,DUSP1;DNAJA1;CDK5RAP3;RGS2;SPRY1;DUSP10;INPP5K;SORL1;SPRY2;PIK3CB;NF1;PTPN22
prerank,Regulation Of DNA Replication (GO:0006275),-0.3660059404722349,-1.4389274087062935,0.052,0.3594040164111423,1.0,18/52,20.09%,TSPYL2;EREG;INO80;ATAD5;KAT7;RBBP6;INO80B;EHMT2;JADE1;INO80E;SLFN11;ESCO1;ING5;TERF1;USP37;BLM;ATR;INO80D
prerank,Respiratory Chain Complex IV Assembly (GO:0008535),0.4402662171321796,1.433199544958449,0.06012024048096192,0.24671772589596022,1.0,12/22,26.36%,COA6;COX17;COA3;TMEM223;SURF1;COA5;COX14;SLC25A46;COX15;SMIM20;COX16;FASTKD3
prerank,Regulation Of Actin Filament Polymerization (GO:0030833),0.39957094500848006,1.4314696679197962,0.045098039215686274,0.24814360931048243,1.0,10/35,17.08%,PYCARD;TWF2;PFN1;ARHGAP18;COTL1;MTPN;VASP;ARF6;PRKCD;SSH1
prerank,Intracellular Glucose Homeostasis (GO:0001678),-0.45126438259864726,-1.431052163117431,0.05930470347648262,0.37400475059382426,1.0,8/21,13.12%,TRA2B;ERN1;SIRT1;ZBTB20;SOX4;ZNF236;PIK3R1;FOXO1
prerank,Regulation Of Release Of Cytochrome C From Mitochondria (GO:0090199),0.41133079710287745,1.4308888690285335,0.045454545454545456,0.24764636930100564,1.0,19/32,32.27%,PYCARD;BAX;GHITM;PRELID1;PSMD10;PDCD5;BID;PINK1;BAK1;FAM162A;TRIAP1;BNIP3;MLLT11;FXN;BMF;MFF;PPIF;BIK;BAD
prerank,Regulation Of Release Of Sequestered Calcium Ion Into Cytosol (GO:0051279),0.4739464848502494,1.4283556637969714,0.10166358595194085,0.25033201178032993,1.0,7/17,17.71%,GSTO1;FKBP1A;CALM2;CALM1;CALM3;SRI;DIAPH1
prerank,Nuclear Export (GO:0051168),-0.3860026050345913,-1.4274918376146277,0.050200803212851405,0.3790315373580114,1.0,15/39,18.94%,PKD1;NUP153;NUP188;NEMF;NUP98;POM121C;XPO4;DDX39A;POM121;CCHCR1;ATXN1;SMURF1;NUP62;XPO7;DDX39B
prerank,Positive Regulation Of Release Of Cytochrome C From Mitochondria (GO:0090200),0.4596320040303279,1.4265051787285812,0.07378640776699029,0.25131566298941016,1.0,13/21,30.92%,PYCARD;BAX;PDCD5;BID;PINK1;BAK1;FAM162A;BNIP3;MLLT11;BMF;MFF;PPIF;BIK
prerank,Sensory Organ Development (GO:0007423),-0.48802928449030963,-1.4261963111666724,0.08436213991769548,0.3781379535186996,1.0,4/16,5.30%,MEIS1;SMCHD1;AHI1;HIPK1
prerank,RNA Splicing (GO:0008380),-0.3231558528788846,-1.425445883106624,0.028169014084507043,0.3762562553328875,1.0,24/89,16.63%,SRSF7;FUS;TRA2B;SRSF10;IVNS1ABP;HNRNPH3;SRRM1;PRPF3;RSRC1;PRPF4B;RNPC3;MBNL1;CDK12;SFPQ;BCAS2;NRDE2;RNPS1;PRPF18;TCERG1;LUC7L3;DHX15;DDX47;SRSF2;U2AF1
prerank,Protein Transport (GO:0015031),0.2821532284305071,1.4243176240954956,0.001968503937007874,0.2532154939969481,1.0,68/220,22.19%,RAB10;CMTM6;SNX6;YWHAH;PDCD6;VPS35;COPZ1;SNX4;CHMP2A;RAB5C;TMED10;RAB32;ARFGAP3;ARCN1;TMEM167A;ARL6IP5;CD36;VPS29;TIMM17B;SEC23IP;ROMO1;CTSA;CLTC;RILP;RAB13;SCAMP2;STX7;RAB14;RAB8A;STX8;RAB31;COPG1;DNAJC15;GOLGA7;GRPEL1;SNX17;ARL1;TMED2;ARF1;ARF6;ARF5;STX6;VPS26A;UNC119B;USO1;RUFY1;TMED9;RAB35;EHD1;COPB2;ARFIP1;VPS33A;ARF3;RAB28;ARHGAP1;SNX1;SEC13;STX2;LAMP2;RAB7A;RAB1B;RAB34;UNC119;VPS26B;RAB18;NPM1;RAB1A;KRT18
prerank,Negative Regulation Of Angiogenesis (GO:0016525),-0.4057042883329702,-1.4238419544272867,0.07645875251509054,0.3761008587611913,1.0,12/31,22.86%,KLF4;SERPINE1;KRIT1;MECP2;ATF2;HGS;KLF2;HOXA5;SPRY2;CTNNB1;PIK3CB;TNF
prerank,Spermatid Development (GO:0007286),-0.4973164156886281,-1.4232023422753557,0.0872210953346856,0.37422915959733066,1.0,7/15,18.34%,EPC1;DPY19L2;KAT5;FNDC3A;RFX2;IQCG;EIF4G3
prerank,Regulation Of Actin Filament Bundle Assembly (GO:0032231),0.48752013108584086,1.421012344420715,0.07429718875502007,0.257070536235368,1.0,7/15,18.09%,CDC42;PFN1;RAC1;ROCK2;WAS;PLEK;LIMK1
prerank,Histone H4 Acetylation (GO:0043967),-0.3940398323761003,-1.4206336151555257,0.05510204081632653,0.3767220902612826,1.0,14/36,18.82%,KANSL2;EPC1;KANSL1;KAT7;MSL2;ING3;JADE1;TRRAP;KAT5;EP400;ING5;KAT8;HCFC1;MORF4L2
prerank,Chromatin Remodeling (GO:0006338),-0.2908631792551453,-1.4201426810639484,0.009881422924901186,0.3742935156614203,1.0,49/179,19.30%,CHD2;PER1;INO80;HDAC6;CHD1;JARID2;DDX21;CHD3;MORC2;ZNF274;BRD9;PHF1;RSF1;INO80B;PWWP2A;CHD6;UBR5;KAT2A;KDM4C;MTHFR;KDM6A;SFPQ;ZNF335;USP15;USP3;INO80E;ATRX;BCL7A;KAT5;KDM6B;SLFN11;PER2;SIRT7;BPTF;NFAT5;ARID1B;ARID2;MBD3;BAZ2B;CHD7;RYBP;SMARCC2;MYBBP1A;HCFC1;SETD2;CFDP1;MCM3AP;HDAC5;LIN54
prerank,Regulation Of Cyclin-Dependent Protein Kinase Activity (GO:1904029),-0.4353910527206524,-1.4193811051135676,0.08023483365949119,0.372464150611419,1.0,12/23,23.02%,CCNH;CDK5RAP3;SERTAD1;CCNG2;CCNK;MNAT1;CCNT2;CCNT1;BLM;GADD45A;CDKN1C;CDC37
prerank,Positive Regulation Of RNA Splicing (GO:0033120),-0.4229370531475657,-1.4170998809447408,0.07228915662650602,0.3743119266055046,1.0,11/26,16.23%,TRA2B;ERN1;TRA2A;SLC38A2;NUP98;DYRK1A;POLR2A;PIK3R1;RBMX;HNRNPLL;RBMXL1
prerank,Supramolecular Fiber Organization (GO:0097435),0.30687895410900273,1.4160184284334898,0.016194331983805668,0.2635664489745556,1.0,22/122,10.16%,TAGLN2;RHOA;TPM3;TBCB;RHOG;CORO1A;RAC2;CDC42;TMOD3;VIM;BAX;CHP1;RAC1;TPPP3;SH3BP1;FKBP1A;FLII;CD36;FURIN;CIB1;MAP4;BID
prerank,Long-Chain Fatty Acid Metabolic Process (GO:0001676),0.40967854474600485,1.4157474135368335,0.06967213114754098,0.26246221235116296,1.0,8/30,13.29%,ELOVL1;CPT2;SCP2;ACSL4;GPX4;GSTP1;ACOT8;LTC4S
prerank,Calcium Ion Transmembrane Import Into Cytosol (GO:0097553),-0.4666915836419361,-1.407761853259367,0.0931174089068826,0.3926840855106888,1.0,7/17,23.20%,CHERP;PLCG2;ITPR1;PLCB1;PLCB2;CLU;PKD2
prerank,Regulation Of Erythrocyte Differentiation (GO:0045646),-0.4295315656399512,-1.4077231759044109,0.07692307692307693,0.38922342770323765,1.0,10/23,20.63%,ANKRD54;STAT3;FOXO3;ZFP36L1;ZFP36;BRD1;STAT5B;HIF1A;ETS1;HOXA5
prerank,Regulation Of Cell-Substrate Adhesion (GO:0010810),0.4708373901872902,1.407647412118976,0.09462365591397849,0.2745959993628426,1.0,5/17,10.12%,RHOA;RAC2;RAC1;RSU1;LIMS1
prerank,Neutrophil Chemotaxis (GO:0030593),-0.45357118522916495,-1.4075199099346878,0.07554671968190854,0.386350525958602,1.0,7/19,8.66%,PDE4B;CXCL3;S100A9;S100A8;CXCL2;GBF1;CCL4
prerank,Positive Regulation Of Fat Cell Differentiation (GO:0045600),-0.4191530504373303,-1.407198189964389,0.0690978886756238,0.3836714102537153,1.0,6/25,10.38%,PTGS2;ZFP36L1;ZFP36;CEBPB;HNRNPU;SYAP1
prerank,Positive Regulation Of Extrinsic Apoptotic Signaling Pathway (GO:2001238),0.4401104573302468,1.4071773467323896,0.06395348837209303,0.27390768479988575,1.0,6/23,10.54%,PYCARD;PAK2;HYAL2;FADD;BID;LTB
prerank,Regulation Of Interferon-Alpha Production (GO:0032647),-0.49541438458676607,-1.4064200805656546,0.07465618860510806,0.38238113097470516,1.0,5/15,18.77%,DDX3X;DHX36;IRF3;RIPK2;SETD2
prerank,Central Nervous System Development (GO:0007417),-0.30855452436425085,-1.4063839682653028,0.033264033264033266,0.3791552204895177,1.0,44/107,27.97%,NR4A2;STAT3;PKD1;JARID2;RNF103;MEIS1;CDK5RAP3;VPS13B;AHI1;CXCR4;DHX37;SLC23A2;MSI2;ZNF76;SOX4;ZNF335;BTD;ATXN1;ZFHX3;BPTF;CLN5;CIC;DHX30;SPATA5;CHD7;WWP1;CDK5RAP1;SZT2;SYNJ1;B3GNT5;GBA2;RAB3GAP1;SETD1A;NF1;PKD2;CDK5RAP2;SPTBN1;ANKLE2;ATN1;EIF2B5;UGP2;PTS;TGFBR2;FLNB
prerank,Negative Regulation Of Hydrolase Activity (GO:0051346),0.42621420487160505,1.4060619564615358,0.06854838709677419,0.27427586095179207,1.0,9/24,19.27%,CHP1;CSTB;TERF2;CST7;CSTA;TMED2;CST3;ARL2;HRAS
prerank,Carbohydrate Catabolic Process (GO:0016052),0.45817202193030687,1.4041613110486713,0.07114624505928854,0.27557803963504496,1.0,7/19,12.37%,UCP2;PGAM1;ENO1;PKM;HK1;PGM1;DERA
prerank,Regulation Of Protein Localization To Membrane (GO:1905475),0.46342631558993014,1.4039777446858468,0.088659793814433,0.2742641101441154,1.0,6/18,23.76%,VAMP8;APPL1;STX7;STX8;GSN;CDK5
prerank,Negative Regulation Of TORC1 Signaling (GO:1904262),-0.4873545858048097,-1.403966203227579,0.0824524312896406,0.38138258661643054,1.0,9/15,29.25%,SESN3;ITFG2;NPRL3;DEPDC5;SZT2;SEH1L;WDR59;NPRL2;MIOS
prerank,Cellular Response To Peptide Hormone Stimulus (GO:0071375),-0.36615949456332186,-1.4029965025003095,0.041176470588235294,0.38027488478794896,1.0,14/46,14.95%,NR4A1;NR4A2;IRS2;ZFP36L1;SYAP1;SLC25A33;PIK3R1;INSR;INPP5K;DENND4C;FOXO1;CRHBP;AKT2;MYO5A
prerank,mRNA Destabilization (GO:0061157),-0.39252891141041,-1.4026632234762955,0.06439393939393939,0.3778090905430975,1.0,10/32,19.15%,PDE12;ZFP36L1;DIS3L2;ZFP36;DHX36;YTHDF3;CNOT1;RC3H1;ZC3H12A;METTL16
prerank,DNA Synthesis Involved In DNA Repair (GO:0000731),-0.45142763015402204,-1.4002309374205075,0.09090909090909091,0.37989580630351905,1.0,11/19,27.36%,SIRT1;SPRTN;WRN;POLA1;POLH;POLD1;POLE;POLI;PARP10;WRNIP1;POLD3
prerank,Endosomal Transport (GO:0016197),0.3028288228147797,1.3979061685597929,0.021526418786692758,0.2826228001130833,1.0,30/123,14.35%,RAB10;CMTM6;SNX2;SNX6;VPS4B;VPS35;SNX3;SNX4;CHMP2A;LAMTOR1;RNF126;PLEKHJ1;DPY30;BLOC1S1;VPS29;CLTC;RILP;RAB13;RAB9A;VAMP3;RAB14;BLOC1S2;TMEM87B;SNX17;ARL1;ARF6;STX6;VPS26A;EHD2;EPS15
prerank,Double-Strand Break Repair Via Homologous Recombination (GO:0000724),-0.32786402983818413,-1.3978419153101076,0.04065040650406504,0.3821298495645289,1.0,19/77,10.49%,BRCA2;EPC1;MCM7;INO80;RECQL5;SPIDR;WRN;RAD52;TOP3A;ZMYND8;SMC5;SFPQ;REV3L;MCM9;BRCA1;ATRX;HELQ;KAT5;MMS22L
prerank,Neutrophil Migration (GO:1990266),-0.4397629841149855,-1.3972218323124634,0.0821917808219178,0.38047152588288413,1.0,7/20,8.66%,PDE4B;CXCL3;S100A9;S100A8;CXCL2;GBF1;CCL4
prerank,Positive Regulation Of Leukocyte Chemotaxis (GO:0002690),0.42908544453669817,1.396785676672688,0.08023483365949119,0.28303273463066286,1.0,7/23,15.75%,C1QBP;CCL5;MAPK1;LGALS9;MOSPD2;CSF1R;AIF1
prerank,Positive Regulation Of DNA-templated Transcription Initiation (GO:2000144),-0.3660746824038674,-1.3967771807929454,0.0425531914893617,0.3783419648767571,1.0,19/46,27.59%,JUN;MED29;MED19;DHX36;MED6;SRF;TAF4B;FOSL1;TAF1;MED14;MED17;MED15;MED23;TAF3;GTF2A1;TAF2;MED9;TAF13;MED13
prerank,Positive Regulation Of Protein Binding (GO:0032092),0.3889736994237294,1.3967723633547526,0.07750472589792061,0.2815059132473371,1.0,8/33,8.88%,RALB;TRIM21;SUB1;RAN;FKBP1A;ADD1;PPP2CB;DTX3L
prerank,Positive Regulation Of Organelle Organization (GO:0010638),0.418801601947439,1.3957301974121785,0.08858267716535433,0.28178139271976027,1.0,6/23,9.62%,ANXA2;CALCOCO2;ATL3;LIG4;ANXA1;PFDN2
prerank,Protein Targeting To Vacuole (GO:0006623),-0.40207966290520875,-1.3954627124644616,0.0744466800804829,0.3782940347218199,1.0,14/30,19.82%,VPS37B;VPS13C;VPS13D;SMURF1;AP4M1;ATG14;VPS13A;ZFYVE16;HGS;SNX16;PIK3R4;VPS8;SORL1;GGA3
prerank,Actin Polymerization Or Depolymerization (GO:0008154),0.3927917533998042,1.3952118836338385,0.07068607068607069,0.28116299387636096,1.0,13/34,19.02%,TWF2;CFL1;DSTN;RAC1;MSRB1;FLII;WDR1;CAPG;WAS;AIF1;DIAPH1;MSRB2;GAS7
prerank,Cilium Organization (GO:0044782),-0.29849800105517277,-1.3943134602048937,0.031189083820662766,0.37782545398820017,1.0,36/119,19.38%,TTC21B;TMEM107;OFD1;PIBF1;HDAC6;ALPK1;PHIP;C2CD3;KIAA0586;SCLT1;AHI1;GBF1;WDPCP;CEP290;TTC17;IFT88;PCNT;NEK1;NOTCH1;IFT74;NUDCD3;IQCB1;TMEM67;RFX2;IFT122;KIAA0753;IQCG;PTPN23;TMEM138;IFT172;CEP78;CDC14A;IFT43;KIF27;BBS9;FNBP1L
prerank,Negative Regulation Of Proteasomal Protein Catabolic Process (GO:1901799),0.4175474181115065,1.3927635644442689,0.07142857142857142,0.2834676582594406,1.0,9/25,20.20%,N4BP1;PARK7;SDCBP;PSMF1;F8A1;EIF3H;DDRGK1;GABARAPL2;TAF9
prerank,Negative Regulation Of Cellular Biosynthetic Process (GO:0031327),-0.32466953272569665,-1.3925734914502526,0.04054054054054054,0.3785349168646081,1.0,17/74,13.42%,RBM4;BTG2;DDX3X;TOB1;SIRT1;DHX36;KAT2A;ILF3;RAPGEF2;FBXW7;BRCA1;DCAF5;DDX6;EP300;EIF4A3;CNOT1;CNOT10
prerank,Negative Regulation Of Actin Filament Bundle Assembly (GO:0032232),0.4783270797867761,1.3904560326162347,0.115234375,0.28589285175165363,1.0,7/15,15.31%,PAK2;PFN1;DYNLL1;WASF2;WAS;STMN1;F11R
prerank,Membrane Assembly (GO:0071709),0.4203681538984495,1.390334928488738,0.09832635983263599,0.2845022737058026,1.0,5/24,4.88%,S100A10;ANXA2;VPS4B;CHMP2A;CHMP5
prerank,Mitotic Cytokinetic Process (GO:1902410),0.475499114746267,1.3898500788103008,0.11594202898550725,0.2838052933555432,1.0,5/15,5.68%,RHOA;VPS4B;CHMP2A;CHMP5;PDCD6IP
prerank,Negative Regulation Of Protein Catabolic Process (GO:0042177),0.39399654077544405,1.388647009210537,0.06680584551148225,0.28449936836202755,1.0,12/32,20.53%,ANXA2;TIMP1;SNX3;CTSA;RILP;FURIN;PSMF1;F8A1;PIN1;CST3;GABARAPL2;CYP51A1
prerank,Regulation Of Intracellular Transport (GO:0032386),-0.4365043163126756,-1.3876851925682931,0.08984375,0.3870075029219922,1.0,6/21,12.38%,RBM4;TTC21B;NDEL1;DYNC1H1;NUMA1;GRIPAP1
prerank,Regulation Of Myoblast Differentiation (GO:0045661),-0.3940128064332497,-1.3872885577652012,0.08151093439363817,0.3848429872631717,1.0,11/31,16.21%,BTG1;ZFP36L1;SOX4;EID2B;KAT5;NOTCH1;PLCB1;ARID1B;ARID2;HIF1AN;SMARCC2
prerank,Positive Regulation Of ERK1 And ERK2 Cascade (GO:0070374),0.3535901741993855,1.3860276098290012,0.06262230919765166,0.2873766760236083,1.0,11/50,10.40%,PYCARD;GLIPR2;CCL5;RAP1A;MFHAS1;CD36;DDT;PHB2;CIB1;LGALS9;TGFB1
prerank,Negative Regulation Of Transmembrane Receptor Protein Serine/Threonine Kinase Signaling Pathway (GO:0090101),-0.3554231117769768,-1.3849672497983294,0.04819277108433735,0.3869135985748219,1.0,22/49,25.92%,ARID4A;ARID4B;SKIL;SIRT1;SIN3A;LEMD3;ZNF451;SPRY1;ING1;MTMR4;NOTCH1;SMURF1;LDLRAD4;SKI;SMURF2;SORL1;CRIM1;SPRY2;SMAD7;CD109;PPM1A;PDPK1
prerank,Synapse Organization (GO:0050808),0.4049949651923839,1.3849289728112968,0.08118811881188119,0.2877081337464602,1.0,12/29,27.63%,CDC42;APPL1;REST;SDF4;PIN1;LRFN4;DCTN1;DBNL;CDK5;RYK;SNCA;CHCHD10
prerank,Regulation Of Ubiquitin-Protein Transferase Activity (GO:0051438),0.42680858975052266,1.38200154769855,0.0967741935483871,0.2914420714468798,1.0,10/23,18.09%,UBE2L3;PARK7;DCUN1D5;DTX3L;UBE2N;DCUN1D1;BUB3;PINK1;PIN1;LIMK1
prerank,Negative Regulation Of Canonical Wnt Signaling Pathway (GO:0090090),-0.36511297031942735,-1.3815769089329257,0.0531496062992126,0.39158150582776335,1.0,14/43,18.71%,TLE4;DDIT3;JADE1;TCF7L2;SIAH2;CCDC88C;INVS;MLLT3;STK3;LMBR1L;OTUD5;LATS1;UBAC2;STK4
prerank,Regulation Of Secretion By Cell (GO:1903530),0.41450662193137094,1.3808155431038918,0.09218436873747494,0.29204509682022173,1.0,6/24,11.12%,VAMP8;RALA;APEX1;RAB13;VAMP3;RAB8A
prerank,Establishment Of Mitotic Spindle Localization (GO:0040001),-0.42487832604368325,-1.3773385575596198,0.09056603773584905,0.39807783665265845,1.0,9/23,13.49%,NDE1;NDEL1;CLASP2;HTT;KAT5;GPSM2;NUMA1;NUSAP1;GPSM1
prerank,Protein Localization To Golgi Apparatus (GO:0034067),-0.4280589773576905,-1.3771733236260935,0.07860262008733625,0.3953944624757484,1.0,12/23,26.27%,ARL5B;GBF1;VPS13C;VPS13D;VPS13A;SORL1;OBSL1;COG7;GBP5;GAK;CSNK1D;GCC2
prerank,Regulation Of Monoatomic Ion Transmembrane Transporter Activity (GO:0032412),0.45233243408733137,1.3749627039782204,0.09146341463414634,0.30090929579309056,1.0,5/20,8.75%,CAPN1;YWHAH;YWHAE;PHB2;SCN1B
prerank,Positive Regulation Of Leukocyte Cell-Cell Adhesion (GO:1903039),0.4582611297823289,1.3749053075434607,0.11287128712871287,0.2995255816080119,1.0,6/17,20.34%,PYCARD;RHOA;FUT7;ITGB2;CD47;IRAK1
prerank,"Nuclear-Transcribed mRNA Catabolic Process, Nonsense-Mediated Decay (GO:0000184)",-0.42975382845133914,-1.3736993615303625,0.10392156862745099,0.40048225725185344,1.0,15/22,29.81%,UPF2;SMG6;RNPS1;EIF4A3;RC3H1;UPF3B;ZC3H12A;PNRC1;SMG5;SMG1;SMG7;NCBP1;RBM8A;UPF1;MAGOHB
prerank,Stem Cell Differentiation (GO:0048863),-0.42765900821198405,-1.3735290918764584,0.09433962264150944,0.3978711624667369,1.0,10/22,28.52%,JARID2;SETD6;MLLT3;LMBR1L;FBXL17;OTUD5;SETD2;CTNNB1;MTF2;HOXB4
prerank,Ras Protein Signal Transduction (GO:0007265),0.31897731841293325,1.3728479283752717,0.0562015503875969,0.30193788087550805,1.0,26/81,21.24%,RHOA;CFL1;RHOG;RALB;RALA;GNB1;BRK1;RAC1;KRAS;KPNB1;PARK7;RAP1B;RAP1A;ROCK2;ARHGDIB;NRAS;WAS;RASGRP4;AIF1;ARHGAP1;LIMK1;TNFRSF25;HRAS;RAP2A;DOK2;DBNL
prerank,Positive Regulation Of Protein Transport (GO:0051222),0.3681508446639845,1.3707542073396815,0.08471074380165289,0.3040255258648725,1.0,12/40,13.60%,CHP1;PPID;TMED10;EZR;PDCD10;PRR5L;OAZ1;CD33;TGFB1;ERGIC3;VPS28;ARF6
prerank,"Alternative mRNA Splicing, Via Spliceosome (GO:0000380)",-0.47502556344871294,-1.3704014749463753,0.09859154929577464,0.40176551919736236,1.0,5/15,13.64%,RSRC1;DDX5;SFPQ;SRSF1;SRSF6
prerank,Protein K63-linked Deubiquitination (GO:0070536),-0.4393661873759086,-1.3700560248949418,0.0963855421686747,0.3996129145772851,1.0,8/19,21.68%,TNFAIP3;BARD1;YOD1;ZRANB1;BRCA1;OTUD5;UIMC1;USP8
prerank,Cellular Response To Hydrogen Peroxide (GO:0070301),-0.4353406154128796,-1.3700028517623208,0.09188034188034189,0.39677239066648035,1.0,10/21,25.23%,TNFAIP3;HDAC6;SIRT1;MAP3K5;OSER1;ANKZF1;NFE2L2;CLU;RHOB;SIRPA
prerank,Protein-Containing Complex Disassembly (GO:0032984),0.3477347888943873,1.3641291331376084,0.07792207792207792,0.31418903078536614,1.0,19/51,23.53%,PPP1CA;VAMP8;VPS4B;SNAP29;GSPT1;CHMP2A;TSG101;CHMP5;PEX2;MYC;APEH;CHMP6;VPS33A;VAMP7;BECN1;LAMP2;WIPI2;CHMP1A;LIX1L
prerank,Phospholipid Metabolic Process (GO:0006644),0.4193698037961003,1.36373199099473,0.09532710280373832,0.31327814011563504,1.0,8/25,21.88%,FDFT1;GPX4;PCYT2;AGPAT2;GDE1;PLA2G15;LCP1;AGPAT3
prerank,Cytoplasmic Translational Initiation (GO:0002183),0.40643331838837515,1.3620902498155343,0.07707129094412331,0.3148009692696088,1.0,14/28,17.05%,EIF6;EIF3I;EIF2S2;MIF4GD;EIF3L;EIF3F;EIF3K;EIF3H;EIF3M;MCTS1;EIF2S3;SLBP;EIF3G;EIF3D
prerank,Negative Regulation Of Cysteine-Type Endopeptidase Activity (GO:2000117),-0.38628043017486485,-1.3609816664874,0.09163346613545817,0.4145569291051893,1.0,7/32,8.32%,KLF4;FNIP1;DDX3X;AVP;RAF1;DNAJB6;SIAH2
prerank,Sprouting Angiogenesis (GO:0002040),-0.4745337004943324,-1.3606386034893767,0.10647181628392484,0.41226204000137695,1.0,5/15,11.14%,NR4A1;MIA3;SRF;JMJD6;RNF213
prerank,Hexose Biosynthetic Process (GO:0019319),0.4454602469763055,1.3599334644230068,0.09923664122137404,0.31730076370027355,1.0,6/18,13.12%,PGAM1;MDH1;ENO1;MDH2;PGM1;SORD
prerank,Negative Regulation Of Mitotic Cell Cycle (GO:0045930),-0.4398095221528272,-1.3598636734053782,0.1130952380952381,0.41112117431945183,1.0,6/19,13.26%,BTG1;BTG2;ZFP36L1;HECA;BTG3;TOM1L2
prerank,Nervous System Development (GO:0007399),-0.28738450955529715,-1.359750317241339,0.02584493041749503,0.40838819138106547,1.0,51/141,26.11%,STAT3;MYLIP;PKD1;JARID2;CHERP;RNF103;VPS13B;AHI1;ST8SIA4;MBNL1;CXCR4;MBD5;ZMYND8;MSI2;ZNF76;SOX4;DYRK1A;DAGLB;ADNP2;WDPCP;BTD;ARHGAP26;ATXN1;EP300;CLN5;DHX30;CHD7;FBXL17;LRCH4;WWP1;SZT2;NR2C2;KAT8;B3GNT5;SPG7;CRIM1;SLC25A16;TRAK1;CLN8;HES1;GBA2;NAIP;NF1;PKD2;GDF11;STMN3;CDK5RAP2;SPTBN1;ANKLE2;PLXND1;ATN1
prerank,Positive Regulation Of Transcription Elongation By RNA Polymerase II (GO:0032968),-0.3745257967691692,-1.3595182152461405,0.096,0.4060174188440222,1.0,18/39,27.07%,MED29;MED19;CDK12;PWWP2A;MED6;ZMYND8;ELL;CCNK;TCERG1;MED14;MED17;CCNT1;MED15;ELL2;MED23;CDK13;NCBP1;MED9
prerank,Cardiac Muscle Tissue Development (GO:0048738),-0.4581942103624165,-1.3583335413150612,0.10663983903420524,0.40584122311063525,1.0,4/15,12.36%,AKAP13;TTN;KDM6B;NOTCH1
prerank,Regulation Of Metaphase/Anaphase Transition Of Cell Cycle (GO:1902099),0.4150394934025119,1.3582991929491952,0.11561866125760649,0.3187735208834598,1.0,9/22,19.90%,NEK6;PBRM1;BCL7C;SMARCB1;SMARCE1;CDC23;RIOK2;ACTL6A;SMARCD2
prerank,Spindle Assembly (GO:0051225),-0.3491342355672091,-1.3578595881359876,0.07127882599580712,0.40415926116638706,1.0,15/48,14.73%,STAG1;OFD1;INO80;PIBF1;TUBGCP6;CLASP2;TUBGCP5;TUBGCP3;GOLGA2;ZNF207;NUMA1;TUBGCP4;GOLGA8A;NCOR1;SPICE1
prerank,Proteolysis (GO:0006508),0.29241040987023625,1.357370720142195,0.022058823529411766,0.31886079549301877,1.0,45/130,27.74%,CAPN1;CAPNS1;NEDD8;PSMB5;PSENEN;TPSAB1;SPCS1;CTSA;FURIN;F12;CTSZ;LACTB;PEPD;CTSC;APEH;CLPP;CPNE1;APH1A;CAPN2;SPPL2A;ZMPSTE24;HM13;XPNPEP1;DPP3;GGT5;PRSS57;ECE1;ANPEP;ATG4C;CASP6;PSMC4;ADAM10;CTSW;UBA3;NCSTN;CLPX;CPA3;TPP1;RNPEPL1;CASP1;CTSD;CASP3;ADAM8;ATG4A;CASP7
prerank,Establishment Of Protein Localization To Vacuole (GO:0072666),-0.4311414591426905,-1.3572961429286923,0.10505050505050505,0.40262602269728165,1.0,9/19,18.59%,VPS37B;UBAP1;VPS13C;VPS13D;VPS13A;PTPN23;HGS;PIK3R4;VPS8
prerank,Positive Regulation Of Small Molecule Metabolic Process (GO:0062013),-0.46555732609650313,-1.3562207344492483,0.10344827586206896,0.40220165451715945,1.0,6/16,17.82%,IRS2;ZBTB20;INSR;AKT2;HIF1A;PMAIP1
prerank,RNA-mediated Gene Silencing (GO:0031047),-0.4418084651053831,-1.3545536234052737,0.0992063492063492,0.4032147854098201,1.0,4/17,10.22%,FAM172A;HEXIM1;TNRC6B;NRDE2
prerank,Receptor-Mediated Endocytosis (GO:0006898),0.3250042127655855,1.3543179136954668,0.06639839034205232,0.32294895500342313,1.0,21/67,21.49%,RALB;RALA;CD9;AP2M1;CLTA;FCER1G;PDLIM7;CD36;CLTC;RAB31;SCARB2;ITGB2;EPS15;PIP5K1C;ARRB2;AP2S1;M6PR;SNX1;ITGB1;AP2B1;AP1S1
prerank,Vesicle-Mediated Transport (GO:0016192),0.2655892621545596,1.3540647283355443,0.013257575757575758,0.321930948483025,1.0,67/257,18.80%,S100A10;ANXA2;RAB10;VTA1;CDC42;VAMP8;VPS4B;AP2M1;PLIN3;SNAP29;GDI2;SNAPIN;CHMP2A;CCL5;TSG101;LAMTOR1;RAB5C;TMED10;ARFGAP3;CHMP5;EXOC5;RALBP1;DPY30;BLOC1S1;AP1M1;NECAP2;RILP;RAB13;RAB2A;DTX3L;JAGN1;STX7;VAMP3;RAB14;RAB4A;BLOC1S2;AP3S1;STX8;RAB11A;EPN1;OCIAD1;SNX17;ARL1;CPNE1;SYTL1;AP3M1;TMED2;ARF1;ARF6;ARF5;CHMP6;STX6;EHD2;EPS15;RAB35;EHD1;VPS33A;VAMP7;ARF3;AP2S1;ARHGAP1;M6PR;PIP4K2A;SNAP23;STX2;BECN1;COMMD1
prerank,Intrinsic Apoptotic Signaling Pathway (GO:0097193),-0.3187994102778191,-1.3530802909196364,0.06751054852320675,0.4039103527396707,1.0,22/75,19.27%,PPP1R15A;MCL1;DDIT3;ERN1;DDX3X;CYCS;DIABLO;CEBPB;DDX5;FNIP2;TOPORS;QRICH1;BRCA1;MAP3K5;ITPR1;JMY;TNFRSF10B;MOAP1;MYBBP1A;PMAIP1;FHIT;ATF4
prerank,Cellular Response To Starvation (GO:0009267),-0.31615940491848704,-1.3520474853071265,0.054279749478079335,0.4036656609103165,1.0,28/82,19.27%,FNIP1;FOXO3;CPEB4;SIRT1;WRN;EHMT2;SESN3;GABARAPL1;MTMR3;ITFG2;RRAGB;MAP3K5;KAT5;PICK1;NPRL3;WDR45B;MAP1LC3A;SREBF1;FOXO1;JMY;DEPDC5;ATG14;ZC3H12A;MYBBP1A;SZT2;PMAIP1;PIK3R4;ATF4
prerank,Membrane Fusion (GO:0061025),0.4294435432701703,1.3515204465505297,0.09418837675350701,0.3250675076049868,1.0,8/21,18.42%,SNAP29;CHP1;RABIF;GCA;VAMP3;USO1;VAPA;SNAP23
prerank,Double-Strand Break Repair Via Nonhomologous End Joining (GO:0006303),-0.3754967701266344,-1.3465141698997003,0.09695817490494296,0.4137544038642414,1.0,10/32,14.59%,KDM2A;UVRAG;POLM;PNKP;SMC5;POLA1;POLB;HELQ;TP53BP1;IFFO1
prerank,Negative Regulation Of Multicellular Organismal Process (GO:0051241),-0.30159063787669466,-1.3461544879434273,0.05387931034482758,0.41172446555819475,1.0,21/97,15.17%,ARID4A;BRCA2;DDIT3;PHF14;PTGER4;ARID4B;RGS2;SRF;ID1;SIN3A;ARRDC3;SPRY1;ING1;DUSP10;NOTCH1;KLF7;PLCL2;SRSF6;CRHBP;LDLRAD4;PTPN23
prerank,"RNA Splicing, Via Transesterification Reactions With Bulged Adenosine As Nucleophile (GO:0000377)",-0.28203947670649093,-1.3454196723696175,0.016494845360824743,0.4108414214028409,1.0,42/158,17.62%,SRSF7;RBM4;TRA2B;ZCCHC8;SRSF10;RBM14;YTHDC1;CWC25;HNRNPH3;TRA2A;SRRM1;PRPF3;RSRC1;PNN;HNRNPH1;PRPF4B;RNPC3;CWF19L2;DDX5;HNRNPA2B1;RBM5;HNRNPU;DHX38;BCAS2;SNIP1;DDX39A;SRRM2;SRSF1;RNPS1;SNRNP70;RBM19;EIF4A3;HNRNPA3;SRSF6;RBM6;RBMX;DHX15;SRSF2;PPWD1;U2AF1;TFIP11;RBM10
prerank,"Positive Regulation Of DNA-templated Transcription, Elongation (GO:0032786)",-0.3417791125693894,-1.345293120619486,0.0783132530120482,0.40843230403800473,1.0,21/52,21.94%,MED29;KAT7;MED19;CDK12;PWWP2A;MED6;ZMYND8;ELL;CCNK;THOC1;TCERG1;MED14;MED17;CCNT2;CCNT1;MED15;DDX39B;SUPT5H;ELL2;MED23;BRD4
prerank,Axon Development (GO:0061564),0.3938486857893724,1.3444305396808407,0.10978043912175649,0.33682539766878883,1.0,11/28,26.19%,S100A6;RAB10;SSNA1;RTN4;MAP1S;RAB8A;SLC25A46;MARK2;CDK5;MAP1A;RYK
prerank,Cellular Response To Interferon-Beta (GO:0035458),0.45590978826396555,1.3435071744712472,0.12449799196787148,0.33690454156861704,1.0,5/15,17.79%,UBE2K;IFITM2;OAS1;CALM1;IFNAR1
prerank,Phosphatidylinositol-Mediated Signaling (GO:0048015),-0.39996143665136985,-1.3429908436616342,0.09552845528455285,0.4109356806855759,1.0,12/27,23.18%,STAT3;ZFP36L1;GAB2;PIK3C2A;PIK3R1;PLCG2;PLCB1;EXOC7;PI4KA;PLCB2;PIK3CB;NF1
prerank,Vesicle Cytoskeletal Trafficking (GO:0099518),-0.4219179699102042,-1.3424141864587986,0.10677618069815195,0.4095443748650399,1.0,11/21,21.73%,NDE1;NDEL1;WASL;HTT;MYO5A;MYO19;FNBP1L;TRAK1;TANC2;CLN3;MYO5C
prerank,Carboxylic Acid Transmembrane Transport (GO:1905039),-0.45761073980119105,-1.3416767800382006,0.12121212121212122,0.4084346027124358,1.0,7/16,20.70%,SLC38A2;SLC38A6;SLC23A2;SLC36A4;SLC16A1;SLC16A7;SLC7A5
prerank,Positive Regulation Of Cellular Metabolic Process (GO:0031325),0.4226659110351619,1.3416405374990956,0.11176470588235295,0.33884194580332316,1.0,11/25,24.16%,GHITM;CCL5;PRELID1;CHCHD2;ROMO1;CBR1;SORD;IL10RB;IFNAR1;AKR1C3;RIPK1
prerank,Gluconeogenesis (GO:0006094),0.455495129746883,1.3410103545522067,0.11302681992337164,0.3384062196985834,1.0,5/16,12.19%,PGAM1;MDH1;ENO1;MDH2;PGM1
prerank,Release Of Sequestered Calcium Ion Into Cytosol (GO:0051209),-0.46322743620882034,-1.3409191767222468,0.12473572938689217,0.4076192216334734,1.0,8/15,23.20%,CHERP;PLCG2;ITPR1;PLCB1;PLCB2;SLC8B1;CLU;PKD2
prerank,Regulation Of Cellular Component Biogenesis (GO:0044087),0.4143516123907714,1.3405107938901126,0.09650924024640657,0.3376151370145317,1.0,10/23,21.01%,MSN;EZR;RAP1B;RAP1A;CD36;ROCK2;PINK1;TIE1;METTL18;PTPN11
prerank,Cilium Assembly (GO:0060271),-0.2908442646957533,-1.3404270947866572,0.041916167664670656,0.4062937803531174,1.0,34/118,19.38%,TTC21B;TMEM107;OFD1;PIBF1;HDAC6;ALPK1;PHIP;C2CD3;KIAA0586;SCLT1;AHI1;GBF1;WDPCP;CEP290;IFT88;PCNT;NEK1;NOTCH1;IFT74;NUDCD3;IQCB1;TMEM67;TBC1D32;RFX2;IFT122;KIAA0753;PTPN23;TMEM138;IFT172;CDC14A;IFT43;KIF27;BBS9;FNBP1L
prerank,Branched-Chain Amino Acid Metabolic Process (GO:0009081),0.4554072331446245,1.340394537543695,0.12753036437246965,0.3362776419930545,1.0,9/15,35.39%,ECHS1;DLD;BCKDK;BCAT2;PCCB;IVD;PCCA;BCAT1;BCKDHB
prerank,Positive Regulation Of Cellular Catabolic Process (GO:0031331),-0.2978560025242323,-1.3398605668862344,0.04790419161676647,0.404961063170871,1.0,23/96,15.80%,GTPBP1;ABHD5;FOXO3;IRS2;SUPV3L1;CDK16;PIM2;PIK3C2A;ZBTB20;DAGLB;ZC3HAV1;DXO;PLK2;KAT5;ULK1;INSR;NPRL3;CNOT1;FOXO1;DEPDC5;AKT2;SNX9;ZC3H12A
prerank,Ubiquitin-Dependent Protein Catabolic Process (GO:0006511),0.2605824138727763,1.3361545576157312,0.008385744234800839,0.34291859102106637,1.0,77/280,19.77%,RBX1;PSMB1;PSMA5;PSMA4;PSMA7;VPS4B;NEDD8;PSMB2;PSMB3;PSMD7;PSMB5;PSMB4;NTAN1;FBXO45;PSMB6;CHMP2A;SH3BGRL;TSG101;UBE2E1;UBE2L3;ANAPC11;PSMD4;UBL4A;CHMP5;RNF126;PSMD13;RNF7;UBE2K;KCTD10;PSMC1;MAEA;HECTD3;RNF130;DTX3L;UBE2I;UBE2L6;PSMF1;RNF34;PSMD8;VPS28;PSMB7;UBE2R2;PSMD1;KLHDC3;PSMD2;UBE4A;UBE2D2;PSMC5;PINK1;CUL4A;UBE2A;CHMP6;UBE2B;SPOP;RNF166;CDC23;CRBN;PSMD3;APPBP2;ARRB2;PSMA1;KEAP1;SKP2;PSMA3;GID8;NDFIP1;PSMD11;PCBP2;GID4;RNF146;PSMD6;PSMC2;SHARPIN;PSMD14;PSMC4;STUB1;KLHDC2
prerank,Late Endosome To Vacuole Transport Via Multivesicular Body Sorting Pathway (GO:0032511),0.4283022229789678,1.3356234130949278,0.10039370078740158,0.34223413832735816,1.0,7/21,13.88%,TMEM50A;VTA1;TSG101;CHMP5;VPS25;VPS28;CHMP6
prerank,Positive Regulation Of Phosphorylation (GO:0042327),0.30203790900959454,1.3324092197618078,0.03508771929824561,0.3466453324417538,1.0,22/92,15.99%,RALB;ILK;RAC1;KRAS;CCL5;MOB1A;BTBD10;PTGES3;RALBP1;DAXX;SDCBP;ROCK2;CIB1;TGFB1;KCTD20;PINK1;LYN;AKT1;CDK2AP1;CSF1R;PIN1;TIE1
prerank,Recombinational Repair (GO:0000725),-0.3175267919591922,-1.3311679225714572,0.0625,0.42175712215599276,1.0,17/68,10.49%,BRCA2;EPC1;INO80;RECQL5;SPIDR;WRN;RAD52;TOP3A;ZMYND8;SMC5;SFPQ;REV3L;MCM9;BRCA1;HELQ;KAT5;MMS22L
prerank,Regulation Of Interleukin-2 Production (GO:0032663),-0.374683753919561,-1.3307216207573491,0.08782435129740519,0.4200356294536817,1.0,5/28,11.25%,TNFAIP3;PDE4B;ZFP36;KAT5;PLCG2
prerank,Negative Regulation Of Proteolysis (GO:0045861),0.43930938755035764,1.3296488381133436,0.11491935483870967,0.35055419998290677,1.0,7/18,17.58%,TRIM21;TIMP1;CSTB;CST7;CSTA;AKT1;CST3
prerank,Purine Ribonucleotide Metabolic Process (GO:0009150),0.37077485856431297,1.3280394398221012,0.10116731517509728,0.3521142631454255,1.0,15/34,22.67%,ACOT7;RAN;ACLY;OLA1;ACOT9;ACOT8;TPST2;HINT1;MFN1;GNAI3;GMPR2;ACAT1;NDUFS1;CLPX;ACSF2
prerank,Positive Regulation Of Nitric Oxide Biosynthetic Process (GO:0045429),-0.44047799153110534,-1.3275756312186429,0.12938596491228072,0.425116183001136,1.0,11/16,31.24%,KLF4;PTGS2;INSR;P2RX4;KLF2;CLU;TNF;PKD2;CLEC7A;HBB;TLR4
prerank,Negative Regulation Of Secretion By Cell (GO:1903531),0.4192887309917499,1.3269496630008961,0.11731843575418995,0.3526161111391539,1.0,11/22,26.32%,VAMP8;TNFRSF1A;WDR41;ANXA1;VAMP3;PNKD;SLC30A1;CYP51A1;TRH;TNFRSF1B;SNCA
prerank,Regulation Of Interleukin-8 Production (GO:0032677),0.35122897368659034,1.3268789451276142,0.09227871939736347,0.3512008997850198,1.0,11/42,10.06%,PYCARD;LAMTOR5;PARK7;ANXA4;TMSB4X;HYAL2;MYD88;ANXA1;FADD;CD33;LGALS9
prerank,Negative Regulation Of Mitochondrion Organization (GO:0010823),0.4141750485876033,1.3268757056624594,0.12338858195211787,0.3496189137499521,1.0,8/23,14.05%,GHITM;SLC25A6;SLC25A5;PRELID1;PSMD10;PINK1;AKT1;BAK1
prerank,Cellular Response To Chemical Stress (GO:0062197),0.32725182509369916,1.3263771142759921,0.06716417910447761,0.3490575877266878,1.0,19/61,18.45%,RBX1;TRIM21;PRDX3;SLC25A24;PRDX5;EIF2S1;PARP1;PARK7;CHCHD2;PRR5L;GPX7;CCS;PINK1;AIF1;VKORC1L1;KEAP1;G6PD;LRRC8D;STX2
prerank,Cholesterol Metabolic Process (GO:0008203),0.3736749700608791,1.3261587960505246,0.08488612836438923,0.34790195922899975,1.0,15/33,24.28%,FDFT1;MSMO1;ACAA2;LSS;ACLY;GLB1;SNX17;FDX1;G6PD;CYP51A1;MVD;SQLE;PMVK;SCARF1;DHCR24
prerank,Negative Regulation Of G1/S Transition Of Mitotic Cell Cycle (GO:2000134),-0.4029509891560135,-1.3256656210767157,0.11180124223602485,0.42699627576903904,1.0,5/23,10.79%,KLF4;PLK3;JADE1;DLG1;SLFN11
prerank,Positive Regulation Of Lymphocyte Proliferation (GO:0050671),-0.3798449962425463,-1.3251022232456922,0.10706638115631692,0.4256007461055331,1.0,12/32,24.38%,IRS2;IL6ST;IL12A;TFRC;ZNF335;CD46;JAK2;VAV3;CCDC88B;TYK2;BCL2;BST1
prerank,Peptidyl-Proline Modification (GO:0018208),0.46590336700557844,1.3246353190891533,0.13825757575757575,0.34927838443662984,1.0,10/15,30.41%,PPID;FKBP1A;PPIB;PIN1;PPIE;PPIL1;OGFOD1;PPIH;PPIL3;PPIF
prerank,Positive Regulation Of NIK/NF-kappaB Signaling (GO:1901224),0.3761535031128641,1.3243982674908616,0.09560229445506692,0.3482108978023244,1.0,7/31,10.12%,PYCARD;RHOA;ILK;PHB2;PTP4A3;LGALS9;LIMS1
prerank,Mitochondrial Translation (GO:0032543),0.41646458971034894,1.3221464326331818,0.13737373737373737,0.35121864912705536,1.0,6/20,15.86%,CHCHD1;GADD45GIP1;IARS2;TSFM;MTIF3;MTIF2
prerank,Translation (GO:0006412),0.334905658667701,1.32021333576615,0.07722007722007722,0.3533398166277561,1.0,30/54,34.01%,GSPT1;CHCHD1;GADD45GIP1;UBA52;COPS5;AURKAIP1;IARS2;TSFM;TNIP1;EIF5A;EEF1B2;APEH;EEF2;EEF1A1;DRG2;RWDD1;ZC3H15;AGO2;TUFM;DRG1;EIF4EBP2;DAP3;EEF2K;GSPT2;FARS2;ABCE1;MRRF;FAU;FARSB;GATC
prerank,Glutamine Family Amino Acid Metabolic Process (GO:0009064),0.43413462885438997,1.319910749720169,0.14538310412573674,0.3523968165833796,1.0,11/17,32.10%,UCP2;MTHFS;NIT2;SLC38A1;GOT2;ALDH18A1;ALDH5A1;GLUD1;GCLM;DDAH2;ADSL
prerank,Response To Interleukin-1 (GO:0070555),0.38137146323305293,1.3196302140662222,0.1125703564727955,0.3514346565381015,1.0,10/31,20.34%,PYCARD;CCL5;HYAL2;MYD88;ANXA1;LGALS9;CD47;USP10;TAF9;IRAK1
prerank,Negative Regulation Of Wnt Signaling Pathway (GO:0030178),-0.32978036821374523,-1.3191654433133533,0.08522727272727272,0.4366838537744047,1.0,17/54,19.53%,TLE4;DDIT3;JADE1;TCF7L2;SIAH2;CCDC88C;INVS;MLLT3;RNF213;STK3;HMGXB4;LMBR1L;OTUD5;LATS1;UBAC2;STK4;VGLL4
prerank,"RNA Splicing, Via Transesterification Reactions (GO:0000375)",-0.40849635478927593,-1.3186733472160184,0.12915851272015655,0.4351659108903765,1.0,4/24,2.39%,TRA2B;SRSF10;SRRM1;PRPF3
prerank,Regulation Of Immune Response (GO:0050776),0.3646737484846227,1.3167449763425307,0.08662900188323917,0.35583379336849635,1.0,12/37,19.57%,CFP;APPL1;N4BP1;FKBP1A;WDR41;SLA2;SPPL2A;LYN;RNF135;CSK;SPNS2;SAMHD1
prerank,Positive Regulation Of Carbohydrate Metabolic Process (GO:0045913),-0.435953938624873,-1.3167240489560768,0.1422924901185771,0.43703173740091006,1.0,6/17,17.82%,IRS2;ZBTB20;INSR;AKT2;HIF1A;PMAIP1
prerank,Regulation Of Hydrolase Activity (GO:0051336),-0.375180595722646,-1.3157954600937722,0.11934156378600823,0.4366905144580198,1.0,14/33,25.95%,RABGAP1;CDK5RAP3;WRN;FGD3;VAV3;ARHGAP15;ARHGAP12;PLXNC1;RAB3GAP1;NF1;ARHGAP27;RAPGEF6;STMN3;PLXND1
prerank,Protein Targeting To ER (GO:0045047),0.4059212715001944,1.3154061806520292,0.11708253358925144,0.35685873748300756,1.0,6/21,6.89%,UBL4A;SRP14;SRP72;SPCS1;SEC61G;SRP9
prerank,Cellular Response To Oxygen-Containing Compound (GO:1901701),0.26779947201769333,1.315354733705815,0.03125,0.35541267938624677,1.0,39/175,14.43%,PYCARD;RHOA;TWF2;LAMTOR2;VIM;RRAGC;GNB1;LAMTOR5;PRDX3;SLC25A24;PRDX5;ALOX5AP;LAMTOR1;CHMP5;EZR;RAP1B;RAP1A;MAPK1;ADD1;CD68;PEX2;ROMO1;ROCK2;GSTP1;RRAGA;CPNE2;MYD88;MAPK9;TNIP1;CTR9;TESC;NR1H3;PXN;CPNE1;CAPN2;LAMTOR4;LYN;AKT1;PRKCD
prerank,Peptidyl-Lysine Modification (GO:0018205),-0.3231813039093689,-1.313345753261469,0.07480314960629922,0.4401651396900803,1.0,17/58,15.79%,UHRF2;HDAC6;SIRT1;USPL1;VCPKMT;TRIM28;TOPORS;SMC5;SENP7;ZNF451;KAT5;EP300;ESCO1;SENP5;BCL11A;CBX4;SENP1
prerank,RNA Biosynthetic Process (GO:0032774),-0.40364830396812784,-1.3132549268377143,0.12815533980582525,0.4377461383856414,1.0,9/21,28.90%,ZFP36L1;RSF1;POLA1;POLR2A;PRIM2;HELB;PRIM1;TAF13;NCOA6
prerank,Positive Regulation Of Tumor Necrosis Factor Production (GO:0032760),0.3569275682424436,1.31260663329469,0.10699588477366255,0.3591512681832874,1.0,12/40,21.54%,TYROBP;PYCARD;CYBA;DDT;OAS1;FADD;LGALS9;OAS2;MAVS;PTPN11;LCP1;IFNGR1
prerank,Positive Regulation Of Nitric Oxide Metabolic Process (GO:1904407),-0.4315312560263437,-1.311510887598143,0.13495575221238937,0.4391672488472824,1.0,11/17,31.24%,KLF4;PTGS2;INSR;P2RX4;KLF2;CLU;TNF;PKD2;CLEC7A;HBB;TLR4
prerank,Regulation Of Apoptotic Signaling Pathway (GO:2001233),0.4104836384816632,1.3108151702992132,0.11670020120724346,0.3608586246411568,1.0,12/24,25.93%,PYCARD;CSNK2A1;TMBIM1;ETFA;BCL2L12;CSNK2A2;PTPMT1;FAS;TGFBR1;TRAF7;CRADD;MAZ
prerank,Chordate Embryonic Development (GO:0043009),-0.42081100583132536,-1.3090962282318175,0.15105162523900573,0.4424108569126696,1.0,7/20,14.88%,PKD1;MBNL1;BRCA1;WDPCP;XYLT1;FUT8;CHD7
prerank,Phosphorylation (GO:0016310),-0.25741853362265915,-1.3088132805984853,0.025477707006369428,0.44055681378776995,1.0,102/253,31.16%,BRD2;CDK17;CDK11A;STAT3;ERN1;BRAF;PKN2;CDK19;UVRAG;MAP4K5;PRPF4B;TNK2;CDK16;HIPK1;SGK1;FNIP2;SIK2;PIM2;ILF3;DYRK1A;TAF4B;PLK2;MAP3K5;TESK2;TNIK;MAPKAPK2;TLK2;ULK1;PICK1;INSR;MAP3K11;STK3;JAK2;TAF1;NEK1;BIRC6;STK17B;PAK4;PRKAG2;ATG14;CCNT1;ABL1;PI4KA;TAOK2;MARK3;ERG;LATS1;TAOK3;FASTK;NEK3;TBCK;CDK11B;PIK3R4;MAP4K3;STK4;STK19;AKT3;ATR;SMG1;MAPK6;RICTOR;MAP3K13;CLK3;STK17A;PRKAG1;PIM3;RB1CC1;PIK3CB;TAF3;EIF2AK2;CSNK1D;LIMD1;TLK1;ATM;DGKZ;MEX3B;SIK3;PDPK1;SYK;LATS2;MKNK2;CHUK;TAF2;TAF13;PIK3CG;TGFBR2;CERK;DAPK3;PRKDC;PRKCQ;CSNK1E;PIK3C3;MAPK8;DGKG;CSNK1G2;TRIB1;RPTOR;APP;STRADA;PRKCH;GSK3B;WNK1
prerank,Regulation Of Cellular Catabolic Process (GO:0031329),-0.34543718764315073,-1.307803900606236,0.08213552361396304,0.44036631746598387,1.0,14/41,18.14%,DDIT3;HDAC6;UVRAG;LONP2;MTMR3;EP300;ABL2;ITPR1;MTMR4;ABL1;SMCR8;PSAP;KAT8;PIK3R4
prerank,Negative Regulation Of Protein Binding (GO:0032091),0.34569613307262537,1.307099757206581,0.10359408033826638,0.36632896978138324,1.0,11/42,16.51%,PPP1CA;RALB;BAX;CTNNBIP1;ITGB1BP1;STYX;PARK7;AKT1;PRKCD;PIN1;ARRB2
prerank,Negative Regulation Of Ubiquitin-Dependent Protein Catabolic Process (GO:2000059),0.3786646391195169,1.3055479244093833,0.11823647294589178,0.3678455970572165,1.0,9/27,20.20%,CSNK2A1;N4BP1;PARK7;SDCBP;EIF3H;CSNK2A2;PDCL3;DDRGK1;TAF9
prerank,Positive Regulation Of Cellular Component Organization (GO:0051130),0.3254607775111887,1.305533758629298,0.08745247148288973,0.3663264676590607,1.0,12/52,11.09%,S100A10;ANXA2;BAX;SH3GLB1;BRK1;PARK7;TMEM30A;ADD1;RHOC;BID;TGFB1;SUMO1
prerank,Negative Regulation Of Cell-Cell Adhesion (GO:0022408),-0.41972850403758066,-1.3049627167063735,0.1393939393939394,0.444557293799656,1.0,2/20,2.07%,KLF4;MIA3
prerank,Cellular Response To Vascular Endothelial Growth Factor Stimulus (GO:0035924),-0.4452472916035885,-1.303287876512439,0.14453125,0.44594231421784875,1.0,4/15,12.36%,NR4A1;ERN1;MAPKAPK2;NOTCH1
prerank,Positive Regulation Of Calcium Ion Transmembrane Transporter Activity (GO:1901021),0.4495559663304577,1.3026206343357118,0.1600790513833992,0.370322959686377,1.0,6/15,14.11%,STAC3;GSTO1;APEX1;CALM2;CALM1;CALM3
prerank,Myelination (GO:0042552),-0.4422308021707457,-1.3016355215149027,0.1488469601677149,0.4477434679334917,1.0,9/16,33.43%,SBF2;CXCR4;SKI;EIF2B4;NF1;TNFRSF21;EIF2B5;SIRT2;GPM6B
prerank,Lipid Biosynthetic Process (GO:0008610),0.3656599268037303,1.3016056273337255,0.12475633528265107,0.370890657453678,1.0,10/34,21.88%,NDUFAB1;FDFT1;SCP2;LSS;ACLY;PCYT2;CYP51A1;MVD;LCP1;AGPAT3
prerank,Regulation Of Intracellular Steroid Hormone Receptor Signaling Pathway (GO:0033143),-0.4244819572064065,-1.3010374707984935,0.12307692307692308,0.4467222244588483,1.0,5/18,10.73%,SAFB2;HDAC6;DDX5;KDM4C;EP300
prerank,Negative Regulation Of Cell Differentiation (GO:0045596),-0.3038367331820074,-1.30090102176612,0.07203389830508475,0.4445221383009955,1.0,28/83,25.11%,ZBED6;NFKBIA;MEIS1;ASXL1;SIRT1;ABCA5;BRD9;HNRNPU;GPS2;SOX4;EID2B;SPRY1;BCL7A;NOTCH1;FOXO1;ANKRD26;IQCB1;LDLRAD4;SKI;CRIM1;SPRY2;HES1;PTBP1;SMAD7;TNF;LIMD1;NR1H2;ABCG1
prerank,Positive Regulation Of Proteolysis (GO:0045862),0.378514973492,1.2997534651675604,0.12269938650306748,0.37281142667269784,1.0,13/30,29.21%,AURKAIP1;FURIN;TNIP1;FADD;CTSC;PINK1;BAK1;HDAC2;STUB1;TNFRSF1B;NDUFA13;MAPK12;TANK
prerank,Regulation Of Interleukin-1 Beta Production (GO:0032651),0.34511961937649294,1.299275962542627,0.09430255402750491,0.37220266875508917,1.0,9/41,10.06%,TYROBP;PYCARD;SERPINB1;ELF4;CD36;GSTP1;MYD88;CD33;LGALS9
prerank,Establishment Of Mitotic Spindle Orientation (GO:0000132),-0.41927136062589176,-1.2981785924576044,0.1431297709923664,0.4486949136798524,1.0,7/19,13.49%,NDE1;NDEL1;HTT;KAT5;GPSM2;NUMA1;GPSM1
prerank,Small GTPase Mediated Signal Transduction (GO:0007264),0.31565527910810515,1.2954888490241572,0.10515463917525773,0.37813773631323555,1.0,12/63,7.26%,RGS19;RALB;RALA;RRAGC;GNB1;ARHGAP18;CHP1;RAC1;KRAS;RALBP1;PARK7;ARL3
prerank,Chromatin Organization (GO:0006325),-0.26504769244583615,-1.295441213680645,0.05084745762711865,0.45280021113750324,1.0,51/189,19.20%,BRD2;USP36;PER1;INO80;CHD1;JARID2;DDX21;CHD3;SIRT1;KAT6B;KAT7;MORC2;ZNF274;DDX11;BRD9;PHF1;RSF1;INO80B;SPTY2D1;PWWP2A;HNRNPU;CHD6;KAT2A;KDM4C;TRIM28;KDM6A;SFPQ;INO80E;ATRX;BCL7A;KDM6B;SLFN11;PER2;BPTF;ING5;ARID1B;ARID2;MBD3;UBN1;EHMT1;BAZ2B;CHD7;RYBP;EZH2;SMARCC2;L3MBTL1;MYBBP1A;HDAC10;HCFC1;CFDP1;HDAC5
prerank,Epidermal Growth Factor Receptor Signaling Pathway (GO:0007173),-0.40801235380446677,-1.2937821728667922,0.15417558886509636,0.4543719898688994,1.0,4/20,6.85%,AREG;EREG;BRAF;PIK3C2A
prerank,"DNA Damage Response, Signal Transduction By P53 Class Mediator (GO:0030330)",-0.40508537873173955,-1.2935308612482224,0.13398058252427184,0.452439247213594,1.0,9/20,26.28%,PLK3;PLK2;ATRX;KAT5;NDRG1;MDM4;MDM2;ATM;BCL3
prerank,Positive Regulation Of Interleukin-1 Production (GO:0032732),0.36290132471664194,1.2916192085489135,0.12550607287449392,0.3845614508838947,1.0,6/33,10.06%,TYROBP;PYCARD;TMED10;CD36;MYD88;LGALS9
prerank,Unsaturated Fatty Acid Metabolic Process (GO:0033559),0.4163265114259303,1.2907245469122908,0.16631578947368422,0.3849695495447855,1.0,5/19,10.71%,ELOVL1;SCP2;GPX4;GSTP1;ACOT8
prerank,Positive Regulation Of Protein-Containing Complex Assembly (GO:0031334),0.32150564101094825,1.2899839747332125,0.10784313725490197,0.3849650425062459,1.0,20/57,19.68%,BAX;BTK;SH3GLB1;BRK1;TPPP3;PARK7;RAP1B;CD36;MYD88;CAPG;RHOC;BID;TGFB1;SUMO1;BAK1;ISG15;PLEK;MAVS;FSCN1;STUB1
prerank,Melanosome Organization (GO:0032438),0.38434773248336734,1.2883423446909756,0.13306451612903225,0.3866930028127024,1.0,11/26,21.49%,SNAPIN;RAB32;BLOC1S1;AP1M1;BLOC1S2;AP3S1;BLOC1S4;AP3M1;HPS1;AP1S2;AP1S1
prerank,Regulation Of DNA Repair (GO:0006282),-0.28739160365833333,-1.2882937611167666,0.06547619047619048,0.46271303038562883,1.0,25/101,13.83%,EPC1;ATXN7;INO80;SMCHD1;SIRT1;KAT7;ING3;INO80B;RAD52;BARD1;UBR5;KAT2A;TRIM28;TRRAP;BRCA1;INO80E;BCL7A;PARG;KAT5;SIRT7;POLH;EP400;SUPT20H;ARID1B;ARID2
prerank,Gene Expression (GO:0010467),-0.27372424101751885,-1.2881619410056415,0.06326530612244897,0.46053908912527114,1.0,53/145,28.05%,RBM4;NXF1;RBM39;DNTTIP2;YTHDC1;HNRNPH3;UPF2;HNRNPL;HNRNPH1;DEDD2;HNRNPA2B1;PABPC4;RBM5;HNRNPU;MBTPS1;SMG6;DDX39A;HNRNPUL1;ATXN1;THOC1;EIF4A3;NUP107;ABCF1;DDX19B;RBM6;ADAR;NUP160;TFIP11;NUFIP1;SORL1;DDX39B;RRBP1;MCM3AP;CASC3;SMG5;SMG1;EXOSC2;NLRP3;SMG7;ZNF830;SRBD1;ALKBH5;DNAJB11;AGFG1;SRSF3;NCBP1;RBM8A;DIS3L;THOC2;ADARB1;LMF2;TASP1;UPF1
prerank,Granulocyte Chemotaxis (GO:0071621),-0.3972434580431572,-1.2880726373863336,0.125,0.45826025550491106,1.0,7/22,8.66%,PDE4B;CXCL3;S100A9;S100A8;CXCL2;GBF1;CCL4
prerank,Protein N-linked Glycosylation (GO:0006487),0.3362865534255526,1.2862601764746506,0.10462776659959759,0.38935433122578256,1.0,12/46,15.19%,PDCD6;OST4;OSTC;DAD1;TMEM258;DDOST;PSMD2;UBE2J1;SRD5A3;MGAT4B;MLEC;MAGT1
prerank,Activation Of GTPase Activity (GO:0090630),-0.3408014804201887,-1.2857396176443818,0.10183299389002037,0.46142058079840625,1.0,26/39,37.54%,BCR;RALGAPA1;TBC1D22A;SGSM3;ARHGAP22;TBCK;TBC1D17;TBC1D22B;RANGAP1;TBC1D2B;RALGAPA2;BCAS3;TSC1;PIP5K1A;TBC1D7;TBC1D5;TBC1D10C;RAP1GAP2;AGAP2;CCDC125;CORO1C;EVI5;TAX1BP3;TBC1D9B;USP6NL;SGSM2
prerank,Positive Regulation Of Innate Immune Response (GO:0045089),0.41420559606527046,1.285177834252533,0.16111111111111112,0.3898966834083201,1.0,8/21,20.63%,SPI1;CCL5;UBE2K;FADD;SLC15A4;MAVS;IFI35;RIOK3
prerank,Protein Insertion Into ER Membrane (GO:0045048),0.40476559790569183,1.2850680477337035,0.15618661257606492,0.38854266148436056,1.0,14/21,38.52%,UBL4A;EMC6;EMC8;TRAM1;TMCO1;WDR83OS;EMC7;EMC10;TRAM2;EMC4;MMGT1;TMEM147;CAMLG;SEC61A1
prerank,Positive Regulation Of Tumor Necrosis Factor Superfamily Cytokine Production (GO:1903557),0.34850810459463455,1.2845652281307824,0.12603305785123967,0.3879390206463922,1.0,12/41,21.54%,TYROBP;PYCARD;CYBA;DDT;OAS1;FADD;LGALS9;OAS2;MAVS;PTPN11;LCP1;IFNGR1
prerank,Positive Regulation Of Intracellular Signal Transduction (GO:1902533),0.2506072748939496,1.2841014304378662,0.0345489443378119,0.38742340870788033,1.0,70/269,20.57%,LGALS1;PYCARD;S100A4;RHOA;LAMTOR2;C1QBP;TNFRSF1A;TXN;TRIM21;PTPN6;BAX;HCST;SLC9A3R1;ITGB1BP1;ILK;LAMTOR5;CCL5;CXXC5;NEK6;FKBP1A;LAMTOR1;LITAF;PARP1;PARK7;MFHAS1;ETFA;RTN4;PHB2;ROCK2;PTP4A3;TMEM9B;RRAGA;MYD88;RHOC;FADD;LGALS9;LIMS1;BID;TGFB1;LTB;SHISA5;MTDH;BCAP31;UBE2N;PINK1;CPNE1;TFG;NUP93;LAMTOR4;LYN;DDX1;IL18;OSBPL8;UBE2V1;TRADD;NDFIP1;MAVS;VAPA;SEC13;TNFRSF25;SHARPIN;BECN1;HRAS;CCDC22;IFI35;ITGB1;SLC35B2;IRAK1;DOK2;HIP1
prerank,Response To Lipid (GO:0033993),-0.32329184955917806,-1.2839395949611752,0.12473572938689217,0.4634598041332707,1.0,19/53,19.79%,STAT3;FOXO3;PELI1;ASXL1;IL12A;S100A9;S100A8;LIAS;MAPKAPK2;PLCG2;JAK2;FOXO1;FOXP1;STAT5B;OTUD5;RXRB;TAB2;GCH1;STRN3
prerank,Cell Chemotaxis (GO:0060326),0.4299952164094316,1.2836186622170689,0.1414141414141414,0.3869201636625532,1.0,7/16,19.15%,RHOG;RAB13;BIN2;PRKCD;ARRB2;TNFRSF25;CORO1B
prerank,Regulation Of Cyclin-Dependent Protein Serine/Threonine Kinase Activity (GO:0000079),-0.33731910121558834,-1.281973214047494,0.10416666666666667,0.4659422853388588,1.0,16/41,23.20%,PKD1;HEXIM1;CCNH;CDK5RAP3;SERTAD1;CCNG2;CCNK;MNAT1;CCNT2;CCNT1;CDK5RAP1;LATS1;BLM;GADD45A;CDC37;PKD2
prerank,Positive Regulation Of Macromolecule Metabolic Process (GO:0010604),0.2719609000850901,1.2817846886634612,0.04208416833667335,0.3890222356297634,1.0,30/148,11.48%,TYROBP;ANXA2;ACTG1;MSN;HDAC1;LAMTOR5;VPS35;KRAS;EZR;PARK7;PDCD10;CD36;TADA3;MYC;ROCK2;TERF2;ITGAX;DTX3L;MYD88;MAPK9;MTPN;PDCD5;VAMP3;LGALS9;LIMS1;FAM98A;TGFB1;MAP2K2;TESC;NR1H3
prerank,Extrinsic Apoptotic Signaling Pathway Via Death Domain Receptors (GO:0008625),0.39343250612087527,1.281646651545296,0.15630885122410546,0.38780924177925846,1.0,8/23,12.90%,SPI1;TNFRSF1A;BAX;DAXX;FADD;BID;BLOC1S2;DEDD
prerank,Response To Estrogen (GO:0043627),-0.4185318373875154,-1.2812661236383234,0.16122448979591836,0.4652314343525745,1.0,10/18,30.48%,CITED2;RBBP5;BRCA1;EP300;CRHBP;KMT2D;ARID5A;SFR1;BCAS3;TRIM24
prerank,Organelle Membrane Fusion (GO:0090174),0.4139333849612665,1.2812023993822055,0.15619047619047619,0.3871096400919243,1.0,6/19,16.46%,VAMP8;STX7;VAMP3;STX8;STX6;VAMP7
prerank,Mitotic Sister Chromatid Segregation (GO:0000070),-0.3111915098487466,-1.2792690957785915,0.10119047619047619,0.46778347293411676,1.0,20/62,14.79%,STAG1;OFD1;CHMP1B;INO80;PIBF1;KNTC1;NCAPH2;DIS3L2;EML4;NCAPD3;CLASP2;TTN;CHMP4A;GOLGA2;ZNF207;NUSAP1;MIS12;EML3;SPICE1;NUP62
prerank,Metaphase Plate Congression (GO:0051310),0.3635218334268419,1.2789549849012172,0.14081632653061224,0.39025564171127486,1.0,12/33,15.04%,VPS4B;CHMP2A;KPNB1;CHMP5;PDCD6IP;MAP1S;DCTN2;RAB11A;ZW10;CHMP6;CDC23;NUDC
prerank,Regulation Of Extrinsic Apoptotic Signaling Pathway Via Death Domain Receptors (GO:1902041),-0.4141165599735969,-1.2785616365687498,0.1554192229038855,0.46706545124423277,1.0,5/20,8.90%,TNFAIP3;DDX3X;SERPINE1;STX4;BRCA1
prerank,Regulation Of Angiogenesis (GO:0045765),-0.301618847679764,-1.277937626724408,0.09583333333333334,0.466166864608076,1.0,26/78,26.10%,KLF4;TNFAIP3;BTG1;SIRT1;SERPINE1;KRIT1;HIPK1;BRCA1;PAK4;MECP2;ZC3H12A;ATF2;HGS;STIM1;HIF1A;PPP1R16B;ETS1;HOXA5;SPRY2;GLUL;CTNNB1;NF1;RHOB;PDPK1;PLXND1;FGF18
prerank,Positive Regulation Of Response To Stimulus (GO:0048584),-0.3443659381761844,-1.2774173300759182,0.1337448559670782,0.46512005710558374,1.0,11/40,9.50%,IER5;INO80;SMCHD1;CDKN2AIP;SIRT1;INO80B;TRIM28;LRRC70;BRCA1;HOMER1;INO80E
prerank,Negative Regulation Of Cold-Induced Thermogenesis (GO:0120163),-0.3884411758398727,-1.276481730146882,0.16356107660455488,0.4650096726008277,1.0,12/25,33.61%,DDIT3;ID1;ARRDC3;NOTCH1;PLCL2;IP6K1;ATF4;NR1H2;TFE3;TLR4;FLCN;NPR3
prerank,Response To Interferon-Beta (GO:0035456),0.40074520528757795,1.2762839814548212,0.16173570019723865,0.3942919069270063,1.0,10/21,32.91%,UBE2K;IFITM2;OAS1;CALM1;IFNAR1;IFITM3;NDUFA13;IKBKE;STAT1;IFITM1
prerank,Negative Regulation Of Protein-Containing Complex Assembly (GO:0031333),-0.3714490105404212,-1.2758044196068175,0.14757281553398058,0.4641500700408064,1.0,11/28,21.01%,DDX3X;PTGER4;HDAC6;RAF1;EP300;ULK1;LDLRAD4;TFIP11;PEX5;SORL1;CLU
prerank,RNA Phosphodiester Bond Hydrolysis (GO:0090501),-0.4035393083611681,-1.275691241219171,0.15447154471544716,0.46204857239808034,1.0,6/20,16.52%,PCF11;ERN1;PDE12;PARN;ZC3H12A;XRN1
prerank,Protein N-linked Glycosylation Via Asparagine (GO:0018279),0.4108118128269784,1.2756689056393336,0.17276422764227642,0.3941706440318323,1.0,11/20,26.28%,OST4;OSTC;DAD1;DDOST;PSMD2;UBE2J1;MAGT1;STT3A;MGAT2;NUDT14;RPN2
prerank,Exocytosis (GO:0006887),0.3303721690105786,1.2752916840021133,0.12619502868068833,0.39340086466682805,1.0,16/47,18.45%,RAB10;SNAP29;CCL5;TMED10;TMEM167A;EXOC5;COPS5;JAGN1;VAMP3;SYNGR2;RAB31;RAB11A;SYTL1;VAMP7;SNAP23;STX2
prerank,Lipid Transport (GO:0006869),0.3429358818163385,1.2738275481487542,0.12698412698412698,0.3950279266355265,1.0,17/43,21.95%,LYPLA1;PRELID1;SCP2;CD36;SLC10A3;GOT2;ESYT1;OSBPL8;PITPNB;NME4;SPNS2;VAPA;NPC2;FABP5;PCTP;SLC27A5;PITPNA
prerank,Protein Secretion (GO:0009306),0.3710883242189495,1.2735554823547572,0.14003944773175542,0.3940646017503234,1.0,8/30,11.94%,ARFGAP3;TMEM167A;PARK7;RAB13;ANXA1;RAB8A;COPG1;SNX19
prerank,Regulation Of Vesicle-Mediated Transport (GO:0060627),0.3253066528547652,1.2728968730185068,0.11,0.39386629077823027,1.0,13/50,16.89%,RALA;PACSIN2;ARFGAP3;MAPK1;APEX1;RAB13;RAB4A;MAP2K2;RAB8A;RAB11A;SNX17;RUFY1;AP2S1
prerank,Double-Strand Break Repair (GO:0006302),-0.2786601384471919,-1.272583029416374,0.05186721991701245,0.46725104597465544,1.0,25/112,12.40%,BRCA2;KDM2A;EPC1;INO80;TDP1;RECQL5;SPIDR;POLM;PNKP;WRN;RAD52;TOP3A;ZMYND8;SMC5;SFPQ;REV3L;MCM9;POLA1;BRCA1;POLB;HELQ;KAT5;MMS22L;TP53BP1;RNF138
prerank,DNA-templated Transcription (GO:0006351),-0.26727708099725567,-1.2723787499906198,0.07099391480730223,0.46538064732839074,1.0,32/144,15.23%,NR4A2;EPC1;IVNS1ABP;FOXO3;EREG;NFKBIB;CCNH;DDX21;ZFP36L1;TAF1C;DDX5;CDK12;RSF1;SPTY2D1;MNT;TOPORS;CRCP;GTF2F1;POLR2A;CCNK;MNAT1;RNPS1;SLC25A33;IRF9;TAF1;NFAT5;PHF3;POLR1C;RBMX;CCNT2;CCNT1;GTF2B
prerank,Negative Regulation Of Mitotic Cell Cycle Phase Transition (GO:1901991),-0.36621817264326484,-1.2721958105090823,0.15918367346938775,0.4634813019969205,1.0,5/28,10.79%,KLF4;ZFP36L1;JADE1;DLG1;SLFN11
prerank,Regulation Of Kinase Activity (GO:0043549),-0.36014672075079884,-1.2714829975037443,0.1419491525423729,0.4628313539192399,1.0,11/31,22.64%,TSPYL2;ANKRD54;IRS2;HNRNPU;TTN;INSR;CCNYL1;VAC14;DSTYK;CDKN1C;NLRC5
prerank,Positive Regulation Of Myoblast Differentiation (GO:0045663),-0.3850941462846113,-1.2706822634013262,0.13690476190476192,0.4625613027499084,1.0,8/25,16.21%,BTG1;SOX4;KAT5;PLCB1;ARID1B;ARID2;HIF1AN;SMARCC2
prerank,Positive Regulation Of I-kappaB kinase/NF-kappaB Signaling (GO:0043123),0.2788758815520976,1.2703722899403533,0.08365019011406843,0.3975468641626332,1.0,33/120,20.34%,LGALS1;S100A4;RHOA;TNFRSF1A;TRIM21;LAMTOR5;CXXC5;NEK6;FKBP1A;LITAF;PARP1;TMEM9B;MYD88;RHOC;FADD;LGALS9;LTB;SHISA5;MTDH;UBE2N;PINK1;TFG;DDX1;UBE2V1;TRADD;NDFIP1;MAVS;VAPA;TNFRSF25;SHARPIN;CCDC22;SLC35B2;IRAK1
prerank,Phosphatidylinositol Phosphate Biosynthetic Process (GO:0046854),-0.3660898593447875,-1.270074325141497,0.1225296442687747,0.46184238376331693,1.0,15/30,29.58%,UVRAG;SOCS3;PIK3C2A;PIK3R1;PI4KA;TTC7A;PIK3R4;IP6K1;SMG1;PIK3CB;SOCS1;SOCS6;PIK3CG;SOCS5;PIK3C3
prerank,Positive Regulation Of Cell Population Proliferation (GO:0008284),0.2636294053421883,1.2698530330073523,0.05063291139240506,0.39718651529490373,1.0,61/183,24.73%,S100A6;CAPN1;RHOG;GNAI2;CAPNS1;PTPN6;TIMP1;CDC123;ITGB1BP1;HDAC1;PRDX3;CSNK2A1;SLC25A5;KRAS;CCL5;COX17;PDCD10;ASH2L;SDCBP;MYC;LIG4;ROMO1;NAP1L1;CIB1;ITGAX;FAM98A;TGFB1;MCTS1;BCL7C;NME1;LYN;AKT1;CSF1R;STAMBP;IL18;NDUFS4;DNAJA2;AIF1;CD47;DDRGK1;HDAC2;NACC1;GID8;SSR1;CIAO1;HRAS;PRKCI;ACTL6A;NME2;ADAM10;MVD;SS18;NPM1;TGFBR1;AKR1C3;BMI1;PIM1;UFL1;IL6R;PRMT1;PDGFA
prerank,Cellular Response To Reactive Oxygen Species (GO:0034614),-0.325720261168723,-1.269340226127054,0.1290983606557377,0.46131776324257284,1.0,19/48,26.88%,JUN;FOS;TNFAIP3;HDAC6;SIRT1;MAP3K5;ERCC6L2;OSER1;ANKZF1;PEX5;NFE2L2;TPM1;CLU;PKD2;RHOB;ATM;SIRPA;NCF1;CHUK
prerank,Positive Regulation Of Double-Strand Break Repair (GO:2000781),-0.3146438270214561,-1.2692578924598157,0.13333333333333333,0.4592985887941875,1.0,16/59,13.83%,FUS;EPC1;SMCHD1;ZCWPW1;SIRT1;SPIDR;PNKP;DDX11;ING3;TRRAP;HELQ;BCL7A;KAT5;EP400;ARID1B;ARID2
prerank,Multivesicular Body Sorting Pathway (GO:0071985),0.41921645175834554,1.2691599247223584,0.17693836978131214,0.39706939011418985,1.0,5/18,7.87%,VTA1;VPS4B;CHMP2A;CHMP5;RILP
prerank,Cellular Response To UV (GO:0034644),0.3202339604038357,1.2687695151753897,0.10317460317460317,0.3963246478640548,1.0,14/53,15.38%,CRIP1;RBX1;TIMP1;N4BP1;PPID;EIF2S1;PARP1;MYC;HYAL2;CUL4A;BAK1;PRKCD;OPN3;YY1
prerank,tRNA Modification (GO:0006400),-0.32863465468155256,-1.2675364180279725,0.14078674948240166,0.461053241411274,1.0,18/46,29.36%,NSUN6;THUMPD1;YRDC;MTO1;THADA;WDR6;KTI12;THUMPD2;DUS3L;TRMT12;TYW1;TRMT13;METTL2B;TRMT1;QTRT1;TARBP1;CDKAL1;DTWD2
prerank,Glycosaminoglycan Biosynthetic Process (GO:0006024),-0.36850492589630757,-1.2661456472287542,0.1623246492985972,0.4620482900168346,1.0,13/28,29.48%,SLC10A7;B4GALT4;DSE;ST3GAL1;XYLT1;CHPF2;CHST11;CHSY1;ST3GAL6;CSGALNACT2;ST3GAL3;B3GNT2;GLCE
prerank,Negative Regulation Of Blood Vessel Morphogenesis (GO:2000181),-0.3808985079323646,-1.2635747073338337,0.1440162271805274,0.4658014618977131,1.0,8/25,21.70%,KLF4;KRIT1;MECP2;ATF2;HGS;HOXA5;SPRY2;CTNNB1
prerank,Regulation Of Transcription Initiation By RNA Polymerase II (GO:0060260),-0.32958192353091376,-1.26322638970082,0.12280701754385964,0.46444820025580125,1.0,20/47,27.59%,MED29;MED19;DHX36;PWWP2A;MED6;SRF;PPM1D;TAF4B;ZNF451;TAF1;MED14;MED17;MED15;MED23;TAF3;GTF2A1;TAF2;MED9;TAF13;MED13
prerank,Regulation Of Peptidyl-Serine Phosphorylation (GO:0033135),-0.3227357973725528,-1.26193797482113,0.13333333333333333,0.4653172555660366,1.0,16/48,22.86%,FNIP1;HDAC6;BRAF;AVP;TFRC;RAF1;FNIP2;NSD1;INPP5K;LATS1;RIPK2;PDE4D;STK4;SPRY2;SMAD7;TNF
prerank,Autophagosome Maturation (GO:0097352),0.3437682930204121,1.26083204757446,0.14038876889848811,0.41126267606995565,1.0,15/38,23.53%,VAMP8;VPS4B;SNAP29;CHMP2A;TSG101;CHMP5;CALM1;CHMP6;VPS33A;VAMP7;BECN1;LAMP2;WIPI2;CHMP1A;LIX1L
prerank,Positive Regulation Of Smooth Muscle Cell Proliferation (GO:0048661),-0.3937890890294473,-1.2605113802736354,0.15495867768595042,0.4664630697884855,1.0,3/21,1.92%,JUN;ERN1;EREG
prerank,Cellular Response To Hormone Stimulus (GO:0032870),-0.3422206684066239,-1.2604968582504605,0.16149068322981366,0.4642838648669946,1.0,15/37,30.48%,STAT3;ZFP36L1;ATP1A1;KLF9;INPP5K;CRHBP;STAT5B;NR3C1;NCOA2;ARID5A;SFR1;NCOA1;BCAS3;TFPI;TRIM24
prerank,Regulation Of Receptor Signaling Pathway Via JAK-STAT (GO:0046425),-0.370522579924693,-1.2600942301476734,0.14522821576763487,0.46299018509389145,1.0,15/29,26.28%,SOCS3;EP300;JAK2;NOTCH1;PTPN2;HGS;LEPROT;IL10RA;TYK2;DOT1L;HES1;SOCS1;TNF;CENPJ;BCL3
prerank,Regulation Of Protein Autophosphorylation (GO:0031952),0.4080234716514779,1.2599362078743161,0.1657250470809793,0.41167156435419205,1.0,12/19,31.68%,CHP1;CALM2;CALM1;CALM3;RAP2A;IMPACT;PDGFA;RAP2C;PDGFC;NBN;RASSF2;MVP
prerank,Regulation Of Cardiac Muscle Contraction (GO:0055117),-0.4246649807285509,-1.2597776928441953,0.17184265010351968,0.46157929365583844,1.0,9/15,22.01%,PDE4B;RGS2;ATP2A2;P2RX4;ASB3;ZC3H12A;PDE4D;ATP1B1;SMAD7
prerank,Response To Tumor Necrosis Factor (GO:0034612),-0.3216959749009353,-1.2594150553234498,0.13253012048192772,0.46030590272382177,1.0,17/46,20.33%,NFKBIA;SIRT1;ZFP36L1;ZFP36;SMPD4;CCL4;BRCA1;AFF3;JAK2;INPP5K;MAP2K7;CRHBP;ZC3H12A;YBX3;MAP4K3;GCH1;NFE2L2
prerank,Regulation Of p38MAPK Cascade (GO:1900744),-0.38414437948796537,-1.2592725030228586,0.16561844863731656,0.45858034579903884,1.0,6/23,7.00%,DUSP1;GADD45B;PER1;ULK4;MAP3K4;DLG1
prerank,Negative Regulation Of Response To Stimulus (GO:0048585),-0.3876339804964267,-1.2588631401617922,0.1752988047808765,0.4574162048033782,1.0,10/23,24.83%,KLF4;SIRT1;INPP5D;VPS13C;KLF7;MCTP1;SMCR8;CLU;PIM3;NR1H2
prerank,Negative Regulation Of Viral Process (GO:0048525),0.33610621497923765,1.2587135017222544,0.13518518518518519,0.41283100609400813,1.0,13/42,20.22%,TRIM21;APOBEC3C;CCL5;N4BP1;APOBEC3G;IFITM2;BANF1;OAS1;TNIP1;OAS2;ISG15;MAVS;APOBEC3F
prerank,Negative Regulation Of Cell Growth (GO:0030308),-0.31314605949991586,-1.2586279534909508,0.13070539419087138,0.45589938373633104,1.0,11/58,10.82%,TSPYL2;BTG1;DDX3X;ST7L;CDKN2AIP;SIRT1;JADE1;BRCA1;DNAJB2;ING1;ULK1
prerank,Peptide Metabolic Process (GO:0006518),0.36536990994808544,1.2583952589008212,0.1555977229601518,0.412035225293952,1.0,9/30,23.40%,SEC11A;SPCS1;FURIN;APEH;HM13;SPCS2;ANPEP;SEC11C;TPP1
prerank,Cellular Response To Lipopolysaccharide (GO:0071222),0.30256044175350016,1.2572006303692187,0.12162162162162163,0.4129765870812512,1.0,16/65,14.94%,PYCARD;RHOA;VIM;CCL5;CHMP5;CD68;PEX2;GSTP1;MYD88;TNIP1;TGFB1;CTR9;MTDH;NR1H3;LYN;IL18
prerank,Cytoskeleton-Dependent Cytokinesis (GO:0061640),0.3387692754391099,1.2568611449098281,0.13008130081300814,0.4122283622561246,1.0,12/38,16.23%,RHOA;CFL1;DCTN3;EXOC5;PDCD6IP;ARL3;ROCK2;JTB;RHOC;STMN1;STAMBP;RAB35
prerank,Autophagosome Assembly (GO:0000045),-0.3270570624725681,-1.256597388125106,0.12650602409638553,0.4588507049619735,1.0,16/48,23.31%,ATG2A;GABARAPL1;LRBA;ULK1;WDR45B;ATG4D;ATG12;SMURF1;AP4M1;MAP1LC3A;ATG14;ATP2A2;ATG16L2;STX12;RB1CC1;UBXN2A
prerank,Positive Regulation Of Interleukin-6 Production (GO:0032755),0.3357553394037511,1.2564484163603478,0.14922480620155038,0.41167698579639234,1.0,6/40,10.06%,TYROBP;PYCARD;CYBA;HYAL2;MYD88;LGALS9
prerank,Negative Regulation Of DNA Recombination (GO:0045910),-0.4291747364291908,-1.256313149096215,0.19181034482758622,0.45742361630820294,1.0,7/16,22.98%,KLHL15;SMCHD1;KAT5;TP53BP1;MSH3;BLM;HELB
prerank,Positive Regulation Of Lymphocyte Activation (GO:0051251),0.4243691897554104,1.25413085414135,0.16827852998065765,0.4151837082653296,1.0,2/17,0.05%,TYROBP;PYCARD
prerank,Positive Regulation Of Protein Modification Process (GO:0031401),0.27412592788466966,1.2540912961134125,0.07514450867052024,0.4137440194703068,1.0,29/109,19.87%,RALB;TXN;ILK;CHP1;RAC1;KRAS;MOB1A;PPP1R7;RALBP1;DAXX;CALM2;ROCK2;DYNLL1;CIB1;TGFB1;CALM1;PINK1;LYN;AKT1;CALM3;CDK2AP1;PRKCD;CSF1R;PIN1;PPP2R5A;MAVS;HRAS;RAP2A;CAMTA1
prerank,Transport Across Blood-Brain Barrier (GO:0150104),-0.35843897742868625,-1.252869432597575,0.17463617463617465,0.4632735910170589,1.0,11/28,20.70%,SLC38A2;TFRC;SLC2A3;INSR;SLC1A5;SLC16A1;SLC15A2;ATP8A1;SLCO3A1;SLC16A7;SLC7A5
prerank,Positive Regulation Of Epithelial Cell Migration (GO:0010634),0.3308323756022028,1.2528058645228652,0.14198782961460446,0.4149007559868353,1.0,10/45,13.83%,PFN1;GLIPR2;ITGB1BP1;PDCD6;RAC1;RTN4;ROCK2;RAB11A;ARF6;AKT1
prerank,Plasma Membrane Repair (GO:0001778),0.4352780323758258,1.2527831424031326,0.1949685534591195,0.41344226118272515,1.0,7/15,23.38%,VPS4B;CHMP2A;CHMP5;ARL8B;CHMP6;CHMP1A;MYH9
prerank,Regulation Of Tumor Necrosis Factor Production (GO:0032680),0.31149764598437546,1.2522239459508795,0.1306930693069307,0.4131896280463684,1.0,18/59,21.54%,TYROBP;PYCARD;PTPN6;CYBA;ELF4;DDT;GSTP1;OAS1;FADD;CD33;LGALS9;OAS2;DICER1;CD47;MAVS;PTPN11;LCP1;IFNGR1
prerank,Protein Depolymerization (GO:0051261),0.4308635278647469,1.2519857967600923,0.16494845360824742,0.4122533336858712,1.0,4/16,7.07%,TWF2;VPS4B;DSTN;WDR1
prerank,Protein Phosphorylation (GO:0006468),-0.24183044921293795,-1.2514409552087848,0.055776892430278883,0.46465536698874693,1.0,94/273,27.58%,CLK1;BRD2;CDK17;CDK11A;ERN1;PKD1;BRAF;PKN2;CDK19;UVRAG;MAP4K5;PRPF4B;CDK16;HIPK1;SGK1;CDK12;FNIP2;SIK2;PIM2;MAP3K3;ILF3;ERC1;USP15;DYRK1A;TAF4B;PLK2;MAP3K5;TESK2;TNIK;MAPKAPK2;TLK2;ULK1;ABL2;PICK1;INSR;MAP3K11;STK3;JAK2;TAF1;NEK1;BIRC6;STK17B;PAK4;MAST4;PRKAG2;ATG14;AKT2;CCNT1;ABL1;ATF2;TAOK2;MARK3;ERG;LATS1;TAOK3;FASTK;NEK3;TBCK;CDK11B;PIK3R4;MAP4K3;STK4;CLK4;STK19;AKT3;ATR;SMG1;MAPK6;RICTOR;MAP3K13;CLK3;STK17A;SMAD7;PRKAG1;PIM3;RB1CC1;TAF3;EIF2AK2;CSNK1D;TNKS;TLK1;MAPK14;ATM;MEX3B;SIK3;PDPK1;SYK;LATS2;MKNK2;CHUK;TAF2;TAF13;TGFBR2;DAPK3
prerank,"mRNA Splicing, Via Spliceosome (GO:0000398)",-0.2561569744578528,-1.2513187374716905,0.06967213114754098,0.4628362329074918,1.0,44/184,17.03%,SRSF7;RBM4;TRA2B;ZCCHC8;SRSF10;RBM14;YTHDC1;CWC25;HNRNPH3;TRA2A;SRRM1;PRPF3;RSRC1;PNN;HNRNPH1;PRPF4B;RNPC3;CWF19L2;DDX5;HNRNPA2B1;RBM5;HNRNPU;DHX38;SFPQ;BCAS2;SNIP1;SDE2;DDX39A;SRRM2;SRSF1;RNPS1;SNRNP70;RBM19;EIF4A3;HNRNPA3;SRSF6;RBM6;RBMX;DHX15;COIL;SRSF2;PPWD1;U2AF1;TFIP11
prerank,Establishment Of Protein Localization To Extracellular Region (GO:0035592),0.4060251304596521,1.2507571762070924,0.17575757575757575,0.4132682756756768,1.0,5/20,11.74%,ARFGAP3;TMEM167A;RAB13;RAB8A;COPG1
prerank,Histone mRNA Metabolic Process (GO:0008334),0.4292500206432266,1.2506646230548337,0.19607843137254902,0.41196642789729376,1.0,6/15,23.37%,LSM10;CPSF2;LSM1;SLBP;SSB;ERI1
prerank,Negative Regulation Of Cytokine Production (GO:0001818),0.29410552722166505,1.2501593974562037,0.12115384615384615,0.41146686600625615,1.0,15/86,10.06%,TYROBP;PYCARD;RBX1;C1QBP;PTPN6;RAC1;N4BP1;EZR;ELF4;ANXA4;BANF1;TMSB4X;ANXA1;CD33;LGALS9
prerank,Positive Regulation Of Protein Localization To Nucleus (GO:1900182),0.32371240852217753,1.2478117290354636,0.13617886178861788,0.41499614628979375,1.0,23/48,23.16%,RAN;CCT5;LAMTOR5;MCRS1;PARK7;CCT7;HYAL2;DTX3L;TGFB1;JUP;CCT8;CCT4;CCT6A;PRKCD;MAVS;CCT2;SMAD3;CCT3;DKC1;JAK1;ORMDL3;PPP3CB;FLNA
prerank,tRNA Methylation (GO:0030488),-0.36383757423483654,-1.247648889709627,0.15625,0.4693203242333543,1.0,11/28,26.14%,NSUN6;MTO1;THADA;WDR6;THUMPD2;TRMT12;TRMT13;METTL2B;TRMT1;TRMT10B;TARBP1
prerank,Nuclear Membrane Reassembly (GO:0031468),0.3925598490848241,1.246802799681314,0.17473684210526316,0.41565969956045645,1.0,7/22,13.88%,VPS4B;CHMP2A;CHMP5;BANF1;UBE2I;REEP3;CHMP6
prerank,Regulation Of Viral Genome Replication (GO:0045069),0.3238707776462242,1.2460690243761863,0.13636363636363635,0.4157868783077001,1.0,15/49,18.16%,APOBEC3C;CCL5;N4BP1;PPID;APOBEC3G;IFITM2;BANF1;OAS1;TNIP1;STAU1;VAPB;OAS2;ISG15;MAVS;PPIE
prerank,Post-Transcriptional Regulation Of Gene Expression (GO:0010608),-0.3337975499569469,-1.245569042897909,0.136,0.47230658296572786,1.0,14/41,19.15%,YTHDC1;FOXO3;PER1;TCOF1;MSI2;ZC3H7B;ZC3H7A;ATXN2;ATG14;RC3H1;EIF2B4;DUS3L;NOLC1;METTL16
prerank,Membrane Protein Proteolysis (GO:0033619),0.3901934720850304,1.2447408161728117,0.162109375,0.41694369906338863,1.0,8/21,23.38%,PSENEN;TGFB1;CLPP;APH1A;SPPL2A;HM13;NCSTN;MYH9
prerank,Negative Regulation Of Intracellular Protein Transport (GO:0090317),0.43592166658097464,1.2441291791328526,0.18127490039840638,0.41679605294726524,1.0,4/15,11.09%,ITGB1BP1;CHP1;PARK7;SUMO1
prerank,Negative Regulation Of Blood Vessel Endothelial Cell Migration (GO:0043537),0.3986174734992526,1.2434577609955717,0.17830882352941177,0.41671838085595153,1.0,7/20,14.59%,RHOA;ITGB1BP1;TBXA2R;PDCD10;TGFB1;JUP;CSNK2B
prerank,Ubiquitin-Dependent Protein Catabolic Process Via The Multivesicular Body Sorting Pathway (GO:0043162),0.3694066870120758,1.2432940021604857,0.16559139784946236,0.41565754231897567,1.0,8/28,13.88%,VPS4B;CHMP2A;TSG101;CHMP5;RNF126;VPS25;VPS28;CHMP6
prerank,Negative Regulation Of Type I Interferon Production (GO:0032480),0.3751383693274558,1.2432260139454436,0.15789473684210525,0.4143625184684848,1.0,3/26,0.53%,TYROBP;PYCARD;RBX1
prerank,Cellular Response To Amino Acid Stimulus (GO:0071230),0.4034909399337836,1.2426012961958568,0.17025440313111545,0.41424369346642365,1.0,6/20,13.30%,LAMTOR2;RRAGC;LAMTOR5;LAMTOR1;RRAGA;LAMTOR4
prerank,Protein Export From Nucleus (GO:0006611),0.39259737185145904,1.2419648805181231,0.16535433070866143,0.41417579286946515,1.0,5/21,10.40%,NUTF2;RAN;CHP1;STYX;TGFB1
prerank,G1/S Transition Of Mitotic Cell Cycle (GO:0000082),-0.3356674630198227,-1.241952265856106,0.13793103448275862,0.47860226972816045,1.0,17/37,28.03%,CDK17;ZNF324;DBF4;PLK3;CDK16;PIM2;NPAT;PLK2;POLE;LATS1;USP37;CUL3;BRD4;E2F3;BACH1;LATS2;EIF4E
prerank,Positive Regulation Of Cell Death (GO:0010942),0.3745063288929363,1.2402950639792731,0.16570327552986513,0.4161916848916135,1.0,12/26,29.99%,TYROBP;HEBP2;DAXX;REST;ITGB2;HTATIP2;SLC6A6;RIPK1;BNIP3;SNCA;MARK4;HBD
prerank,Negative Regulation Of Receptor-Mediated Endocytosis (GO:0048261),0.40742955557228505,1.2401332470645963,0.19635627530364372,0.4150723964819712,1.0,4/18,13.60%,ANXA2;RAC1;SDCBP;ARF6
prerank,Protein Polymerization (GO:0051258),0.34249648269553357,1.2400229735444663,0.16363636363636364,0.4138720897466039,1.0,14/33,21.27%,RAC1;CHMP2A;TPPP3;MSRB1;UBE2K;GPX4;MAP4;WAS;RNF135;PIN1;DIAPH1;MSRB2;GAS7;GSN
prerank,Response To Ionizing Radiation (GO:0010212),-0.31240103236176564,-1.2395931929211677,0.1308016877637131,0.48216845689782023,1.0,23/52,30.16%,BRCA2;INO80;SIRT1;SPIDR;BARD1;RAD9A;BRCA1;XRRA1;KAT5;RFWD3;BLM;GADD45A;UIMC1;CLOCK;BRAT1;MAPK14;RHOB;ATM;RNF8;HUS1;FIGNL1;RNF168;INTS3
prerank,Regulation Of Extrinsic Apoptotic Signaling Pathway (GO:2001236),0.3232426394868929,1.2384006203481206,0.17346938775510204,0.4158368599728338,1.0,9/43,10.54%,PYCARD;PAK2;PARK7;ETFA;HYAL2;GSTP1;FADD;BID;LTB
prerank,Regulation Of Protein Modification Process (GO:0031399),-0.3689701143764658,-1.2383234776117273,0.1839323467230444,0.4831542268774786,1.0,17/27,34.42%,FNIP1;PHIP;FNIP2;CCDC88C;ULK1;ATG14;ASPSCR1;PPP1R16B;RB1CC1;SOCS1;ATG10;CCAR2;ATG7;FKTN;FLCN;ATG13;CORO1C
prerank,Regulation Of Proteasomal Protein Catabolic Process (GO:0061136),0.34464877070917244,1.237631407716945,0.17025440313111545,0.416176529651892,1.0,12/36,19.43%,PSME2;PSMF1;F8A1;PSME1;PSMC5;PINK1;TMTC3;DDRGK1;PSMC2;COMMD1;PSMD14;GABARAPL2
prerank,Negative Regulation Of Supramolecular Fiber Organization (GO:1902904),0.3347255803944142,1.234662342903235,0.1617933723196881,0.4210704198150786,1.0,11/38,17.08%,TWF2;CORO1A;PFN1;PFDN4;CIB1;VBP1;PFDN2;STMN1;PRKCD;PFDN5;SSH1
prerank,Positive Regulation Of Neuron Projection Development (GO:0010976),0.35288629803598165,1.2346097237763078,0.1436893203883495,0.41977872375429287,1.0,12/34,23.01%,TWF2;CAMK1D;SNX3;RAP1A;SCN1B;CAPRIN1;SCARB2;LYN;PRKCI;MARK2;DBN1;SCARF1
prerank,Positive Regulation Of DNA Recombination (GO:0045911),-0.34748084868806517,-1.2340556042060236,0.1721311475409836,0.4913822561153477,1.0,11/34,13.83%,FUS;EPC1;ZCWPW1;TFRC;ING3;TRRAP;HELQ;KAT5;TP53BP1;EP400;ARID2
prerank,Protein Quality Control For Misfolded Or Incompletely Synthesized Proteins (GO:0006515),-0.3797779105412762,-1.2332144619807934,0.17995910020449898,0.49119895445445966,1.0,12/24,30.34%,YME1L1;KLHL15;HDAC6;UGGT2;LONP1;FBXL17;ANKZF1;CUL3;NGLY1;OMA1;UGGT1;BAG6
prerank,DNA-templated Transcription Elongation (GO:0006354),0.3735067407098814,1.2323216279529,0.16757741347905283,0.42327618736073985,1.0,8/24,12.52%,LEO1;PEX2;ELOF1;SUPT4H1;SUPT16H;PBRM1;CTR9;GTF2F2
prerank,Transforming Growth Factor Beta Receptor Signaling Pathway (GO:0007179),-0.33711036300527725,-1.2314709337614351,0.16733067729083664,0.4932520912940204,1.0,6/35,8.11%,JUN;FOS;STAT3;SIRT1;ID1;USP15
prerank,Regulation Of Cytoplasmic Translation (GO:2000765),-0.41854766436721935,-1.2313806618666978,0.19433198380566802,0.4914088287009903,1.0,5/17,6.31%,CPEB4;PARP16;DHX36;UNK;HNRNPU
prerank,Phosphatidylinositol Biosynthetic Process (GO:0006661),-0.29244968280189754,-1.2311286013447227,0.11702127659574468,0.48995003685805555,1.0,29/67,30.02%,SOCS3;PIK3C2A;PIGG;MTMR3;INPP5D;MTMR6;PIK3R1;PLCG2;MTMR4;INPP5K;PIGQ;PI4KA;TTC7A;VAC14;SYNJ1;IP6K1;SMG1;PIK3CB;SOCS1;SOCS6;PIP5K1B;INPP4A;PIK3CG;PIP5K1A;PGAP2;SOCS5;SACM1L;PIK3C3;PIGM
prerank,Positive Regulation Of Response To Biotic Stimulus (GO:0002833),0.4053775793826186,1.2293530750886918,0.1968810916179337,0.4279798770938719,1.0,7/19,20.63%,CCL5;CYBA;FADD;SLC15A4;LY86;IFI35;RIOK3
prerank,Negative Regulation Of Stress-Activated MAPK Cascade (GO:0032873),-0.37440104154726017,-1.2288658618940687,0.18055555555555555,0.4934582488047057,1.0,8/24,17.33%,DUSP1;PER1;DLG1;GPS2;DUSP10;FOXO1;NCOR1;TAOK3
prerank,Positive Regulation Of Macromolecule Biosynthetic Process (GO:0010557),-0.28839075114334034,-1.2285848859646225,0.13320079522862824,0.4919666240331324,1.0,18/75,18.34%,KLF4;DDX3X;IRS2;EPM2AIP1;NAMPT;SIRT1;PPP1R3E;YTHDF3;LARP1B;SOX4;EIF3C;INSR;JAK2;EIF4A3;AKT2;UPF3B;SLC25A37;EIF4G3
prerank,"Negative Regulation Of DNA-templated Transcription, Elongation (GO:0032785)",-0.4017027120366969,-1.2276851673660956,0.19957537154989385,0.49217364936574515,1.0,6/18,19.48%,RECQL5;HEXIM1;HNRNPU;TCERG1;NELFCD;SUPT5H
prerank,Pyroptosis (GO:0070269),0.4229410707902354,1.2272766186814288,0.20281124497991967,0.43075221829049465,1.0,3/15,9.12%,PYCARD;TRIM21;APIP
prerank,Synaptic Vesicle Recycling (GO:0036465),0.39613639277532536,1.2268138905925825,0.2101010101010101,0.43033232025093276,1.0,11/20,32.66%,AP2M1;AP3S1;PIP5K1C;AP2S1;AP2B1;CDK5;SYNJ2;SNCA;CANX;GIT2;GIT1
prerank,Positive Regulation Of Peptidyl-Serine Phosphorylation (GO:0033138),-0.33543774615794836,-1.226035234161167,0.15767634854771784,0.4942107170175932,1.0,7/38,5.63%,FNIP1;HDAC6;BRAF;AVP;TFRC;RAF1;FNIP2
prerank,Regulation Of NIK/NF-kappaB Signaling (GO:1901222),0.320141623376527,1.2243690665184488,0.16252390057361377,0.4342444846973296,1.0,10/48,10.12%,PYCARD;RHOA;SPI1;ILK;EZR;PHB2;PTP4A3;TMSB4X;LGALS9;LIMS1
prerank,Histone Lysine Methylation (GO:0034968),-0.35637846794442934,-1.2238365024400575,0.17706237424547283,0.49774597352095173,1.0,17/27,32.53%,EHMT2;KDM6A;RBBP5;KMT2B;KMT2C;MLLT10;BOD1L1;KMT2D;HCFC1;DOT1L;WDR5;SETD1A;CXXC1;KMT2A;NCOA6;WDR5B;SETDB2
prerank,Negative Regulation Of Proteasomal Ubiquitin-Dependent Protein Catabolic Process (GO:0032435),0.3738631177391105,1.2230525809922037,0.17872340425531916,0.4356393224614583,1.0,10/24,29.34%,N4BP1;STYX;PARK7;SDCBP;EIF3H;DDRGK1;TAF9;MAP1A;USP14;UCHL5
prerank,Positive Regulation Of Intracellular Protein Transport (GO:0090316),0.27971067749503786,1.2219170200105347,0.12348178137651822,0.4367073586616837,1.0,30/89,24.42%,RAC2;ITGB1BP1;SH3GLB1;RAN;CHP1;UBE2L3;YWHAE;TMEM30A;PDCD10;PRR5L;OAZ1;CIB1;HYAL2;TGFB1;ERGIC3;JUP;PINK1;ITGB2;PRKCD;PIN1;UBE2J2;CSNK2A2;MAVS;HRAS;SMAD3;MIEF1;ANP32B;FLNA;OAZ2;RNF2
prerank,Cellular Response To Heat (GO:0034605),0.38834337244197253,1.2197674259763123,0.19215686274509805,0.4399477843397888,1.0,5/21,11.09%,HSBP1;PDCD6;YWHAE;DAXX;SUMO1
prerank,Positive Regulation Of Signal Transduction (GO:0009967),-0.2716065331355107,-1.2195759756535498,0.10714285714285714,0.5063973332801054,1.0,28/104,18.73%,TNFAIP3;STAT3;ERN1;IL6ST;CDKN2AIP;PHIP;ASXL1;SIRT1;TRIM44;GKAP1;MBD5;GPS2;CITED2;HTT;ZRANB1;HOMER1;PIK3R1;JAK2;ING5;TM2D3;TUBD1;SKI;ATP6V0C;RXRB;HIF1A;KLF2;DSTYK;SORL1
prerank,Maturation Of SSU-rRNA (GO:0030490),0.36537519243123096,1.2192287951068843,0.20486815415821502,0.4395965643762175,1.0,8/25,20.63%,RRP36;UTP3;TSR3;LSM6;NOB1;UTP6;RIOK2;RIOK3
prerank,Regulation Of Lipid Metabolic Process (GO:0019216),-0.3709727349496995,-1.2171700781738275,0.19456066945606695,0.5101938997604827,1.0,9/23,17.69%,IRS2;GPS2;NR1D2;RNF213;PLCG2;PRKAG2;ABCA7;PSAP;NCOA2
prerank,Positive Regulation Of Insulin Secretion (GO:0032024),-0.41264975615839095,-1.2169186172004784,0.19745222929936307,0.5086539984164687,1.0,4/16,7.38%,IRS2;TCF7L2;STX4;SOX4
prerank,DNA-templated Transcription Initiation (GO:0006352),-0.3111272294617994,-1.2161321403689518,0.17,0.5084002720257045,1.0,19/49,28.90%,CCNH;ZFP36L1;TAF1C;RSF1;CRCP;GTF2F1;TAF4B;TAF1;RRN3;MED17;GTF2B;MED23;E2F3;GTF2H2;TAF2;TAF13;CDK7;ERCC3;NCOA6
prerank,Monocarboxylic Acid Biosynthetic Process (GO:0072330),0.3438455083214065,1.2148220275766988,0.19765166340508805,0.44795603398350975,1.0,10/31,22.00%,NDUFAB1;SCP2;PARK7;ACLY;ACOT8;HSD17B10;CYP7B1;SLC27A5;LCP1;SLC27A2
prerank,Regulation Of Peptidyl-Threonine Phosphorylation (GO:0010799),0.406263905705219,1.2143516487888693,0.18664047151277013,0.4475206204167071,1.0,7/17,18.59%,UBE2K;MAPK1;CALM2;TGFB1;CALM1;CALM3;CAB39
prerank,Cellular Response To Lipid (GO:0071396),0.2700215719267822,1.2137129368927497,0.1394422310756972,0.4474846595196401,1.0,17/99,11.48%,PYCARD;RHOA;TWF2;VIM;MSN;UBE2L3;NCOA4;CHMP5;CD68;PEX2;ROCK2;GSTP1;MYD88;TNIP1;CTR9;TESC;NR1H3
prerank,Regulation Of Filopodium Assembly (GO:0051489),0.376459525996367,1.212951475402253,0.21975806451612903,0.4477437987060791,1.0,7/21,18.53%,CDC42;CAPZB;RALA;ARF6;PRKCD;MIEN1;FSCN1
prerank,Positive Regulation Of Cell Motility (GO:2000147),0.2802676533480497,1.2128699336946147,0.13293650793650794,0.44647150890851317,1.0,26/83,25.93%,CDC42;FERMT3;CCL5;PDCD10;SDCBP;ROCK2;CIB1;ITGAX;UBE2I;RHOC;TGFB1;PHPT1;ACTN4;CSF1R;AIF1;TRADD;MIEN1;DDRGK1;HRAS;ITGB1;ADAM10;FAM89B;TGFBR1;PDGFA;CD151;MAZ
prerank,Cell Morphogenesis Involved In Neuron Differentiation (GO:0048667),0.3633181790023299,1.211668521998754,0.20675944333996024,0.4477011105920971,1.0,5/26,11.12%,S100A6;RAB10;SSNA1;MAP1S;RAB8A
prerank,ncRNA Catabolic Process (GO:0034661),-0.3665138458373999,-1.2088635301225155,0.20292887029288703,0.5245715631809349,1.0,7/23,20.39%,ZCCHC8;DIS3L2;DEDD2;PARN;ZC3H12A;XRN1;EXOSC2
prerank,Regulation Of Interleukin-17 Production (GO:0032660),-0.41267724384045734,-1.2079184522502273,0.22465208747514911,0.5245828568077182,1.0,11/15,31.24%,DDIT3;IL12A;JAK2;RFTN1;TYK2;SLC7A5;TNFSF4;PRNP;OSM;PRKCQ;TLR4
prerank,Regulation Of Wound Healing (GO:0061041),-0.3975359259835266,-1.2078722540964955,0.2220039292730845,0.5225497449476266,1.0,9/18,29.98%,TNFAIP3;SERPINE1;ARFGEF1;SRSF6;MMRN1;CD109;OCLN;CLEC7A;HBEGF
prerank,Negative Regulation Of Cell-Substrate Adhesion (GO:0010812),0.4094281779872074,1.2058129145845167,0.21052631578947367,0.45926157604268925,1.0,2/16,2.09%,RHOA;ITGB1BP1
prerank,Cellular Response To Molecule Of Bacterial Origin (GO:0071219),0.2968074359809754,1.204593556227691,0.16569200779727095,0.4606118071648087,1.0,11/56,11.48%,PYCARD;RHOA;VIM;CHMP5;CD68;PEX2;GSTP1;MYD88;TNIP1;CTR9;NR1H3
prerank,Positive Regulation Of Cellular Biosynthetic Process (GO:0031328),-0.2660734801004043,-1.2044109900913584,0.14516129032258066,0.5289136652285618,1.0,34/104,23.25%,KLF4;DDX3X;IRS2;EGR1;PTGS2;EPM2AIP1;SIRT1;PPP1R3E;TCF7L2;YTHDF3;LARP1B;SOX4;EIF3C;KAT5;SIRT7;INSR;EIF4A3;SREBF1;FOXO1;PTPN2;AKT2;P2RX4;UPF3B;HIF1A;EIF4G3;KLF2;CLU;CTNNB1;ATP7A;SCARB1;CIRBP;TNF;PKD2;LDLR
prerank,Sensory Perception Of Mechanical Stimulus (GO:0050954),0.39049830083534043,1.2043928516081095,0.20739219712525667,0.4595887989861987,1.0,4/19,7.07%,TIMM8B;NDUFB9;TIMM13;WDR1
prerank,Positive Regulation Of Interleukin-8 Production (GO:0032757),0.34072051467817116,1.2043659946971346,0.20952380952380953,0.45819739836473833,1.0,8/31,13.34%,PYCARD;LAMTOR5;PARK7;HYAL2;MYD88;FADD;LGALS9;CD244
prerank,Establishment Of Spindle Orientation (GO:0051294),-0.3799254643278582,-1.204006281336836,0.2125984251968504,0.5278180097715467,1.0,7/21,13.49%,NDE1;NDEL1;HTT;KAT5;GPSM2;NUMA1;GPSM1
prerank,Histone Deubiquitination (GO:0016578),-0.3495808071507648,-1.2032819742669951,0.19747899159663865,0.5275890255512709,1.0,8/27,16.35%,ATXN7;BARD1;KAT2A;TRRAP;USP3;BRCA1;SUPT20H;USP22
prerank,Positive Regulation Of Signaling Receptor Activity (GO:2000273),-0.4083337524195353,-1.2024801423185125,0.2300194931773879,0.527411692590606,1.0,6/17,11.91%,AREG;EREG;HDAC6;FBXW7;JAK2;TAF1
prerank,Canonical Wnt Signaling Pathway (GO:0060070),-0.38566329004895605,-1.1971384832601517,0.21774193548387097,0.5389500996861555,1.0,11/19,33.08%,NR4A2;TCF7;TCF7L2;SIAH2;FRAT1;CTNNB1;DVL2;FRAT2;CSNK1E;GSK3B;SIAH1
prerank,Proteasome-Mediated Ubiquitin-Dependent Protein Catabolic Process (GO:0043161),0.23535442307196008,1.1961764226259055,0.09236947791164658,0.47512280985872046,1.0,61/244,19.77%,RBX1;PSMB1;PSMA5;PSMA4;PSMA7;SEC61B;PSMB2;PSMB3;PSMD7;PSMB5;PSMB4;FBXO45;PSMB6;SH3BGRL;ANAPC11;PSMD4;RNF126;PSMD13;UBE2K;KCTD10;PSMC1;JKAMP;MAEA;HECTD3;RNF34;PSMD8;PSMB7;PSMD1;KLHDC3;PSMD2;UBE2J1;UBE4A;PSMC5;CUL4A;ANAPC16;UBE2A;UBE2B;SPOP;CDC23;CDC26;CRBN;PSMD3;APPBP2;ARRB2;PSMA1;UBE2J2;SKP2;PSMA3;GID8;PSMD11;PCBP2;GID4;PSMD6;PSMC2;SHARPIN;PSMD14;CDC16;TRIP4;PSMC4;STUB1;KLHDC2
prerank,Negative Regulation Of Gene Expression (GO:0010629),-0.24202533479992558,-1.1958794038114702,0.09979633401221996,0.5400361045130642,1.0,38/187,15.80%,KLF4;RBM4;BTG2;EPC1;TIPARP;STAT3;ERN1;MPHOSPH8;DDX3X;PTGER4;REL;TOB1;SIRT1;TNRC6B;DIS3L2;ZFP36;MORC2;ZNF410;DHX36;ILF3;CITED2;PPM1D;FBXW7;DXO;CD46;DDX6;ZNF503;TAF1;EIF4A3;NOTCH1;CNOT1;CNOT10;CREBZF;PTBP2;FOXP1;MECP2;EZH2;ZC3H12A
prerank,Neuron Projection Extension (GO:1990138),0.4044788663877986,1.1946057933984768,0.22674418604651161,0.47727263554400084,1.0,10/16,31.12%,SSNA1;CPNE1;IQGAP1;PPP3CB;IMPACT;CDK5;SPAG6;LLPH;EIF2AK4;CYFIP1
prerank,DNA Duplex Unwinding (GO:0032508),-0.3597378158941564,-1.1945770077132545,0.2158859470468432,0.5415071306224035,1.0,6/27,8.26%,MCM7;RECQL5;SUPV3L1;DDX11;WRN;MCM9
prerank,mRNA Catabolic Process (GO:0006402),-0.3293105183172041,-1.1931637647826303,0.21595330739299612,0.5431625381744146,1.0,11/33,19.15%,ERN1;PDE12;SUPV3L1;DIS3L2;ZFP36;DDX5;DXO;CNOT10;RC3H1;XRN1;METTL16
prerank,Positive Regulation Of Immunoglobulin Production (GO:0002639),-0.3991481841573282,-1.1928631518867483,0.23505154639175257,0.5417179123675044,1.0,5/17,15.96%,DNAJB9;TFRC;STX4;TP53BP1;MZB1
prerank,Negative Regulation Of Protein Phosphorylation (GO:0001933),0.2813528890324597,1.191907926802608,0.15851272015655576,0.4818943083916649,1.0,17/76,15.59%,PAK2;PTPN6;ITGB1BP1;CHP1;PARK7;CALM2;PRR5L;CIB1;GSTP1;TGFB1;CALM1;SORD;LYN;AKT1;CALM3;PRKCD;FKBP8
prerank,Regulation Of Intracellular Signal Transduction (GO:1902531),-0.249013961019058,-1.1919009021273168,0.10526315789473684,0.5419529803430153,1.0,60/158,27.25%,ANKRD54;NFKBIA;PLK3;AKAP13;NOP2;BCR;SGK1;TAGAP;ULK4;MYO9B;DLG1;ITFG2;OBSCN;FGD3;ARHGAP26;RRAGB;TNIK;EP300;ARHGAP5;PLCG2;STK3;TAF1;ARHGEF9;MYO9A;KAT6A;PAK4;TELO2;ARHGAP22;LIME1;TAOK3;PPP1R16B;TBCK;FAM13A;VAV3;STK4;ARHGAP15;SRGAP3;ARAP1;RICTOR;GNA12;ARHGAP21;NEK8;TNF;ARHGAP27;PHLPP1;SETD9;ZFAND6;PTPN22;BST1;PIP5K1B;ATM;LBH;SLA;PDPK1;GRAP;BCL3;SPATA13;FAM13B;ARHGEF2;BOP1
prerank,Negative Regulation Of Transforming Growth Factor Beta Receptor Signaling Pathway (GO:0030512),-0.3167632700197455,-1.19162390995292,0.21138211382113822,0.5405616878580412,1.0,18/41,25.92%,ARID4A;ARID4B;SIRT1;SIN3A;LEMD3;ZNF451;SPRY1;ING1;MTMR4;SMURF1;LDLRAD4;SKI;SMURF2;SPRY2;SMAD7;CD109;PPM1A;PDPK1
prerank,Plasma Membrane Bounded Cell Projection Organization (GO:0120036),0.28443973438984665,1.1908852375635643,0.15524193548387097,0.4828149403677619,1.0,21/67,19.15%,TOR1A;SLC9A3R1;RAC1;SNAPIN;MANF;BLOC1S1;RAB13;MAP4;BLOC1S2;BLOC1S4;PHPT1;RAB11A;ATXN10;LYN;STMN1;CSF1R;RAB35;EHD1;PLEK;VAPA;CORO1B
prerank,Mitotic Cell Cycle Checkpoint Signaling (GO:0007093),-0.39371659304010614,-1.190666298285019,0.2345924453280318,0.5409664489311165,1.0,4/18,8.90%,PLK3;CDK5RAP3;BARD1;BRCA1
prerank,Negative Regulation Of Autophagy (GO:0010507),-0.3137377125538631,-1.1892633980572886,0.19745222929936307,0.5425843600099818,1.0,20/44,32.64%,MCL1;USP36;STAT3;RRAGB;GOLGA2;TLK2;WDR6;SNRNP70;SMCR8;TAB2;EIF4G3;IL10RA;BCL2;PTPN22;TSC1;EIF4E;RPTOR;TAB3;SIRT2;FOXK1
prerank,Regulation Of Cellular Metabolic Process (GO:0031323),0.33380957656862376,1.1877384712448094,0.22672064777327935,0.48871816373924254,1.0,10/33,19.68%,PGAM1;EIF6;NEK6;MBOAT7;RNF34;PINK1;RSL1D1;ARL2;NPC2;STUB1
prerank,Protein Localization To Cilium (GO:0061512),-0.4061971519755659,-1.1874162392300973,0.25308641975308643,0.545132482645602,1.0,6/15,23.42%,TTC21B;TMEM107;INVS;IFT122;BBS9;CSNK1D
prerank,Phosphate-Containing Compound Metabolic Process (GO:0006796),0.2707506605337787,1.1872116295212094,0.15473887814313347,0.4883503466735005,1.0,34/94,27.34%,NUDT5;PAK2;PPP1CA;PFKP;PPA1;GPX4;TGFB1;HK1;BCKDK;AKT1;IMPA2;PPA2;AGPAT2;GDE1;G6PD;INPP1;NT5C;PLA2G15;ACYP2;DUSP22;LCP1;DUSP12;PIK3CA;PRR5;PPP3CB;TAOK1;CDK5;NUDT14;TRH;LHPP;INPP5B;G6PC3;DUSP18;DUSP3
prerank,Renal System Development (GO:0072001),-0.3812401898912526,-1.1856737177125038,0.23449612403100775,0.5475765551775053,1.0,4/19,10.81%,HELLS;PKD1;CEP290;IFT88
prerank,Cellular Response To Insulin Stimulus (GO:0032869),-0.29296122527005625,-1.18562182444386,0.18091451292246521,0.5456385894390645,1.0,23/58,27.13%,IRS2;PHIP;NAMPT;ZFP36L1;PIK3C2A;SYAP1;SLC25A33;PIK3R1;INSR;INPP5K;DENND4C;FOXO1;PTPN2;AKT2;MYO5A;HDAC5;VAMP2;BAIAP2;STXBP4;SOGA1;PDPK1;LPIN1;USF1
prerank,Response To Type II Interferon (GO:0034341),0.3354873274853677,1.185444226623021,0.21923076923076923,0.4907805138930996,1.0,14/35,26.32%,TRIM21;CCL5;CALCOCO2;IFITM2;LGALS9;CALM1;IL12RB1;AIF1;CD47;KYNU;SP100;CASP1;IFITM3;SNCA
prerank,Purine Ribonucleotide Biosynthetic Process (GO:0009152),0.35689091076361495,1.1846609343061139,0.22132796780684105,0.4911334983415224,1.0,17/25,34.46%,ACOT7;PPCS;TGFB1;IMPDH2;PPCDC;GMPS;PAICS;IMPDH1;PAPSS1;NUDT2;COASY;DCAKD;ALDOA;ADSL;PANK3;ADCY7;ATIC
prerank,Non-Motile Cilium Assembly (GO:1905515),-0.38306574325679266,-1.1819836893273612,0.2316831683168317,0.552848991181369,1.0,6/19,14.24%,TMEM107;PIBF1;C2CD3;IFT88;TBC1D32;IFT122
prerank,Regulation Of Mitochondrial Translation (GO:0070129),0.38209809765171476,1.18166426253059,0.2484725050916497,0.49641816726329396,1.0,10/19,34.62%,C1QBP;COA3;TSFM;SHMT2;MALSU1;RPUSD3;FASTKD3;TRUB2;UQCC2;TRMT10C
prerank,Peptide Biosynthetic Process (GO:0043043),0.3785236972164008,1.179848996006311,0.23461538461538461,0.4991459395986432,1.0,12/20,33.93%,GSPT1;COPS5;FURIN;TNIP1;GGT5;EEF1A1;AGO2;EIF4EBP2;GSPT2;MRRF;FAU;FARSB
prerank,Epithelial Cell Migration (GO:0010631),0.371221592525961,1.1798223905016854,0.24752475247524752,0.4976842270567978,1.0,8/20,21.84%,RHOA;KANK2;PTP4A3;PXN;LPXN;TNFRSF25;PIK3CA;PKN1
prerank,Sphingolipid Metabolic Process (GO:0006665),0.3056991483814075,1.1794122329104204,0.18992248062015504,0.4971977635788107,1.0,21/48,32.51%,ELOVL1;ORMDL2;GLB1;FUT7;SGPL1;TM9SF2;CERS2;SPNS2;PPP2R1A;PLA2G15;ORMDL3;SERINC1;SPTLC2;ST6GALNAC6;SUMF1;CERS4;PPT1;KDSR;CERS5;ARV1;GLTP
prerank,Cytoplasmic Microtubule Organization (GO:0031122),-0.33389017648350333,-1.1791528339971662,0.21041666666666667,0.5580170803793222,1.0,12/35,13.60%,HOOK2;PLK3;TUBGCP6;DYNC1H1;DLG1;TUBGCP5;TUBGCP3;CCDC88C;WDR73;NUMA1;TUBGCP4;HOOK3
prerank,Transcription Elongation By RNA Polymerase II (GO:0006368),0.34986724459997676,1.1790388573195718,0.22736030828516376,0.4965120522809357,1.0,8/26,12.52%,LEO1;PEX2;ELOF1;SUPT4H1;SUPT16H;PBRM1;CTR9;GTF2F2
prerank,Negative Regulation Of Epithelial Cell Proliferation (GO:0050680),-0.35826079017346957,-1.1788144951133743,0.24646464646464647,0.5567262447729922,1.0,6/24,11.17%,BRCA2;EREG;KRIT1;KLF9;FBXW7;DUSP10
prerank,Regulation Of Cell Growth (GO:0001558),-0.2504035038201929,-1.1782668695455185,0.13646055437100213,0.5560426113870295,1.0,20/123,10.51%,TSPYL2;BTG1;PTCH2;CDK11A;DDX3X;INO80;ST7L;SUPV3L1;CDKN2AIP;SIRT1;KAT7;TFRC;SGK1;S100A9;S100A8;JADE1;BRCA1;DNAJB2;SLC25A33;ING1
prerank,Positive Regulation Of Telomere Maintenance Via Telomerase (GO:0032212),0.3421405128569681,1.1772078157680181,0.2047244094488189,0.4992918144870763,1.0,11/28,21.55%,CCT5;MAPK1;XRCC5;CCT7;TNIP1;CCT8;CCT4;CCT6A;HNRNPA1;CCT2;CCT3
prerank,Protein Localization (GO:0008104),0.2326962080573649,1.1766321215725835,0.10826771653543307,0.4991911420542221,1.0,62/220,23.34%,LAMTOR2;RRAGC;SNX6;YWHAH;PDCD6;VPS35;COPZ1;LAMTOR1;RAB5C;TMED10;RAB32;ARFGAP3;ARCN1;CUTA;VPS29;APEX1;VCL;TIMM17B;SEC23IP;ROMO1;CTSA;CLTC;RRAGA;STX7;TM9SF2;RAB14;SUMO1;STX8;RAB31;DNAJC15;GRPEL1;SNX17;ARL1;TMED2;ARF1;ARF6;ARF5;STX6;VPS26A;USO1;TMED9;RAB35;EHD1;COPB2;ARFIP1;VPS33A;ARF3;RAB28;SNX1;SEC13;STX2;CORO1B;RAP2A;RAB1B;WIPI2;VPS26B;RAB18;NPM1;RAB1A;HHEX;FLNA;GOPC
prerank,Positive Regulation Of Cysteine-Type Endopeptidase Activity Involved In Apoptotic Process (GO:0043280),0.2890014793362134,1.1766193330892487,0.1954459203036053,0.4977166729741999,1.0,26/68,26.42%,PYCARD;BAX;PDCD6;ARL6IP5;AIFM1;MYC;DYNLL1;PDCD2;REST;PDCD5;LGALS9;BID;BCAP31;SORD;FAM162A;IFT57;HIP1;SMAD3;GSN;FAS;ANP32B;CASP1;CRADD;CTSD;SNCA;NDUFA13
prerank,Response To Transforming Growth Factor Beta (GO:0071559),0.38286573207004737,1.1759311143861206,0.24196597353497165,0.4978897305729621,1.0,6/18,10.62%,ROCK2;HYAL2;PDCD5;LIMS1;TGFB1;RUNX3
prerank,Cellular Response To Alcohol (GO:0097306),-0.3599481179067344,-1.1758859212491057,0.23107569721115537,0.559899610092771,1.0,9/23,22.45%,PTGER4;SPIDR;KLF9;BRCA1;GNG2;BLM;AHR;CTNNB1;TNFSF4
prerank,Protein Localization To Organelle (GO:0033365),0.27216792036612325,1.175032793249018,0.20348837209302326,0.49848190357666633,1.0,34/91,23.62%,MTCH2;TOR1A;PACSIN2;VPS35;CTDNEP1;YWHAE;TMEM30A;YBX1;PEX2;ARL3;TRAM1;RAB8A;RAB11A;ARL1;ARF6;DDX1;RPA1;FKBP8;RAB35;EHD1;ISG15;SSB;DDRGK1;MAVS;VAPA;LMNA;GABARAPL2;RPA2;IFT20;RAP1GDS1;SNX10;HHEX;AUP1;WDR83OS
prerank,Positive Regulation Of Apoptotic Signaling Pathway (GO:2001235),0.32130419217930306,1.174890504308602,0.20081135902636918,0.4973887689686605,1.0,9/38,11.10%,PYCARD;PAK2;BAX;SLC9A3R1;HYAL2;FADD;BID;LTB;BCAP31
prerank,Skeletal System Development (GO:0001501),-0.3249771183495199,-1.174596101152949,0.2189922480620155,0.5609844087653815,1.0,15/35,25.54%,PKD1;PTGER4;SLC10A7;AKAP13;TCOF1;TRPS1;BMP1;XYLT1;COL9A2;CHD7;ANKRD11;ATP7A;CREB3L2;GDF11;SULF2
prerank,Negative Regulation Of Cysteine-Type Endopeptidase Activity Involved In Apoptotic Process (GO:0043154),-0.3276533927023051,-1.1740773958808113,0.232421875,0.5602355725177258,1.0,7/34,8.32%,KLF4;FNIP1;DDX3X;AVP;RAF1;DNAJB6;SIAH2
prerank,Regulation Of Stress-Activated MAPK Cascade (GO:0032872),0.3395811480375518,1.173469109975372,0.23180076628352492,0.49924429252039776,1.0,8/28,10.43%,ARL6IP5;MAPK1;PDCD10;MYC;COPS5;GSTP1;LGALS9;MAP2K2
prerank,Positive Regulation Of Transcription By RNA Polymerase I (GO:0045943),-0.3510943999479863,-1.1732799438162294,0.2509727626459144,0.5601800971390081,1.0,8/25,21.55%,DDX21;DHX33;DDX11;SIRT7;MYBBP1A;ATF4;WDR75;WDR43
prerank,Cellular Response To Tumor Necrosis Factor (GO:0071356),0.28937901708127767,1.1722267222094342,0.2,0.5006416188537233,1.0,14/57,14.24%,PYCARD;TNFRSF1A;ILK;TXNDC17;CCL5;CIB1;TMSB4X;HYAL2;RRAGA;EIF5A;LIMS1;ACTN4;AKT1;COMMD7
prerank,Positive Regulation Of Protein Localization To Plasma Membrane (GO:1903078),0.3460241300143878,1.1716621971000833,0.22941176470588234,0.5004375578608532,1.0,9/26,19.63%,RHOG;STAC3;CIB1;PTPN9;ARF6;AKT1;KIF5B;PRKCI;ITGB1
prerank,Regulation Of G Protein-Coupled Receptor Signaling Pathway (GO:0008277),0.34668104571441266,1.1711378009731255,0.25793650793650796,0.500185623538147,1.0,16/28,35.60%,YWHAB;DYNLT1;CCL5;ROCK2;PDE6G;RASGRP4;PLEK;GRK6;GRK4;ZDHHC3;GNG7;LRPAP1;GIT2;GIT1;ZDHHC7;RGS14
prerank,Positive Regulation Of Protein Targeting To Mitochondrion (GO:1903955),0.35405259297607033,1.1709830147387512,0.22178988326848248,0.49909734127119026,1.0,8/25,16.91%,RAC2;SH3GLB1;UBE2L3;PDCD5;PINK1;PIN1;UBE2J2;CSNK2A2
prerank,Positive Regulation Of MAPK Cascade (GO:0043410),0.2606001074469947,1.170445686798146,0.17325800376647835,0.49887515836019897,1.0,16/100,10.40%,PYCARD;GLIPR2;CCL5;LAMTOR1;ARL6IP5;RAP1A;MFHAS1;ETFA;PDCD10;CD36;DDT;PHB2;ROCK2;CIB1;LGALS9;TGFB1
prerank,Telomere Maintenance (GO:0000723),0.300322700531383,1.1699984980125193,0.21135029354207435,0.49841106345463826,1.0,18/48,23.35%,MCRS1;PTGES3;PARP1;APEX1;XRCC5;TINF2;TERF2;RUVBL1;RPA3;RPA1;YY1;XRCC6;ERCC4;SMC6;RPA2;ACTL6A;SP100;RAD51D
prerank,Positive Regulation Of Response To External Stimulus (GO:0032103),0.2775745238067496,1.169380957479394,0.1780821917808219,0.4984710199892517,1.0,27/76,24.90%,LGALS1;PYCARD;TNFRSF1A;CCL5;GPSM3;CYBA;DDT;HYAL2;NKG7;TNIP1;FADD;TGFB1;SLC15A4;IL18;CEBPA;AIF1;CD47;TRADD;LY86;MGST2;IFI35;RIOK3;LCP1;SCARF1;RIPK1;CASP1;NINJ1
prerank,Glucose Metabolic Process (GO:0006006),0.33697576228428594,1.1686164051475392,0.23709369024856597,0.49879056410650285,1.0,8/30,13.12%,PGAM1;MDH1;ENO1;MDH2;OAS1;HK1;PGM1;SORD
prerank,NIK/NF-kappaB Signaling (GO:0038061),-0.3625815760022513,-1.168615750117369,0.22594142259414227,0.5700041501470212,1.0,8/23,26.88%,REL;NFKBIA;TNFRSF10B;TAB2;CREBBP;BIRC3;NFKB2;CHUK
prerank,Positive Regulation Of Inflammatory Response (GO:0050729),0.28962990631094465,1.1683986019411914,0.2112676056338028,0.4978937130854648,1.0,16/55,17.83%,LGALS1;PYCARD;VAMP8;TNFRSF1A;SNX4;GPSM3;DDT;HYAL2;NKG7;TNIP1;IL18;CEBPA;CD47;VAMP7;TRADD;MGST2
prerank,Protein Maturation (GO:0051604),0.28177494720385593,1.1680722607992196,0.20833333333333334,0.49723640391511953,1.0,21/67,23.30%,NDUFAB1;PSENEN;GLRX3;MAGEF1;NAA20;FURIN;F12;NAA10;TESC;CCS;APH1A;AASDHPPT;ECE1;GCSH;CIAO1;STUB1;ADAM10;RAP1GDS1;TSPAN14;NCSTN;METAP1
prerank,Regulation Of DNA Metabolic Process (GO:0051052),-0.25892587871794626,-1.167960007608369,0.15592515592515593,0.5695469341075041,1.0,22/100,12.93%,MPHOSPH8;ATXN7;INO80;KAT7;RBBP6;INO80B;EHMT2;JADE1;BARD1;KAT2A;SMC5;TRRAP;BRCA1;SMG6;INO80E;PARG;THOC1;SIRT7;ESCO1;POLH;SUPT20H;ING5
prerank,Regulation Of Autophagosome Assembly (GO:2000785),0.3475872367979883,1.1678746942422853,0.2564102564102564,0.49628019706864795,1.0,7/26,20.30%,RALB;SH3GLB1;SNX4;PINK1;PIP4K2A;RAB1B;IFT20
prerank,Vesicle Fusion (GO:0006906),0.2878392441439685,1.1673689765673936,0.20588235294117646,0.4960854113793839,1.0,17/59,21.17%,VAMP8;CHMP2A;CHMP5;ARL8B;RAB13;STX7;VAMP3;RAB8A;STX8;BET1;CHMP6;STX6;VPS33A;VAMP7;PIP4K2A;RAB7A;RAB34
prerank,Response To Steroid Hormone (GO:0048545),0.41040863172722114,1.1672505806848144,0.26104417670682734,0.4949263596542886,1.0,5/15,15.22%,UBE2L3;TGFB1;NR1H3;ABHD2;PAQR8
prerank,Endocytosis (GO:0006897),0.2577239481849482,1.1667928172227329,0.1669902912621359,0.4946354952316387,1.0,30/106,23.78%,CORO1A;CDC42;ANXA11;PACSIN2;PDLIM7;RALBP1;NECAP2;MAPK1;CD36;CLTC;MYD88;ANXA1;EPN1;OCIAD1;SCARB2;AP3M1;ITGB2;EHD2;EPS15;PIP5K1C;EHD1;M6PR;ITGB1;RAB7A;HIP1;RAB34;AP1S1;RAB1A;SCARF1;CD302
prerank,Cellular Response To Chemokine (GO:1990869),-0.3988747889862976,-1.1664735111564448,0.2746212121212121,0.5710599433785312,1.0,4/16,8.66%,DUSP1;CXCL3;CXCL2;CCL4
prerank,Positive Regulation Of Protein Polymerization (GO:0032273),0.33412272365966716,1.1663784437095361,0.23135755258126195,0.4941803622385973,1.0,7/33,13.60%,PYCARD;PFN1;RAC1;TPPP3;VASP;PINK1;ARF6
prerank,Regulation Of Neuron Death (GO:1901214),0.33835605942306135,1.1662163921992947,0.24151696606786427,0.49316350940487763,1.0,4/30,6.24%,TYROBP;VPS35;PARK7;DAXX
prerank,Mitotic G2/M Transition Checkpoint (GO:0044818),-0.3377577673824318,-1.1634408766729443,0.22309197651663404,0.5768687997764427,1.0,18/28,38.31%,CDK5RAP3;BARD1;BRCA1;TAOK2;TAOK3;BLM;RINT1;UIMC1;ZNF830;ATM;HUS1;FZR1;INTS3;FOXN3;RAD50;CHEK1;RBBP8;TOPBP1
prerank,Positive Regulation Of Interleukin-1 Beta Production (GO:0032731),0.33410667443753467,1.1633249249627546,0.23694779116465864,0.4982772436730599,1.0,5/30,10.06%,TYROBP;PYCARD;CD36;MYD88;LGALS9
prerank,Regulation Of Cell Migration Involved In Sprouting Angiogenesis (GO:0090049),0.40154905831314397,1.162870513467656,0.24649298597194388,0.497927371331036,1.0,6/17,9.10%,RHOA;ITGB1BP1;TBXA2R;PDCD10;CIB1;ANXA1
prerank,Mitochondrial Cytochrome C Oxidase Assembly (GO:0033617),0.3785207058508321,1.1619179781109235,0.24444444444444444,0.49859016871446343,1.0,9/18,26.36%,COX17;COA3;TMEM223;SURF1;COA5;COX14;SMIM20;COX16;FASTKD3
prerank,Organonitrogen Compound Catabolic Process (GO:1901565),0.30436879736044203,1.1619093109239105,0.2318840579710145,0.49721886685257394,1.0,15/44,27.74%,ETFB;TST;MPST;ETFA;SGPL1;UCHL3;BCKDK;ANPEP;PLA2G15;TPP1;RNF5;RIPK1;LTA4H;CASP3;CASP7
prerank,Positive Regulation Of Cell Migration (GO:0030335),0.25460936201446005,1.1615678225010084,0.1801980198019802,0.4965427300333834,1.0,30/113,22.63%,S100A11;C1QBP;CDC42;PFN1;GLIPR2;FERMT3;CCL5;RTN4;PDCD10;SDCBP;ROCK2;CIB1;ITGAX;UBE2I;RHOC;TGFB1;TNFRSF18;RAB11A;ACTN4;CSF1R;AIF1;TRADD;MIEN1;DDRGK1;HRAS;ITGB1;ADAM10;FAM89B;AGO2;TGFBR1
prerank,Kidney Development (GO:0001822),-0.3574545646691707,-1.1614797096637088,0.2448210922787194,0.5798856725222521,1.0,5/24,10.81%,HELLS;PKD1;SOX4;CEP290;IFT88
prerank,Cellular Response To Transforming Growth Factor Beta Stimulus (GO:0071560),-0.30613261865914565,-1.1614773004284202,0.20987654320987653,0.5777727690413856,1.0,7/43,8.11%,JUN;FOS;STAT3;SIRT1;ZFP36L1;ID1;USP15
prerank,Regulation Of I-kappaB kinase/NF-kappaB Signaling (GO:0043122),0.24535624599035238,1.159107936063172,0.1669902912621359,0.5005042340794562,1.0,40/151,20.63%,LGALS1;PYCARD;S100A4;RHOA;TNFRSF1A;TRIM21;LAMTOR5;CXXC5;NEK6;FKBP1A;LITAF;PARP1;TMEM9B;GSTP1;MYD88;RHOC;TNIP1;FADD;LGALS9;LTB;SHISA5;MTDH;UBE2N;PINK1;CPNE1;TFG;DDX1;UBE2V1;ARRB2;USP10;TRADD;NDFIP1;MAVS;VAPA;TNFRSF25;SHARPIN;CCDC22;SLC35B2;IRAK1;RIOK3
prerank,Regulation Of Glucose Metabolic Process (GO:0010906),-0.3955004385614712,-1.158543310339723,0.26422764227642276,0.5834765709350032,1.0,5/16,17.82%,IRS2;SIRT1;ZNF692;AKT2;PMAIP1
prerank,Modulation By Host Of Symbiont Process (GO:0051851),-0.33184954928602434,-1.15841876220399,0.23962264150943396,0.5816551344280354,1.0,9/30,17.13%,JUN;CHD1;SAP30BP;CCL4;EP300;INPP5K;CCNT1;PI4KA;CTDP1
prerank,Regulation Of T Cell Proliferation (GO:0042129),-0.36194078401708857,-1.1583123493670666,0.2538293216630197,0.579781678485984,1.0,7/22,20.36%,IL6ST;TFRC;CEBPB;CD46;JAK2;CCDC88B;TYK2
prerank,Negative Regulation Of Double-Strand Break Repair (GO:2000780),-0.3877963014237741,-1.1560965582638807,0.26931106471816285,0.5836463370870999,1.0,5/17,17.03%,KLHL15;SMCHD1;KAT5;TP53BP1;TFIP11
prerank,Positive Regulation Of Defense Response (GO:0031349),0.28147217365042543,1.1558470512894878,0.21941747572815534,0.506547245936965,1.0,20/66,21.30%,LGALS1;PYCARD;TNFRSF1A;CCL5;GPSM3;CYBA;DDT;HYAL2;NKG7;TNIP1;FADD;SLC15A4;IL18;CEBPA;CD47;TRADD;MGST2;IFI35;RIOK3;LCP1
prerank,Positive Regulation Of Ubiquitin-Protein Transferase Activity (GO:0051443),0.3732697283228533,1.153872521091527,0.269811320754717,0.5098208372147094,1.0,6/19,15.98%,UBE2L3;DCUN1D5;UBE2N;DCUN1D1;PINK1;PIN1
prerank,Membrane Fission (GO:0090148),0.3300910216456321,1.1533415594850793,0.2520833333333333,0.50959004595873,1.0,7/34,5.98%,VPS4B;SH3GLB1;CHMP2A;TSG101;CHMP5;EXOC5;VPS25
prerank,Organelle Assembly (GO:0070925),-0.23162748699487506,-1.1525276694102726,0.15,0.590837653989903,1.0,53/202,19.77%,TTC21B;ATG2A;TMEM107;VPS37B;OFD1;CHMP1B;PIBF1;HDAC6;HPS4;AP1G1;ALPK1;PHIP;C2CD3;KIAA0586;SCLT1;AHI1;UBAP1;YTHDF3;GABARAPL1;GBF1;WDPCP;CHMP4A;CEP290;IFT88;ULK1;WDR45B;PCNT;NEK1;NOTCH1;ATG12;AP4M1;MAP1LC3A;AP3B1;IFT74;NUDCD3;IQCB1;TMEM67;RFX2;ATG14;IFT122;ATP2A2;KIAA0753;PTPN23;TMEM138;HGS;IFT172;CDC14A;IFT43;KIF27;BBS9;FNBP1L;ATG16L2;STX12
prerank,Negative Regulation Of Viral Genome Replication (GO:0045071),0.3151086880283016,1.1523566877376112,0.25576923076923075,0.5103575977154582,1.0,13/37,22.21%,APOBEC3C;CCL5;N4BP1;APOBEC3G;IFITM2;BANF1;OAS1;TNIP1;OAS2;ISG15;MAVS;APOBEC3F;APOBEC3D
prerank,Positive Regulation Of Cell Adhesion (GO:0045785),0.32262936535504716,1.1509001700555685,0.22504892367906065,0.5122786470580502,1.0,8/35,10.93%,C1QBP;RAC1;CCL5;RSU1;FUT7;CIB1;LIMS1;TNFRSF18
prerank,Negative Regulation Of Cell Motility (GO:2000146),-0.27719658414220516,-1.1498793087318384,0.22085889570552147,0.595588734306074,1.0,14/66,15.53%,ARID4A;FOXO3;MIA3;ARID4B;SERPINE1;SCAI;SIN3A;ZMYND8;CITED2;ING1;DUSP10;ARID2;LDLRAD4;MCTP1
prerank,Regulation Of Innate Immune Response (GO:0045088),0.29027191191069357,1.1497720872477397,0.22735346358792186,0.5134776437821824,1.0,17/54,22.66%,TRIM21;PTPN6;APPL1;CCL5;N4BP1;PARP1;BANF1;FADD;RNF135;AKT1;SLC15A4;PCBP2;IFI35;SAMHD1;RIOK3;PTPN11;LYAR
prerank,Positive Regulation Of Protein Serine/Threonine Kinase Activity (GO:0071902),0.2910304859595128,1.1495569786970343,0.21325051759834368,0.5125810741214623,1.0,16/53,20.34%,RHOA;RALB;PSMD10;PDCD10;CALM2;CIB1;TGFB1;MAP2K2;CALM1;AKT1;CALM3;CSF1R;CAB39;CCNY;HRAS;IRAK1
prerank,Positive Regulation Of Actin Filament Polymerization (GO:0030838),0.3895031369069455,1.1484906149116072,0.30597014925373134,0.5137215916548086,1.0,4/17,13.60%,PYCARD;PFN1;VASP;ARF6
prerank,Phosphatidylinositol Metabolic Process (GO:0046488),-0.30639608857507244,-1.1471823392472615,0.24680851063829787,0.6006711693054159,1.0,16/39,28.30%,PIK3C2A;MTMR3;INPP5D;MTMR6;PLCG2;MTMR4;INPP5K;PLCB1;PI4KA;VAC14;SYNJ1;PLCB2;PIP5K1B;INPP4A;PIP5K1A;SACM1L
prerank,Mitotic Metaphase Plate Congression (GO:0007080),0.3209477575345775,1.1471742705042103,0.23605150214592274,0.5153803442531927,1.0,13/36,16.07%,VPS4B;CHMP2A;KPNB1;CHMP5;PDCD6IP;CHAMP1;DCTN2;RAB11A;ZW10;CHMP6;CDC23;NUDC;RMDN1
prerank,Regulation Of Cell Population Proliferation (GO:0042127),-0.2190293050454752,-1.146967894463139,0.13078470824949698,0.5990700965280235,1.0,68/316,16.25%,JUN;BTG1;BTG2;IER5;AREG;JUND;PHF14;STAT3;EREG;IRS2;SOD2;CHERP;IL6ST;TOB2;TOB1;MEIS1;JUNB;PHIP;NAMPT;SIRT1;NOP2;ZFP36L1;SERTAD1;DIS3L2;TFRC;RAF1;SGK1;BRD9;PIM2;RBM5;TCF7L2;KDM4C;GAB2;STX4;RAPGEF2;SOX4;TIPIN;PPM1D;FOSL1;DNAJB2;BCL7A;SLC25A33;ING1;ULK1;WDR6;INSR;ZNF503;JAK2;BTG3;NOTCH1;BIRC6;ING5;ARID2;PTPN2;AKT2;KMT2D;NUP62;SKI;FTH1;ZBTB17;IRF1;MECP2;EZH2;MZB1;STAT5B;PDS5B;HGS;RPRD1B
prerank,Regulation Of Interleukin-6 Production (GO:0032675),0.28920673545898523,1.144232504699843,0.2495049504950495,0.5210840072709265,1.0,8/55,10.06%,TYROBP;PYCARD;PTPN6;CYBA;ELF4;HYAL2;MYD88;LGALS9
prerank,Regulation Of TORC1 Signaling (GO:1903432),-0.3213206262345083,-1.1442259307540106,0.23625254582484725,0.6043930402961147,1.0,16/31,29.25%,SESN3;ITFG2;RRAGB;NPRL3;DEPDC5;TELO2;OTUD5;SMCR8;SZT2;SEH1L;WDR59;ATM;SIK3;SLC38A9;NPRL2;MIOS
prerank,Positive Regulation Of Translation (GO:0045727),0.2710101602291105,1.14421137893858,0.23974082073434125,0.5197339922000057,1.0,27/76,26.70%,C1QBP;VIM;CDC123;CCL5;EIF6;RBM3;KHDRBS1;YBX1;POLR2G;COA3;EIF5A;PKM;PAIP1;CSDE1;EEF2;EIF3D;SSB;LARP4B;METTL5;NPM1;RPUSD3;EIF3E;PRMT1;UPF3A;FASTKD3;PLD1;YTHDF1
prerank,Regulation Of Protein Serine/Threonine Kinase Activity (GO:0071900),0.28146981502102253,1.1432957015991398,0.23711340206185566,0.5204185210050287,1.0,16/60,14.49%,PYCARD;RHOA;RALB;TSG101;CCNG1;PDCD10;CALM2;CDKN2D;CIB1;MAP2K2;CCNA1;CALM1;CCNI;AKT1;CALM3;CSF1R
prerank,Negative Regulation Of Growth (GO:0045926),-0.2836032368459656,-1.1429187787288164,0.22055674518201285,0.605714094543508,1.0,10/59,10.51%,TSPYL2;BTG1;DDX3X;ST7L;CDKN2AIP;SIRT1;JADE1;BRCA1;DNAJB2;ING1
prerank,Regulation Of Cell Death (GO:0010941),0.32279289883606493,1.1423659550752117,0.25098039215686274,0.5211049977846203,1.0,5/32,5.29%,VPS4B;VPS35;CHMP2A;CHMP5;PARK7
prerank,Phospholipid Transport (GO:0015914),0.3355993244056605,1.142234066071342,0.2381852551984877,0.5200230324716721,1.0,13/30,28.83%,PRELID1;SCP2;TMEM30A;SCARB2;OSBPL8;PITPNB;VAPA;NPC2;PCTP;PITPNA;TRIAP1;PITPNM1;PLTP
prerank,DNA-templated DNA Replication (GO:0006261),-0.29340146309491705,-1.1416987934092286,0.22016460905349794,0.607012543234571,1.0,21/51,29.19%,MCM7;RECQL5;PNKP;WRN;REV3L;POLA1;RFC1;POLB;POLG2;POLD1;POLE;BLM;MCM4;PRIM2;POLD2;HELB;PRIM1;WRNIP1;POLD3;ORC4;ORC3
prerank,Positive Regulation Of T Cell Proliferation (GO:0042102),0.33968887014526106,1.1395932961670614,0.2656826568265683,0.5248100608671568,1.0,7/26,15.75%,PYCARD;CCL5;ANXA1;FADD;IL12RB1;IL18;AIF1
prerank,Negative Regulation Of Protein Kinase Activity (GO:0006469),0.2970965679909141,1.1393371203277574,0.2198019801980198,0.5239604745243375,1.0,7/45,8.39%,PYCARD;PAK2;ITGB1BP1;CHP1;PARK7;HYAL2;GSTP1
prerank,Monoubiquitinated Protein Deubiquitination (GO:0035520),-0.3260387616329872,-1.1390319466208774,0.2587991718426501,0.6120591997076558,1.0,7/29,16.35%,ATXN7;KAT2A;USP15;TRRAP;USP16;SUPT20H;USP22
prerank,Regulation Of Cell Motility (GO:2000145),0.2936367586931962,1.1390216198265173,0.25146198830409355,0.5233068309754102,1.0,12/48,15.98%,RHOA;TMSB10;ARHGAP18;RAC1;ROCK2;TMSB4X;TGFB1;PHPT1;WAS;AKT1;CSF1R;PIN1
prerank,Positive Regulation Of Apoptotic Process (GO:0043065),-0.23834402203463378,-1.137795770628837,0.1761006289308176,0.6130748922012464,1.0,46/155,24.69%,JUN;BTG1;GADD45B;MCL1;DDIT3;FOXO3;DDX3X;DNAJA1;DIABLO;BCLAF1;SIRT1;RBM5;BARD1;SOX4;QRICH1;HTT;MAP3K5;RNPS1;MAP3K11;STK3;STK17B;ING5;FOXO1;DNM1L;JMY;TNFRSF10B;RYBP;ZC3H12A;MOAP1;MYBBP1A;LATS1;PAWR;PMAIP1;STK4;GADD45A;ATF4;HOXA5;CLU;STK17A;CTNNB1;TNF;NF1;RHOB;BCL2;PRNP;ATM
prerank,Regulation Of Transforming Growth Factor Beta Receptor Signaling Pathway (GO:0017015),-0.276762201504506,-1.137694866135347,0.2331288343558282,0.6112364740036949,1.0,25/64,26.85%,ARID4A;ARID4B;SIRT1;SIN3A;LEMD3;CITED2;ZNF451;SPRY1;ING1;EP300;MTMR4;SMURF1;LDLRAD4;SKI;LATS1;SMURF2;CREBBP;CDKN1C;SPRY2;SMAD7;LTBP4;CD109;PPM1A;PDPK1;LATS2
prerank,mRNA Transcription (GO:0009299),-0.3114571540688491,-1.134400839995435,0.2759295499021526,0.6183760859380779,1.0,21/35,35.36%,EREG;DDX5;TAF4B;TAF1;HLTF;RXRB;NCOA2;ATF4;TAF3;NR1H2;NCBP1;NCOA1;TAF2;TAF13;RXRA;SUPT6H;HIPK3;CREB1;TAF7;ZBTB1;TAF11
prerank,Positive Regulation Of Telomere Maintenance (GO:0032206),-0.3004278493334292,-1.1342807856582413,0.22983870967741934,0.6165124088786961,1.0,9/43,9.92%,PPP1R10;INO80;HNRNPA2B1;PNKP;DHX36;INO80B;MAP3K4;INO80E;ATRX
prerank,ERBB Signaling Pathway (GO:0038127),-0.3357601107285657,-1.1339545084941098,0.2832980972515856,0.6152100627698737,1.0,4/25,6.85%,AREG;EREG;BRAF;PIK3C2A
prerank,Protein Stabilization (GO:0050821),0.23895592405837549,1.133554658649477,0.18108651911468812,0.5345919259488239,1.0,40/134,21.83%,TYROBP;PFN1;CCT5;CHP1;CSNK2A1;PYURF;PTGES3;PARK7;PFDN4;RTN4;PDCD10;PHB2;CCT7;RUVBL1;VBP1;PFDN2;PPIB;SUMO1;TESC;CCT8;CCT4;GOLGA7;PINK1;CCT6A;UBE2B;PRKCD;POLR2E;PFDN5;PIN1;FLOT2;CREBL2;PDCL3;LAMP2;STUB1;CCT2;TAF9;PRKRA;HIP1;CCT3;UXT
prerank,Cellular Response To Nutrient Levels (GO:0031669),-0.28816008948569616,-1.1335458496508626,0.2686868686868687,0.6141704356880227,1.0,13/52,14.21%,FNIP1;SIRT1;WRN;EHMT2;RRAGB;ULK1;WDR45B;MAP1LC3A;SREBF1;FOXO1;JMY;PRKAG2;ATG14
prerank,"Retrograde Transport, Endosome To Golgi (GO:0042147)",0.27651344442747233,1.1328570618542786,0.2437619961612284,0.5349101051722402,1.0,15/65,15.60%,SNX2;SNX6;VPS35;SNX3;RNF126;PLEKHJ1;VPS29;CLTC;RAB9A;VAMP3;TMEM87B;ARL1;STX6;VPS26A;TMED9
prerank,Positive Regulation Of Cysteine-Type Endopeptidase Activity (GO:2001056),0.29890176507912014,1.132027835735621,0.25830258302583026,0.5355376755954737,1.0,9/44,14.05%,PYCARD;PDCD6;ARL6IP5;MYC;REST;PDCD5;FADD;BCAP31;BAK1
prerank,Regulation Of Fibroblast Proliferation (GO:0048145),0.34175538251298604,1.1314190225323753,0.30177514792899407,0.5355551937889849,1.0,5/24,8.39%,S100A6;PEX2;MYC;LIG4;GSTP1
prerank,Negative Regulation Of Tumor Necrosis Factor Superfamily Cytokine Production (GO:1903556),0.3729436813290562,1.131322980244544,0.26953125,0.5329816125814877,1.0,5/18,10.06%,PTPN6;ELF4;GSTP1;CD33;LGALS9
prerank,Negative Regulation Of Tumor Necrosis Factor Production (GO:0032720),0.3729436813290562,1.131322980244544,0.26953125,0.5329816125814877,1.0,5/18,10.06%,PTPN6;ELF4;GSTP1;CD33;LGALS9
prerank,Regulation Of Protein Modification By Small Protein Conjugation Or Removal (GO:1903320),0.3507313120421694,1.1302787946361579,0.274703557312253,0.5341143648750534,1.0,6/21,12.70%,DCUN1D5;DAXX;COPS4;COPS5;DCUN1D1;PINK1
prerank,Sulfur Compound Biosynthetic Process (GO:0044272),-0.31744983551039285,-1.1276046496947105,0.2744721689059501,0.6280512026460646,1.0,17/33,29.48%,MAT2A;SLC10A7;B4GALT4;DSE;LIAS;ST3GAL1;XYLT1;CHPF2;METTL16;CHST11;CHSY1;ST3GAL6;GSTM1;CSGALNACT2;ST3GAL3;B3GNT2;GLCE
prerank,Nuclear Membrane Organization (GO:0071763),0.35152429797293344,1.1273865503030167,0.2809917355371901,0.5392897248602053,1.0,5/22,7.50%,VPS4B;TOR1A;CHMP2A;CHMP5;TMEM43
prerank,Regulation Of Programmed Cell Death (GO:0043067),0.24709686677476372,1.1273495056505736,0.19373776908023482,0.5379856439216227,1.0,40/119,24.95%,LGALS1;ANP32A;PTPN6;BAX;MRGBP;MEAF6;KANK2;ETFA;RTN4;APEX1;REST;RUVBL1;PEPD;NME1;PSMC5;PINK1;RSL1D1;ACTN4;XPNPEP1;AKT1;VPS72;MORF4L1;SKP2;TNFRSF25;BECN1;IFT57;CASP6;MAGED1;ACTL6A;NME2;HIP1;FAS;TPT1;ANP32B;HTATIP2;HS1BP3;CDK5;RIPK1;BNIP3;BNIP3L
prerank,Regulation Of Autophagy (GO:0010506),-0.2299260206385464,-1.1266733393406156,0.18599562363238512,0.6284098437474752,1.0,43/169,18.77%,MCL1;DDIT3;USP36;STAT3;ERN1;FOXO3;HDAC6;UVRAG;CDK16;PIM2;PIK3C2A;MTMR3;FBXW7;PLK2;RRAGB;KAT5;GOLGA2;TLK2;EP300;ULK1;WDR6;ABL2;ATP6V0A1;ATP6V0A2;NPRL3;ITPR1;MTMR4;SREBF1;FOXO1;DNM1L;DEPDC5;ATG14;EXOC7;EXOC4;ZC3H12A;ATP6V0C;SMCR8;PSAP;TAB2;KAT8;PIK3R4;EIF4G3;SETD2
prerank,Mitotic G2 DNA Damage Checkpoint Signaling (GO:0007095),-0.387572982347351,-1.1264352837631997,0.2857142857142857,0.6269302306856155,1.0,9/16,28.56%,CDK5RAP3;BRCA1;TAOK2;TAOK3;BLM;RINT1;UIMC1;ATM;FZR1
prerank,Regulation Of Chemotaxis (GO:0050920),-0.37685142235790436,-1.1260798091524638,0.3191489361702128,0.6258457982923541,1.0,5/16,14.65%,CXCR4;STX4;MYCBP2;PTPN2;P2RX4
prerank,Regulation Of Type I Interferon-Mediated Signaling Pathway (GO:0060338),0.34596652051745275,1.1254857766552517,0.30039525691699603,0.5409807965919404,1.0,14/23,34.02%,PTPN6;UBE2K;OAS1;FADD;ISG15;MAVS;SAMHD1;PTPN11;CNOT7;STAT2;PTPN1;IKBKE;YTHDF2;TTLL12
prerank,Regulation Of DNA-templated Transcription Elongation (GO:0032784),-0.30493531934647866,-1.1252876062309878,0.2515212981744422,0.6261282660332542,1.0,14/38,21.55%,INTS6;KAT7;INTS1;ELL;SRCAP;CCNK;THOC1;ZNF326;CCNT2;CCNT1;SETD5;DDX39B;SUPT5H;WDR43
prerank,Positive Regulation Of Autophagy (GO:0010508),-0.26892258739474345,-1.1242649654018475,0.23045267489711935,0.6268615791739068,1.0,21/72,22.41%,FOXO3;PLK3;SIRT1;CDK16;PIM2;SESN3;PIK3C2A;HTT;PLK2;KAT5;ULK1;NPRL3;FOXO1;GPSM1;DEPDC5;ZC3H12A;SETD2;SUPT5H;TRIM13;RB1CC1;PIK3CB
prerank,Positive Regulation Of Vacuole Organization (GO:0044090),0.3890086606623089,1.1227925906391092,0.3046092184368738,0.5459260390582464,1.0,3/15,3.17%,RALB;SH3GLB1;SNX4
prerank,Post-Translational Protein Modification (GO:0043687),0.3143734156721013,1.122302544506582,0.27848101265822783,0.5456315025998535,1.0,19/33,34.14%,RBX1;PARP1;RNF7;COPS5;UCHL3;FN3KRP;PRKCD;TTL;PKN1;UBA3;STT3A;TNKS2;SUMF1;UBE2M;UBE2F;PRKCB;PARP9;PARP12;BAZ1B
prerank,Cellular Response To Organonitrogen Compound (GO:0071417),0.29620100525265936,1.121938673424713,0.28,0.5450192727067893,1.0,12/45,13.30%,LAMTOR2;RRAGC;LAMTOR5;LAMTOR1;EZR;RAP1B;RAP1A;ROCK2;RRAGA;JUP;CAPN2;LAMTOR4
prerank,Positive Regulation Of DNA Repair (GO:0045739),-0.2775709152971319,-1.121840119899517,0.252,0.6314317717808371,1.0,13/59,13.83%,INO80;SMCHD1;ZCWPW1;SIRT1;SPIDR;DDX11;INO80B;TRIM28;BRCA1;INO80E;BCL7A;ARID1B;ARID2
prerank,Negative Regulation Of JNK Cascade (GO:0046329),-0.3487885464632863,-1.1217162985424278,0.2894211576846307,0.6296753760886777,1.0,11/22,31.64%,PER1;DNAJA1;GPS2;DUSP10;NCOR1;TAOK3;PTPN22;SIRPA;FKTN;HIPK3;CYLD
prerank,Negative Regulation Of Cell Cycle G1/S Phase Transition (GO:1902807),-0.3461822043054901,-1.121637888583062,0.2914046121593291,0.6277728237624388,1.0,4/22,10.79%,KLF4;JADE1;DLG1;SLFN11
prerank,Regulation Of Neurogenesis (GO:0050767),0.33211257104899156,1.121264151345552,0.285140562248996,0.5451940909623151,1.0,5/27,8.19%,S100A10;DYNLT1;LIG4;REST;NAP1L1
prerank,Maintenance Of Protein Location In Nucleus (GO:0051457),-0.3731121906666127,-1.120340848080699,0.301556420233463,0.6290792971638011,1.0,4/17,7.12%,SYNE1;BARD1;HNRNPU;TOPORS
prerank,Protein Deacetylation (GO:0006476),-0.31267339846113273,-1.1202972113961749,0.2975206611570248,0.627090927620078,1.0,8/32,19.20%,HDAC6;CHD3;SIRT1;SIRT7;MBD3;HDAC10;MORF4L2;HDAC5
prerank,Amino Acid Transmembrane Transport (GO:0003333),-0.3775523409319951,-1.119530412824344,0.3248031496062992,0.6270252531566445,1.0,5/15,14.62%,SLC38A2;SLC38A6;SLC36A4;SFXN1;SLC25A13
prerank,JNK Cascade (GO:0007254),-0.36743132145430285,-1.119170209627807,0.29880478087649404,0.6259351271367937,1.0,10/18,30.56%,PTGER4;GPS2;MAP3K5;MAP3K11;MAP2K7;MAP4K3;MAP3K13;MAPK8;TRIB1;CRKL
prerank,Response To Reactive Oxygen Species (GO:0000302),0.29028839892502845,1.1181281715510092,0.2879684418145957,0.5511751160139885,1.0,13/42,13.83%,PRDX3;PRDX5;MAPK1;STK24;PEX2;ROMO1;HYAL2;GSTP1;MAPK9;GLRX2;CAT;PXN;AKT1
prerank,Intracellular Protein Transport (GO:0006886),0.21922559624023816,1.1173592692865706,0.1746031746031746,0.5515224198626257,1.0,59/248,18.88%,NUTF2;SNX6;YWHAH;RAN;PDCD6;CHP1;VPS35;APPL1;COPZ1;TSG101;KPNB1;RAB5C;TMED10;RAB32;ARFGAP3;ARCN1;VPS25;VPS29;APEX1;OXA1L;TIMM17B;SEC23IP;PHB2;ROMO1;CTSA;CLTC;EIF4ENIF1;STX7;RAB14;TGFB1;VPS28;STX8;RAB31;DNAJC15;GRPEL1;SNX17;ARL1;NUP93;TMED2;ARF1;ARF6;ARF5;AKT1;STX6;VPS26A;USO1;TMED9;RAB35;EHD1;COPB2;ARFIP1;VPS33A;ARF3;RAB28;SNX1;SEC13;STX2;LAMP2;PTTG1IP
prerank,Learning (GO:0007612),-0.37599865153614265,-1.115791388249484,0.29521829521829523,0.6327201030847811,1.0,6/17,21.67%,ATXN1L;ATXN1;INSR;CIC;SYNJ1;CLN3
prerank,Regulation Of Mitochondrial Fission (GO:0090140),0.3875276357352248,1.1157275192429714,0.334,0.5540213242994397,1.0,8/15,29.09%,RALA;VPS35;RALBP1;PINK1;MIEF1;BNIP3;MFF;STAT2
prerank,intra-Golgi Vesicle-Mediated Transport (GO:0006891),0.33059400154033486,1.1148717347317647,0.275,0.554598050341156,1.0,7/27,19.43%,COPB1;COPZ1;COPE;TRAPPC3;COPG1;COPB2;GABARAPL2
prerank,Regulation Of Small GTPase Mediated Signal Transduction (GO:0051056),-0.280144311232247,-1.114655750530987,0.2868525896414343,0.6335589994351899,1.0,19/55,21.35%,AKAP13;BCR;TAGAP;MYO9B;OBSCN;FGD3;ARHGAP26;ARHGAP5;ARHGEF9;MYO9A;NUP62;ARHGAP22;FAM13A;VAV3;ARHGAP15;SRGAP3;ARAP1;ARHGAP12;ARHGAP21
prerank,ATP Metabolic Process (GO:0046034),0.37337205416505254,1.1143400756038884,0.3134020618556701,0.5544374467460857,1.0,10/17,32.27%,NUDT5;PARP1;OLA1;TGFB1;NDUFS1;CLPX;NUDT2;ALDOA;CTNS;BAD
prerank,Negative Regulation Of Kinase Activity (GO:0033673),0.3058644483636699,1.1139725604282225,0.2823529411764706,0.5538771034517396,1.0,6/35,8.39%,PAK2;ITGB1BP1;PRDX3;CHP1;PARK7;GSTP1
prerank,Organonitrogen Compound Biosynthetic Process (GO:1901566),0.28166091716201225,1.1129664013898173,0.272,0.5549860832598493,1.0,30/56,37.68%,ELOVL1;ORMDL2;FURIN;GSTP1;TNIP1;SGPL1;CERS2;TYW3;SPNS2;BCAT2;MOCS2;ORMDL3;AKR1A1;SPTLC2;B4GALT5;ST3GAL4;CERS4;KDSR;CERS5;GOLPH3;INHBA;LPCAT3;GCNT1;BCAT1;ALDH3B1;PLA2G4A;SLC44A1;SGMS2;PCYT1A;CERS6
prerank,Negative Regulation Of ERK1 And ERK2 Cascade (GO:0070373),0.337302792783099,1.112040253239548,0.30740037950664134,0.5557617681534949,1.0,7/25,15.98%,SLC9A3R1;ITGB1BP1;EZR;GSTP1;TNIP1;LYN;PIN1
prerank,Regulation Of Neuron Projection Development (GO:0010975),0.2691888894682509,1.111970932470302,0.2490842490842491,0.5545275253472832,1.0,19/67,23.76%,TWF2;CFL1;PAK2;CAMK1D;SNX3;RAP1A;CIB1;PTPN9;SCN1B;SCARB2;LYN;AKT1;HDAC2;ITM2C;PRKCI;MARK2;DBN1;SCARF1;CDK5
prerank,Axonogenesis (GO:0007409),0.2814624920914445,1.1118619373661696,0.29191321499013806,0.5534298708198779,1.0,8/52,11.12%,S100A6;RAB10;SSNA1;MAP1S;SCN1B;VASP;EMB;RAB8A
prerank,RNA Modification (GO:0009451),-0.29692415908792247,-1.1116951302320799,0.281496062992126,0.6396921368417805,1.0,8/38,14.29%,MEPCE;NSUN6;THUMPD1;RBM15;JMJD6;KTI12;PARN;ADAR
prerank,Positive Regulation Of Lymphocyte Differentiation (GO:0045621),0.32182195934637087,1.1107822713564768,0.3047034764826176,0.5546252449585723,1.0,8/28,19.90%,SPI1;BTK;PBRM1;SMARCB1;SMARCE1;XRCC6;ACTL6A;SMARCD2
prerank,Hexose Metabolic Process (GO:0019318),0.3329415479578348,1.1106407751538976,0.296969696969697,0.5535639349609587,1.0,8/25,17.66%,OAS1;FUOM;HK1;PGM1;FUCA2;SORD;G6PD;GALK1
prerank,Establishment Of Endothelial Barrier (GO:0061028),0.3614057091248263,1.1104784124224538,0.30492424242424243,0.5526088615606785,1.0,9/19,25.04%,MSN;EZR;RAP1B;RAP1A;F11R;RAB1B;RAB1A;RAP2B;RAP2C
prerank,Connective Tissue Development (GO:0061448),-0.37339716734659034,-1.1096469349815763,0.316,0.6434118180630184,1.0,3/17,4.00%,PKD1;NAMPT;VPS13B
prerank,Regulation Of Osteoblast Differentiation (GO:0045667),-0.3279128120919605,-1.109469772637541,0.30707070707070705,0.6418542640410696,1.0,7/25,19.73%,IL6ST;SUCO;DDX5;NOTCH1;SKI;ATF4;CRIM1
prerank,Negative Regulation Of Cell Population Proliferation (GO:0008285),-0.2279495812650604,-1.1092426158699393,0.21975806451612903,0.6403861575944582,1.0,37/170,16.07%,TNFAIP3;BTG1;BTG2;PHF14;EREG;SOD2;CHERP;TOB2;TOB1;IL12A;DIS3L2;RAF1;PIM2;RBM5;RAPGEF2;SOX4;PPM1D;DNAJB2;ING1;ULK1;WDR6;PER2;DUSP10;ZNF503;JAK2;BTG3;NOTCH1;ING5;ARID2;PTPN2;NUP62;SKI;FTH1;ZBTB17;IRF1;PDS5B;HGS
prerank,RNA Stabilization (GO:0043489),0.34503218408604724,1.1090840997818434,0.30184804928131415,0.5545078191979339,1.0,7/22,12.56%,THRAP3;ZCCHC17;YBX1;PHAX;EIF4ENIF1;TNIP1;PAIP1
prerank,Positive Regulation Of Angiogenesis (GO:0045766),-0.28556584872413143,-1.1088289755840974,0.28600405679513186,0.6394603812656069,1.0,10/49,17.47%,KLF4;BTG1;SIRT1;SERPINE1;HIPK1;BRCA1;PAK4;ZC3H12A;STIM1;HIF1A
prerank,Response To Peptide (GO:1901652),-0.3620354408227372,-1.1084570162424427,0.30638297872340425,0.6383401759085701,1.0,8/19,28.18%,STAT3;KAT7;NLRP1;EIF2B4;STAT5B;PRNP;EIF2B5;EIF2B3
prerank,Proton Transmembrane Transport (GO:1902600),0.33206542841933323,1.1081889792257653,0.30280373831775703,0.5552945303084115,1.0,13/25,28.50%,UCP2;ATP6V1F;ATP6V0E1;ATP6V1E1;HVCN1;ATP6V0B;ATP6V1B2;ATP6V1A;COX15;ATP6V1C1;NNT;ATP6AP1;ATP6AP2
prerank,Regulation Of Protein Tyrosine Kinase Activity (GO:0061097),0.37512292283682064,1.1068122448826192,0.298,0.5571750262200013,1.0,8/17,31.68%,HYAL2;CSF1R;UNC119;RAP2B;RAP2C;SH3BP5;PTPN1;MVP
prerank,Regulation Of Mitotic Spindle Assembly (GO:1901673),0.37911591084930646,1.1063409890755436,0.3107822410147992,0.5568333328053885,1.0,4/16,5.68%,VPS4B;CHMP2A;CHMP5;PDCD6IP
prerank,Macromolecule Modification (GO:0043412),0.27576007410459713,1.1054135793043758,0.2992125984251969,0.5576418701444094,1.0,22/58,28.93%,NEDD8;UBE2L3;ICMT;MCRS1;UBL4A;PARP1;UBA52;UBE2I;UBE2L6;UBE2D2;PRMT6;FBXO22;DUSP12;UBA3;RNF2;SEPHS1;RPN2;ST3GAL4;LCMT1;PARP4;SLC35A1;UBE2M
prerank,B Cell Differentiation (GO:0030183),-0.32031420892333895,-1.104855886626991,0.28901734104046245,0.6459960361287199,1.0,7/31,14.02%,DNAJB9;FNIP1;KLF6;GPS2;PIK3R1;PLCG2;PTPN2
prerank,Negative Regulation Of Developmental Process (GO:0051093),-0.28309864199370866,-1.1034485432049177,0.2897959183673469,0.6476552426196132,1.0,12/48,14.83%,ARID4A;PHF14;ARID4B;TFRC;BRD9;SIN3A;BCL7A;ING1;BCL11A;NOTCH1;KLF7;RC3H1
prerank,Intrinsic Apoptotic Signaling Pathway By P53 Class Mediator (GO:0072332),-0.3212230518815831,-1.1029411963601667,0.30632411067193677,0.6469076039568237,1.0,8/28,19.08%,SIRT1;DDX5;HIPK1;EP300;JMY;MYBBP1A;PMAIP1;FHIT
prerank,Establishment Of Protein Localization To Membrane (GO:0090150),0.2961926102613374,1.102656039417836,0.28294573643410853,0.5630040323337235,1.0,9/42,12.25%,RAB10;ICMT;ZDHHC12;SDCBP;ZDHHC24;GORASP2;BID;RAB11A;GOLGA7
prerank,Cellular Response To Decreased Oxygen Levels (GO:0036294),-0.2882091766663636,-1.102159037638581,0.2982456140350877,0.6470758371610332,1.0,10/43,17.82%,PTGS2;CPEB4;SIRT1;ZFP36L1;PICK1;NDRG1;NOTCH1;HIF1A;MDM4;PMAIP1
prerank,Regulation Of Myeloid Cell Differentiation (GO:0045637),0.3549475719736942,1.1004683449161983,0.34944237918215615,0.5668407878399092,1.0,7/19,14.23%,SPI1;EIF6;LEO1;PEX2;CTR9;LYN;HOXA9
prerank,Regulation Of Proteolysis (GO:0030162),0.3115336670316703,1.0996379852090814,0.30434782608695654,0.5674871685938985,1.0,10/33,19.68%,NEDD8;CSTB;AURKAIP1;CSTA;FADD;BAK1;SPOP;CST3;HDAC2;STUB1
prerank,Transmembrane Receptor Protein Serine/Threonine Kinase Signaling Pathway (GO:0007178),-0.27795638915104576,-1.0994842833659524,0.2962226640159046,0.6525015312448647,1.0,7/52,8.11%,JUN;FOS;STAT3;SIRT1;DDX5;ID1;USP15
prerank,Regulation Of Transcription By RNA Polymerase I (GO:0006356),-0.337124723588364,-1.0991016333244856,0.3106212424849699,0.6515163925271223,1.0,8/24,21.55%,DDX21;DHX33;SIRT7;MYBBP1A;ATF4;CREBBP;WDR75;WDR43
prerank,Regulation Of Mitotic Cell Cycle (GO:0007346),-0.2592266399568369,-1.098717354150588,0.2697495183044316,0.6506146080760096,1.0,30/75,29.27%,BTG1;BTG2;CDK11A;PKN2;CDK5RAP3;SIRT1;PIM2;HNRNPU;GBF1;ANAPC1;HECA;BTG3;CUL9;USP22;L3MBTL1;CDK11B;OBSL1;KIF20B;CDKN1C;ANAPC4;PIM3;MDM2;NEK9;CKS2;ANAPC2;DAPK3;EIF4E;ERCC3;FZR1;TTC28
prerank,Nucleocytoplasmic Transport (GO:0006913),-0.2889846608190585,-1.098447905889502,0.30357142857142855,0.649354378019994,1.0,11/42,15.20%,NUP153;RSRC1;NUP188;NEMF;NUP98;AHCTF1;POM121;ATXN1;NUP107;NUP62;NUP160
prerank,Regulation Of Stem Cell Population Maintenance (GO:2000036),-0.287845304488827,-1.0982543640213644,0.299412915851272,0.6479101813192487,1.0,9/44,13.01%,ARID4A;ARID4B;CNOT2;BRD9;KAT2A;SIN3A;BCL7A;ING1;CNOT1
prerank,Regulation Of Interleukin-10 Production (GO:0032653),0.36903890754000884,1.0977545635298493,0.3333333333333333,0.5707169601906021,1.0,2/17,0.05%,TYROBP;PYCARD
prerank,Eye Development (GO:0001654),-0.3693809502707235,-1.096634750636731,0.3326530612244898,0.6502636358956634,1.0,4/17,15.10%,MEIS1;HIPK1;CEP290;SKI
prerank,Regulation Of Autophagy Of Mitochondrion (GO:1903146),-0.36474113934369456,-1.0963051424522638,0.336,0.6491686460807601,1.0,6/17,13.53%,USP36;HDAC6;HTT;FBXW7;SREBF1;DNM1L
prerank,'De Novo' Post-Translational Protein Folding (GO:0051084),-0.37797593866619905,-1.0960260952949656,0.336734693877551,0.6479225287776357,1.0,3/15,4.58%,DNAJB4;DNAJB1;DNAJB14
prerank,Regulation Of Protein Catabolic Process (GO:0042176),0.2534657239458961,1.0953231171074789,0.2859960552268245,0.5750431673018188,1.0,22/80,21.12%,RBX1;MSN;VPS35;SNX3;CSNK2A1;EZR;OAZ1;CTSA;RILP;FURIN;PSME2;VPS28;PSME1;PINK1;CUL4A;CHMP6;PIN1;EEF1A1;PSMD14;RAB7A;CYP51A1;TNFSF13B
prerank,T Cell Receptor Signaling Pathway (GO:0050852),-0.2798141948732101,-1.0950464629725247,0.3094262295081967,0.6486192675924982,1.0,22/53,31.34%,NFKBIZ;PDE4B;INPP5D;NFKBID;PLCG2;RC3H1;EIF2B4;BTN3A3;ZC3H12A;RIPK2;PDE4D;BTN2A2;RFTN1;BTN3A1;PTPN22;TNFRSF21;EIF2B5;EIF2B3;ORC3;BTN3A2;WNK1;BTN2A1
prerank,Histone Deacetylation (GO:0016575),-0.31731431510596997,-1.0948924295241367,0.3306288032454361,0.6470599344795777,1.0,7/28,19.20%,HDAC6;CHD3;SIRT1;SIRT7;MBD3;MORF4L2;HDAC5
prerank,Stress-Activated MAPK Cascade (GO:0051403),-0.3161125548856788,-1.0933448173982159,0.32515337423312884,0.6493656219222524,1.0,10/28,21.16%,PTGER4;ZFP36L1;ZFP36;GPS2;MAP3K5;MAP3K11;MAP2K7;TAOK2;MAP4K3;MAP3K13
prerank,Regulation Of Cellular Localization (GO:0060341),0.3111234430298838,1.0930029177788871,0.3188976377952756,0.5794216888053646,1.0,8/32,13.90%,TRIM21;FKBP1A;PARP1;RAB9A;RAB14;SUMO1;RSL1D1;STX6
prerank,Regulation Of mRNA Catabolic Process (GO:0061013),-0.2914920435769549,-1.0929945440109665,0.29980657640232106,0.6482871149167202,1.0,11/40,15.80%,GTPBP1;ZFP36L1;ZFP36;DHX36;YTHDF3;ZC3HAV1;MAPKAPK2;EIF4A3;CNOT1;RC3H1;ZC3H12A
prerank,Positive Regulation Of Programmed Cell Death (GO:0043068),-0.2306016030848501,-1.0921673466283675,0.26170212765957446,0.6485798603613331,1.0,54/147,29.70%,JUN;GADD45B;MCL1;FOXO3;DDX3X;HDAC6;DNAJA1;DIABLO;BCLAF1;SIRT1;RBM5;BARD1;SOX4;QRICH1;HTT;MAP3K5;RNPS1;MAP3K11;STK3;STK17B;ING5;FOXO1;DNM1L;JMY;TNFRSF10B;RYBP;MOAP1;LATS1;PAWR;PMAIP1;STK4;GADD45A;ATF4;HOXA5;CLU;STK17A;CTNNB1;TNF;GBP5;NF1;RHOB;BCL2;ATM;SYK;PHLDA1;LATS2;BCL2A1;OMA1;DAPK3;ERCC3;CCAR2;CLEC7A;TNFSF10;MAPK8
prerank,Regulation Of Insulin Secretion (GO:0050796),-0.31158033778259214,-1.0920595264574549,0.3432203389830508,0.6469476358260795,1.0,12/31,23.45%,IRS2;CDK16;TCF7L2;SOX4;MIDN;PER2;PICK1;FOXO1;SLC8B1;TNF;STXBP4;CLOCK
prerank,Positive Regulation Of T Cell Differentiation (GO:0045582),-0.29755878782788253,-1.091812942533392,0.32341269841269843,0.6458003033511718,1.0,12/38,22.61%,FOXO3;SOX4;RHOH;KAT5;CD46;DUSP10;ARID1B;ARID2;SMARCC2;TESPA1;TNFSF4;SOCS1
prerank,Regulation Of Transcription By RNA Polymerase III (GO:0006359),-0.3369410140212328,-1.0899055384030247,0.3333333333333333,0.6487941623333547,1.0,4/22,7.75%,DDX21;DHX36;ZNF76;ELL
prerank,Regulation Of Protein Polymerization (GO:0032271),0.3720925877216129,1.0886146149392733,0.35700197238658776,0.5885981571951397,1.0,4/16,9.08%,PFN1;ARHGAP18;TPPP3;COTL1
prerank,Positive Regulation Of Peptide Hormone Secretion (GO:0090277),-0.3731531266389342,-1.0874391247683282,0.34460887949260044,0.6536305062084856,1.0,3/15,7.38%,IRS2;TCF7L2;SOX4
prerank,protein-DNA Complex Organization (GO:0071824),-0.2960569713702099,-1.0869142334605228,0.33805668016194335,0.6529868472365016,1.0,15/38,22.49%,USP36;SIRT1;TCF4;PHF1;HNRNPU;TRIM28;ATRX;EHMT1;EZH2;L3MBTL1;HDAC10;HDAC5;GATAD1;FAM50A;PARP10
prerank,Muscle Contraction (GO:0006936),0.343963004217487,1.0862604999029746,0.34615384615384615,0.5931767188232895,1.0,4/21,7.54%,TPM3;MYL6;TMOD3;ROCK2
prerank,Positive Regulation Of Protein Catabolic Process (GO:0045732),0.26932985910475127,1.0862188755126039,0.31477927063339733,0.5918386187820166,1.0,21/56,27.25%,RBX1;MSN;VPS35;CSNK2A1;EZR;OAZ1;RILP;FURIN;VPS28;PSMC5;CUL4A;TMTC3;DDRGK1;PSMC2;RAB7A;TNFSF13B;OAZ2;SNF8;TNFRSF1B;NDUFA13;ADAM8
prerank,Regulation Of Response To Biotic Stimulus (GO:0002831),0.3451323563089114,1.086039883467715,0.3474747474747475,0.5908440049472808,1.0,5/22,13.69%,APPL1;N4BP1;CD36;ZMPSTE24;RNF135
prerank,Spliceosomal Complex Assembly (GO:0000245),0.28120321344222154,1.084111349695963,0.31952662721893493,0.5941066141812362,1.0,14/51,15.57%,TXNL4A;SNRPF;SRSF9;SNRPB;SNRPD3;SNRPB2;HTATSF1;SNRPG;RBMX2;SF3A3;SNRPE;DDX1;SNRPD1;SF3B4
prerank,Cellular Response To Oxidative Stress (GO:0034599),0.25510515388418203,1.0840274668611531,0.2954091816367265,0.5929274269545999,1.0,23/78,18.45%,PRDX3;SLC25A24;PRDX5;EIF2S1;PARP1;PARK7;MAPK1;CHCHD2;PEX2;PRR5L;ROMO1;MAPK9;GPX7;CCS;PXN;PINK1;AKT1;PRKCD;AIF1;VKORC1L1;KEAP1;G6PD;STX2
prerank,Negative Regulation Of Apoptotic Signaling Pathway (GO:2001234),0.2711484054153255,1.083028969434949,0.3103448275862069,0.5940671258284405,1.0,13/57,14.05%,GHITM;SLC25A6;NDUFS3;CSNK2A1;SLC25A5;TMBIM1;PRELID1;PSMD10;PARK7;GSTP1;PINK1;AKT1;BAK1
prerank,Negative Regulation Of Cell Junction Assembly (GO:1901889),0.37315603466092373,1.081937074061518,0.33079847908745247,0.5954290185862269,1.0,3/15,7.56%,ITGB1BP1;ROCK2;DYNLL1
prerank,ncRNA Processing (GO:0034470),-0.2615414241940418,-1.0800459469172907,0.31285988483685223,0.6696866870263545,1.0,16/65,20.39%,ZCCHC8;WDR74;INTS6;ESF1;RRP12;SBDS;NOP58;INTS1;DDX10;WDR55;DDX47;TSEN2;RPP21;NOLC1;NOP56;EXOSC2
prerank,Cytoskeleton Organization (GO:0007010),0.2675363497544507,1.0796338597055868,0.3425196850393701,0.599812449873527,1.0,6/57,2.85%,SH3BGRL3;CFL1;RHOG;CAPZB;PACSIN2;RAC1
prerank,Modification-Dependent Protein Catabolic Process (GO:0019941),0.22843220631346034,1.0794574022853158,0.3008298755186722,0.59885251832214,1.0,36/145,18.82%,RBX1;NEDD8;NTAN1;FBXO45;UBE2E1;UBE2L3;ANAPC11;UBL4A;RNF126;PSMD13;RNF7;UBE2K;KCTD10;UBA52;RNF130;DTX3L;UBE2I;UBE2L6;PSMF1;RNF34;UBE2R2;UBE4A;UBE2D2;PINK1;UBE2A;UBE2B;RNF166;CDC23;PSMD3;KEAP1;ISG15;NDFIP1;PSMD11;RNF146;PSMC2;PSMD14
prerank,Positive Regulation Of Stem Cell Population Maintenance (GO:1902459),-0.30258682551168603,-1.0782816318372428,0.3280943025540275,0.6727150982893633,1.0,6/33,10.51%,ARID4A;ARID4B;BRD9;SIN3A;BCL7A;ING1
prerank,Response To Amino Acid Starvation (GO:1990928),0.31299835253102937,1.0779203392331513,0.33399602385685884,0.6011613809831557,1.0,6/28,8.80%,RRAGC;SH3GLB1;EIF2S1;MAPK1;PEX2;RRAGA
prerank,Autophagosome Organization (GO:1905037),-0.2818733332596399,-1.0776573314739155,0.32595573440643866,0.6724198512979803,1.0,14/44,23.31%,ATG2A;GABARAPL1;ULK1;WDR45B;ATG12;AP4M1;MAP1LC3A;ATG14;ATP2A2;ATG16L2;STX12;ZFYVE26;RB1CC1;UBXN2A
prerank,Regulation Of Double-Strand Break Repair Via Homologous Recombination (GO:0010569),-0.28371606342887407,-1.077084127957808,0.33473684210526317,0.6719637889839475,1.0,12/47,13.83%,FUS;EPC1;KLHL15;SMCHD1;SPIDR;ING3;TRRAP;HELQ;KAT5;TP53BP1;EP400;ARID2
prerank,Bile Acid Metabolic Process (GO:0008206),0.36998460742603273,1.0767836002339346,0.37209302325581395,0.6025576825612631,1.0,6/16,22.00%,SCP2;ACOT8;HSD17B10;CYP7B1;SLC27A5;SLC27A2
prerank,Cellular Response To Epidermal Growth Factor Stimulus (GO:0071364),-0.37115193139412966,-1.0747307063164764,0.3649484536082474,0.6764929439709376,1.0,5/15,16.01%,ZFP36L1;ZFP36;SYAP1;INPP5K;STAT5B
prerank,Heme Biosynthetic Process (GO:0006783),0.37063870132194265,1.0701853280418292,0.37938144329896906,0.6177163367613118,1.0,6/15,27.41%,TSPO;NFE2L1;COX15;UROS;FXN;FECH
prerank,Negative Regulation Of Cellular Process (GO:0048523),-0.209944795266173,-1.0700654625267145,0.28105906313645623,0.6870473178648796,1.0,49/255,16.07%,DUSP1;TSPYL2;NR4A1;BTG1;BTG2;PHF14;CHMP1B;DDX3X;EREG;MIA3;SOD2;ST7L;CHERP;TOB2;TOB1;CDKN2AIP;SIRT1;DIS3L2;RAF1;BRD9;PIM2;JADE1;RBM5;BARD1;RAPGEF2;SOX4;PPM1D;BRCA1;VPS13C;DNAJB2;CHMP4A;BCL7A;ING1;ULK1;WDR6;ZNF503;JAK2;BTG3;NOTCH1;ING5;ARID2;PTPN2;NUP62;SKI;FTH1;ZBTB17;IRF1;PDS5B;HGS
prerank,Positive Regulation Of Protein Kinase Activity (GO:0045860),0.25422258814098214,1.0698842087670117,0.3508771929824561,0.617043216014072,1.0,16/75,15.69%,RHOA;RALB;CCL5;RAP1A;PDCD10;DAXX;CALM2;XRCC5;JTB;CIB1;MAP2K2;CALM1;CALM3;PRKCD;CSF1R;XRCC6
prerank,Monoatomic Cation Transmembrane Transport (GO:0098655),0.25421777272594176,1.0697220836738912,0.310546875,0.6145652678096074,1.0,21/74,20.85%,UCP2;ORAI1;FKBP1A;ATP6V1F;ATP6V0E1;SCN1B;CACNA2D4;ATP6V1E1;SLC12A7;SLC39A13;SLC39A4;HVCN1;SLC30A1;SLC39A6;ATP6V0B;KCNN4;TRPV2;ATP6V1B2;TMCO1;ATP6V1A;COX15
prerank,Inorganic Cation Transmembrane Transport (GO:0098662),0.25421777272594176,1.0697220836738912,0.310546875,0.6145652678096074,1.0,21/74,20.85%,UCP2;ORAI1;FKBP1A;ATP6V1F;ATP6V0E1;SCN1B;CACNA2D4;ATP6V1E1;SLC12A7;SLC39A13;SLC39A4;HVCN1;SLC30A1;SLC39A6;ATP6V0B;KCNN4;TRPV2;ATP6V1B2;TMCO1;ATP6V1A;COX15
prerank,Endothelial Cell Migration (GO:0043542),0.34289097289629145,1.0697153708504743,0.34637964774951074,0.6131604815105001,1.0,9/19,23.38%,RHOA;PTP4A3;RAB13;PXN;LPXN;TNFRSF25;CORO1B;PIK3CA;MYH9
prerank,peptidyl-L-cysteine S-palmitoylation (GO:0018230),0.369908474397893,1.0696955559985128,0.36293436293436293,0.6103871625172053,1.0,3/15,12.25%,ZDHHC12;ZDHHC24;GOLGA7
prerank,peptidyl-S-diacylglycerol-L-cysteine Biosynthetic Process From Peptidyl-Cysteine (GO:0018231),0.369908474397893,1.0696955559985128,0.36293436293436293,0.6103871625172053,1.0,3/15,12.25%,ZDHHC12;ZDHHC24;GOLGA7
prerank,Muscle Organ Development (GO:0007517),-0.35895068788179857,-1.0696936821685321,0.3619631901840491,0.6859829700934839,1.0,2/16,1.14%,CHD2;UTRN
prerank,Positive Regulation Of Immune Response (GO:0050778),0.3031589334483821,1.0696112548536243,0.34022556390977443,0.6091772268323012,1.0,8/34,14.61%,PYCARD;CFP;CCL5;FADD;LGALS9;ITGB2;IL12RB1;SLC15A4
prerank,Negative Regulation Of NF-kappaB Transcription Factor Activity (GO:0032088),-0.2711831147738192,-1.0693044562874976,0.34355828220858897,0.6850993400414119,1.0,7/53,4.03%,KLF4;TNFAIP3;DDIT3;NFKBIB;NFKBIA;CDK5RAP3;SIRT1
prerank,Regulation Of Sprouting Angiogenesis (GO:1903670),-0.3705793036100292,-1.0692462962244973,0.3770491803278688,0.6832762525548252,1.0,7/16,26.10%,KLF4;PPP1R16B;KLF2;GLUL;PIK3CB;PDPK1;FGF18
prerank,Regulation Of Endothelial Cell Migration (GO:0010594),0.300153899940005,1.0688366179411637,0.350597609561753,0.6097416286937237,1.0,5/34,7.54%,ITGB1BP1;PDCD6;RAC1;SH3BP1;ROCK2
prerank,Negative Regulation Of Protein Serine/Threonine Kinase Activity (GO:0071901),-0.2810117036425929,-1.068107215930785,0.3541666666666667,0.684438018520431,1.0,14/43,23.18%,DUSP1;HEXIM1;CDK5RAP3;SIRT1;RGS2;SPRY1;INPP5K;CDK5RAP1;LATS1;SORL1;GADD45A;SPRY2;PIK3CB;NF1
prerank,Regulation Of Inflammatory Response (GO:0050727),0.23451437924635457,1.0680059272220654,0.311340206185567,0.6102004889892898,1.0,19/109,9.84%,LGALS1;PYCARD;TNFRSF1A;TNFAIP8L2;SNX6;VPS35;CCL5;GPSM3;PARK7;ELF4;MFHAS1;DDT;TMSB4X;HYAL2;NKG7;MYD88;ANXA1;TNIP1;VAMP3
prerank,Response To Insulin (GO:0032868),-0.27655821853861706,-1.0672344277827532,0.3326923076923077,0.68493677316601,1.0,12/45,14.95%,IRS2;SIRT1;ZFP36L1;SYAP1;SLC25A33;PIK3R1;INSR;INPP5K;DENND4C;FOXO1;AKT2;MYO5A
prerank,Protein-Containing Complex Organization (GO:0043933),0.25222747118171374,1.0665077500114888,0.3333333333333333,0.6124203896398287,1.0,24/72,24.96%,CAPZA1;SLC9A3R1;AP2M1;NIFK;PPID;SLC9A3R2;IL1RAP;CAPG;VAMP3;WAS;TSPAN4;ZW10;CSNK2B;LPXN;SLC25A46;BECN1;PPP2R1A;NDUFAF1;FAS;IKBKG;NUP133;KIFAP3;PPIH;GEMIN5
prerank,Regulation Of Cell Cycle Process (GO:0010564),-0.25005609582836497,-1.0664713023740733,0.3212121212121212,0.6850575342090671,1.0,26/78,22.10%,DBF4;PLK3;UVRAG;AHCTF1;TIPIN;BCL7A;ZNF207;BIRC6;KIF13A;ARID1B;CUL9;ARID2;TXLNG;USP19;CCNL2;SMARCC2;RPRD1B;L3MBTL1;MYBBP1A;MYO19;PIK3R4;SETD2;OBSL1;KIF20B;CTNNB1;ZFYVE26
prerank,Regulation Of DNA Recombination (GO:0000018),-0.33164773569888834,-1.0659729154939588,0.35106382978723405,0.6844377098861496,1.0,12/22,36.01%,ZCWPW1;SPIDR;THOC1;MSH3;BLM;SETD2;KPNA2;FIGNL1;SUPT6H;KDM1A;RAD50;CHEK1
prerank,Regulation Of Canonical Wnt Signaling Pathway (GO:0060828),-0.24129388766996537,-1.0658918169068656,0.3460764587525151,0.6826998073899638,1.0,39/93,31.96%,TLE4;DDIT3;DDX3X;JADE1;TCF7L2;UBR5;SOX4;USP34;SIAH2;CCDC88C;PPM1B;INVS;MLLT3;STK3;CCNYL1;LMBR1L;PTK7;FRAT1;OTUD5;LATS1;UBAC2;SMURF2;STK4;USP8;CSNK1D;LIMD1;TNKS;CTNND1;PPM1A;LATS2;DAPK3;CSNK1E;CCAR2;CSNK1G2;GSK3B;WNK1;CYLD;PSEN1;CSNK1G3
prerank,Regulation Of Neuron Apoptotic Process (GO:0043523),-0.28190269611268337,-1.0658047573322162,0.33059548254620125,0.6810261282660334,1.0,6/45,3.81%,DDIT3;FOXO3;EGR1;SOD2;IL6ST;CPEB4
prerank,Plasma Membrane Organization (GO:0007009),0.28863556121735007,1.065285270414843,0.34970530451866405,0.6140390579868649,1.0,10/41,15.17%,VPS4B;SLC9A3R1;PACSIN2;CHMP2A;CHMP5;ARL8B;BIN2;CHMP6;EHD2;ANXA6
prerank,Regulation Of Cell Differentiation (GO:0045595),-0.23836128012159088,-1.0643601972864865,0.3044315992292871,0.6830623058651561,1.0,27/97,23.21%,KLF4;CHD3;CDK5RAP3;ZFP36L1;RAF1;CEBPB;DDX5;BRD9;SRF;CLASP2;GPS2;TRPS1;NR1D2;BCL7A;ZFHX3;ARID1B;ARID2;MBD3;SMARCC2;CDK5RAP1;ATF4;PTBP1;CTNNB1;SMAD7;TNF;NF1;EIF2AK2
prerank,Negative Regulation Of Metabolic Process (GO:0009892),-0.3131329416508095,-1.064065659054118,0.3645621181262729,0.6818748650399482,1.0,9/28,25.89%,DDIT3;ID1;ARRDC3;NOTCH1;PLCL2;IP6K1;ATF4;NR1H2;TFE3
prerank,Regulation Of Insulin Receptor Signaling Pathway (GO:0046626),-0.32316696299389513,-1.064037293999369,0.37124463519313305,0.6800024223991172,1.0,8/25,18.73%,SIRT1;GKAP1;SIK2;INPP5K;PTPN2;MZB1;PTPRE;SORL1
prerank,miRNA Processing (GO:0035196),-0.31658079999485383,-1.0628885634442455,0.37473684210526315,0.6810714333641987,1.0,10/24,28.17%,DDX5;HNRNPA2B1;SNIP1;ZC3H7B;ZC3H7A;DGCR8;AGO3;SRSF3;NCBP1;AGO1
prerank,Intrinsic Apoptotic Signaling Pathway In Response To DNA Damage (GO:0008630),0.2920090032506528,1.0628170110502473,0.33911368015414256,0.6185209107395195,1.0,3/38,1.54%,CRIP1;PYCARD;BAX
prerank,Regulation Of Mitotic Metaphase/Anaphase Transition (GO:0030071),0.29683520074588743,1.0623677037965256,0.3577586206896552,0.6181964435712354,1.0,11/33,19.90%,NEK6;ANAPC11;PBRM1;BCL7C;SMARCB1;SMARCE1;CDC23;RIOK2;CDC16;ACTL6A;SMARCD2
prerank,Nuclear Transport (GO:0051169),-0.2955938535220851,-1.062273924022155,0.36983471074380164,0.6806757886989395,1.0,9/34,15.20%,NUP153;RSRC1;NUP188;NUP98;AHCTF1;POM121;NUP107;NUP62;NUP160
prerank,Regulation Of Protein Import Into Nucleus (GO:0042306),0.3153805163111287,1.0615291828711688,0.3605577689243028,0.6188512164813267,1.0,10/26,23.16%,RAN;CHP1;HYAL2;TGFB1;JUP;SUMO1;PRKCD;MAVS;SMAD3;FLNA
prerank,Monoatomic Ion Transport (GO:0006811),0.29844289067617763,1.0614388001689103,0.3540856031128405,0.6176794506888899,1.0,6/33,14.61%,PLP2;VDAC1;TSPO;VDAC2;SLC12A7;SLC15A4
prerank,Negative Regulation Of Cellular Catabolic Process (GO:0031330),-0.2786142129158702,-1.060829230418228,0.32978723404255317,0.6826736769062425,1.0,18/43,32.64%,MCL1;STAT3;RRAGB;NRDE2;GOLGA2;TLK2;WDR6;TAB2;EIF4G3;SORL1;IL10RA;BCL2;PTPN22;EIF4E;RPTOR;TAB3;SIRT2;FOXK1
prerank,Protein K11-linked Ubiquitination (GO:0070979),0.32118691681652856,1.0608223130996242,0.3607843137254902,0.6178728560426617,1.0,14/25,36.47%,UBE2L3;ANAPC11;UBE2A;UBE2B;CDC23;CDC26;CDC16;CDC27;UBE2E3;UBE2D4;UBE2E2;ANAPC13;ANAPC7;RNF4
prerank,Histone Modification (GO:0016570),-0.25131364567557046,-1.0605924816483827,0.33880903490759756,0.6814560503536331,1.0,14/68,13.84%,EPC1;HDAC6;CHD3;SIRT1;KAT7;ING3;JADE1;TRRAP;USP3;KAT5;EP300;EP400;ING5;MBD3
prerank,Regulation Of Phosphoprotein Phosphatase Activity (GO:0043666),-0.33443213803119143,-1.0600396633324816,0.3689516129032258,0.681070608686421,1.0,4/22,8.09%,PPP1R15A;PPP1R15B;PPP6R2;HTT
prerank,Protein Sumoylation (GO:0016925),-0.2936441729841729,-1.0591301781552236,0.3684210526315789,0.6814971648614851,1.0,11/33,23.24%,UHRF2;TRIM28;TOPORS;SMC5;ZNF451;SENP5;CBX4;SENP1;ZMIZ2;RANGAP1;MDM2
prerank,Regulation Of Endocytosis (GO:0030100),0.29208163475268273,1.0580070571061888,0.36432637571157495,0.6234434338228194,1.0,16/37,31.13%,PACSIN2;ARFGAP3;RAB4A;SNX17;RUFY1;AP2S1;HIP1;LETMD1;CD151;MTMR2;SNCA;HCK;RAB5B;PTPN1;FGR;LRPAP1
prerank,Nuclear Envelope Organization (GO:0006998),0.37464888993882006,1.057507219975243,0.37598425196850394,0.6232594011419347,1.0,5/15,18.99%,TOR1A;TMEM43;NUP93;REEP3;LMNA
prerank,DNA Repair (GO:0006281),-0.21171215886817227,-1.0572073111802884,0.3207920792079208,0.6847083663235682,1.0,77/200,30.43%,BRCA2;BTG2;INO80;TDP1;RECQL5;UVRAG;PSME4;RAD18;SIRT1;SPRTN;LIG1;PNKP;WRN;RAD52;BARD1;TRIM28;RAD9A;POLA1;TRRAP;USP3;BRCA1;POLB;ATRX;ERCC6L2;MNAT1;KAT5;POLH;EP400;HLTF;ASCC3;MSH3;POLD1;PDS5B;POLE;RFWD3;PMS1;FAM111A;RAD51B;BLM;SETD2;GADD45A;POLI;ENDOV;ATR;MBD4;DOT1L;GTF2H2C;MLH3;XPA;UIMC1;REXO4;FANCM;ERCC8;LIG3;FANCI;ATM;GTF2H2;MUTYH;RNF8;BACH1;MUS81;HUS1;WRNIP1;POLD3;USP45;PARP2;ALKBH2;UPF1;ERCC3;PRKDC;WDR33;CSNK1E;RNF168;NSMCE4A;POLL;INTS3;APTX
prerank,Cellular Response To Light Stimulus (GO:0071482),0.28289331973091475,1.0570019380223823,0.3752577319587629,0.6230340507478209,1.0,17/41,27.28%,RBX1;N4BP1;EIF2S1;PARP1;MYC;CUL4A;BAK1;PRKCD;OPN3;YY1;ERCC4;NPM1;TRIAP1;CUL4B;DDB2;RUVBL2;BMF
prerank,Pore Complex Assembly (GO:0046931),-0.35644801652468805,-1.0569602586896982,0.38762886597938145,0.6834749080477165,1.0,4/16,12.44%,NUP153;NUP98;AHCTF1;NUP107
prerank,Response To Calcium Ion (GO:0051592),0.27722358815487064,1.0563631322569116,0.37333333333333335,0.6232301585044245,1.0,10/45,14.11%,ANXA11;PDCD6;SLC25A24;ALOX5AP;ADD1;CALM2;CPNE2;CALM1;CPNE1;CALM3
prerank,Regulation Of Multicellular Organismal Development (GO:2000026),-0.28301329753098475,-1.0562693761105366,0.3558282208588957,0.6834660962454561,1.0,11/40,13.97%,INO80;KAT6B;DHX36;INO80B;KAT2A;INO80E;BRD1;INSR;ING5;KAT6A;EHMT1
prerank,Regulation Of Epithelial Cell Migration (GO:0010632),-0.33686645900425516,-1.0555486656277326,0.36929460580912865,0.6834992115061214,1.0,9/21,21.50%,HDAC6;CAPN7;CLASP2;DUSP10;PLCG2;PTPN23;HIF1A;MACF1;GLUL
prerank,Regulation Of Intracellular Estrogen Receptor Signaling Pathway (GO:0033146),-0.3387099085343457,-1.053989503943514,0.39227642276422764,0.6859753073529795,1.0,5/17,19.79%,CNOT2;CNOT1;KMT2D;LATS1;STRN3
prerank,Positive Regulation Of Protein Metabolic Process (GO:0051247),0.22851998033917975,1.0535065322911699,0.3496932515337423,0.6288908082615282,1.0,43/125,26.70%,RBX1;VIM;MSN;VPS35;CSNK2A1;EIF6;RBM3;EZR;ROCK2;OAZ1;RILP;AURKAIP1;MTPN;FADD;TGFB1;VPS28;ABCB10;NR1H3;CUL4A;AKT1;BAK1;IL18;EEF2;EIF3D;SSB;HDAC2;STUB1;LARP4B;RAB7A;RAB1B;TNFSF13B;METTL5;NPM1;RAB1A;AGO2;EIF3E;OAZ2;PRMT1;UPF3A;SNF8;NDUFA13;PLD1;YTHDF1
prerank,Negative Regulation Of Protein Modification Process (GO:0031400),0.2776304840717986,1.0534739127428776,0.3404669260700389,0.627580089843602,1.0,13/45,17.23%,YWHAB;CHP1;TSPO;PARK7;MFHAS1;PRR5L;CIB1;TGFB1;SORD;LYN;PPP1R8;FKBP8;G6PD
prerank,I-kappaB kinase/NF-kappaB Signaling (GO:0007249),-0.29450954146200253,-1.052099985428096,0.35365853658536583,0.6890183190707058,1.0,10/34,26.88%,REL;NFKBIA;NKIRAS1;ERC1;AZI2;RIPK2;BIRC3;NFKB2;BCL3;CHUK
prerank,Plasma Membrane Bounded Cell Projection Assembly (GO:0120031),-0.21797825784212865,-1.0515593425456453,0.31941544885177453,0.6886076606570357,1.0,39/151,19.86%,TTC21B;TMEM107;OFD1;PIBF1;HDAC6;ALPK1;PHIP;C2CD3;KIAA0586;SCLT1;AHI1;RAPGEF2;GBF1;FGD3;WDPCP;CEP290;TNIK;IFT88;PCNT;INPP5K;NEK1;NOTCH1;IFT74;NUDCD3;IQCB1;TMEM67;RFX2;IFT122;WHAMM;KIAA0753;PTPN23;TMEM138;IFT172;CDC14A;IFT43;KIF27;BBS9;FNBP1L;SRGAP3
prerank,Calcium-Mediated Signaling (GO:0019722),-0.2995329721525189,-1.050881197656949,0.37074148296593185,0.6885642721688985,1.0,12/30,25.92%,NUDT4;CXCR4;PLCG2;ATP2A2;P2RX4;MCTP2;MCTP1;ATP1B1;CLU;TPCN2;PRNP;PDPK1
prerank,Positive Regulation Of Intrinsic Apoptotic Signaling Pathway (GO:2001244),-0.32536929114247776,-1.0502490968729106,0.3771760154738878,0.688355881441702,1.0,5/23,7.93%,DDIT3;BCLAF1;S100A9;S100A8;SFPQ
prerank,Negative Regulation Of Small Molecule Metabolic Process (GO:0062014),-0.359820328247999,-1.049476712752597,0.3736951983298539,0.6886095179241579,1.0,8/15,34.08%,KAT2A;EP300;NCOR1;CRY1;SOGA1;FLCN;CBFA2T3;PPARA
prerank,mRNA 3'-End Processing (GO:0031124),0.2989634352319911,1.048259075353036,0.3556910569105691,0.6387145893491926,1.0,7/31,10.85%,LSM10;LEO1;CPSF2;GRSF1;PEX2;NUDT21;SSU72
prerank,Cellular Response To Hypoxia (GO:0071456),-0.27819727674084826,-1.0476549987680244,0.3721881390593047,0.6915144122745072,1.0,9/41,17.82%,PTGS2;PLK3;SIRT1;ZFP36L1;NDRG1;NOTCH1;HIF1A;MDM4;PMAIP1
prerank,Intracellular Steroid Hormone Receptor Signaling Pathway (GO:0030518),0.3246536113706386,1.0476333062309011,0.39344262295081966,0.638909079072932,1.0,4/23,6.64%,NCOA4;MAPK1;DAXX;TADA3
prerank,Regulation Of Centrosome Cycle (GO:0046605),0.3613464583499758,1.045901901031833,0.39263803680981596,0.6418956619249163,1.0,4/16,5.68%,VPS4B;CHMP2A;CHMP5;PDCD6IP
prerank,Circulatory System Development (GO:0072359),-0.26290955662166526,-1.0454284874131035,0.3490364025695932,0.6958762028541978,1.0,12/52,12.36%,PKD1;PHIP;AKAP13;TCF25;SRF;KAT2A;SOX4;KDM6A;CITED2;FBXW7;KDM6B;NOTCH1
prerank,Cell Cycle G2/M Phase Transition (GO:0044839),-0.34379749718985836,-1.0451448688277527,0.3779527559055118,0.694746251883636,1.0,5/17,18.43%,PLK3;AKAP8;PLCB1;LATS1;WEE1
prerank,Regulation Of Nitric Oxide Biosynthetic Process (GO:0045428),-0.3071569951439368,-1.0448808879677183,0.38809034907597534,0.6936605681608324,1.0,14/25,31.24%,KLF4;PTGS2;INSR;JAK2;P2RX4;ZC3H12A;KLF2;CLU;TNF;PKD2;SIRPA;CLEC7A;HBB;TLR4
prerank,Telomere Organization (GO:0032200),0.26872891978262786,1.0447316534467546,0.3787575150300601,0.6432671036779865,1.0,17/47,23.35%,MCRS1;PTGES3;PARP1;APEX1;XRCC5;TINF2;TERF2;RUVBL1;RPA3;RPA1;YY1;XRCC6;ERCC4;RPA2;ACTL6A;SP100;RAD51D
prerank,Protein Palmitoylation (GO:0018345),0.3337396127277178,1.041660295474183,0.398406374501992,0.6495499305670556,1.0,4/20,12.25%,ZDHHC12;ZDHHC24;ZDHHC16;GOLGA7
prerank,Negative Regulation Of Endopeptidase Activity (GO:0010951),0.3536367422340875,1.041564053661588,0.3927855711422846,0.6483695674918154,1.0,4/16,17.58%,TIMP1;SERPINB1;AKT1;CST3
prerank,Peptidyl-Tyrosine Phosphorylation (GO:0018108),-0.30891029403794046,-1.0413133411512692,0.3929273084479371,0.7015991972258564,1.0,7/25,15.01%,CLK1;PIBF1;DYRK1A;ABL2;INSR;JAK2;ABL1
prerank,Positive Regulation Of B Cell Proliferation (GO:0030890),-0.36280682239992423,-1.0411052757408077,0.4212860310421286,0.7001691211401425,1.0,5/16,24.38%,IRS2;TFRC;VAV3;BCL2;BST1
prerank,Negative Regulation Of Protein Localization (GO:1903828),0.29757623951847045,1.0410751059856085,0.39299610894941633,0.6481973597610471,1.0,5/30,12.11%,SPI1;GDI2;MFHAS1;ROCK2;BTF3
prerank,Protein Autophosphorylation (GO:0046777),-0.23966408727237515,-1.0400932204459536,0.39,0.7008945267094556,1.0,30/84,27.58%,ERN1;CDK12;SIK2;PIM2;MAP3K3;DYRK1A;TNIK;MAPKAPK2;ULK1;INSR;MAP3K11;JAK2;TAF1;STK17B;ABL1;TAOK2;MARK3;TAOK3;STK4;ATR;SMG1;MAP3K13;PIM3;RB1CC1;EIF2AK2;ATM;MEX3B;PDPK1;MKNK2;DAPK3
prerank,Positive Regulation Of DNA Biosynthetic Process (GO:2000573),0.2740672019809216,1.0396606295601711,0.392,0.6501486371311777,1.0,16/42,25.01%,CCT5;PTGES3;MAPK1;XRCC5;MYC;CCT7;TNIP1;CCT8;CCT4;CCT6A;HNRNPA1;CCT2;CCT3;DKC1;CHTF8;TNKS2
prerank,Positive Regulation Of Establishment Of Protein Localization To Mitochondrion (GO:1903749),0.3094806090835789,1.0391013745128619,0.38846153846153847,0.6501762305965285,1.0,7/26,16.91%,RAC2;SH3GLB1;UBE2L3;PINK1;PIN1;UBE2J2;CSNK2A2
prerank,rRNA Metabolic Process (GO:0016072),-0.26287116608718397,-1.0385692419346486,0.37549407114624506,0.7031508912088812,1.0,15/55,20.39%,WDR74;ESF1;RRP12;ZFP36L1;SBDS;DEDD2;NOP58;DDX10;SIRT7;WDR55;DDX47;XRN1;NOLC1;NOP56;EXOSC2
prerank,Positive Regulation Of Protein Dephosphorylation (GO:0035307),0.31644465516241777,1.0384857046372815,0.39571150097465885,0.6502810561979908,1.0,10/23,19.87%,PPP1R7;CALM2;DYNLL1;TGFB1;CALM1;CALM3;PRKCD;PIN1;PPP2R5A;CAMTA1
prerank,Response To Gamma Radiation (GO:0010332),0.34542790178114285,1.03830939279041,0.4101010101010101,0.6492685240603064,1.0,5/16,19.27%,XRCC5;MYC;LIG4;XRCC6;HRAS
prerank,Positive Regulation Of Blood Vessel Endothelial Cell Migration (GO:0043536),-0.3112640715287072,-1.037649000929053,0.3868312757201646,0.70386708391459,1.0,11/25,26.10%,PTGS2;SIRT1;MAP3K3;PIK3C2A;P2RX4;HIF1A;AKT3;ETS1;MAPK14;PDPK1;FGF18
prerank,Regulation Of JNK Cascade (GO:0046328),-0.25648556509744047,-1.0373189551695219,0.3930885529157667,0.7029073884895242,1.0,16/60,19.24%,GADD45B;PER1;ULK4;GPS2;MAP3K5;MAPK8IP3;TNIK;DUSP10;MAP3K11;PLCB1;NCOR1;TAOK2;MTURN;TAOK3;MDFIC;GADD45A
prerank,Regulation Of Cell Cycle G1/S Phase Transition (GO:1902806),0.2640266141245299,1.0360547323366844,0.3800813008130081,0.6533775132525766,1.0,12/50,13.51%,PTPN6;APPL1;PEX2;PHB2;CDKN2D;PBRM1;PSME2;TMEM14B;PSME1;BCL7C;SMARCB1;SMARCE1
prerank,Negative Regulation Of Microtubule Polymerization Or Depolymerization (GO:0031111),-0.338782801824921,-1.0355592993446245,0.4262295081967213,0.705863232904113,1.0,8/17,28.71%,ATXN7;CLASP2;DYRK1A;TBCD;EML2;ARHGEF2;TTBK2;MID1IP1
prerank,Response To Lipopolysaccharide (GO:0032496),-0.23728554730718754,-1.034853922862873,0.4109311740890688,0.706008067281376,1.0,27/80,25.23%,TNFAIP3;NFKBIB;PDE4B;CXCL3;PELI1;IL12A;ZFP36;SERPINE1;S100A9;S100A8;CXCL2;LIAS;MAPKAPK2;JAK2;SBNO2;FOXP1;ZC3H12A;OTUD5;TAB2;GCH1;NLRP3;SCARB1;TNFSF4;TRIM41;MAPK14;PTPN22;SIRPA
prerank,Regulation Of Phosphorylation (GO:0042325),-0.2675607954609138,-1.0346095329609066,0.4068825910931174,0.7047568118789718,1.0,8/47,6.29%,FNIP1;MCM7;EREG;PHIP;SIRT1;FNIP2;PRKRIP1;BARD1
prerank,Cell-Cell Adhesion Via Plasma-Membrane Adhesion Molecules (GO:0098742),-0.31719286571635097,-1.034526290602948,0.40979955456570155,0.7031449427261959,1.0,3/22,5.87%,SELL;PKD1;CLDN15
prerank,protein-DNA Complex Assembly (GO:0065004),-0.29983697564620004,-1.034449831397289,0.391812865497076,0.7015266231195566,1.0,7/29,13.96%,BRD2;KAT6B;TCF4;RSF1;SPTY2D1;ATRX;UBN1
prerank,Negative Regulation Of Cell Migration (GO:0030336),-0.24358320903712108,-1.0334354092287805,0.38762886597938145,0.702559768022951,1.0,16/75,15.53%,ARID4A;FOXO3;MIA3;ARID4B;SERPINE1;SCAI;CLASP2;SIN3A;ZMYND8;CITED2;ING1;DUSP10;ARID2;LDLRAD4;PTPN23;MCTP1
prerank,Positive Regulation Of MAP Kinase Activity (GO:0043406),-0.28405651431071244,-1.0323665197770662,0.39436619718309857,0.7035063320738926,1.0,13/37,27.37%,ERN1;MAP3K4;MAP3K5;INSR;MAP3K11;MAP2K7;EZH2;TAOK3;MAP3K13;DVL2;TNF;FGF18;PIK3CG
prerank,Regulation Of Defense Response To Virus By Host (GO:0050691),-0.3254133421444447,-1.032197497887602,0.3970893970893971,0.7021745935296175,1.0,8/21,24.36%,TNFAIP3;TRIM44;SIN3A;RNF216;ZC3H12A;NT5C2;MUL1;PTPN22
prerank,Positive Regulation Of mRNA Processing (GO:0050685),0.3231290738083365,1.0321957047913688,0.41140529531568226,0.6616843345863622,1.0,8/21,15.57%,PRDX6;THRAP3;RBM3;LEO1;PEX2;CLNS1A;WDR77;SF3B4
prerank,Negative Regulation Of Macromolecule Biosynthetic Process (GO:0010558),-0.2628049053595765,-1.0317087872737556,0.42379182156133827,0.7016137326444156,1.0,11/52,13.42%,RBM4;BTG2;DDX3X;TOB1;DHX36;ILF3;DDX6;EIF4A3;INPP5K;CNOT1;CNOT10
prerank,Regulation Of Cell Morphogenesis (GO:0022604),0.35014898051410526,1.031580321608629,0.4027237354085603,0.6618807950182993,1.0,2/16,1.17%,CFL1;CAPZB
prerank,Mitotic Spindle Organization (GO:0007052),-0.2669232103481714,-1.0311997847035503,0.3995726495726496,0.7012340552851882,1.0,15/48,16.72%,STAG1;OFD1;PIBF1;PLK3;SBDS;DYNC1H1;CLASP2;PLK2;GOLGA2;ZNF207;GPSM2;PCNT;SPICE1;MECP2;TBCE
prerank,Postreplication Repair (GO:0006301),0.35032110742016387,1.0311739498777939,0.4230769230769231,0.6615250045211465,1.0,8/16,21.12%,UBE2V2;UBE2N;UBE2A;UBE2B;MSH2;UBE2V1;USP10;TNFSF13B
prerank,Cellular Response To Fibroblast Growth Factor Stimulus (GO:0044344),0.3301762319593062,1.0311531999221404,0.3938223938223938,0.6601735916665642,1.0,5/19,10.13%,FIBP;ITGB1BP1;CCL5;HYAL2;RAB14
prerank,Protein Targeting To Membrane (GO:0006612),0.26783541771795216,1.0308248460888692,0.3650485436893204,0.6596548925810447,1.0,14/49,22.64%,ICMT;SRP19;UBL4A;ZDHHC12;SRP14;SDCBP;TRAM1;ZDHHC24;GOLGA7;SSR1;PRKCI;YIF1B;SGTB;NACA
prerank,Cell Cycle G1/S Phase Transition (GO:0044843),-0.29446312189599355,-1.030797516575462,0.375,0.7005347463304707,1.0,9/30,17.24%,ZNF324;DBF4;PLK3;PIM2;PLK2;MAP3K11;POLE;LATS1;USP37
prerank,T Cell Differentiation (GO:0030217),-0.30145828347170833,-1.0303719521210897,0.41115702479338845,0.699873034001373,1.0,9/27,14.88%,TCF7;ZFP36L1;SOX4;RHOH;PIK3R1;GPR89B;LMBR1L;PTPN2;CHD7
prerank,Negative Regulation Of Defense Response (GO:0031348),0.26184594072857237,1.0301774943968092,0.4227005870841487,0.6598383508806408,1.0,9/53,7.29%,C1QBP;TNFRSF1A;TRIM21;TNFAIP8L2;VPS35;PARP1;ELF4;MFHAS1;BANF1
prerank,Activation Of Protein Kinase Activity (GO:0032147),0.27980774217777205,1.0294223924655554,0.3988212180746562,0.6603646778844955,1.0,11/39,20.47%,TXN;ITGB1BP1;PARK7;PHB2;PINK1;PRKCD;IL18;OSBPL8;CAB39;IRAK1;MARK2
prerank,Embryonic Organ Development (GO:0048568),-0.33088818074758397,-1.0282297669717548,0.4362549800796813,0.7035508265063745,1.0,8/19,28.06%,PKD1;IFT122;ATF4;TNF;PKD2;KMT2A;TGFBR2;ERCC3
prerank,Cellular Response To Topologically Incorrect Protein (GO:0035967),-0.35933363149279784,-1.027741476062387,0.40298507462686567,0.7030757979607501,1.0,3/16,4.58%,ERN1;HDAC6;DNAJB14
prerank,Negative Regulation Of Transport (GO:0051051),0.3338262668995502,1.0266758401670462,0.40307101727447214,0.6659635370719447,1.0,7/19,26.32%,SNX3;ARL6IP5;NR1H3;NDFIP1;RAB7A;MTMR2;SNCA
prerank,Toll-Like Receptor Signaling Pathway (GO:0002224),0.3514609666489762,1.0265966580725807,0.41967871485943775,0.6647525804350167,1.0,5/15,23.31%,BTK;TNIP1;MAPKAPK3;IRAK1;MAP3K7
prerank,Positive Regulation Of Receptor Signaling Pathway Via JAK-STAT (GO:0046427),-0.345478196060493,-1.026586024334956,0.4055793991416309,0.7044166053751643,1.0,9/17,25.88%,PIBF1;EP300;JAK2;NOTCH1;IL10RA;TYK2;HES1;TNF;CENPJ
prerank,Regulation Of Protein Localization To Cell Surface (GO:2000008),0.33355562280276146,1.0264951054549563,0.42054263565891475,0.6635755694934704,1.0,2/19,2.02%,TYROBP;TOR1A
prerank,DNA Replication (GO:0006260),-0.25675648799282874,-1.0261963555456537,0.4007936507936508,0.70369403770408,1.0,30/56,36.51%,MCM7;RECQL5;PNKP;WRN;REV3L;MCM9;POLA1;RFC1;POLB;POLG2;POLD1;POLE;FAM111A;BLM;MCM4;POLD2;HELB;WRNIP1;POLD3;UPF1;ORC3;POLL;GRWD1;RFC2;REV1;TOP1MT;POLG;TOP1;CHEK1;TBRG1
prerank,Cellular Response To BMP Stimulus (GO:0071773),-0.35141343930024393,-1.0257361739865074,0.3953033268101761,0.7013192770003052,1.0,4/15,19.03%,DDX5;USP15;SMURF1;HIVEP1
prerank,BMP Signaling Pathway (GO:0030509),-0.35141343930024393,-1.0257361739865074,0.3953033268101761,0.7013192770003052,1.0,4/15,19.03%,DDX5;USP15;SMURF1;HIVEP1
prerank,Intracellular Protein Transmembrane Transport (GO:0065002),0.2794287617603158,1.0254917433415824,0.4068825910931174,0.6646781376080851,1.0,8/38,15.39%,SEC61B;SEC61G;TIMM17B;PEX2;ROMO1;DNAJC15;GRPEL1;TOMM20
prerank,mRNA Polyadenylation (GO:0006378),0.3283698858923014,1.0245870966139983,0.4103585657370518,0.66550006331765,1.0,5/20,10.85%,LEO1;CPSF2;GRSF1;PEX2;SSU72
prerank,Positive Regulation Of Vasculature Development (GO:1904018),-0.2708363234716306,-1.0240439076979413,0.4084507042253521,0.7040857494121439,1.0,13/42,26.10%,BTG1;SIRT1;SERPINE1;HIPK1;BRCA1;PAK4;ZC3H12A;STIM1;HIF1A;ETS1;RHOB;PDPK1;FGF18
prerank,Transcription Initiation-Coupled Chromatin Remodeling (GO:0045815),-0.30378080357341947,-1.023934168691929,0.4392156862745098,0.7026330672286417,1.0,9/27,17.99%,RBM14;KAT7;PHF1;RBBP5;EP300;SIRT7;ARID1B;ATF2;USP21
prerank,Cellular Response To Metal Ion (GO:0071248),-0.2630677768033949,-1.0239202441646151,0.40816326530612246,0.700895486935867,1.0,4/50,3.52%,JUN;FOS;BRAF;CDKN2AIP
prerank,Nucleosome Organization (GO:0034728),-0.2715778501056974,-1.0233042739286657,0.386317907444668,0.7007895937116828,1.0,13/45,19.30%,CHD2;BRD2;CHD1;KAT6B;RSF1;SPTY2D1;ATRX;ARID2;UBN1;SMARCC2;SETD2;MCM3AP;LIN54
prerank,Regulation Of Translational Initiation (GO:0006446),-0.26396135857818676,-1.0227320967964535,0.41141732283464566,0.7004975124378109,1.0,7/49,7.87%,RBM4;PPP1R15B;EIF5;DDX3X;EIF4A2;YTHDF3;EIF4EBP3
prerank,Mitotic Spindle Assembly (GO:0090307),-0.30752934988629294,-1.0221459155064798,0.404,0.7002446025356147,1.0,7/22,14.73%,STAG1;OFD1;PIBF1;CLASP2;GOLGA2;ZNF207;SPICE1
prerank,RNA Polymerase II Preinitiation Complex Assembly (GO:0051123),-0.274790571817926,-1.0216671692712,0.43820224719101125,0.6998048023329649,1.0,16/39,28.24%,MED29;MED19;MED6;TAF4B;TAF1;MED14;MED17;GTF2B;MED15;MED23;TAF3;GTF2A1;TAF2;MED9;TAF13;TAF6L
prerank,Regulation Of Cilium Assembly (GO:1902017),-0.26384414814648594,-1.0215546373679782,0.425,0.6983842116066977,1.0,23/44,37.58%,MPHOSPH9;RABGAP1;HTT;WDPCP;IFT88;TBC1D22A;SGSM3;TBC1D17;TBC1D22B;CEP120;TBC1D2B;TAPT1;TBC1D7;SDCCAG8;TBC1D5;GSK3B;TBC1D10C;CYLD;CDK10;EVI5;TBC1D9B;USP6NL;LIMK2
prerank,Negative Regulation Of Immune Response (GO:0050777),0.27939427392154026,1.0202002684702722,0.4338235294117647,0.6751099477362664,1.0,18/38,32.22%,SPI1;TRIM21;PARP1;WDR41;BANF1;FURIN;LYN;AKT1;PCBP2;LYAR;MKRN2;HCK;HAVCR2;PPP6C;FGR;ATG5;YWHAZ;CD300A
prerank,Regulation Of Embryonic Development (GO:0045995),-0.2759661526823234,-1.0200340165686788,0.42276422764227645,0.7005534558814925,1.0,11/41,13.97%,INO80;DHX36;INO80B;KAT2A;CLASP2;WDPCP;INO80E;RBM19;INSR;PLCB1;EHMT1
prerank,Translesion Synthesis (GO:0019985),-0.34289682947410155,-1.0193119565994297,0.42526315789473684,0.7006834085218884,1.0,7/17,22.49%,SPRTN;REV3L;POLH;POLD1;POLI;POLD2;PARP10
prerank,RNA 3'-End Processing (GO:0031123),-0.3057836584200406,-1.0190293358430906,0.4116504854368932,0.6996343905733314,1.0,15/25,33.31%,INTS6;SUPV3L1;HEXIM1;TRNT1;RPRD1B;RPRD2;RPRD1A;INTS8;TOE1;NCBP1;CPSF6;PNPT1;CPSF7;INTS2;PAPOLA
prerank,Regulation Of Cysteine-Type Endopeptidase Activity Involved In Apoptotic Process (GO:0043281),-0.2515038795889572,-1.0186216466179432,0.41200828157349895,0.6990342007909912,1.0,10/58,9.88%,KLF4;FNIP1;DDX3X;CYCS;SIRT1;AVP;RAF1;DNAJB6;SIAH2;MAP3K5
prerank,Cellular Response To Organic Cyclic Compound (GO:0071407),-0.24335940983097928,-1.0183460479592858,0.41875,0.6979989571867216,1.0,24/67,23.20%,TIPARP;EGR1;AKAP9;PDE12;SPIDR;ZFP36L1;ATP1A1;RAPGEF2;BRCA1;KAT5;TAF1;INPP5K;RAPGEF1;CRHBP;P2RX4;ZC3H12A;NR3C1;GNG2;BLM;CLU;AHR;CTNNB1;TNF;PKD2
prerank,Positive Regulation Of NF-kappaB Transcription Factor Activity (GO:0051092),0.23556083770931735,1.0182438708184718,0.43106796116504853,0.6785868243863278,1.0,24/84,24.16%,PYCARD;TRIM21;BTK;LAMTOR5;PRDX3;CD36;IL1RAP;CIB1;MYD88;MTPN;LGALS9;MTDH;UBE2N;IL18;UBE2V1;FLOT2;TRADD;DDRGK1;PRKCI;IRAK1;IKBKG;NPM1;MAP3K7;RIPK1
prerank,Regulation Of Telomere Maintenance Via Telomerase (GO:0032210),0.2709117287991852,1.0176785608410688,0.4240631163708087,0.6786328737766688,1.0,14/41,22.39%,CCT5;MAPK1;XRCC5;TINF2;CCT7;TERF2;TNIP1;CCT8;CCT4;CCT6A;HNRNPA1;CCT2;CCT3;HNRNPC
prerank,"Retrograde Vesicle-Mediated Transport, Golgi To Endoplasmic Reticulum (GO:0006890)",0.2794985542047089,1.0174246531473374,0.4147368421052632,0.6778226122733175,1.0,11/37,16.48%,COPZ1;TMED10;RER1;ERGIC3;ZW10;KDELR2;ARF5;KDELR1;PITPNB;COPB2;ARF3
prerank,Regulation Of mRNA Stability (GO:0043488),-0.25644102226929494,-1.0173746345097812,0.4066147859922179,0.6989244701816437,1.0,9/53,10.63%,FUS;PDE12;ZFP36L1;ZFP36;DHX36;HNRNPU;YTHDF3;NRDE2;MAPKAPK2
prerank,RNA Polyadenylation (GO:0043631),0.3213291687635607,1.0168127611466058,0.4367588932806324,0.6779115769017213,1.0,5/21,10.85%,LEO1;CPSF2;GRSF1;PEX2;SSU72
prerank,Positive Regulation Of Binding (GO:0051099),0.25585855447668976,1.0167565529338176,0.4203187250996016,0.6766134006555995,1.0,11/55,15.98%,RALB;TXN;TRIM21;SUB1;RAN;FKBP1A;DTX3L;EDF1;NME1;STMN1;PIN1
prerank,Ribosome Assembly (GO:0042255),-0.32783348504333615,-1.0157186020525202,0.44238683127572015,0.7016211977953555,1.0,8/20,18.99%,DDX3X;NOP2;SBDS;DHX37;PPAN;NGRN;MDN1;DHX29
prerank,Protein K48-linked Ubiquitination (GO:0070936),0.2542609229967455,1.0153763420184678,0.4460580912863071,0.6787564103647147,1.0,12/57,13.99%,RBX1;TRIM21;FBXO45;UBE2E1;RNF126;UBE2K;DTX3L;RNF34;UBE2R2;UBE2D2;UBE2A;UBE2B
prerank,Positive Regulation Of Growth (GO:0045927),-0.2706484705900709,-1.0149152740266612,0.4190283400809717,0.7019974349093879,1.0,16/41,25.69%,DDX3X;INO80;SUPV3L1;CDKN2AIP;S100A9;S100A8;SLC25A33;INSR;PLCB1;TAF9B;RFTN1;EXOSC2;RICTOR;BRAT1;BCL2;NCBP1
prerank,Positive Regulation Of GTPase Activity (GO:0043547),-0.22204200812562708,-1.0130773206366248,0.43106796116504853,0.7051051671313987,1.0,47/101,32.60%,RASGEF1B;RGS1;NDEL1;BCR;RAPGEF2;RALGAPA1;DOCK10;CCL4;RGP1;SNX13;RAB11FIP2;RAPGEF1;TBC1D22A;SGSM3;ARHGAP22;SNX9;EZH2;SMCR8;SNX18;TBCK;TBC1D17;TBC1D22B;SRGAP3;ARAP1;RANGAP1;RALGPS2;RAB3GAP1;NF1;ARHGAP27;RAPGEF6;TBC1D2B;RALGAPA2;SOS2;BCAS3;TSC1;PIP5K1A;TBC1D7;TBC1D5;GSK3B;TBC1D10C;CCL3;ARHGEF7;RASGRP2;RAP1GAP2;RGL4;AGAP2;CCDC125
prerank,Regulation Of Cytokine Production (GO:0001817),-0.23549730516162284,-1.0123370029615848,0.40165631469979296,0.7052239361245457,1.0,20/76,25.23%,PER1;EREG;PTGER4;ZNF131;KAT2A;ZBTB20;POLA1;HIC2;MAPKAPK2;ZBTB17;FOXP1;BTN3A3;ZNF134;BTN2A2;CCDC88B;BTN3A1;TNF;EIF2AK2;MAPK14;SIRPA
prerank,DNA Metabolic Process (GO:0006259),-0.20303890276142464,-1.0121792977673365,0.4149377593360996,0.7039215238443267,1.0,57/206,22.98%,BTG2;MCM7;INO80;TDP1;RECQL5;SUPV3L1;UVRAG;PSME4;RAD18;LIG1;PNKP;WRN;INO80B;RAD52;BARD1;TCF7L2;TOP3A;TRIM28;RAD9A;LONP1;MCM9;POLA1;TRRAP;USP3;BRCA1;POLB;INO80E;ATRX;MNAT1;PARG;POLH;EP400;HLTF;MSH3;POLD1;PDS5B;POLE;TERF1;FAM111A;RAD51B;BLM;GADD45A;POLI;ENDOV;ATR;INO80D;MBD4;DOT1L;XPA;MCM4;PRIM2;KPNA2;POLD2;REXO4;TOP3B;LIG3;HELB
prerank,Regulation Of Macromolecule Biosynthetic Process (GO:0010556),-0.27835327252415765,-1.011814790528301,0.425,0.7031220629197356,1.0,12/39,18.84%,FOXO3;KAT7;S100A9;TCOF1;JADE1;MSI2;ULK1;ING5;ATXN2;EIF2B4;DUS3L;NOLC1
prerank,Cellular Response To Ketone (GO:1901655),0.3142072653888197,1.011353075152136,0.4288747346072187,0.6874547752079558,1.0,4/21,7.54%,GNB1;MSN;NCOA4;ROCK2
prerank,Brain Development (GO:0007420),-0.23792112305447635,-1.0109587345910487,0.40702479338842973,0.7037493323029015,1.0,27/70,30.34%,MEIS1;CDK5RAP3;CXCR4;DHX37;SLC23A2;RAPGEF2;ZNF335;ATXN1;ZFHX3;BPTF;CLN5;CIC;SPATA5;CDK5RAP1;SYNJ1;B3GNT5;RAB3GAP1;SETD1A;NF1;CDK5RAP2;FBXW11;UGP2;TGFBR2;FLNB;NCOA6;PHF8;BAG6
prerank,Regulation Of Protein Ubiquitination (GO:0031396),-0.23706100832682422,-1.010898808909744,0.4591439688715953,0.7022284706829404,1.0,14/78,11.06%,TNFAIP3;IVNS1ABP;DNAJA1;CDK5RAP3;SPRTN;FBXO33;SOX4;FBXW7;BRCA1;DNAJB2;MYCBP2;PER2;SIRT7;SPOPL
prerank,Positive Regulation Of Epithelial To Mesenchymal Transition (GO:0010718),0.31948515974870606,1.0105007386560394,0.4411764705882353,0.6882403613134015,1.0,6/20,22.63%,GLIPR2;SDCBP;TGFB1;SMAD2;SMAD3;TGFBR1
prerank,Oligosaccharide Metabolic Process (GO:0009311),-0.3225515040796082,-1.0104814791653194,0.42829076620825146,0.7015835312747427,1.0,7/22,24.23%,NEU1;ST8SIA4;MAN2C1;FUT8;MANBA;ST8SIA6;ST3GAL6
prerank,Transcription Preinitiation Complex Assembly (GO:0070897),-0.2685786829694452,-1.00919574111372,0.42196531791907516,0.7031623608533014,1.0,17/42,28.24%,MED29;MED19;MED6;TAF4B;TAF1;MED14;MED17;GTF2B;MED15;POLR1E;MED23;TAF3;GTF2A1;TAF2;MED9;TAF13;TAF6L
prerank,Positive Regulation Of Type II Interferon Production (GO:0032729),0.3084481732890494,1.0089268910073754,0.425,0.6906207764173271,1.0,7/24,16.90%,PYCARD;FADD;LGALS9;CD244;IL12RB1;IL18;ISG15
prerank,Positive Regulation Of Protein Localization To Cell Periphery (GO:1904377),0.2933930724119407,1.0085993126933543,0.447265625,0.6900413756824119,1.0,9/28,19.63%,RHOG;STAC3;CIB1;PTPN9;ARF6;AKT1;KIF5B;PRKCI;ITGB1
prerank,Negative Regulation Of Telomere Maintenance Via Telomere Lengthening (GO:1904357),0.3333355177975266,1.0073776681215785,0.45582329317269077,0.691816078551944,1.0,7/17,25.01%,PARP1;TINF2;TERF2;HNRNPA1;ERCC4;HNRNPC;TNKS2
prerank,Regulation Of Cellular Component Organization (GO:0051128),-0.22703121523281292,-1.0063095337368915,0.4127659574468085,0.7089191836183314,1.0,23/89,18.20%,PTCH2;CDK11A;KAT7;TFRC;SGK1;JADE1;HNRNPU;RAPGEF2;ANKRA2;MLLT3;TLK2;ABL2;RAPGEF1;ING5;RUFY2;PAK4;ZFYVE16;CCNL2;TAOK2;LATS1;SETD5;CDK11B;HCFC1
prerank,Positive Regulation Of Protein Phosphorylation (GO:0001934),0.2090277247981806,1.0060217389805794,0.42857142857142855,0.6937382490399485,1.0,42/163,22.63%,PAK2;RALB;TXN;ILK;RAC1;KRAS;MOB1A;RALBP1;PARK7;UBE2K;RAP1A;MAPK1;PDCD10;DAXX;CALM2;SDCBP;XRCC5;ROCK2;JTB;CIB1;TGFB1;CALM1;PINK1;LYN;AKT1;CALM3;CDK2AP1;CSF1R;CSNK2B;XRCC6;PIN1;CREBL2;DDRGK1;MAVS;CAB39;HRAS;RAP2A;PTPN11;FAS;IQGAP1;MOB2;TGFBR1
prerank,Photoperiodism (GO:0009648),-0.3303549343195502,-1.0058750144267175,0.4407484407484408,0.708426969446831,1.0,8/18,28.02%,RBM4;PER1;PER2;FBXL17;CLOCK;CRY1;ID2;PPP1CB
prerank,Regulation Of Cell Development (GO:0060284),0.3087978838033467,1.0056137910185567,0.42718446601941745,0.6934005332441103,1.0,3/24,3.73%,S100A10;ANXA2;MEAF6
prerank,Regulation Of Cytokine-Mediated Signaling Pathway (GO:0001959),-0.2993946421517155,-1.005302553341521,0.44842105263157894,0.7082844081925335,1.0,7/27,14.02%,TNFAIP3;TRIM44;HIPK1;MIB2;MAPKAPK2;ULK1;PTPN2
prerank,Negative Regulation Of Immune System Process (GO:0002683),-0.3454627466467838,-1.0035586051123795,0.43923240938166314,0.7109571049322342,1.0,5/16,19.02%,TNFAIP3;GPS2;TSC22D3;SMCR8;GPR108
prerank,Regulation Of Intrinsic Apoptotic Signaling Pathway (GO:2001242),-0.28496875238567476,-1.0024472908878528,0.44031311154598823,0.712279058356473,1.0,6/32,5.69%,DDIT3;DDX3X;BCLAF1;HERPUD1;S100A9;S100A8
prerank,Positive Regulation Of Glucose Transmembrane Transport (GO:0010828),-0.341302556133214,-1.0017985102028049,0.44861660079051385,0.7123309617449253,1.0,5/16,14.64%,IRS2;BRAF;PIK3R1;INSR;AKT2
prerank,"Nuclear-Transcribed mRNA Catabolic Process, Exonucleolytic (GO:0000291)",0.34036776369914207,1.0015751786088054,0.4319526627218935,0.7022144412086508,1.0,3/16,7.48%,EXOSC3;DCPS;POLR2G
prerank,Cellular Response To Misfolded Protein (GO:0071218),-0.33140917458745234,-1.0009199343821318,0.4641509433962264,0.7128998601460695,1.0,3/17,4.58%,KLHL15;UGGT2;DNAJB14
prerank,Positive Regulation Of Cell Projection Organization (GO:0031346),0.2692465801775602,1.0005431400944595,0.4523364485981308,0.7034436502111735,1.0,8/43,13.44%,TWF2;CAMK1D;SNX3;RAP1A;SCN1B;CAPRIN1;SCARB2;LYN
prerank,Response To Nutrient Levels (GO:0031667),-0.3385702508262952,-0.9999374953139295,0.4376278118609407,0.7137584505755528,1.0,7/16,30.13%,ULK1;PRKAG2;CREBBP;RICTOR;PRKAG1;FLNB;RPTOR
prerank,Positive Regulation Of Wnt Signaling Pathway (GO:0030177),-0.24808888054667233,-0.9994987606056176,0.45435684647302904,0.7131569353145888,1.0,25/56,32.68%,TNFAIP3;DDX3X;UBR5;SOX4;USP34;ZRANB1;PPM1B;SKI;PTK7;FRAT1;ATP6V0C;SMURF2;MACF1;USP8;CSNK1D;TNKS;PPM1A;SULF2;DAPK3;CSNK1E;CCAR2;CSNK1G2;WNK1;CSNK1G3;ZEB2
prerank,Negative Regulation Of Binding (GO:0051100),-0.2553832020358721,-0.9985947466652129,0.4555765595463138,0.713792704366468,1.0,10/50,13.31%,JUN;BTAF1;NFKBIA;DDX11;RSF1;GTF2F1;DNAJB2;GOLGA2;JAK2;SYMPK
prerank,Positive Regulation Of Protein Ubiquitination (GO:0031398),0.24545552501123905,0.9984088723228011,0.44163424124513617,0.7073559454824605,1.0,15/59,19.68%,RBX1;PDCD6;PSMD10;UBE2L3;FKBP1A;DCUN1D5;SUMO1;UBE2N;DCUN1D1;PINK1;PIN1;NDFIP1;COMMD1;PTTG1IP;STUB1
prerank,Platelet Dense Granule Organization (GO:0060155),0.33113526479028416,0.9983744529530221,0.47265625,0.7060019869761583,1.0,8/18,21.49%,BLOC1S1;AP1M1;BLOC1S2;AP3S1;AP3M1;HPS1;AP1S2;AP1S1
prerank,Porphyrin-Containing Compound Biosynthetic Process (GO:0006779),0.33375769421773865,0.9980316960482613,0.439918533604888,0.7054921255073218,1.0,7/17,27.41%,TSPO;NFE2L1;COX15;UROS;SUCLA2;FXN;FECH
prerank,Regulation Of Receptor Internalization (GO:0002090),0.3049576982552485,0.9976727644086127,0.4678362573099415,0.7050415313602432,1.0,5/23,16.51%,ANXA2;CD63;SDCBP;ARF1;ARRB2
prerank,Protein Acylation (GO:0043543),-0.28772895953554223,-0.9975160294930819,0.4407484407484408,0.7151249230227852,1.0,14/28,31.83%,KAT2A;EP300;ING5;FOXO1;KAT6A;GTF2B;CREBBP;GLUL;ZDHHC17;ZDHHC21;ZDHHC14;KAT2B;ZDHHC9;ZDHHC5
prerank,miRNA-mediated Gene Silencing (GO:0035195),-0.3071077777245358,-0.9971279044482749,0.4750542299349241,0.7144410372312706,1.0,6/23,13.01%,RBM4;TNRC6B;ZFP36;TNRC6A;DDX6;CNOT1
prerank,Positive Regulation Of Cell Differentiation (GO:0045597),-0.2228630678472895,-0.9969860603107124,0.4457593688362919,0.7131363770701752,1.0,22/107,16.21%,RBM4;BTG1;IL6ST;SUCO;ZFP36L1;ZFP36;TCF4;CEBPB;DHX36;SRF;SIN3A;RAPGEF2;SOX4;KAT5;SYAP1;PLCB1;ARID1B;ARID2;HIF1AN;EZH2;ZC3H12A;SMARCC2
prerank,Positive Regulation Of Hydrolase Activity (GO:0051345),0.2284600073373378,0.9969708072772856,0.46169354838709675,0.7054279880353209,1.0,18/87,15.98%,S100A10;RHOA;FNTA;CCL5;SH3BP1;RSU1;RALBP1;RAP1A;WDR41;CALM2;RHOC;LIMS1;CALM1;PINK1;CALM3;RGS10;RASGRP4;PIN1
prerank,poly(A)+ mRNA Export From Nucleus (GO:0016973),-0.3391678328363345,-0.9958516005737728,0.46496815286624205,0.7144434433614546,1.0,6/16,27.26%,NXF1;ZC3H11A;DDX19B;MCM3AP;DDX19A;THOC2
prerank,Activation Of Cysteine-Type Endopeptidase Activity Involved In Apoptotic Process (GO:0006919),0.27491940419698707,0.9956328146779096,0.46449136276391556,0.7073470497859139,1.0,14/38,26.32%,PYCARD;BAX;AIFM1;DYNLL1;PDCD2;BID;SORD;FAM162A;IFT57;HIP1;SMAD3;ANP32B;CRADD;SNCA
prerank,Gland Development (GO:0048732),0.2931800019202093,0.9947814501115686,0.4622823984526112,0.7080979851294871,1.0,5/26,9.74%,SLC9A3R1;MSN;EZR;ANXA1;FADD
prerank,Positive Regulation Of Pattern Recognition Receptor Signaling Pathway (GO:0062208),0.30620185500263947,0.9940612294504747,0.4408817635270541,0.7083772084856986,1.0,6/22,19.52%,CYBA;MFHAS1;RTN4;NR1H3;SLC15A4;IFI35
prerank,Transcription By RNA Polymerase III (GO:0006383),0.313299155001258,0.9939750264194084,0.47347740667976423,0.7071681164784996,1.0,4/22,5.80%,GTF3C6;GTF3A;POLR3K;POLR2L
prerank,Positive Regulation Of Transcription Initiation By RNA Polymerase II (GO:0060261),-0.26380834715233414,-0.9928135788907542,0.4598825831702544,0.7203556407853734,1.0,16/44,27.59%,MED29;MED19;MED6;SRF;TAF4B;TAF1;MED14;MED17;MED15;MED23;TAF3;GTF2A1;TAF2;MED9;TAF13;MED13
prerank,Positive Regulation Of Transferase Activity (GO:0051347),0.24119500799446145,0.9920406446720271,0.466403162055336,0.7105337723590391,1.0,17/67,15.99%,TSPO;UBE2L3;PTGES3;MAPK1;DCUN1D5;XRCC5;MYC;UBE2I;TNIP1;TGFB1;UBE2N;CCT4;DCUN1D1;PINK1;CSF1R;PIN1;TIE1
prerank,Positive Regulation Of Developmental Process (GO:0051094),-0.21693168302721094,-0.9914046604124613,0.466403162055336,0.7222098414475723,1.0,31/112,22.86%,ARID4A;ARID4B;SIRT1;TFRC;CEBPB;BRD9;SRF;CLASP2;SIN3A;BCL7A;ING1;BMP1;RBM19;INSR;TP53BP1;NUMA1;PLCB1;ARID1B;DNM1L;ARID2;DDHD1;SMARCC2;NCOA2;NR2C2;SMURF2;SORL1;MAP3K13;CTNNB1;MUL1;DVL2;TNF
prerank,Positive Regulation Of Neuron Apoptotic Process (GO:0043525),-0.33905960224344445,-0.9911809043858102,0.453027139874739,0.7211249579713446,1.0,3/16,1.79%,MCL1;DDIT3;FOXO3
prerank,Inositol Phosphate Metabolic Process (GO:0043647),-0.3373282095344233,-0.9893059034067222,0.46747967479674796,0.7242805122849924,1.0,9/15,38.95%,NUDT4;IPMK;SYNJ1;IP6K1;INPP4A;INPP4B;PPIP5K2;ITPKB;OCRL
prerank,Regulation Of Rho Protein Signal Transduction (GO:0035023),0.28159293741076363,0.9889442800114293,0.46534653465346537,0.7169613851337816,1.0,9/31,15.31%,RAC1;KANK2;RALBP1;PDCD10;KCTD10;DYNLL1;ARHGDIB;STMN1;F11R
prerank,Regulation Of Peptidyl-Tyrosine Phosphorylation (GO:0050730),0.2658416487821883,0.9879853199512746,0.47283702213279677,0.7178692298059383,1.0,12/40,25.97%,PAK2;PTPN6;TGFB1;ITGB2;PRKCD;PDCL3;PTPN11;IL6R;RAP2B;PDGFA;RAP2C;CNOT7
prerank,Endoplasmic Reticulum Organization (GO:0007029),0.27764468517907953,0.9872864194986679,0.48577235772357724,0.7182012099881802,1.0,13/35,25.21%,RAB10;ATL3;RTN4;TRAM1;JAGN1;REEP3;VAPB;VAPA;REEP5;TMEM33;RAB18;WDR83OS;RTN3
prerank,Nucleic Acid-Templated Transcription (GO:0097659),-0.294634718649909,-0.9867703719033939,0.46611909650924027,0.7289052040595984,1.0,6/26,12.60%,NR4A2;EPC1;NFKBIB;TOPORS;RNPS1;PHF3
prerank,Positive Regulation Of Nitrogen Compound Metabolic Process (GO:0051173),-0.3337518788148164,-0.9858060204716761,0.4894957983193277,0.7298053980103522,1.0,2/16,2.81%,KLF4;NFKBIA
prerank,Negative Regulation Of Protein Ubiquitination (GO:0031397),-0.2713607328684985,-0.9846403841487796,0.49808429118773945,0.7312324674068422,1.0,8/36,11.91%,TNFAIP3;IVNS1ABP;DNAJA1;SOX4;PER2;SIRT7;SPOPL;TAF1
prerank,Protein Autoubiquitination (GO:0051865),-0.25761511748859883,-0.9845050406127578,0.48627450980392156,0.7299593036036953,1.0,9/45,14.10%,BRCA2;UHRF2;CNOT4;RAD18;BARD1;BRCA1;RNF213;TRIM52;RNF11
prerank,Cellular Response To Peptide (GO:1901653),0.2923609396182004,0.9840091604671451,0.48723404255319147,0.7253127311620668,1.0,4/25,6.30%,VIM;SNX6;CHMP5;CD36
prerank,Epithelial To Mesenchymal Transition (GO:0001837),0.32632671544762065,0.9836084566612925,0.4895397489539749,0.7248970159309825,1.0,4/18,10.40%,S100A4;ROCK2;LIMS1;TGFB1
prerank,Positive Regulation Of Cellular Process (GO:0048522),0.19285561456712372,0.9833316557278396,0.5009671179883946,0.7241953997602569,1.0,52/246,17.78%,CAPN1;RHOG;GNAI2;C1QBP;CAPNS1;CDC42;TRIM21;PTPN6;TIMP1;CDC123;ITGB1BP1;HDAC1;PRDX3;CSNK2A1;SLC25A5;KRAS;CCL5;PSMD10;COX17;PDCD10;FUT7;ASH2L;SDCBP;MYC;ROMO1;NAP1L1;CIB1;PBRM1;CST7;ITGAX;MTPN;FAM98A;TGFB1;TNFRSF18;PHPT1;MCTS1;BCL7C;SMARCB1;LYN;SMARCE1;AKT1;CSF1R;STAMBP;DNAJA2;AIF1;DNPH1;DICER1;CD47;DDRGK1;HDAC2;NACC1;GID8
prerank,Regulation Of Epithelial Cell Proliferation (GO:0050678),-0.28305618750510747,-0.9832029861309339,0.4911242603550296,0.7316513663307012,1.0,7/30,13.64%,NR4A1;EREG;ZFP36L1;ZFP36;TCF7L2;DUSP10;SRSF6
prerank,Maintenance Of Protein Localization In Organelle (GO:0072595),0.3450248596527025,0.9831161505840356,0.4847250509164969,0.7233169285266327,1.0,5/15,17.73%,ARL2BP;HK1;PINK1;KDELR2;ARL2
prerank,Regulation Of G1/S Transition Of Mitotic Cell Cycle (GO:2000045),-0.2292652138954044,-0.9821598823303626,0.47484909456740443,0.7327444020390189,1.0,14/77,13.83%,KLF4;KMT2E;DDX3X;PKD1;INO80;CCNH;JADE1;DLG1;MNAT1;BCL7A;SLFN11;PLCB1;ARID1B;ARID2
prerank,Positive Regulation Of Telomere Maintenance Via Telomere Lengthening (GO:1904358),0.27953132617796067,0.981508540227184,0.4679611650485437,0.725874720209891,1.0,11/30,21.55%,CCT5;MAPK1;XRCC5;CCT7;TNIP1;CCT8;CCT4;CCT6A;HNRNPA1;CCT2;CCT3
prerank,Peptidyl-Threonine Modification (GO:0018210),0.25459197755608604,0.9811404022281605,0.4816247582205029,0.7254220906080985,1.0,12/43,23.76%,CSNK2A1;GALNT1;MAPK1;ROCK2;DYRK4;AKT1;PRKCD;CSNK2B;CSNK2A2;MARK2;TGFBR1;CDK5
prerank,Autophagy Of Mitochondrion (GO:0000422),-0.26620711875240877,-0.9794570345356309,0.48118811881188117,0.7380292491718415,1.0,8/36,14.21%,ATG2A;GABARAPL1;LRBA;WDR45B;ATG4D;ATG12;MAP1LC3A;ATG14
prerank,MAPK Cascade (GO:0000165),-0.2307063496522908,-0.9772859939823945,0.5104166666666666,0.7418854649896114,1.0,12/65,11.44%,PTGER4;BRAF;AVP;ZFP36L1;ZFP36;MAP3K3;MAP3K4;RAPGEF2;MAP3K5;TNIK;MAPKAPK2;MAP3K11
prerank,Positive Regulation Of Cytokine Production (GO:0001819),-0.20256730678017032,-0.9769546683927784,0.5156576200417536,0.7410587037665423,1.0,45/152,26.30%,DDIT3;STAT3;DDX3X;EREG;EGR1;PTGER4;PIBF1;PTGS2;PDE4B;IL6ST;IL12A;SERPINE1;CEBPB;DHX33;KAT2A;BRCA1;IRF3;CD46;PLCG2;JAK2;PLCB1;NOD1;FOXP1;IRF1;HIF1A;RIPK2;PDE4D;SORL1;ATF4;RFTN1;CCDC88B;TYK2;NLRP3;SLC7A5;BTN3A1;TNFSF4;TNF;GBP5;EIF2AK2;MAPK14;PTPN22;SPTBN1;SULF2;SYK;OSM
prerank,Cholesterol Transport (GO:0030301),-0.3178967356981539,-0.9769038353854,0.49583333333333335,0.7395119267413995,1.0,10/20,28.65%,ABCA5;STARD3;ABCA7;STX12;CLU;SCARB1;LDLR;ABCG1;SERAC1;SOAT1
prerank,Regulation Of GTPase Activity (GO:0043087),-0.21711392224408618,-0.9767247696151853,0.49007936507936506,0.7382866191607285,1.0,32/103,24.25%,RASGEF1B;RGS1;RABGAP1;NDEL1;RAPGEF2;DOCK10;CCL4;RGP1;FGD3;SNX13;RAB11FIP2;ARFGEF1;RAPGEF1;GPSM1;SGSM3;SNX9;EZH2;SMCR8;SNX18;VAV3;ARHGAP15;SRGAP3;ARAP1;ARHGAP12;RALGPS2;PLXNC1;RAB3GAP1;LRCH1;NF1;ARHGAP27;RAPGEF6;STMN3
prerank,Positive Regulation Of Proteolysis Involved In Protein Catabolic Process (GO:1903052),0.30288678844178996,0.9767203798503233,0.47474747474747475,0.7351575234410493,1.0,7/21,19.44%,MAGEF1;CTSC;PSMC5;TMTC3;DDRGK1;PSMC2;CCDC22
prerank,Antigen Receptor-Mediated Signaling Pathway (GO:0050851),-0.2349673214900339,-0.9750102603591536,0.5108910891089109,0.7409767684375181,1.0,26/68,31.34%,NFKBIZ;PDE4B;INPP5D;NFKBID;PLCG2;RC3H1;EIF2B4;BTN3A3;ZC3H12A;LIME1;RIPK2;VAV3;PDE4D;BTN2A2;RFTN1;BTN3A1;BCL2;PTPN22;TNFRSF21;SYK;EIF2B5;EIF2B3;ORC3;BTN3A2;WNK1;BTN2A1
prerank,Mitotic Cell Cycle Phase Transition (GO:0044772),-0.23883762013866935,-0.9742676926922708,0.5057692307692307,0.7411977382128518,1.0,24/60,28.03%,ZNF324;DBF4;PLK3;PIM2;CLASP2;CCNG2;CHMP4A;PLK2;ANAPC1;PLCB1;UBE2S;POLE;LATS1;CTDP1;USP37;WEE1;CUL3;TACC3;PPP2R2D;E2F3;ANAPC2;LATS2;TAF2;EIF4E
prerank,Synaptic Vesicle Endocytosis (GO:0048488),0.329333232874476,0.973774742254717,0.501984126984127,0.7411554489404035,1.0,8/17,26.92%,AP2M1;PIP5K1C;AP2S1;AP2B1;CDK5;SYNJ2;SNCA;CANX
prerank,Intrinsic Apoptotic Signaling Pathway In Response To DNA Damage By P53 Class Mediator (GO:0042771),0.3305312497494241,0.9730702999535255,0.4979757085020243,0.7414832348933287,1.0,1/16,0.05%,PYCARD
prerank,Regulation Of Glycolytic Process (GO:0006110),-0.28641881846908956,-0.9729903772924902,0.508130081300813,0.7428796149187522,1.0,14/26,34.83%,ZBTB20;EP300;INSR;PRKAG2;NCOR1;HIF1A;PRKAG1;RPTOR;APP;PSEN1;FLCN;CBFA2T3;PPARA;ARNT
prerank,Regulation Of MAP Kinase Activity (GO:0043405),-0.24556519761591694,-0.9721043478579576,0.506,0.7434909539903941,1.0,15/53,23.18%,DUSP1;CDK5RAP3;RGS2;CDK12;SPRY1;INSR;INPP5K;EZH2;HGS;LIME1;SORL1;SPRY2;PIK3CB;TNF;NF1
prerank,Macrophage Activation (GO:0042116),-0.3163610544855909,-0.971527695591073,0.5105042016806722,0.7432622484403957,1.0,10/18,31.24%,PLCG2;JAK2;SBNO2;FOXP1;CRTC3;CLU;TNF;SYK;APP;TLR4
prerank,Positive Regulation Of Neuron Death (GO:1901216),0.310141711839778,0.9700336787657325,0.5009746588693957,0.7478638110690774,1.0,3/21,6.24%,TYROBP;BAX;DAXX
prerank,Inflammatory Response (GO:0006954),0.218514255096656,0.9690316907269368,0.499054820415879,0.7488758193188848,1.0,24/93,18.72%,TNFRSF1A;RAC1;IL2RA;CCL5;PRDX5;TBXA2R;CYBA;CD96;MFHAS1;FUT7;ANXA1;MAPK9;LGALS9;TGFB1;ITGB2;CSF1R;C3AR1;IL18;F11R;GGT5;AIF1;IL10RB;KLRG1;TNFRSF4
prerank,Organelle Disassembly (GO:1903008),-0.2573544008824409,-0.9687735080464828,0.5074309978768577,0.7486227445097303,1.0,8/41,10.82%,ATG2A;HDAC6;PLK3;GBF1;KIF9;KAT5;GOLGA2;ULK1
prerank,Positive Regulation Of Viral Genome Replication (GO:0045070),-0.3145732604128046,-0.9685145794036798,0.5120481927710844,0.747651990415651,1.0,3/21,2.90%,DDX3X;PKN2;PDE12
prerank,Cellular Response To Growth Factor Stimulus (GO:0071363),0.23120644997601036,0.9684253757643897,0.5137795275590551,0.7489570585008519,1.0,22/70,22.63%,TWF2;ITGB1BP1;HDAC1;APPL1;CCL5;RAP1A;CIB1;HYAL2;ANXA1;PDCD5;LIMS1;TGFB1;AKT1;RAB35;EHD1;EEF1A1;CORO1B;SMAD3;PTPN11;DUSP22;IQGAP1;TGFBR1
prerank,Sister Chromatid Segregation (GO:0000819),-0.3333640109909956,-0.9676979091296849,0.47443762781186094,0.7479695879015446,1.0,6/15,17.01%,INO80;KNTC1;ZNF207;NUSAP1;MIS12;LATS1
prerank,Positive Regulation Of T Cell Activation (GO:0050870),0.2531073403363397,0.9676157546059826,0.48936170212765956,0.7495999130315762,1.0,12/47,19.90%,PYCARD;CCL5;PBRM1;ANXA1;LGALS9;SMARCB1;SMARCE1;AIF1;CD47;FLOT2;ACTL6A;SMARCD2
prerank,Regulation Of Cold-Induced Thermogenesis (GO:0120161),-0.22534499059892535,-0.9675738420370967,0.5164410058027079,0.7466712206128161,1.0,24/75,27.57%,DDIT3;CEBPB;CXCR4;ID1;DYNC1H1;ARRDC3;ACSL1;KDM6B;PER2;JAK2;NOTCH1;PLCL2;ALMS1;EHMT1;IP6K1;ATF4;ADIPOR2;SLC25A44;NR1H2;ADRB2;TFE3;SYK;LPIN1;OMA1
prerank,Peptidyl-Threonine Dephosphorylation (GO:0035970),0.3384150869409742,0.9670949890639368,0.4849699398797595,0.7494263518694391,1.0,3/15,11.03%,PPP1CA;PPP2CB;PPM1G
prerank,Regulation Of Heart Contraction (GO:0008016),0.3116257901486555,0.967091728186253,0.48412698412698413,0.7479864120779732,1.0,5/19,15.43%,CALM2;SCN1B;CALM1;CALM3;SRI
prerank,Negative Regulation Of Neurogenesis (GO:0050768),0.3403404848474666,0.9670580687645122,0.48303393213572854,0.7466326874433482,1.0,3/15,8.06%,YWHAH;DYNLT1;REST
prerank,Negative Regulation Of Protein Kinase B Signaling (GO:0051898),0.3111699905616761,0.9663208994488003,0.4792079207920792,0.7469992796826577,1.0,7/20,19.73%,SLC9A3R1;PDCD6;CIB1;HYAL2;SORD;ARRB2;PPP2R1A
prerank,Macroautophagy (GO:0016236),0.22282919111697758,0.9662028147251603,0.5021186440677966,0.7458274327989111,1.0,21/88,20.50%,VTA1;VAMP8;VPS4B;SNAP29;CHMP2A;TSG101;CALCOCO2;CHMP5;EI24;VPS25;ARL8B;TGFB1;VPS28;CHMP6;VPS33A;VAMP7;PIP4K2A;BECN1;LAMP2;GABARAPL2;WIPI2
prerank,Regulation Of Mitotic Cell Cycle Phase Transition (GO:1901990),0.24034703087815226,0.9658737059211844,0.5154004106776181,0.7452556572505868,1.0,13/55,14.32%,PTPN6;APPL1;NEK6;CDKN2D;PBRM1;PSME2;TMEM14B;PSME1;BCL7C;SMARCB1;ZW10;SMARCE1;CDC23
prerank,Negative Regulation Of Protein Modification By Small Protein Conjugation Or Removal (GO:1903321),-0.26101951401214507,-0.965056481189101,0.525,0.751428276360632,1.0,7/36,11.06%,TNFAIP3;IVNS1ABP;DNAJA1;SOX4;PER2;SIRT7;SPOPL
prerank,Nucleotide-Excision Repair (GO:0006289),-0.2529062703635073,-0.964409299229324,0.4666666666666667,0.751535699012268,1.0,18/45,28.06%,BRCA2;SIRT1;PNKP;POLA1;POLB;UVSSA;KAT5;POLD1;POLE;GTF2H2C;XPA;ERCC8;GTF2H2;HUS1;XAB2;POLD3;USP45;ERCC3
prerank,Dephosphorylation (GO:0016311),0.22617840418438914,0.9640486891966193,0.5290581162324649,0.748318835215004,1.0,26/79,27.34%,PPP1CA;PTPN6;UBLCP1;CTDNEP1;PTPN9;PPP2CB;PPM1G;PHPT1;PPP1CC;SSH1;PPP2R5A;PPP4R1;NT5C;PPP2R1A;PTPN11;DUSP22;DAPP1;CTDSP1;DUSP12;PPP3CB;SDHAF2;PPP3R1;PPP2R5E;MTMR2;DUSP18;DUSP3
prerank,Regulation Of Reactive Oxygen Species Metabolic Process (GO:2000377),0.27597584317967544,0.9637292994011771,0.5271629778672032,0.7476945494713402,1.0,7/33,13.12%,RAC2;RAC1;EIF6;ROMO1;CBR1;PINK1;SORD
prerank,Positive Regulation Of Phosphatidylinositol 3-Kinase Signaling (GO:0014068),0.2844389236247292,0.9632733216587136,0.50418410041841,0.7473119074109651,1.0,11/26,30.04%,PTPN6;HCST;CCL5;IL18;BECN1;PDGFA;MAZ;PIK3AP1;HCLS1;PDGFC;FGR
prerank,Organelle Organization (GO:0006996),-0.18730983156044143,-0.9631651193666985,0.5726681127982647,0.7530143648908496,1.0,74/256,23.42%,TNFAIP3;YME1L1;CHMP1B;ATXN7;RHOT2;MIA3;PEX1;SYNE1;PHIP;VPS13B;CENPT;WASL;ATL2;ATAD3B;YTHDF3;CLASP2;STX4;GBF1;SMPD4;BRWD1;LONP2;LONP1;HTT;MCOLN1;ZRANB1;KIF9;VPS13C;FGD3;PDZD8;WDPCP;CHMP4A;TNIK;WDR73;GOLGA2;SLC25A33;TTC17;VPS13D;NUMA1;ARFGEF1;TJAP1;TOR1B;KAT6A;GOLGA8A;PAK4;DNM1L;MAST4;GABPB1;IQCG;ZFYVE16;SLC25A36;MICAL3;CEP78;BRWD3;FNBP1L;SAR1A;COG8;PLEKHM2;OBSL1;HPS3;RICTOR;TPM1;DST;ARHGAP21;NPLOC4;ATP7A;COG7;RAB3GAP1;COG3;PKD2;GAK;AGTPBP1;UBXN2A;SEC16A;CSNK1D
prerank,Regulation Of Cell Division (GO:0051302),0.2522115652889444,0.9625980594299925,0.5091911764705882,0.7475098461826265,1.0,12/43,15.98%,SH3GLB1;CALM2;TADA3;MYC;CIB1;DR1;CETN2;CALM1;RAB11A;CALM3;MBIP;PIN1
prerank,Secretory Granule Organization (GO:0033363),0.3134261414289214,0.9622319215175373,0.5250501002004008,0.7469859851522818,1.0,8/20,21.49%,BLOC1S1;AP1M1;BLOC1S2;AP3S1;AP3M1;HPS1;AP1S2;AP1S1
prerank,Sphingolipid Biosynthetic Process (GO:0030148),0.2696624474819575,0.9609556716690053,0.49907235621521334,0.748706435233244,1.0,7/35,18.27%,ELOVL1;ORMDL2;SGPL1;TM9SF2;CERS2;SPNS2;VAPA
prerank,Nitrogen Compound Transport (GO:0071705),0.23238926125325535,0.9609226897790563,0.5414258188824663,0.7473571053584255,1.0,21/68,23.38%,CMTM6;SNX4;CHMP2A;RALBP1;ARL6IP5;TMEM30A;SLC48A1;RILP;SCAMP2;SLC52A2;SCARB2;SLC38A1;SLC15A4;RUFY1;LRRC8D;SLC29A1;RAB7A;SLC25A11;SLC6A6;CHMP1A;MYH9
prerank,Positive Regulation Of Catabolic Process (GO:0009896),0.24202737390938964,0.9597810745170822,0.5221579961464354,0.7487820058582692,1.0,8/51,7.87%,RBX1;MSN;VPS35;CSNK2A1;EZR;MAGEF1;OAZ1;RILP
prerank,Positive Regulation Of Cell Growth (GO:0030307),-0.24551402286153629,-0.958849055660856,0.49416342412451364,0.7621799377189966,1.0,19/48,25.69%,DDX3X;INO80;SUPV3L1;CDKN2AIP;S100A9;S100A8;GOLGA4;SLC25A33;SMURF1;ITSN2;TAF9B;MACF1;EXOSC2;RICTOR;MAP3K13;ZFYVE27;BRAT1;BCL2;NCBP1
prerank,Hematopoietic Progenitor Cell Differentiation (GO:0002244),-0.31586120453861216,-0.958017682466998,0.5154004106776181,0.762546072569416,1.0,4/17,13.95%,PRRC2C;SBDS;MLLT3;LMBR1L
prerank,Stress-Activated Protein Kinase Signaling Cascade (GO:0031098),-0.32536370463013087,-0.9577388982350824,0.5227272727272727,0.7615886394401451,1.0,7/15,24.01%,KAT7;NLRP1;MAP3K5;MAP2K7;TAOK2;MAP3K13;MAPK14
prerank,Monoatomic Cation Homeostasis (GO:0055080),0.28337496982522314,0.9558605110419574,0.5196850393700787,0.7571035213426867,1.0,10/25,26.32%,SLC12A7;SLC39A4;COX11;SLC39A6;COMMD1;CYBRD1;LETMD1;ZNHIT1;CUTC;SNCA
prerank,Purine Ribonucleoside Triphosphate Metabolic Process (GO:0009205),0.328022210882618,0.9551167330986814,0.520242914979757,0.7575838915609503,1.0,6/15,22.34%,RAN;OLA1;MFN1;GNAI3;NDUFS1;CLPX
prerank,Cytosolic Pattern Recognition Receptor Signaling Pathway (GO:0002753),-0.31693497683080135,-0.9546139730249129,0.53515625,0.7679732498751185,1.0,2/17,10.08%,TNFAIP3;IRF3
prerank,Positive Regulation Of Organelle Assembly (GO:1902117),-0.24925563567473788,-0.9545352148603301,0.5416666666666666,0.7665566332836573,1.0,18/44,25.88%,ATG2A;CNOT2;DYNC1H1;HTT;IFT88;GPSM2;NUMA1;CNOT1;NUP62;MOAP1;SNX18;SASS6;RAB3GAP1;TNF;G3BP2;CEP120;TAPT1;CENPJ
prerank,"Regulation Of DNA Damage Response, Signal Transduction By P53 Class Mediator (GO:0043516)",-0.32945248629255014,-0.9536017484769882,0.5161290322580645,0.7672310534543314,1.0,8/16,24.69%,SIRT1;DDX5;SOX4;DYRK1A;PMAIP1;ATR;MDM2;ATM
prerank,Receptor Signaling Pathway Via STAT (GO:0097696),-0.3039732114188225,-0.9533041314263848,0.5182341650671785,0.7663204169177863,1.0,7/20,23.94%,STAT3;PKD1;JAK2;STAT5B;TYK2;PKD2;SOCS6
prerank,Negative Regulation Of Organelle Assembly (GO:1902116),-0.2830365603437933,-0.9505762879530789,0.536144578313253,0.7712316167180472,1.0,3/25,6.57%,RBM14;MPHOSPH9;KAT2A
prerank,Cellular Response To Cytokine Stimulus (GO:0071345),-0.19782493533968004,-0.9504694967080893,0.5868263473053892,0.7698725610340359,1.0,29/144,17.47%,DUSP1;STAT3;TCF7;EREG;EGR1;IL6ST;NFKBIA;PDE12;SIRT1;ZFP36L1;ZFP36;CSF3R;CXCR4;HNRNPU;SMPD4;CCL4;BRCA1;JAK2;NFAT5;INPP5K;CRHBP;RBMX;SBNO2;RC3H1;IRF1;ZC3H12A;STAT5B;YBX3;HIF1A
prerank,Regulation Of Protein Targeting To Mitochondrion (GO:1903214),0.27950605658361516,0.9500139946856897,0.5346534653465347,0.768807753033121,1.0,7/29,16.91%,RAC2;SH3GLB1;UBE2L3;PINK1;PIN1;UBE2J2;CSNK2A2
prerank,Monocarboxylic Acid Transport (GO:0015718),0.3159434229191931,0.9497425083547418,0.5165692007797271,0.7680411770776937,1.0,6/18,20.42%,LYPLA1;SLC9A3R1;SLC10A3;GOT2;FABP5;SLC27A5
prerank,Regulation Of Apoptotic Process (GO:0042981),-0.1778795822385611,-0.9492722494823231,0.6574468085106383,0.7713374129393292,1.0,68/401,15.58%,JUN;YME1L1;GADD45B;MCL1;SON;EPC1;USP36;FOXO3;DDX3X;EGR1;RBM25;BRAF;IL6ST;HYPK;PLK3;SUPV3L1;DNAJA1;NAA16;BEX1;DIABLO;PHIP;BCLAF1;USP42;SIRT1;AVP;TFRC;AHI1;RAF1;SOCS3;SGK1;ING3;PIM2;RBM5;BARD1;SOX4;QRICH1;CITED2;TNFRSF10D;HTT;SIAH2;TRRAP;NAA15;PLK2;MAP3K5;MAPK8IP3;IRF3;KAT5;RNPS1;WDR73;PIK3R1;ABL2;MAP3K11;STK3;EP400;IER3;BIRC6;STK17B;ING5;FOXO1;DNM1L;JMY;CBX4;TNFRSF10B;AKT2;NUP62;ABL1;CCNL2;RYBP
prerank,Negative Regulation Of MAPK Cascade (GO:0043409),0.24349741364884173,0.9492181438356191,0.5373134328358209,0.7679036107635062,1.0,12/48,15.98%,SLC9A3R1;ITGB1BP1;PSMD10;EZR;MYC;HYAL2;GSTP1;TNIP1;PEBP1;LYN;PRKCD;PIN1
prerank,Microtubule Bundle Formation (GO:0001578),0.31639168111010896,0.9482319641200939,0.5087040618955513,0.7689384004311466,1.0,3/17,7.27%,CHP1;TPPP3;MAP1S
prerank,Regulation Of Organelle Organization (GO:0033043),0.2232196281965314,0.9482084932809763,0.5496957403651116,0.7675617818454614,1.0,20/74,20.64%,PAK2;MSN;VPS35;MCRS1;EZR;MAPK1;PDCD10;RUVBL1;PINK1;SCARB2;CAPN2;F11R;YY1;TMED9;DIAPH1;MAVS;TMEM33;PRMT6;MARK2;RAP1GDS1
prerank,Anterior/Posterior Pattern Specification (GO:0009952),-0.3039853627219416,-0.9477926979975025,0.5409181636726547,0.7735875018203915,1.0,8/21,23.62%,DDIT3;SKI;HES4;HOXA5;HES1;HOXA3;HOXA6;HOXB5
prerank,Protein Deacylation (GO:0035601),0.31513506835993244,0.9475329764338202,0.5178907721280602,0.7678617355780837,1.0,3/17,8.25%,LYPLA1;HDAC1;LYPLAL1
prerank,Receptor Signaling Pathway Via JAK-STAT (GO:0007259),-0.2989779747426779,-0.946998262446219,0.5499021526418787,0.7739338725357547,1.0,7/21,23.94%,STAT3;PKD1;JAK2;STAT5B;TYK2;PKD2;SOCS6
prerank,Response To Hydrogen Peroxide (GO:0042542),-0.2771472711351065,-0.9469248533634143,0.5508849557522124,0.7724725590698837,1.0,10/28,25.23%,TNFAIP3;HDAC6;SIRT1;MAP3K5;OSER1;ANKZF1;NFE2L2;CLU;RHOB;SIRPA
prerank,Regulation Of Spindle Assembly (GO:0090169),-0.29302521746011145,-0.9454833939256174,0.5489021956087824,0.7744366155013075,1.0,7/23,13.86%,CHMP1B;HNRNPU;DYNC1H1;CHMP4A;GPSM2;NUMA1;EML3
prerank,Regulation Of Type I Interferon Production (GO:0032479),0.24861108418504732,0.945482913769144,0.5372233400402414,0.7714604140817972,1.0,5/43,9.07%,TYROBP;RBX1;TRIM21;BANF1;MYD88
prerank,Negative Regulation Of Neuron Apoptotic Process (GO:0043524),0.2820273435854063,0.945459730182976,0.5636363636363636,0.7700925833745862,1.0,7/28,14.95%,SNX6;SET;PARK7;LIG4;NONO;PINK1;MSH2
prerank,Negative Regulation Of Cell Adhesion (GO:0007162),-0.27528764574515613,-0.9443538014228117,0.536144578313253,0.7757291464368056,1.0,3/28,4.76%,DUSP1;MIA3;SERPINE1
prerank,Positive Regulation Of Interleukin-12 Production (GO:0032735),-0.322638507043375,-0.9440501891239771,0.520242914979757,0.7749132867549866,1.0,8/16,31.24%,PLCG2;PLCB1;RIPK2;TNFSF4;MAPK14;SYK;CLEC7A;TLR4
prerank,Cellular Response To Interleukin-1 (GO:0071347),0.2689446671907753,0.9438988837416128,0.5540275049115914,0.7725824953974137,1.0,5/33,9.07%,PYCARD;CCL5;IL1RAP;HYAL2;MYD88
prerank,Negative Regulation Of Apoptotic Process (GO:0043066),-0.1871404911439451,-0.9430095998446837,0.6287425149700598,0.7757947822809793,1.0,34/250,10.88%,KLF4;YME1L1;MCL1;NR4A2;SON;FNIP1;DDX3X;SOD2;BRAF;IL6ST;HYPK;PLK3;SUPV3L1;DNAJA1;NAA16;PHIP;CPEB4;SIRT1;AVP;TFRC;AHI1;RAF1;SOCS3;PIM2;BARD1;DNAJB6;CITED2;TNFRSF10D;SIAH2;NAA15;PLK2;MAPK8IP3;WDR73;PIK3R1
prerank,Heart Morphogenesis (GO:0003007),-0.3153672143014523,-0.9420940424609558,0.548,0.7764489311163895,1.0,6/17,21.13%,TTN;INSR;NOTCH1;CHD7;MDM4;HES1
prerank,Ceramide Metabolic Process (GO:0006672),0.2708613747254664,0.942083850416879,0.5498084291187739,0.7756117801457867,1.0,10/32,25.44%,ORMDL2;FUT7;SGPL1;TM9SF2;CERS2;PPP2R1A;PLA2G15;ORMDL3;SPTLC2;ST6GALNAC6
prerank,Positive Regulation Of Double-Strand Break Repair Via Homologous Recombination (GO:1905168),-0.27794708744952834,-0.9416846008800538,0.5294117647058824,0.7758914770791255,1.0,8/28,13.83%,FUS;EPC1;ING3;TRRAP;HELQ;KAT5;EP400;ARID2
prerank,Positive Regulation Of Gene Expression (GO:0010628),-0.18694495722028956,-0.9399738599070083,0.6419753086419753,0.7786124717871891,1.0,61/226,23.21%,KLF4;RBM14;STAT3;ERN1;DDX3X;EREG;EGR1;PTGER4;BRAF;SLC38A2;AVP;KAT7;TFRC;DHX36;PHF1;UBR5;KAT2A;YTHDF3;TTN;LARP1B;SOX4;CITED2;RBBP5;DYRK1A;POLR2A;BRCA1;EIF3C;CD46;EP300;PIK3R1;SIRT7;PLCG2;EIF4A3;NOTCH1;ARID1B;HNRNPLL;UPF3B;ZC3H12A;ATF2;HGS;HIF1A;USP21;HCFC1;EIF4G3;ATF4;CCDC88B;ETS1;NFE2L2;HOXA5;CLU;SPRY2;MED23;WDR5;PRKAG1;BTN3A1;PIK3CB;U2AF2;CIRBP;TNF;DNMT1;EIF2AK2
prerank,Protein Import Into Nucleus (GO:0006606),-0.2323772589531205,-0.9398518915152382,0.5614754098360656,0.7772502618727962,1.0,10/60,12.44%,PPP1R10;FAM53C;STAT3;NUP153;NUP188;NUP98;POM121C;POM121;STK3;NUP107
prerank,Response To Organic Cyclic Compound (GO:0014070),0.2770394654162434,0.9398247164587562,0.5444234404536862,0.7798194675797396,1.0,8/27,16.92%,CCL5;ARL6IP5;CDKN2D;ANXA1;TGFB1;IL18;PAQR8;KYNU
prerank,Cellular Response To Mechanical Stimulus (GO:0071260),0.2668121093061033,0.9395686283331893,0.5338491295938105,0.7790467522573539,1.0,14/32,32.27%,TNFRSF1A;MYD88;FADD;BAK1;F11R;CNN2;FAS;CASP1;BNIP3;CRADD;BCL10;LTBR;MAPK3;BAD
prerank,Myeloid Cell Development (GO:0061515),0.3155920847882149,0.9395636584754806,0.5407098121085595,0.7776333728582479,1.0,2/17,4.23%,ANXA2;ZNF385A
prerank,Negative Regulation Of Response To Biotic Stimulus (GO:0002832),0.2719961926248465,0.9389238470833834,0.5321969696969697,0.7776996168535705,1.0,4/29,7.29%,C1QBP;TRIM21;PARP1;BANF1
prerank,Regulation Of Type II Interferon Production (GO:0032649),0.25757465219080533,0.9388633110005858,0.5582706766917294,0.776410600040619,1.0,9/37,16.90%,PYCARD;C1QBP;FADD;LGALS9;CD244;IL12RB1;IL18;CD47;ISG15
prerank,Regulation Of Macroautophagy (GO:0016241),0.2214574357944561,0.9379195934994105,0.5973534971644613,0.777263997232867,1.0,23/68,24.95%,CAPN1;CAPNS1;SNX6;SH3GLB1;VPS35;ATP6V1G1;SCOC;ATP6V0E1;PINK1;ATP6V1E1;VPS26A;GNAI3;ATP6V0B;BECN1;ATP6V1B2;ATP6V1A;PIK3CA;IKBKG;VPS26B;MAP3K7;CDK5;BNIP3;BNIP3L
prerank,Entrainment Of Circadian Clock By Photoperiod (GO:0043153),-0.3134510839447463,-0.9378815809691833,0.5564681724845996,0.7806953141870007,1.0,2/17,1.85%,RBM4;PER1
prerank,Defense Response To Bacterium (GO:0042742),0.2331403805855079,0.9371931867914811,0.6058252427184466,0.7776146809572685,1.0,14/57,19.42%,PYCARD;CFP;FCER1G;ROMO1;OAS1;MYD88;PRKCD;IL18;OAS2;SLC30A1;ISG15;MAVS;SHARPIN;MR1
prerank,Negative Regulation Of Neuron Death (GO:1901215),0.25767263218809405,0.9361934940882405,0.5696969696969697,0.7786721745744309,1.0,15/39,29.63%,SNX6;SET;VPS35;PARK7;LIG4;PINK1;AKT1;MSH2;PRKCI;IKBKG;CDK5;TNFRSF1B;SNCA;IL27RA;PPT1
prerank,Regulation Of Protein Kinase Activity (GO:0045859),-0.2190983337560446,-0.936162079681824,0.5644171779141104,0.7832759507309548,1.0,15/68,18.05%,TSPYL2;ANKRD54;EREG;UVRAG;SIRT1;PRKRIP1;TTN;RAPGEF2;MAP3K5;CCNYL1;INPP5K;PRKAG2;SNX9;SMCR8;TAB2
prerank,Protein Localization To Lysosome (GO:0061462),0.276771183560318,0.9352315860105613,0.5273109243697479,0.7794940366820723,1.0,9/29,20.12%,LAMTOR5;NCOA4;RTN4;SCARB2;AP3M1;LAMTOR4;M6PR;BECN1;RAB7A
prerank,Nucleosome Assembly (GO:0006334),-0.2791489145494552,-0.9346183512325267,0.537864077669903,0.7855800905154297,1.0,6/27,13.96%,BRD2;KAT6B;RSF1;SPTY2D1;ATRX;UBN1
prerank,Positive Regulation Of Mitotic Cell Cycle Phase Transition (GO:1901992),0.2527239141676676,0.933870725836049,0.5727969348659003,0.7814318993410778,1.0,11/37,21.12%,VPS4B;LSM10;ANAPC11;PHB2;ANXA1;RAB11A;AKT1;CDC23;AIF1;CDC16;TNFSF13B
prerank,Glycerophospholipid Biosynthetic Process (GO:0046474),-0.2210132750076601,-0.933327632103259,0.6062639821029083,0.7870534124773811,1.0,20/69,28.30%,ABHD5;PIK3C2A;MTMR3;INPP5D;MTMR6;PLCG2;MTMR4;INPP5K;CHKB;PI4KA;VAC14;SYNJ1;CLN3;SFI1;PIP5K1B;DGKZ;INPP4A;CHKA;PIP5K1A;SACM1L
prerank,Neuron Projection Development (GO:0031175),-0.21741064587361,-0.9331844958420882,0.5995893223819302,0.7857579533507262,1.0,14/83,10.82%,BTG2;FRYL;VPS13B;CDK16;SGK1;WASL;FRY;RAPGEF2;ZNF335;DOCK10;MAPK8IP3;TNIK;IFT88;ULK1
prerank,Positive Regulation Of Stress-Activated MAPK Cascade (GO:0032874),0.24195044664536902,0.9327007054635637,0.5705996131528046,0.7828345797995632,1.0,6/51,6.66%,PYCARD;SPI1;ARL6IP5;MFHAS1;PDCD10;SDCBP
prerank,Negative Regulation Of Inflammatory Response (GO:0050728),0.2394351599623742,0.9322373508990527,0.5898989898989899,0.782576802232549,1.0,11/48,14.43%,TNFRSF1A;PTPN6;TNFAIP8L2;VPS35;ELF4;MFHAS1;FURIN;GSTP1;NR1H3;LYN;PRKCD
prerank,Regulation Of Protein-Containing Complex Assembly (GO:0043254),-0.22464411248543495,-0.9322058225210534,0.6120857699805068,0.786542898639426,1.0,23/67,23.21%,FNIP1;DDX3X;HDAC6;SPIDR;TFRC;RAF1;FNIP2;ANKRA2;KIF9;EP300;ULK1;ATF7IP;LATS1;TFIP11;PEX5;HCFC1;VPS8;SORL1;SAR1A;CLU;TGFBRAP1;TNF;EIF2AK2
prerank,Neuron Development (GO:0048666),0.22025102869406332,0.930441409603353,0.5797979797979798,0.7856266902080778,1.0,16/71,16.26%,TOR1A;SNAPIN;MANF;BLOC1S1;ARL3;RAB13;MAP4;RUNX3;BLOC1S2;BLOC1S4;RAB11A;ATXN10;LYN;STMN1;RAB35;EHD1
prerank,Negative Regulation Of Response To External Stimulus (GO:0032102),0.22662642502493274,0.9300553372793,0.59375,0.7851407550806548,1.0,13/66,14.43%,C1QBP;TNFRSF1A;TRIM21;TNFAIP8L2;VPS35;PARP1;ELF4;MFHAS1;BANF1;NR1H3;CERS2;AKT1;PRKCD
prerank,mRNA Stabilization (GO:0048255),-0.2710688372108577,-0.9285573682860524,0.5529411764705883,0.7938028988317418,1.0,5/26,10.63%,FUS;ZFP36;HNRNPU;NRDE2;MAPKAPK2
prerank,Positive Regulation Of Catalytic Activity (GO:0043085),0.2657593846419532,0.9282186952108163,0.5886939571150097,0.7881337661209059,1.0,7/29,15.77%,YWHAB;PSENEN;XRCC5;CIB1;APH1A;MSH2;FDX1
prerank,Cellular Response To Organic Substance (GO:0071310),-0.25695304548636355,-0.927293081676892,0.5772200772200772,0.7952803672760521,1.0,9/33,17.69%,TIPARP;STAT3;HDAC6;CXCR4;PLCG2;NFAT5;INPP5K;STAT5B;NCOA2
prerank,Microtubule Cytoskeleton Organization Involved In Mitosis (GO:1902850),-0.25681994224456184,-0.9271174624811744,0.5705765407554672,0.7940907247552286,1.0,11/33,18.77%,PLK3;SBDS;DYNC1H1;CLASP2;PLK2;GPSM2;PCNT;NUSAP1;MECP2;TBCE;SETD2
prerank,Regulation Of Centrosome Duplication (GO:0010824),0.3070253362080711,0.9266329773058439,0.5445736434108527,0.7906413881905534,1.0,4/18,5.68%,VPS4B;CHMP2A;CHMP5;PDCD6IP
prerank,Regulation Of Smooth Muscle Cell Proliferation (GO:0048660),-0.27802443257177945,-0.925525736551388,0.5632911392405063,0.7964269367342318,1.0,4/24,6.52%,TNFAIP3;EREG;IL12A;TCF7L2
prerank,Negative Regulation Of Protein Metabolic Process (GO:0051248),0.2139248853756819,0.9248419242184884,0.6167664670658682,0.7935277359139103,1.0,20/83,17.58%,EIF4E2;SNX3;CSNK2A1;LSM14A;CSTB;PFDN4;YBX1;EIF4ENIF1;RILP;CSTA;CAPRIN1;VBP1;PFDN2;AKT1;PFDN5;SERBP1;PIN1;FLOT2;MALSU1;CST3
prerank,Skin Development (GO:0043588),-0.28351281404199546,-0.9246961134311666,0.5691699604743083,0.7968015232673316,1.0,3/23,5.18%,EREG;PKD1;BCR
prerank,Internal Peptidyl-Lysine Acetylation (GO:0018393),-0.2574409600866242,-0.9233895612991194,0.5752577319587628,0.7984490990666763,1.0,8/35,12.10%,EPC1;KAT7;ING3;KAT2A;TRRAP;KAT5;EP300;EP400
prerank,Apoptotic Process (GO:0006915),0.1956842637886648,0.9230550794502566,0.666015625,0.7964991390865905,1.0,44/144,25.13%,PYCARD;VDAC1;RRAGC;BAX;IL2RA;ZNF385A;EMP3;PARP1;RTN4;AIFM1;MYC;LIG4;DYNLL1;CIB1;MYD88;FADD;BID;GLRX2;AKT1;BAK1;ITGB2;PRKCD;FAM162A;TRADD;TNFRSF25;IFT57;CASP6;PPP2R1A;HIP1;ARHGEF6;NDUFS1;FAS;PIK3CA;RFK;IKBKG;TRAF7;MAP3K7;IFI27L1;CDK5;TNFAIP1;RIPK1;DHCR24;BNIP3;NUDT2
prerank,Anaphase-Promoting Complex-Dependent Catabolic Process (GO:0031145),0.31460570969368523,0.9227171892535968,0.5420944558521561,0.7959104701948237,1.0,6/16,24.46%,ANAPC11;ANAPC16;CDC23;CDC26;CDC16;CDC27
prerank,Regulation Of Protein Secretion (GO:0050708),0.24493012757755778,0.9225047009643607,0.5910852713178295,0.7949941631663746,1.0,19/43,33.52%,CCL5;PPID;TMED10;EZR;HADHA;CD33;TGFB1;ARF6;ARFIP1;CYP51A1;PPP3CB;ADAM8;RFX3;GOLPH3L;CD2AP;ERP29;GOLPH3;DNAJC1;UQCC2
prerank,Negative Regulation Of I-kappaB kinase/NF-kappaB Signaling (GO:0043124),-0.28168738164747603,-0.922495222615784,0.5566600397614314,0.7990268944908435,1.0,5/24,9.62%,TNFAIP3;PER1;SIRT1;RHOH;PPM1B
prerank,Regulation Of Nervous System Development (GO:0051960),0.3242998107256686,0.9215242359174626,0.5753968253968254,0.7958514204305549,1.0,1/15,0.16%,S100A10
prerank,Protein Glycosylation (GO:0006486),0.21035881207977675,0.9213681241149879,0.63,0.7948010965174488,1.0,15/83,16.96%,PDCD6;OST4;OSTC;GALNT1;DAD1;FUT7;B3GALT6;TMEM258;DDOST;PSMD2;MGAT4B;MLEC;MAGT1;C1GALT1C1;B3GALT4
prerank,Protein Destabilization (GO:0031648),-0.2805345204748497,-0.9212947732692831,0.5613682092555332,0.8002542571342545,1.0,12/25,26.76%,SIRT1;DAZAP2;HTT;CCDC88C;EP300;GGA3;CREBBP;CUL3;MUL1;MDM2;PRNP;FBXW11
prerank,Mitotic Cytokinesis (GO:0000281),0.2569791955219388,0.9198097115643541,0.5622489959839357,0.7973103979445175,1.0,10/34,16.23%,CFL1;EXOC5;PDCD6IP;ARL3;ROCK2;JTB;RHOC;STMN1;STAMBP;RAB35
prerank,Melanosome Assembly (GO:1903232),0.31476606875940333,0.9185314499280757,0.5850202429149798,0.7989507211955645,1.0,7/16,21.49%,RAB32;AP1M1;AP3S1;AP3M1;HPS1;AP1S2;AP1S1
prerank,Protein Localization To Chromosome (GO:0034502),0.27049796390655684,0.9183875839292386,0.5754527162977867,0.7979004882524837,1.0,7/26,15.01%,PARP1;RAD21;XRCC5;TINF2;TERF2;MSH2;RPA1
prerank,Lipid Droplet Organization (GO:0034389),0.3103165045985674,0.9181784054863942,0.5684007707129094,0.7970050919876686,1.0,5/16,22.65%,PLIN3;PPID;CDS2;RAB18;SQLE
prerank,Carbohydrate Derivative Biosynthetic Process (GO:1901137),0.2877898772362216,0.917877225666808,0.5411522633744856,0.7963925174772949,1.0,10/21,34.83%,PDCD6;TNIP1;G6PD;SCCPDH;B4GALT5;ST3GAL4;GOLPH3;ALG6;TPI1;GCNT1
prerank,Regulation Of Phosphatidylinositol 3-Kinase Signaling (GO:0014066),0.25197494774609813,0.9171982929722927,0.5720081135902637,0.7966049649829141,1.0,4/36,3.27%,PTPN6;HCST;SLC9A3R1;CCL5
prerank,Regulation Of DNA Binding (GO:0051101),-0.2683890872452469,-0.9167395854861553,0.5904761904761905,0.8096633565139416,1.0,3/29,5.86%,JUN;NFKBIA;RSF1
prerank,Import Into Nucleus (GO:0051170),-0.22798549835230464,-0.9166275168808352,0.6169772256728778,0.8083244874547195,1.0,10/59,12.44%,PPP1R10;FAM53C;STAT3;NUP153;NUP188;NUP98;POM121C;POM121;STK3;NUP107
prerank,Regulation Of Telomere Maintenance (GO:0032204),-0.26126595779365325,-0.916263968630809,0.6092184368737475,0.8076161520190025,1.0,9/30,21.34%,PPP1R10;DHX36;SMC5;SMG6;ATRX;TERF1;SMG5;SMG1;YLPM1
prerank,Extrinsic Apoptotic Signaling Pathway (GO:0097191),0.2380064067671071,0.9162462611563923,0.5996168582375478,0.7974547508139956,1.0,19/47,25.51%,TNFRSF1A;BAX;DAXX;CIB1;FADD;BID;TGFB1;BLOC1S2;DEDD;BAK1;TRADD;SMAD3;FAS;IL6R;RIPK1;SIVA1;CRADD;MLLT11;TNFRSF1B
prerank,Positive Regulation Of Production Of Molecular Mediator Of Immune Response (GO:0002702),-0.2977255717548103,-0.9156350337166357,0.5637860082304527,0.8074833705510593,1.0,6/19,24.36%,DNAJB9;STX4;MZB1;SLC7A5;TNFSF4;PTPN22
prerank,Regulation Of Nucleotide-Excision Repair (GO:2000819),-0.28239324412874733,-0.9155656829449065,0.5705882352941176,0.8060584266260373,1.0,6/22,16.21%,KAT7;RAD52;BCL7A;ARID1B;ARID2;SMARCC2
prerank,Membrane Lipid Biosynthetic Process (GO:0046467),0.265336314712014,0.9153373250871814,0.5963488843813387,0.7982832668856431,1.0,12/32,31.64%,ELOVL1;ORMDL2;SGPL1;CERS2;SPNS2;SCCPDH;ORMDL3;SPTLC2;ST3GAL4;CERS4;KDSR;CERS5
prerank,Organelle Fusion (GO:0048284),-0.3040907403744707,-0.9146375982684587,0.572,0.8066508313539192,1.0,2/16,7.02%,MCL1;STX4
prerank,Regulation Of Chemokine Production (GO:0032642),0.2852953266662587,0.9140323298539864,0.5903614457831325,0.8000060404347995,1.0,5/21,15.75%,PYCARD;LGALS9;CSF1R;IL18;AIF1
prerank,Negative Regulation Of Amide Metabolic Process (GO:0034249),0.22778665911723087,0.9135084959363777,0.6202020202020202,0.7998532216401516,1.0,9/53,9.14%,ORMDL2;EIF4E2;CSNK2A1;LSM14A;YBX1;RTN4;APEX1;EIF4ENIF1;CAPRIN1
prerank,Zymogen Activation (GO:0031638),0.3095689041008455,0.9134594962626307,0.5656370656370656,0.7985975084143926,1.0,4/16,14.05%,FURIN;F12;FADD;BAK1
prerank,Negative Regulation Of Protein Localization To Nucleus (GO:1900181),0.3148534512661272,0.9132222244397297,0.5700197238658777,0.7977678489804912,1.0,3/15,11.09%,CHP1;MFHAS1;SUMO1
prerank,Response To Retinoic Acid (GO:0032526),0.28889218028247377,0.9122654538448933,0.5808270676691729,0.7986140597271669,1.0,4/21,13.44%,TWF2;CDKN2D;TESC;LYN
prerank,Regulation Of Double-Strand Break Repair (GO:2000779),0.22404492938998452,0.9121324144781485,0.6186612576064908,0.7975245846808278,1.0,14/62,14.76%,ACTR2;MRGBP;PPP4C;MEAF6;PBRM1;UBE2V2;RUVBL1;WAS;UBE2N;BCL7C;SMARCB1;SMARCE1;VPS72;MORF4L1
prerank,Regulation Of MAPK Cascade (GO:0043408),0.21455109366940578,0.9119863374366736,0.6312625250501002,0.7965148140347742,1.0,22/82,22.83%,PAK2;PTPN6;PSMD10;LAMTOR1;STYX;MAPK1;ETFA;PHB2;ROCK2;GSTP1;APIP;MAP2K2;PEBP1;LYN;CSF1R;HRAS;PPP2R1A;DOK2;FAS;IQGAP1;TGFBR1;TRAF7
prerank,Organelle Transport Along Microtubule (GO:0072384),0.26660265404959294,0.9108045139223078,0.5930232558139535,0.7978732836743447,1.0,6/28,11.74%,CDC42;SNAPIN;BLOC1S1;MAP1S;BLOC1S2;COPG1
prerank,Regulation Of Calcium Ion Transport (GO:0051924),-0.27240892214356127,-0.9101264848357364,0.6004464285714286,0.815882441654413,1.0,13/24,31.52%,CCL4;HOMER1;INPP5K;P2RX4;STIM1;EPB41;SLC8B1;CTNNB1;PKD2;BCL2;STIM2;CCL3;CAMK2G
prerank,Wound Healing (GO:0042060),-0.2515570863627141,-0.909060258665636,0.5979591836734693,0.8168650784318338,1.0,6/35,9.63%,CHMP1B;EREG;MIA3;RAF1;SRF;CHMP4A
prerank,Cellular Response To Virus (GO:0098586),0.2603707482947357,0.909039478771453,0.5909090909090909,0.8007245985058998,1.0,11/30,21.94%,BAX;CCL5;OAS1;EIF5A;LGALS9;IFNGR2;IL10RB;IFNAR1;RIOK3;IFNGR1;JAK1
prerank,Regulation Of Cellular Senescence (GO:2000772),0.29800595403943564,0.9086746882108199,0.580078125,0.8001750716175616,1.0,4/19,12.95%,NEK6;YBX1;TERF2;RSL1D1
prerank,Positive Regulation Of Viral Process (GO:0048524),-0.2653381708321112,-0.9073442079672311,0.6075697211155379,0.8194511468083708,1.0,4/29,5.86%,DDX3X;PKN2;PDE12;RSF1
prerank,Ceramide Biosynthetic Process (GO:0046513),-0.2815563090380556,-0.9072256195730638,0.5820568927789934,0.818145956607495,1.0,6/23,20.99%,ST8SIA4;SMPD4;B4GALT4;SAMD8;ST8SIA6;CLN8
prerank,Positive Regulation Of Signaling (GO:0023056),0.31464069307753717,0.9066702498631038,0.6061224489795919,0.8035945487751183,1.0,3/16,9.84%,ANXA2;ILK;VAMP3
prerank,Regulation Of Peptide Hormone Secretion (GO:0090276),-0.3138268410835269,-0.9048315433111346,0.6197478991596639,0.8226289112910766,1.0,7/15,23.45%,PER2;PICK1;CRHBP;CHD7;SLC8B1;TNF;CLOCK
prerank,Negative Regulation Of G2/M Transition Of Mitotic Cell Cycle (GO:0010972),-0.28654953672058453,-0.9045001916231304,0.611336032388664,0.821819132106641,1.0,3/20,8.90%,CDK5RAP3;BARD1;BRCA1
prerank,Glycoprotein Metabolic Process (GO:0009100),-0.25977279619825705,-0.9039478712489286,0.6026365348399246,0.8214987657770948,1.0,11/32,24.47%,ENGASE;ST8SIA4;MAN2A2;MAN2A1;FUT8;HIF1A;MAN1A1;MANBA;ST8SIA6;MAN2B1;NGLY1
prerank,Negative Regulation Of Intrinsic Apoptotic Signaling Pathway (GO:2001243),-0.24378779281008492,-0.9034814600777356,0.6297071129707112,0.8209676894543325,1.0,5/39,4.03%,DDX3X;SOD2;DNAJA1;HERPUD1;SIRT1
prerank,Cellular Response To Amino Acid Starvation (GO:0034198),0.2594677310327618,0.9029616484397079,0.5852713178294574,0.8106883745602976,1.0,5/29,8.80%,RRAGC;SH3GLB1;EIF2S1;MAPK1;RRAGA
prerank,Negative Regulation Of Transferase Activity (GO:0051348),-0.2707973085773589,-0.9025790600756923,0.5973282442748091,0.8215149940617578,1.0,5/26,6.31%,IRS2;EIF4A2;ZFP36;PNKP;HNRNPU
prerank,Regulation Of Protein Phosphorylation (GO:0001932),0.19602133998320856,0.9023759950703241,0.696911196911197,0.8106920122116457,1.0,33/122,22.80%,RALB;SLC9A3R1;ILK;CHP1;RAC1;KRAS;MOB1A;RALBP1;PARK7;DAXX;PRR5L;ROCK2;CIB1;TGFB1;PINK1;SORD;LYN;AKT1;ITGB2;CDK2AP1;CSF1R;NDUFS4;FKBP8;PIN1;PDCL3;MAVS;CCNY;HRAS;RAP2A;FAS;NPM1;MOB2;IMPACT
prerank,Nucleus Organization (GO:0006997),0.24796479582561562,0.9023551066408859,0.6217303822937625,0.8093502431978028,1.0,10/37,15.92%,VPS4B;TOR1A;CHMP2A;CTDNEP1;CHMP5;PDCD6IP;NUP93;REEP3;CHMP6;PITPNB
prerank,Enzyme-Linked Receptor Protein Signaling Pathway (GO:0007167),-0.2580396122002465,-0.901990170454004,0.6092184368737475,0.8212119107481027,1.0,6/32,12.81%,IL6ST;PILRB;AHI1;INSR;JAK2;RAPGEF1
prerank,Positive Regulation Of Epidermal Growth Factor Receptor Signaling Pathway (GO:0045742),0.30344803865753894,0.9018550527621311,0.596039603960396,0.8092205850197441,1.0,4/16,9.30%,RALB;RALA;APEX1;PDE6G
prerank,Peptidyl-Threonine Phosphorylation (GO:0018107),0.24097442392948445,0.9008712034990728,0.6565656565656566,0.8101668768351775,1.0,11/38,23.76%,CSNK2A1;MAPK1;ROCK2;DYRK4;AKT1;PRKCD;CSNK2B;CSNK2A2;MARK2;TGFBR1;CDK5
prerank,Negative Regulation Of Signal Transduction (GO:0009968),-0.20004583371547052,-0.900328838300164,0.6751054852320675,0.8235422423911938,1.0,30/111,24.29%,TNFAIP3;PTCH2;NR4A2;ASXL1;PHACTR4;IL12A;RGS2;GPS2;INPP5D;FBXW7;SPRY1;HMGXB4;INPP5K;CNOT1;PTPN2;IFT122;CRHBP;HIF1AN;EZH2;HGS;PTPRE;GPR108;LEPROT;VGLL4;SPRY2;PIK3CB;SOCS1;TNF;CRY1;BCL2
prerank,Regulation Of Cytokine Production Involved In Inflammatory Response (GO:1900015),0.2706551193400212,0.9003251676612379,0.6336032388663968,0.8100131648979275,1.0,4/26,9.21%,PYCARD;APPL1;MYD88;MAPK9
prerank,Protein Transmembrane Import Into Intracellular Organelle (GO:0044743),0.27129862798295057,0.9001005387627238,0.6358267716535433,0.8092033639684832,1.0,7/25,19.37%,TIMM17B;PEX2;ROMO1;DNAJC15;GRPEL1;TOMM20;CHCHD4
prerank,Regulation Of Pathway-Restricted SMAD Protein Phosphorylation (GO:0060393),0.3074564208469958,0.8988153363310976,0.6057692307692307,0.8106303138229846,1.0,5/16,22.63%,SDCBP;TGFB1;CSNK2B;PIN1;TGFBR1
prerank,Positive Regulation Of Peptidyl-Tyrosine Phosphorylation (GO:0050731),0.22616373941894263,0.8985967042808874,0.6369047619047619,0.809747920736476,1.0,9/50,14.94%,PAK2;TNFRSF1A;ARL2BP;CCL5;TGFB1;TNFRSF18;LYN;CSF1R;IL18
prerank,Signal Transduction By P53 Class Mediator (GO:0072331),-0.27760382059215977,-0.8979563138834769,0.6033057851239669,0.8274224569333304,1.0,8/23,19.08%,DDX5;ATRX;NDRG1;JMY;MYBBP1A;MDM4;PMAIP1;FHIT
prerank,Positive Regulation Of Supramolecular Fiber Organization (GO:1902905),0.2389280453504065,0.8968180498167627,0.6264591439688716,0.8123839210581144,1.0,10/44,21.27%,PYCARD;PFN1;RAC1;VASP;ARF6;ARL2;PLEK;LIMK1;DCTN1;GSN
prerank,Positive Regulation Of Chemokine Production (GO:0032722),0.2641240286216639,0.8965385544954243,0.6375,0.811651375338216,1.0,9/28,24.08%,PYCARD;OAS1;LGALS9;CSF1R;IL18;AIF1;MAVS;LCP1;IL6R
prerank,Sodium Ion Transport (GO:0006814),-0.31878505518308864,-0.8964527876923655,0.5866388308977035,0.8294352685558563,1.0,6/15,24.16%,SGK1;SLC23A2;ATP1B1;SLC9A8;PKD2;TPCN2
prerank,Positive Regulation Of Tyrosine Phosphorylation Of STAT Protein (GO:0042531),0.28154322221346245,0.8946786918591482,0.6112224448897795,0.8145005819536002,1.0,6/20,14.94%,TNFRSF1A;CCL5;TNFRSF18;LYN;CSF1R;IL18
prerank,Positive Regulation Of Macroautophagy (GO:0016239),0.23832649241721465,0.8930829458091472,0.6810176125244618,0.8166182052632629,1.0,6/41,7.05%,RALB;SH3GLB1;SLC25A5;SNX4;CALCOCO2;SCOC
prerank,Regulation Of Tumor Necrosis Factor-Mediated Signaling Pathway (GO:0010803),-0.2589046069045978,-0.892340775893389,0.6233269598470363,0.8374552621785653,1.0,7/30,14.02%,TNFAIP3;HIPK1;MIB2;GPS2;MAPKAPK2;ULK1;PTPN2
prerank,Metal Ion Transport (GO:0030001),-0.24562993539482478,-0.8922586074616387,0.6302521008403361,0.8360714973541578,1.0,6/35,11.99%,PKD1;SLC3A2;SGK1;SLC23A2;TRPM7;ITPR1
prerank,Protein Targeting (GO:0006605),0.20260069361642985,0.8916148338563065,0.6746031746031746,0.8184305923605347,1.0,22/93,20.31%,TOMM22;TSPO;ICMT;TIMM8B;ZDHHC12;SRP14;SPCS1;APEX1;TIMM13;SDCBP;SEC61G;TIMM17B;ZDHHC24;BCAP31;GOLGA7;TOMM20;TOMM34;SPCS2;LAMP2;TOMM5;PRKCI;YIF1B
prerank,Regulation Of Plasma Membrane Bounded Cell Projection Assembly (GO:0120032),0.2334211954862574,0.8914465183798389,0.665406427221172,0.8174389606713885,1.0,4/47,2.85%,TWF2;CDC42;CAPZB;RAC1
prerank,Regulation Of Ras Protein Signal Transduction (GO:0046578),-0.23381176487803373,-0.8911868564947252,0.6309523809523809,0.8370784305648996,1.0,20/44,28.66%,RAF1;BCR;KBTBD7;MYO9B;SPRY1;NOTCH1;DENND4C;NUP62;SGSM3;DENND4B;SHOC2;STK19;ARHGEF18;SPRY2;DENND4A;ARHGAP17;SYNGAP1;ARHGEF2;DENND1A;DENND3
prerank,rRNA Processing (GO:0006364),0.213732369262141,0.8908353766047108,0.6900212314225053,0.8173351224628292,1.0,11/70,10.96%,RRP36;EXOSC3;EIF6;XRN2;TSR3;C1D;LSM6;NOB1;NHP2;EBNA1BP2;POP4
prerank,Positive Regulation Of Neurogenesis (GO:0050769),-0.27647519851582925,-0.8906828767052112,0.6336032388663968,0.8365923625068517,1.0,15/23,36.82%,ZNF335;SS18L1;CUX1;OBSL1;SPEN;CTNNB1;PLXNC1;VCAN;NUMB;PLXND1;KDM1A;DISC1;SHANK3;PLXNB2;PLXNA3
prerank,Transcription By RNA Polymerase II (GO:0006366),0.18978208202955976,0.8905930892153752,0.7386138613861386,0.8165074167932629,1.0,25/144,13.80%,S100A10;ANXA2;SUB1;LEO1;PARP1;XRN2;ADRM1;POLR2L;PEX2;ELOF1;GTF2E1;POLR2G;SUPT4H1;SUPT16H;TCEA1;PBRM1;GTF2A2;CTR9;SSU72;PMF1;NR1H3;GTF2F2;GTF2H5;MED4;GTF2H3
prerank,Protein K63-linked Ubiquitination (GO:0070534),0.23802549508874934,0.8904704689375175,0.654296875,0.81544029618097,1.0,12/42,27.94%,TRIM21;RNF126;UBE2V2;UBE2N;RNF135;UBE2B;UBE2V1;STUB1;BFAR;RNF5;RNF167;UBE2E3
prerank,B Cell Receptor Signaling Pathway (GO:0050853),0.28686004608930193,0.8900132328860456,0.6318897637795275,0.8151472264195709,1.0,2/20,1.92%,BAX;BTK
prerank,Interstrand Cross-Link Repair (GO:0036297),-0.3110028645669097,-0.8886958816540016,0.6032719836400818,0.8395566720312208,1.0,8/15,29.33%,MCM9;ERCC6L2;RFWD3;XPA;FANCM;FANCI;RNF8;RNF168
prerank,Negative Regulation Of DNA Metabolic Process (GO:0051053),0.27088873569143196,0.8883277563118143,0.6351351351351351,0.8175413748963765,1.0,4/24,8.17%,S100A11;SUB1;XRCC5;TERF2
prerank,Regulation Of Interferon-Beta Production (GO:0032648),0.24561480225417687,0.88587902548269,0.6164383561643836,0.8218085147063997,1.0,9/35,21.01%,PYCARD;OAS1;RNF135;OAS2;YY1;ISG15;MAVS;RIOK3;PTPN11
prerank,Lysosome Localization (GO:0032418),0.27107483186015147,0.8856605688949549,0.6058091286307054,0.8208867990260067,1.0,10/24,23.38%,SNAPIN;LAMTOR1;BLOC1S1;FAM98A;BLOC1S2;KIF5B;VPS33A;MILR1;RAB34;MYH9
prerank,Positive Regulation Of Protein Localization (GO:1903829),0.23091204336241422,0.8847640042323378,0.6692913385826772,0.8214817098276499,1.0,7/49,10.40%,TYROBP;LAMTOR5;PARK7;RTN4;PTP4A3;DTX3L;TGFB1
prerank,Regulation Of Mitotic Spindle Organization (GO:0060236),-0.2588060834230234,-0.8844189929988752,0.6252465483234714,0.8478226444972288,1.0,8/28,14.79%,CHMP1B;HNRNPU;DYNC1H1;CHMP4A;GPSM2;NUMA1;EML3;NUP62
prerank,Monoubiquitinated Histone H2A Deubiquitination (GO:0035522),-0.26395131864033294,-0.8842380590027045,0.6358024691358025,0.8450381679389312,1.0,5/23,16.35%,ATXN7;KAT2A;TRRAP;SUPT20H;USP22
prerank,Monoubiquitinated Histone Deubiquitination (GO:0035521),-0.26395131864033294,-0.8842380590027045,0.6358024691358025,0.8450381679389312,1.0,5/23,16.35%,ATXN7;KAT2A;TRRAP;SUPT20H;USP22
prerank,B Cell Activation (GO:0042113),-0.23990120617994365,-0.8840216411971566,0.6826003824091779,0.8439316819364325,1.0,8/41,14.45%,DNAJB9;FNIP1;KLF6;GPS2;PIK3R1;PLCG2;PTPN2;AKAP17A
prerank,Positive Regulation Of Interleukin-2 Production (GO:0032743),-0.30213213587313026,-0.8831947886540433,0.5978947368421053,0.8442690317278253,1.0,5/16,29.56%,PDE4B;PLCG2;PDE4D;SPTBN1;CLEC7A
prerank,mRNA Transcription By RNA Polymerase II (GO:0042789),-0.25104289320141515,-0.8831507387301846,0.6299212598425197,0.8427823876466531,1.0,18/30,35.36%,TAF4B;TAF1;HLTF;RXRB;NCOA2;ATF4;TAF3;NR1H2;NCBP1;NCOA1;TAF2;TAF13;RXRA;SUPT6H;CREB1;TAF7;ZBTB1;TAF11
prerank,Regulation Of Cytokinesis (GO:0032465),0.2436200206205202,0.8829703154969312,0.65234375,0.8240946387809241,1.0,9/36,15.98%,RHOA;CDC42;SH3GLB1;CALM2;CETN2;CALM1;RAB11A;CALM3;PIN1
prerank,Positive Regulation Of DNA-binding Transcription Factor Activity (GO:0051091),0.18756591480738136,0.8829627413708221,0.7203883495145631,0.8227586672894837,1.0,26/131,18.06%,PYCARD;TRIM21;BTK;CAMK1D;LAMTOR5;PRDX3;PARK7;CD36;PHB2;IL1RAP;COPS5;CIB1;MYD88;MTPN;LGALS9;JUP;MTDH;UBE2N;SMARCB1;AKT1;IL18;UBE2V1;FLOT2;TRADD;DDRGK1;MAVS
prerank,Sensory Perception Of Light Stimulus (GO:0050953),-0.26730171619944637,-0.8828257120868429,0.6390658174097664,0.8418933995537321,1.0,4/24,12.42%,ATXN7;RABGGTB;PRR4;MYO9A
prerank,Positive Regulation Of Nucleocytoplasmic Transport (GO:0046824),0.24326285206837783,0.882303069056709,0.6640159045725647,0.8228163062617508,1.0,10/33,23.16%,RAN;YWHAE;KHDRBS1;HYAL2;TGFB1;JUP;PRKCD;MAVS;SMAD3;FLNA
prerank,Peptidyl-Serine Phosphorylation (GO:0018105),-0.19727302055380122,-0.8806231462747748,0.7171314741035857,0.8453650279063711,1.0,42/99,31.96%,ERN1;PKD1;PKN2;HIPK1;SGK1;DYRK1A;PLK2;MAPKAPK2;TLK2;ULK1;TAF1;MAST4;AKT2;MARK3;LATS1;STK4;AKT3;ATR;SMG1;RICTOR;MAP3K13;CSNK1D;TNKS;TLK1;MAPK14;ATM;PDPK1;LATS2;MKNK2;CHUK;TGFBR2;TTBK2;PRKDC;PRKCQ;CSNK1E;MAPK8;CSNK1G2;PRKCH;GSK3B;WNK1;HIPK3;CSNK1G3
prerank,Mesenchymal Cell Differentiation (GO:0048762),0.2717472946568569,0.8805863801417455,0.648870636550308,0.825192789078101,1.0,4/23,10.40%,S100A4;ROCK2;LIMS1;TGFB1
prerank,Regulation Of Proteolysis Involved In Protein Catabolic Process (GO:1903050),0.29508642532299056,0.8801974542426193,0.6422764227642277,0.824670450572727,1.0,5/17,18.82%,PSME2;CTSC;PSME1;PINK1;PSMD14
prerank,Positive Regulation Of Endothelial Cell Migration (GO:0010595),0.23721162163383913,0.8795996758474525,0.6539235412474849,0.8246562515316597,1.0,7/41,13.83%,ITGB1BP1;PDCD6;RAC1;ROCK2;TMSB4X;TGFB1;AKT1
prerank,Protein Polyubiquitination (GO:0000209),0.18189749165738764,0.8788718329677898,0.7673956262425448,0.8248692818141207,1.0,28/174,14.40%,RBX1;TRIM21;WSB2;FBXO45;UBE2E1;UBE2L3;ANAPC11;UBE2Q1;DDA1;RNF126;UBE2K;UBE2V2;DTX3L;BLMH;UBE2L6;RNF34;UBE2R2;UBE2J1;UBE2N;UBE4A;UBE2D2;UBE2A;RNF135;UBE2B;SPOP;RNF166;CDC23;CDC26
prerank,Macromolecule Biosynthetic Process (GO:0009059),0.2320588004347097,0.8773009962653826,0.6982248520710059,0.8270359686754373,1.0,23/44,34.83%,GSPT1;COPS5;TSFM;TNIP1;EIF5A;EEF1B2;EEF2;EEF1A1;AGO2;TUFM;EIF4EBP2;B4GALT5;ST3GAL4;EEF2K;GSPT2;TYMS;MRRF;GOLPH3;EXT2;FAU;INHBA;FARSB;GCNT1
prerank,Water-Soluble Vitamin Metabolic Process (GO:0006767),0.2695855955461401,0.8768528949714154,0.6453488372093024,0.8266485350050036,1.0,5/23,15.33%,GSTO1;MMADHC;MTHFS;SLC52A2;SHMT2
prerank,Regulation Of Protein Metabolic Process (GO:0051246),0.21565029571838878,0.8766007703052909,0.7156673114119922,0.8258713944561084,1.0,13/62,14.12%,NEDD8;VPS35;FKBP1A;EIF2S1;RBM3;ROCK2;FURIN;MTPN;TGFB1;NR1H3;AKT1;CHMP6;SPOP
prerank,Response To Epidermal Growth Factor (GO:0070849),-0.291008086094228,-0.8761798596516346,0.6139630390143738,0.8539721238739747,1.0,5/18,16.01%,ZFP36L1;ZFP36;SYAP1;INPP5K;STAT5B
prerank,RNA Methylation (GO:0001510),-0.22303244657277355,-0.8751731960310775,0.7148514851485148,0.8546273557264339,1.0,15/51,23.65%,MEPCE;NSUN6;RBM15;MTO1;THADA;WDR6;THUMPD2;NSUN4;TRMT12;METTL16;CMTR1;TGS1;TRMT13;NSUN3;METTL2B
prerank,Positive Regulation Of ATP-dependent Activity (GO:0032781),-0.2692080263202493,-0.8741426368530407,0.6400817995910021,0.855299769614059,1.0,8/24,24.14%,DNAJB1;HNRNPU;DNAJB2;MSH3;ATP1B1;TPM1;TOR1AIP1;DNAJB11
prerank,Protein Processing (GO:0016485),0.21797690527775976,0.8738590103180154,0.6937269372693727,0.8304510798567498,1.0,18/58,24.82%,SEC11A;PSENEN;SPCS1;FURIN;F12;STOML2;APH1A;ZMPSTE24;HM13;SPCS2;ECE1;CASP6;ADAM10;C1RL;NCSTN;SEC11C;METAP1;CASP1
prerank,Endosome Organization (GO:0007032),0.24088891231970758,0.873626416967866,0.6746506986027944,0.8296398089934082,1.0,5/38,7.87%,SNX3;LAMTOR1;ATP6V1F;PLEKHJ1;RILP
prerank,Heart Development (GO:0007507),0.21668944143148017,0.8733617884544087,0.6986301369863014,0.8289072777170787,1.0,14/62,18.18%,CRIP1;PDLIM1;NDUFV2;PDLIM7;FKBP1A;MKKS;DYNLL1;ZDHHC16;TGFB1;CACYBP;PDLIM2;SRI;MTHFD1;ECE1
prerank,Epidermal Cell Differentiation (GO:0009913),0.2747946936241954,0.8730416132758486,0.7003968253968254,0.828232838975663,1.0,9/21,27.23%,HDAC1;CSTA;ANXA1;OPN3;HDAC2;AKR1C3;MED1;CASP3;KRT10
prerank,Regulation Of Notch Signaling Pathway (GO:0008593),-0.24561466654347297,-0.871229309184114,0.6546184738955824,0.8602353905870505,1.0,6/32,15.55%,STAT3;IL6ST;FBXW7;CD46;TM2D3;HIF1AN
prerank,Negative Regulation Of DNA-binding Transcription Factor Activity (GO:0043433),0.19915754542625752,0.8709220452814301,0.7103718199608611,0.8315011568143537,1.0,27/90,24.42%,PYCARD;SPI1;TRIM21;CTNNBIP1;CHP1;PSMD10;ANXA4;PHB2;TMSB4X;PPP2CB;SUMO1;COMMD7;ARRB2;KEAP1;HDAC2;TNFRSF4;COMMD1;IRAK1;TAX1BP1;COMMD6;MDFI;SP100;FLNA;PRMT2;PIM1;UFL1;RNF2
prerank,Regulation Of Wnt Signaling Pathway (GO:0030111),0.230329510680987,0.8703436897891728,0.7048192771084337,0.8314947396107052,1.0,4/43,2.97%,PPP1CA;CTNNBIP1;SNX3;CSNK2A1
prerank,Positive Regulation Of Protein Import Into Nucleus (GO:0042307),0.2703397355068374,0.8702942335312402,0.6506024096385542,0.830251296762957,1.0,8/21,23.16%,RAN;HYAL2;TGFB1;JUP;PRKCD;MAVS;SMAD3;FLNA
prerank,Peptidyl-Tyrosine Modification (GO:0018212),-0.26856099987775717,-0.8685048311752188,0.6592292089249493,0.8645796080315283,1.0,7/22,18.83%,CLK1;DYRK1A;ABL2;INSR;JAK2;ABL1;CLK4
prerank,Negative Regulation Of mRNA Catabolic Process (GO:1902373),0.27343754731060793,0.8660719553277928,0.6700404858299596,0.8380248010364613,1.0,5/21,13.84%,THRAP3;YBX1;EIF4ENIF1;PAIP1;CSDE1
prerank,Neuron Migration (GO:0001764),-0.2711345432465705,-0.8648856668544427,0.6553191489361702,0.8708983950096567,1.0,5/21,20.12%,NR4A2;RAPGEF2;KIAA0319L;CEP85L;AUTS2
prerank,Positive Regulation Of Multicellular Organismal Process (GO:0051240),0.17662376079648875,0.8645059557696524,0.8345724907063197,0.8399765877711215,1.0,36/167,21.30%,UCP2;CFL1;C1QBP;GLIPR2;CPT2;HDAC1;ENO1;TBXA2R;RTN4;CD36;APEX1;SDCBP;REST;ITGAX;HADHA;PPIB;TGFB1;SAP30L;BCL7C;GNAS;SMARCB1;SMARCE1;FH;IL18;SMAD2;AGPAT2;DECR1;HDAC2;TRPV2;FABP5;ACTL6A;NME2;SMAD3;PTPN11;SS18;LCP1
prerank,Regulation Of Anatomical Structure Morphogenesis (GO:0022603),0.21555914678872254,0.864436363852823,0.7126436781609196,0.8387740758353577,1.0,4/53,1.31%,CFL1;PAK2;CAPZB;MTCH2
prerank,Negative Regulation Of Stem Cell Population Maintenance (GO:1902455),-0.29459828229487195,-0.8642394949536515,0.6414342629482072,0.8707182614244691,1.0,3/15,10.51%,ARID4B;SIN3A;ING1
prerank,Endosome To Lysosome Transport (GO:0008333),0.23254273434954756,0.8639440760304221,0.7048872180451128,0.8384972687580582,1.0,10/40,20.12%,VPS4B;SNAPIN;TSG101;ARL8B;RILP;DTX3L;VPS33A;VAMP7;M6PR;RAB7A
prerank,Negative Regulation Of Phosphorylation (GO:0042326),0.23119900015676526,0.8636847768685281,0.700990099009901,0.8377144495967374,1.0,11/43,15.59%,PRDX3;CHP1;PARK7;PRR5L;CDKN2D;DYNLL1;CIB1;TGFB1;SORD;LYN;FKBP8
prerank,Negative Regulation Of Macromolecule Metabolic Process (GO:0010605),0.19439561116662507,0.8629301679217264,0.7596153846153846,0.837896348001845,1.0,25/100,20.90%,SPI1;SUB1;HDAC1;PARK7;PDCD10;DAXX;ROCK2;REST;TERF2;PPP2CB;LGALS9;ANXA7;TGFB1;PINK1;CPNE1;SORD;YY1;MYCN;DICER1;FLOT2;DDRGK1;NDFIP1;HRAS;ADAM10;SMAD3
prerank,Regulation Of TOR Signaling (GO:0032006),-0.21723223467140204,-0.8626466856496975,0.7445544554455445,0.8726336602131132,1.0,24/50,32.28%,FNIP1;SIRT1;UBR1;ITFG2;UBR2;RRAGB;NPRL3;DEPDC5;TELO2;SMCR8;TBCK;RICTOR;GNA12;SEH1L;WDR59;SLC38A9;TSC1;TBC1D7;NPRL2;MIOS;TSC2;RPTOR;TTI1;FBXO9
prerank,Chromosome Organization (GO:0051276),0.26283212678601975,0.8624284534400704,0.6487025948103793,0.8375856812541487,1.0,8/23,22.79%,AIFM1;MYC;LIG4;NAA10;MSH2;TOP2B;NUP133;HHEX
prerank,Response To Peptide Hormone (GO:0043434),-0.2509035818953358,-0.8614245020926244,0.6774193548387096,0.8737366334360568,1.0,10/26,28.18%,STAT3;SIRT1;ZFP36L1;EIF2B4;STAT5B;TCF12;CRY1;EIF2B5;TSC1;EIF2B3
prerank,Positive Regulation Of JNK Cascade (GO:0046330),-0.23329601132806288,-0.8609810647593178,0.6831275720164609,0.8730145999233206,1.0,10/39,19.24%,GADD45B;MAP3K5;MAPK8IP3;TNIK;MAP3K11;PLCB1;TAOK2;MTURN;TAOK3;GADD45A
prerank,Regulation Of Cell Migration (GO:0030334),0.17680233445830837,0.8606144882725012,0.8234165067178503,0.8400672661148557,1.0,22/181,9.51%,RHOA;CDC42;TMSB10;ACTG1;FERMT3;HDAC1;APPL1;RAC1;CCL5;PDCD10;STK24;SDCBP;VCL;PRR5L;ROCK2;DYNLL1;CIB1;TMSB4X;ITGAX;ANXA1;UBE2I;RHOC
prerank,Regulation Of Hematopoietic Progenitor Cell Differentiation (GO:1901532),0.29650648453416717,0.8601961316563997,0.662,0.8396597096555782,1.0,2/15,7.67%,SPI1;PDCD2
prerank,Regulation Of Amyloid-Beta Formation (GO:1902003),0.2646926216487149,0.8594372713667777,0.6899810964083176,0.839848972014418,1.0,4/22,7.54%,TMED10;RTN4;APEX1;ROCK2
prerank,Phosphatidic Acid Biosynthetic Process (GO:0006654),-0.27973963494802884,-0.8588909148739193,0.6572008113590264,0.8758775402480865,1.0,1/17,0.92%,ABHD5
prerank,Cellular Response To Salt (GO:1902075),-0.22535390501532768,-0.8585885903377115,0.7061224489795919,0.874932934084413,1.0,9/42,15.80%,EGR1;BRAF;CDKN2AIP;MCOLN1;PLCG2;TAF1;CRHBP;P2RX4;ZC3H12A
prerank,Regulation Of Cell Adhesion (GO:0030155),0.20693052213630106,0.8572927997857785,0.7276264591439688,0.8429808850240194,1.0,15/67,21.01%,RAC2;C1QBP;ITGB1BP1;CCL5;RSU1;FUT7;ROCK2;TNFRSF18;TESC;LYN;IL18;LPXN;PPP2R1A;ADAM10;PTPN11
prerank,Negative Regulation Of Cellular Metabolic Process (GO:0031324),-0.26964989168994336,-0.8568583208785282,0.6623931623931624,0.8771016118712256,1.0,13/22,35.88%,SIRT1;MAP3K3;BRCA1;SREBF1;NCOR1;AKT3;FZR1;SIRT2;RBL1;FLCN;CBFA2T3;PPARA;SIRT5
prerank,Regulation Of Primary Metabolic Process (GO:0080090),-0.27142231226109353,-0.8555613597243203,0.6744186046511628,0.8782001985975687,1.0,7/20,17.69%,IRS2;GPS2;NR1D2;RNF213;PLCG2;PSAP;NCOA2
prerank,Release Of Cytochrome C From Mitochondria (GO:0001836),-0.2903470466220308,-0.8555313227830318,0.6701461377870563,0.8766487355037027,1.0,2/15,2.26%,MCL1;SOD2
prerank,Proteolysis Involved In Protein Catabolic Process (GO:0051603),0.21630072816053555,0.855049251800253,0.7266949152542372,0.8463074322790622,1.0,10/53,13.57%,TRIM21;VPS4B;NEDD8;PDCD6IP;UBA52;CTSZ;CTSC;CLPP;CAPN2;HM13
prerank,Positive Regulation Of Protein Secretion (GO:0050714),0.23519757974477387,0.8548868050167419,0.726027397260274,0.8453163751014151,1.0,7/35,13.60%,PPID;ACSL4;TMED10;EZR;CD33;TGFB1;ARF6
prerank,"Positive Regulation Of mRNA Splicing, Via Spliceosome (GO:0048026)",0.2833385733172996,0.8539073995745893,0.647887323943662,0.8459016247601132,1.0,6/17,15.57%,PRDX6;THRAP3;RBM3;CLNS1A;WDR77;SF3B4
prerank,Protein Modification By Small Protein Conjugation (GO:0032446),-0.16716743455594632,-0.8538186761370001,0.8651452282157677,0.8787465405652771,1.0,60/236,24.07%,UHRF2;MYLIP;CNOT4;RNF103;CDK5RAP3;SIRT1;TRIM44;MSL2;RLIM;ARIH1;MIB2;RBBP6;BARD1;TRIM28;TOPORS;UBR1;SMC5;KLHL18;RNF44;FBXW7;SDE2;BRCA1;MYCBP2;UVSSA;ZNF451;RNF213;TRIM52;SENP5;BCL11A;RNF138;BIRC6;SMURF1;HERC2;CUL9;CBX4;HLTF;TRIM4;SENP1;FBXL17;WWP1;RFWD3;GAN;MDM4;AREL1;SMURF2;UBR3;ZMIZ2;TRIM13;NFE2L2;TRIM73;CUL3;RANGAP1;MUL1;SHPRH;MDM2;ARIH2;ATG10;CAND1;TRIM41;RNF38
prerank,Regulation Of T Cell Differentiation (GO:0045580),-0.25182003952454646,-0.8526533008683413,0.6774193548387096,0.8797073077358113,1.0,6/26,16.21%,TCF7;KAT2A;RHOH;ARID1B;ARID2;SMARCC2
prerank,Potassium Ion Transport (GO:0006813),0.29720253913996497,0.8525971785364934,0.6515151515151515,0.8473024173378436,1.0,3/15,16.95%,CHP1;SLC12A7;KCNN4
prerank,Regulation Of Defense Response (GO:0031347),-0.21709552584194292,-0.8503554842087016,0.7341269841269841,0.882964301067798,1.0,17/50,24.38%,PTGS2;DAGLB;NLRP1;NR1D2;SETD6;JAK2;SBNO2;FOXP1;IRF1;AREL1;NFE2L2;AKNA;BRD4;TNFSF4;BIRC3;PTPN22;BST1
prerank,Regulation Of Glucose Import (GO:0046324),-0.2725325830986748,-0.848800974889481,0.6957364341085271,0.8845432321375938,1.0,5/20,14.64%,IRS2;PIK3R1;INSR;PRKAG2;AKT2
prerank,Regulation Of Protein Transport (GO:0051223),0.27864261014767144,0.8482325151412068,0.7003891050583657,0.8546294689678574,1.0,2/18,2.73%,CHP1;SNX3
prerank,Plasma Membrane Bounded Cell Projection Morphogenesis (GO:0120039),-0.2576941014245737,-0.8481936242322791,0.6977687626774848,0.8841988672992137,1.0,8/24,22.03%,SGK1;MYO9B;ZNF335;TNIK;TAOK3;SRGAP3;KIF20B;ATP7A
prerank,Response To Light Stimulus (GO:0009416),-0.22962538448340444,-0.8477935729941821,0.7087576374745418,0.8833720578708703,1.0,14/35,29.70%,SPRTN;UVSSA;MAP2K7;POLD1;MAP4K3;CIRBP;ERCC8;CLOCK;CRY1;GTF2H2;USF1;ERCC3;CCAR2;MAPK8
prerank,Glycerophospholipid Metabolic Process (GO:0006650),-0.24514500297524297,-0.8469301971575697,0.7053941908713693,0.883560445055632,1.0,9/29,21.67%,PIGG;SMPD4;SERINC5;PLCB1;GPCPD1;SYNJ1;PLCB2;PLA2G6;CLN3
prerank,Cellular Response To Type II Interferon (GO:0071346),0.24330804986356688,0.846215100680773,0.7098039215686275,0.8574668509598056,1.0,12/30,27.07%,CCL5;LGALS9;CALM1;IFNGR2;IL12RB1;AIF1;CD47;IFNGR1;JAK1;SP100;CASP1;HCK
prerank,Protein Ubiquitination (GO:0016567),-0.16368598762890318,-0.845947483866175,0.9232283464566929,0.8839030603463113,1.0,67/270,24.29%,BRCA2;UHRF2;RNF19A;MYLIP;CNOT4;RNF103;RAD18;SIRT1;TRIM44;MSL2;RLIM;ARIH1;WSB1;MIB2;RBBP6;ANKIB1;BARD1;UBR5;TOPORS;UBR1;KLHL18;RNF44;FBXW7;SDE2;BRCA1;MYCBP2;UBE3C;UVSSA;RNF213;TRIM52;TAF1;TPP2;RNF138;BIRC6;SMURF1;HERC2;CUL9;RNF11;HLTF;UBE2S;RC3H1;TRIM4;FBXL17;PELI2;UBE2H;WWP1;RFWD3;GAN;MDM4;AREL1;SMURF2;UBR3;TRIM13;NFE2L2;TRIM73;CUL3;CTNNB1;MUL1;ERCC8;SHPRH;MDM2;ARIH2;CAND1;TNKS;TRIM41;RNF38;BCL2
prerank,Regulation Of G0 To G1 Transition (GO:0070316),0.2580130034797667,0.8444319326464111,0.6989247311827957,0.8596827769042581,1.0,6/23,19.90%,PBRM1;BCL7C;SMARCB1;SMARCE1;ACTL6A;SMARCD2
prerank,Vesicle-Mediated Transport Between Endosomal Compartments (GO:0098927),-0.2860776727024077,-0.8434151797553985,0.7085953878406709,0.8859274376806126,1.0,6/18,18.14%,HOOK2;HOOK3;ATG14;PTPN23;SNX16;PIK3R4
prerank,Early Endosome To Late Endosome Transport (GO:0045022),-0.2860776727024077,-0.8434151797553985,0.7085953878406709,0.8859274376806126,1.0,6/18,18.14%,HOOK2;HOOK3;ATG14;PTPN23;SNX16;PIK3R4
prerank,Positive Regulation Of Metabolic Process (GO:0009893),0.2105017426471355,0.8432070868873252,0.7554671968190855,0.8606619577645698,1.0,11/52,19.22%,UCP2;CAMK1D;CPT2;CD36;HADHA;GNAS;FH;IL18;DECR1;TRPV2;FABP5
prerank,Calcium Ion Transmembrane Transport (GO:0070588),0.24711897068491323,0.8429602292929792,0.69,0.8598108404616867,1.0,5/29,10.61%,ORAI1;GHITM;FKBP1A;CACNA2D4;MCUR1
prerank,Myeloid Cell Differentiation (GO:0030099),0.2373263196484547,0.8429404311937972,0.708,0.858528207843188,1.0,7/36,15.42%,SPI1;PRDX3;SLC25A5;MFHAS1;LYN;CEBPA;RASGRP4
prerank,Lytic Vacuole Organization (GO:0080171),-0.2613009082503496,-0.842220599418841,0.694980694980695,0.8867484111189574,1.0,8/23,24.16%,HPS4;HOOK2;MBTPS1;CLN5;HOOK3;CLN3;ZFYVE26;TPCN2
prerank,post-Golgi Vesicle-Mediated Transport (GO:0006892),-0.21731051932657064,-0.8420907919068813,0.7312252964426877,0.8854013226473453,1.0,19/49,23.85%,CCDC93;GBF1;VPS13C;ARFGEF2;AP4M1;CORO7;EXOC7;EXOC4;MYO5A;VPS13A;GGA1;VPS54;SORL1;MON2;GGA3;EXOC8;AP1G2;SEC16A;KIF16B
prerank,Negative Regulation Of Programmed Cell Death (GO:0043069),-0.17023225931290864,-0.8420886453089931,0.8764940239043825,0.8838202620929052,1.0,28/218,10.88%,YME1L1;MCL1;SON;DDX3X;BRAF;IL6ST;HYPK;PLK3;SUPV3L1;DNAJA1;NAA16;PHIP;SIRT1;AVP;TFRC;AHI1;RAF1;SOCS3;PIM2;BARD1;CITED2;TNFRSF10D;SIAH2;NAA15;PLK2;MAPK8IP3;WDR73;PIK3R1
prerank,Protein Tetramerization (GO:0051262),-0.23386371213675028,-0.8416931037876711,0.7479838709677419,0.8830059850671299,1.0,7/35,11.45%,PKD1;SOD2;GLS;MCOLN1;HOMER1;GOLGA2;USP16
prerank,ERAD Pathway (GO:0036503),-0.20494046155823303,-0.8402403002207404,0.7738095238095238,0.8843515099494771,1.0,14/65,21.83%,DNAJB9;RNF103;HERPUD1;UGGT2;YOD1;DNAJB2;GET4;TMEM67;USP19;ANKZF1;MAN1A1;TRIM13;ERLIN1;NPLOC4
prerank,tRNA Processing (GO:0008033),-0.22707519569664722,-0.8397981230718787,0.7538461538461538,0.8836935866983373,1.0,11/38,26.66%,NSUN6;THUMPD1;HEXIM1;KTI12;TRNT1;TSEN2;RPP21;METTL2B;TRMT1;QTRT1;ADAT1
prerank,Actin Filament Polymerization (GO:0030041),0.2769343942962743,0.8395024663155343,0.6775599128540305,0.8640846053686873,1.0,7/18,21.27%,RAC1;MSRB1;WAS;DIAPH1;MSRB2;GAS7;GSN
prerank,Clathrin-Dependent Endocytosis (GO:0072583),0.2686605096117088,0.8392929190970906,0.6825396825396826,0.863159198579071,1.0,5/20,16.89%,AP2M1;CLTA;CLTC;PIP5K1C;AP2S1
prerank,Positive Regulation Of Protein Modification By Small Protein Conjugation Or Removal (GO:1903322),0.2081675485345199,0.8385556605555091,0.7779960707269156,0.8632449850677378,1.0,13/58,19.68%,PSMD10;UBE2L3;FKBP1A;DCUN1D5;UBA2;TNIP1;SUMO1;DCUN1D1;PINK1;NDFIP1;COMMD1;PTTG1IP;STUB1
prerank,Positive Regulation Of Proteasomal Protein Catabolic Process (GO:1901800),0.20786080477994165,0.8384448801464591,0.7533718689788054,0.862115256594783,1.0,14/59,21.07%,RBX1;SUMO2;PSMD10;DDA1;RNFT1;SUMO1;PSMC5;TMTC3;CEBPA;KEAP1;DDRGK1;PSMC2;STUB1;FBXO22
prerank,Organic Substance Transport (GO:0071702),-0.1976200783443362,-0.838290217048505,0.7782258064516129,0.8851482549400672,1.0,12/77,11.99%,CHMP1B;PKD1;MIA3;SLC3A2;ABCA5;AVP;SLC23A2;ARRDC3;CEP290;TRPM7;PICK1;ITPR1
prerank,Regulation Of Translation (GO:0006417),-0.17986170501244209,-0.8376444644823156,0.8484848484848485,0.8848919282170057,1.0,24/134,15.97%,RBM4;BTG2;FOXO3;EIF5;DDX3X;EIF4A2;TOB1;DHX36;TCOF1;YTHDF3;LARP1B;ILF3;MSI2;SOX4;EIF3C;DDX6;EIF4A3;CNOT1;CNOT10;ATXN2;RC3H1;UPF3B;EIF2B4;ETF1
prerank,Modulation Of Chemical Synaptic Transmission (GO:0050804),-0.23815513954860548,-0.837435719477734,0.7098765432098766,0.8837201453023547,1.0,16/34,37.42%,AKAP9;BCR;HOMER1;MCTP2;MCTP1;BTBD9;CLN3;TNF;DGKZ;KCTD13;APP;GSK3B;PPP3CA;USP46;CLSTN1;TRIO
prerank,Icosanoid Metabolic Process (GO:0006690),0.28874196940749747,0.8357029619365665,0.696969696969697,0.866089399526379,1.0,3/16,13.29%,PYCARD;GPX4;LTC4S
prerank,Lysosome Organization (GO:0007040),0.2429187718051188,0.8355629690358745,0.7351129363449692,0.8649990490007685,1.0,4/27,6.91%,CORO1A;SNAPIN;LAMTOR1;GNPTAB
prerank,Transmembrane Receptor Protein Tyrosine Kinase Signaling Pathway (GO:0007169),-0.18422237033631975,-0.8352471872428583,0.8285714285714286,0.886573676319469,1.0,31/107,26.35%,STAT3;IRS2;PILRB;PHIP;NAMPT;AHI1;GIGYF1;PIK3C2A;RAPGEF2;MAPKAPK2;PIK3R1;INSR;JAK2;RAPGEF1;PLCB1;FOXO1;PTPN2;AKT2;SHOC2;BAIAP2;ZFYVE27;PIK3CB;STXBP4;KIF16B;MAPK14;ADRB2;SOGA1;SULF2;SYK;FGF18;YES1
prerank,Positive Regulation Of Epithelial Cell Proliferation (GO:0050679),-0.22531121491857325,-0.8351907827262105,0.7320388349514563,0.8851205515733713,1.0,10/40,23.10%,NR4A1;AREG;SIRT1;TCF7L2;SRSF6;HIF1A;PPP1R16B;AKT3;TNF;STXBP4
prerank,Negative Regulation Of Cell Projection Organization (GO:0031345),0.26476216389880464,0.8349435279056427,0.7038461538461539,0.8648755879392915,1.0,5/21,17.84%,YWHAH;CIB1;PTPN9;HDAC2;ITM2C
prerank,Pattern Recognition Receptor Signaling Pathway (GO:0002221),-0.24187489850694188,-0.8327250811872544,0.7246963562753036,0.8884584071242121,1.0,6/28,13.47%,ALPK1;NLRP1;IRF3;MAPKAPK2;PLCG2;NOD1
prerank,Neuron Projection Morphogenesis (GO:0048812),0.20634007620646272,0.8326244045908522,0.766,0.8679342399251282,1.0,14/59,24.06%,S100A6;RAB10;CDC42;SSNA1;MAP1S;RAB8A;CPNE1;DICER1;GAS7;DBNL;IQGAP1;IMPACT;CDK5;MAP1A
prerank,Positive Regulation Of Transforming Growth Factor Beta Receptor Signaling Pathway (GO:0030511),-0.2850958291057906,-0.8325335651918897,0.7085953878406709,0.8857130908969255,1.0,4/16,20.75%,CITED2;EP300;CREBBP;CDKN1C
prerank,Positive Regulation Of Cellular Response To Transforming Growth Factor Beta Stimulus (GO:1903846),-0.2850958291057906,-0.8325335651918897,0.7085953878406709,0.8857130908969255,1.0,4/16,20.75%,CITED2;EP300;CREBBP;CDKN1C
prerank,Cellular Response To Osmotic Stress (GO:0071470),-0.2762245579355028,-0.8319352549027814,0.7137176938369781,0.885412170370154,1.0,9/18,30.13%,DDX3X;ZFP36L1;NFAT5;YBX3;NLRP3;RCSD1;PKD2;ARHGEF2;RPTOR
prerank,Transcription Initiation At RNA Polymerase II Promoter (GO:0006367),-0.21106611333993508,-0.8314789194157991,0.7810650887573964,0.8847422594490978,1.0,21/54,28.24%,MED29;MED19;MED6;GTF2F1;TAF4B;TAF1;MED14;MED17;GTF2B;MED15;MED23;TAF3;E2F3;GTF2H2;GTF2A1;TAF2;MED9;TAF13;CDK7;ERCC3;TAF6L
prerank,Positive Regulation Of G1/S Transition Of Mitotic Cell Cycle (GO:1900087),-0.2687253437096805,-0.8302362154523326,0.7396694214876033,0.8856171820076458,1.0,2/19,1.88%,KMT2E;DDX3X
prerank,G2/M Transition Of Mitotic Cell Cycle (GO:0000086),-0.2782062025124695,-0.8278647836490421,0.6968503937007874,0.8887912562496886,1.0,6/16,26.90%,PLK3;PLCB1;LATS1;WEE1;BACH1;TAF2
prerank,Cytosolic Transport (GO:0016482),-0.19111463315193464,-0.8275732523202798,0.8329896907216495,0.8878121981652594,1.0,29/91,23.85%,HOOK2;AP1G1;HEATR5A;SPAG9;GBF1;ERC1;RGP1;VPS13C;VPS53;AP4M1;CLN5;HOOK3;CORO7;PREPL;ATG14;VPS13A;PTPN23;PLEKHA3;GGA1;SNX16;TBC1D17;PIK3R4;VPS54;MON2;TMEM87A;CLN3;RCSD1;GAK;KIF16B
prerank,Extracellular Matrix Organization (GO:0030198),0.22834788423772306,0.8258359231770105,0.7226720647773279,0.8794877991858263,1.0,12/34,28.45%,TPSAB1;FURIN;CAPG;TGFB1;GFOD2;ADAM10;GSN;LCP1;TGFBR1;ADAM8;CRTAP;ADAM15
prerank,Regulation Of Telomerase Activity (GO:0051972),-0.23868681025217725,-0.82512970875954,0.7257731958762886,0.8910011835103082,1.0,11/31,24.69%,KLF4;PNKP;MAP3K4;SMG6;MAP2K7;PARN;TERF1;CTNNB1;NVL;TNKS;ATM
prerank,Ubiquitin-Dependent ERAD Pathway (GO:0030433),-0.20883966878960997,-0.8245756124317729,0.7786407766990291,0.8905603635237013,1.0,12/53,21.83%,DNAJB9;RNF103;HERPUD1;YOD1;DNAJB2;TMEM67;USP19;ANKZF1;MAN1A1;TRIM13;ERLIN1;NPLOC4
prerank,Actin Cytoskeleton Reorganization (GO:0031532),0.2396733417648236,0.824540183176552,0.717948717948718,0.8806125519749418,1.0,4/29,9.10%,RHOA;PARVB;EZR;ANXA1
prerank,DNA Recombination (GO:0006310),-0.2402664654141931,-0.8233894342320053,0.7620967741935484,0.8912476906835577,1.0,9/29,18.49%,SUPV3L1;RAD52;BARD1;TOP3A;BRCA1;MSH3;RAD51B;HDAC10;BLM
prerank,Prostaglandin Metabolic Process (GO:0006693),-0.28920356092190036,-0.8231912337252307,0.6976744186046512,0.8900044047967001,1.0,3/15,8.74%,PNPLA8;PTGS2;DAGLB
prerank,Histone H2A Acetylation (GO:0043968),-0.26587417647803946,-0.8219680719306626,0.6808943089430894,0.8906903155281953,1.0,5/20,12.10%,EPC1;ING3;TRRAP;KAT5;EP400
prerank,Positive Regulation Of Telomerase Activity (GO:0051973),0.25735319593322037,0.8203094339693254,0.7345309381237525,0.8872288844348744,1.0,6/23,12.14%,PTGES3;MAPK1;XRCC5;MYC;TNIP1;CCT4
prerank,Regulation Of Cellular Biosynthetic Process (GO:0031326),0.2154514780195539,0.8190530612661053,0.816247582205029,0.8881947596056197,1.0,8/46,9.91%,RAC1;CCL5;EIF6;MEAF6;EIF2S1;RBM3;MTPN;TM9SF2
prerank,Positive Regulation Of Myeloid Leukocyte Differentiation (GO:0002763),0.2573768738462301,0.8182217969511143,0.7415506958250497,0.8883559566986031,1.0,3/21,11.47%,CTNNBIP1;FADD;TESC
prerank,Positive Regulation Of Proteasomal Ubiquitin-Dependent Protein Catabolic Process (GO:0032436),-0.20629964876195148,-0.8179589742436344,0.8094262295081968,0.896636431885592,1.0,22/56,31.57%,RNF19A;PLK3;HERPUD1;ARIH1;ANKIB1;HECTD1;DNAJB2;TAF1;NFE2L2;CLU;SMAD7;MDM2;ARIH2;CSNK1D;RNF144B;SOCS5;FZR1;PIAS1;CSNK1E;TRIB1;GSK3B;SIRT2
prerank,Regulation Of Telomere Capping (GO:1904353),-0.2677587545886553,-0.8172587348011237,0.7223340040241448,0.8963567859775576,1.0,4/17,14.04%,PNKP;MAP3K4;SMG6;MAP2K7
prerank,Lysosomal Transport (GO:0007041),-0.192124660665881,-0.8158567184638674,0.796844181459566,0.8972849661285113,1.0,36/79,31.91%,CHMP1B;HOOK2;AP1G1;VPS53;CHMP4A;HMGXB4;AP4M1;KIF13A;HOOK3;ATG14;ZFYVE16;HGS;SNX16;PSAP;PIK3R4;VPS54;SORL1;GGA3;PLEKHM1;TRAK1;CLN3;TGFBRAP1;GAK;RHOB;EPG5;GCC2;VPS39;DENND3;PIK3C3;ANKFY1;TMEM106B;VPS41;USE1;VPS52;MGRN1;CHMP3
prerank,Adenylate Cyclase-Activating G Protein-Coupled Receptor Signaling Pathway (GO:0007189),0.27880186673919377,0.8152117982639102,0.7145877378435518,0.8925606720483786,1.0,3/15,12.36%,GNB1;TBXA2R;GNAS
prerank,Regulation Of Epidermal Growth Factor-Activated Receptor Activity (GO:0007176),0.2754844842273339,0.8138814835992871,0.7426900584795322,0.8936014784154706,1.0,3/17,5.98%,SNX6;TSG101;VPS25
prerank,Protein Localization To Nucleus (GO:0034504),-0.18405746043352056,-0.8120487755354495,0.8773006134969326,0.9025393638122291,1.0,14/94,12.44%,PPP1R10;FAM53C;STAT3;NUP153;NUP188;WRN;NUP98;HNRNPU;TOPORS;POM121C;POM121;STK3;TOR1B;NUP107
prerank,Establishment Of Protein Localization To Organelle (GO:0072594),0.19947994374538552,0.8119821550418942,0.8133595284872298,0.8956958690792893,1.0,12/66,13.83%,NUTF2;RALA;RAN;APPL1;KPNB1;PHB2;EIF4ENIF1;HK1;RAB11A;PINK1;NUP93;AKT1
prerank,Positive Regulation Of Cytokine-Mediated Signaling Pathway (GO:0001961),0.24716992853049946,0.8119061555124227,0.7263581488933601,0.8944981146015818,1.0,11/24,34.35%,UBE2K;FADD;CPNE1;AGPAT2;MAVS;RIPK1;CASP1;IKBKE;CD74;PARP9;CASP4
prerank,Protein Homotetramerization (GO:0051289),-0.2508856515477826,-0.8113157974004369,0.753061224489796,0.9023080715278089,1.0,5/23,11.45%,SOD2;GLS;MCOLN1;GOLGA2;USP16
prerank,Positive Regulation Of Ras Protein Signal Transduction (GO:0046579),-0.25869101039718634,-0.8101363103286309,0.7426326129666012,0.9028991637653336,1.0,6/20,22.41%,AKAP13;NOTCH1;SHOC2;STK19;AUTS2;PIK3CB
prerank,Regulation Of DNA Biosynthetic Process (GO:2000278),-0.25131716604622845,-0.8097748779808882,0.7580645161290323,0.9020395070751366,1.0,7/22,24.69%,KAT7;JADE1;SMG6;ING5;SMG5;TNKS;ATM
prerank,Adenylate Cyclase-Modulating G Protein-Coupled Receptor Signaling Pathway (GO:0007188),0.25071641295763936,0.8095498222831838,0.7390396659707724,0.897397931823251,1.0,5/22,15.70%,GNAI2;TBXA2R;WASF2;GNAS;GNAI3
prerank,Positive Regulation Of Intracellular Transport (GO:0032388),-0.24252934446072452,-0.8080884439851881,0.758220502901354,0.903481877214174,1.0,8/26,20.55%,PLK3;DYNC1H1;CEP290;NUMA1;PCNT;SORL1;VAMP2;KIF20B
prerank,Chemical Synaptic Transmission (GO:0007268),0.21517373010694368,0.8075984630217975,0.7689161554192229,0.8995482206449339,1.0,5/43,6.66%,STAC3;SNAPIN;MAPK1;APEX1;SDCBP
prerank,Maturation Of LSU-rRNA (GO:0000470),-0.2678599968532587,-0.8063807980960749,0.7485148514851485,0.9050293978399769,1.0,4/17,16.14%,DDX18;NOP2;RBM34;RRP15
prerank,Regulation Of Tyrosine Phosphorylation Of STAT Protein (GO:0042509),-0.23809720847629018,-0.8045618586860666,0.7750511247443763,0.9067235445246982,1.0,4/29,5.08%,PIBF1;IL6ST;IL12A;SOCS3
prerank,Negative Regulation Of Protein Secretion (GO:0050709),-0.26797727759322615,-0.8038998359616244,0.7410526315789474,0.9062987712173699,1.0,3/17,13.12%,IL12A;MIDN;FOXO1
prerank,Calcium Ion Transport (GO:0006816),0.22057549455432607,0.8036972955726537,0.7722007722007722,0.9050482025905037,1.0,10/37,21.71%,ORAI1;ORAI3;CCL5;FKBP1A;CACNA2D4;MCUR1;KCNN4;TRPV2;TMCO1;TPT1
prerank,Protein Dephosphorylation (GO:0006470),-0.1872154550558344,-0.8031457134466683,0.8683127572016461,0.9060719030556786,1.0,14/80,17.13%,PPP1R15A;DUSP1;PPP1R15B;MTMR3;PPM1D;MTMR6;PPM1B;DUSP10;MTMR4;PPM1H;PTPN2;PTPRE;PPP2R2A;CTDP1
prerank,Regulation Of Proteasomal Ubiquitin-Dependent Protein Catabolic Process (GO:0032434),0.19028213731222818,0.8028609100205519,0.8591836734693877,0.9051774335875762,1.0,16/77,21.07%,RBX1;SUMO2;N4BP1;PSMD10;DDA1;PARK7;SDCBP;EIF3H;SUMO1;CEBPA;KEAP1;DDRGK1;COMMD1;STUB1;TAF9;FBXO22
prerank,Peptidyl-Serine Modification (GO:0018209),-0.17952855148453153,-0.8015239022012843,0.8665338645418327,0.9074470180176921,1.0,41/99,31.96%,PKD1;PKN2;HIPK1;SGK1;DYRK1A;PLK2;MAPKAPK2;TLK2;ULK1;TAF1;MAST4;AKT2;MARK3;LATS1;STK4;AKT3;ATR;SMG1;RICTOR;MAP3K13;CSNK1D;TNKS;TLK1;MAPK14;ATM;PDPK1;LATS2;MKNK2;CHUK;TGFBR2;TTBK2;PRKDC;PRKCQ;CSNK1E;MAPK8;CSNK1G2;PRKCH;GSK3B;WNK1;HIPK3;CSNK1G3
prerank,Second-Messenger-Mediated Signaling (GO:0019932),-0.24912424758902735,-0.8014091696857918,0.7687747035573123,0.9061244142004237,1.0,6/23,15.53%,NUDT4;CXCR4;PLCG2;P2RX4;MCTP2;MCTP1
prerank,Positive Regulation Of Interferon-Beta Production (GO:0032728),0.23878704380199992,0.8007926237999259,0.7529411764705882,0.9074510496001305,1.0,7/26,21.01%,OAS1;RNF135;OAS2;ISG15;MAVS;RIOK3;PTPN11
prerank,Protein Homooligomerization (GO:0051260),-0.19537750721682043,-0.8005494967443721,0.8396793587174348,0.9060864479898099,1.0,19/63,23.20%,FUS;SOD2;GLS;ATL2;MCOLN1;NLRP1;JMJD6;GOLGA2;USP16;TP53BP1;SLC1A5;RBMX;BLM;NLRP3;CLU;MICU1;G3BP2;GBP5;PKD2
prerank,Cholesterol Homeostasis (GO:0042632),0.24511087524614047,0.8002289248991692,0.7469879518072289,0.9056568713186985,1.0,8/24,21.30%,LAMTOR1;RALY;NR1H3;IL18;EHD1;CYP7B1;NPC2;LCP1
prerank,Sterol Homeostasis (GO:0055092),0.24511087524614047,0.8002289248991692,0.7469879518072289,0.9056568713186985,1.0,8/24,21.30%,LAMTOR1;RALY;NR1H3;IL18;EHD1;CYP7B1;NPC2;LCP1
prerank,Protein Modification Process (GO:0036211),-0.14763352440663371,-0.7999371223395073,0.9898785425101214,0.9056775194542416,1.0,122/427,27.10%,BRD2;CDK17;CDK11A;ERN1;RABGGTB;BRAF;PKN2;CDK19;UVRAG;MAP4K5;PRPF4B;CDK16;KAT7;HIPK1;SGK1;ENGASE;ST8SIA4;FNIP2;SIK2;PIM2;JADE1;ILF3;MTMR3;PPM1D;DYRK1A;TAF4B;MTMR6;PPM1B;PLK2;MAP3K5;TESK2;TNIK;GOLGA2;MAPKAPK2;TLK2;ST3GAL1;ULK1;ABL2;PICK1;INSR;MAP3K11;STK3;JAK2;ARFGEF1;TAF1;WDR45B;MTMR4;NEK1;MAN2A2;MAN2A1;ATG4D;ATG12;BIRC6;STK17B;ING5;PAK4;PPM1H;PRKAG2;ATG14;UBE2S;AKT2;CCNT1;ABL1;ABCA7;TAOK2;MARK3;ERG;PTPRE;LATS1;PPP2R2A;CTDP1;TAOK3;FASTK;NEK3;TBCK;CDK11B;PIK3R4;B3GNT5;MAP4K3;STK4;STK19;AKT3;PPM1L;ATG16L2;ATR;MANBA;SMG1;MAPK6;ST8SIA6;MAP3K13;CLK3;STK17A;PRKAG1;PIM3;COG7;RB1CC1;COG3;TAF3;EIF2AK2;CSNK1D;PPP2R1B;ATG10;TLK1;ST3GAL6;PTPN22;MAN2B1;NGLY1;ATM;MEX3B;SIK3;PDPR;PPM1A;PDPK1;SYK;YES1;FBXW11;LATS2;MKNK2;CHUK;TAF2;PPTC7;TAF13
prerank,Negative Regulation Of DNA Biosynthetic Process (GO:2000279),0.26299657390235753,0.7996833496151706,0.742393509127789,0.9052177572253484,1.0,5/18,22.39%,TINF2;TERF2;HNRNPA1;ERCC4;HNRNPC
prerank,Modulation By Host Of Viral Genome Replication (GO:0044827),0.2644779875562422,0.7989716501327794,0.7457943925233644,0.9050503579408287,1.0,7/17,23.42%,PPIB;NUCKS1;EEF1A1;VAPA;SMC6;TBC1D20;ZBED1
prerank,Blood Vessel Morphogenesis (GO:0048514),-0.26468071274801686,-0.7971159320468211,0.7352342158859471,0.9088899978043474,1.0,6/18,27.55%,ID1;HES1;SMAD7;NF1;SYK;TGFBR2
prerank,Phosphatidic Acid Metabolic Process (GO:0046473),-0.2546795567581184,-0.7969584314832806,0.7791164658634538,0.9076599340018173,1.0,1/18,0.92%,ABHD5
prerank,Positive Regulation Of Cold-Induced Thermogenesis (GO:0120162),0.20316316415931018,0.7966221238847805,0.8313008130081301,0.9077067891441851,1.0,10/48,19.22%,UCP2;CPT2;CD36;HADHA;GNAS;FH;IL18;DECR1;TRPV2;FABP5
prerank,Positive Regulation Of Canonical Wnt Signaling Pathway (GO:0090263),-0.20965748736048062,-0.7964992160108132,0.8015873015873016,0.9068493695715314,1.0,19/43,32.68%,DDX3X;UBR5;SOX4;USP34;PPM1B;PTK7;FRAT1;SMURF2;USP8;CSNK1D;TNKS;PPM1A;DAPK3;CSNK1E;CCAR2;CSNK1G2;WNK1;CSNK1G3;ZEB2
prerank,Regulation Of Meiotic Cell Cycle (GO:0051445),-0.27343158701893,-0.7952205323026915,0.7447619047619047,0.9073983746296046,1.0,1/16,0.10%,DUSP1
prerank,Negative Regulation Of Intracellular Signal Transduction (GO:1902532),-0.17235349983433437,-0.7945272092656437,0.9057815845824411,0.9069668767026596,1.0,36/119,25.70%,DUSP1;TNFAIP3;DDIT3;FNIP1;PER1;DDX3X;HERPUD1;SIRT1;UBR1;RHOH;UBR2;PPM1B;NPRL3;ITPR1;INPP5K;PIK3IP1;DUSP2;DEPDC5;ZC3H12A;MARK3;PDE4D;VGLL4;NLRP3;ARHGAP12;MUL1;PIK3CB;NF1;MDM2;LIMD1;PHLPP1;MAPK14;BCL2;NOC2L;SLC39A8;PPM1A;USP20
prerank,Peroxisome Organization (GO:0007031),0.2649107000488702,0.7937439978811872,0.7402061855670103,0.9112233522421688,1.0,3/17,10.71%,PEX2;PEX11B;ACOT8
prerank,Histone Acetylation (GO:0016573),-0.20016956590083404,-0.7933688230243696,0.8373983739837398,0.9073602533650039,1.0,9/52,12.71%,EPC1;ATXN7;ING3;KAT2A;TRRAP;KAT5;EP300;EP400;SUPT20H
prerank,Regulation Of Microtubule Cytoskeleton Organization (GO:0070507),0.2661892509860801,0.7922075549564623,0.7656565656565657,0.9123829070306217,1.0,6/17,28.74%,SKA2;STMN1;MARK2;TAOK1;CDK2AP2;GAS2L1
prerank,Regulation Of Protein Localization (GO:0032880),0.2002605853657873,0.7909699671456806,0.8236434108527132,0.9129905425198164,1.0,10/51,15.98%,TRIM21;TOR1A;FKBP1A;PARP1;RAB9A;RAB14;SUMO1;RSL1D1;STX6;PIN1
prerank,Regulation Of Chromosome Organization (GO:0033044),0.2245188781776389,0.7900650683311461,0.7991886409736308,0.9131278335032661,1.0,6/33,8.87%,MCRS1;XRCC5;MYC;LIG4;TERF2;RUVBL1
prerank,Defense Response To Symbiont (GO:0140546),0.17888346782784567,0.7868073353535335,0.887189292543021,0.9170338924898389,1.0,33/94,32.91%,PYCARD;APOBEC3C;APOBEC3G;IFITM2;OAS1;MYD88;FADD;IRF2;OAS2;ISG15;SKP2;MAVS;SAMHD1;APOBEC3F;APOBEC3D;IFIT3;CASP1;BNIP3;BNIP3L;ZMYND11;CNOT7;IFITM3;TBKBP1;SERINC3;STAT2;TANK;EXOSC5;IKBKE;PQBP1;ISG20;TRIM5;STAT1;IFITM1
prerank,Response To Organonitrogen Compound (GO:0010243),0.24196995103368762,0.7866446458314988,0.793939393939394,0.9159659652281745,1.0,7/23,27.44%,RRAGC;KYNU;RNF5;ATF1;UBXN6;SEL1L;ERLEC1
prerank,Response To UV (GO:0009411),0.1838202418930936,0.7853579424062219,0.8798449612403101,0.9167192066154269,1.0,15/77,15.38%,RBX1;N4BP1;EIF2S1;PARP1;MYC;CDKN2D;SDF4;CAT;CUL4A;UBE2A;UBE2B;BAK1;PRKCD;MSH2;YY1
prerank,Regulation Of Response To External Stimulus (GO:0032101),-0.19073880919342004,-0.7850880268537449,0.8538011695906432,0.9191142237205607,1.0,19/61,24.38%,PTGS2;CXCR4;DAGLB;NLRP1;NR1D2;SETD6;JAK2;SBNO2;P2RX4;FOXP1;IRF1;AREL1;NFE2L2;AKNA;BRD4;TNFSF4;BIRC3;PTPN22;BST1
prerank,Intracellular Monoatomic Cation Homeostasis (GO:0030003),0.18572866824060175,0.7844339511603217,0.8646464646464647,0.9167962243198223,1.0,21/78,22.08%,CCL5;ATP6V1G1;GLRX3;MYC;MT2A;STOML2;ARF1;SLC39A13;SLC39A4;VAPB;COX11;SLC30A1;ISCU;SLC39A6;NDFIP1;TMEM203;CCDC22;TMEM199;ATP6V1A;TPT1;CYBRD1
prerank,Base-Excision Repair (GO:0006284),-0.223429434459185,-0.7843031368665703,0.8250497017892644,0.9188548070169902,1.0,9/30,22.75%,LIG1;PNKP;WRN;POLB;PARG;POLD1;POLE;XPA;LIG3
prerank,Regulation Of Amide Metabolic Process (GO:0034248),0.2257051686218052,0.7839011326395846,0.8178217821782178,0.9163001030318991,1.0,5/30,9.25%,PGAM1;EIF2S1;RBM3;TMED10;MTPN
prerank,Regulation Of Histone Acetylation (GO:0035065),-0.2571725022847209,-0.7829871374081763,0.808641975308642,0.9193667450554039,1.0,6/17,27.62%,DDX21;BRCA1;MYBBP1A;NFYA;NOC2L;THAP7
prerank,Ribonucleoprotein Complex Biogenesis (GO:0022613),-0.1847148832860802,-0.7823771556782837,0.889763779527559,0.918708216010445,1.0,25/70,30.75%,DNTTIP2;WDR74;DHX37;NGDN;NOP58;NOM1;SPATA5;METTL17;LTV1;NOP56;WDR75;GLUL;WDR43;TGS1;NVL;NOC2L;WDR36;TBL3;PNO1;BOP1;MRTO4;WDR12;DDX31;RPF2;FCF1
prerank,Regulation Of DNA Strand Elongation (GO:0060382),-0.27322557329731134,-0.7822182911129998,0.7456647398843931,0.9174095522270863,1.0,3/15,9.50%,INO80;INO80B;INO80E
prerank,Ribosome Biogenesis (GO:0042254),-0.1737019988179597,-0.7813563594037849,0.9239766081871345,0.9172126713859035,1.0,32/100,28.99%,DNTTIP2;WDR74;ESF1;RRP12;SBDS;DHX37;NGDN;NOP58;NOM1;DDX10;WDR55;SPATA5;DDX47;METTL17;LTV1;NOLC1;DHX29;NOP56;EXOSC2;WDR75;GLUL;WDR43;NVL;NOC2L;WDR36;TBL3;PNO1;TSC1;BOP1;MRTO4;WDR12;DDX31
prerank,Regulation Of Protein Export From Nucleus (GO:0046825),-0.2630398386549636,-0.78053131798158,0.7797979797979798,0.9168990440114734,1.0,8/17,30.93%,BARD1;XPO4;SIRT7;FRAT1;RANGAP1;RBM22;FRAT2;GSK3B
prerank,Positive Regulation Of B Cell Activation (GO:0050871),-0.22829848276306658,-0.7789639078511905,0.8343685300207039,0.9178162895361921,1.0,9/29,26.06%,IRS2;TFRC;INPP5D;TP53BP1;VAV3;TNFSF4;BCL2;BST1;SYK
prerank,RNA Catabolic Process (GO:0006401),-0.20352016698632475,-0.778830278094298,0.8509316770186336,0.9165088985876929,1.0,6/44,9.10%,ERN1;SUPV3L1;DIS3L2;ZFP36;PABPC4;DXO
prerank,Visual Perception (GO:0007601),-0.22904025616322637,-0.7782755185237321,0.8090349075975359,0.9159067014524356,1.0,4/26,12.42%,ATXN7;RABGGTB;PRR4;MYO9A
prerank,Cellular Response To Calcium Ion (GO:0071277),0.23380598100959918,0.7782624185910648,0.8046875,0.9237529420044509,1.0,5/26,12.82%,SLC25A24;ALOX5AP;ADD1;CPNE2;CPNE1
prerank,Peptidyl-Tyrosine Dephosphorylation (GO:0035335),-0.2625074570312028,-0.7781580478946805,0.7773279352226721,0.9145802799818062,1.0,3/16,14.02%,DUSP1;DUSP10;PTPN2
prerank,Macromolecule Catabolic Process (GO:0009057),0.19044307554659531,0.7777796274539464,0.8676171079429735,0.9231544176738932,1.0,27/63,34.65%,SH3GLB1;EXOSC3;XRN2;APEX1;UCHL3;TGFB1;EXOSC1;DNASE1L1;PPP1R8;RNASEH2B;BECN1;RNASET2;TPP1;RNF5;RIPK1;RNASEH2A;EXOSC7;CASP3;CASP7;PPT1;EXOSC5;RNASEH2C;ISG20;MVB12A;SLC16A3;RNASEH1;ELANE
prerank,Regulation Of B Cell Proliferation (GO:0030888),-0.2387611338298991,-0.7766940836866268,0.8217391304347826,0.9153152313973888,1.0,9/24,24.85%,IRS2;TFRC;RC3H1;MZB1;VAV3;BCL2;BST1;ATM;TNFRSF21
prerank,Potassium Ion Transmembrane Transport (GO:0071805),0.2476725413273123,0.775154550279539,0.7683168316831683,0.9258113769009275,1.0,4/20,16.95%,GHITM;KCNE3;SLC12A7;KCNN4
prerank,Amyloid Fibril Formation (GO:1990000),0.2605746458596135,0.7739946394744007,0.7695473251028807,0.9262404908870578,1.0,7/16,26.32%,FKBP1A;CD36;FURIN;HNRNPA1;GSN;RIPK1;SNCA
prerank,Positive Regulation Of Transport (GO:0051050),0.2297971073275309,0.7738814989882876,0.8416988416988417,0.9250722207922856,1.0,5/26,14.05%,ANXA2;CHP1;ANXA1;NR1H3;BAK1
prerank,Regulation Of Protein Localization To Nucleus (GO:1900180),-0.22546972784973107,-0.7727674836440407,0.8412371134020619,0.9196746656953652,1.0,5/30,6.98%,CDK5RAP3;KAT7;TFRC;TCF7L2;SIN3A
prerank,Intracellular Iron Ion Homeostasis (GO:0006879),0.2270803900534507,0.7724488892565133,0.8086785009861933,0.9259393064557104,1.0,8/28,22.08%,ATP6V1G1;GLRX3;MYC;ISCU;NDFIP1;TMEM199;ATP6V1A;CYBRD1
prerank,Translational Elongation (GO:0006414),-0.2253590856763303,-0.7717701150003042,0.7945205479452054,0.9196963952741649,1.0,6/29,16.76%,GTPBP1;NEMF;TCF25;GTPBP2;ASCC3;ANKZF1
prerank,Mismatch Repair (GO:0006298),-0.2479152379670375,-0.7701972580479416,0.7967806841046278,0.9204132630399938,1.0,8/20,27.36%,LIG1;MCM9;MSH3;PMS1;SETD2;MLH3;MUTYH;POLD3
prerank,Negative Regulation Of Cell Cycle Process (GO:0010948),0.2654085065485848,0.769820468624546,0.7923076923076923,0.9283785960139859,1.0,3/15,8.17%,CHMP2A;AURKAIP1;TERF2
prerank,Erythrocyte Differentiation (GO:0030218),-0.21931008159311588,-0.7689595002627156,0.8313008130081301,0.9206743375389456,1.0,6/31,17.35%,KMT2E;CDK5RAP3;JAK2;SLC1A5;PTPN2;FLVCR1
prerank,Positive Regulation Of TOR Signaling (GO:0032008),0.2148572256888168,0.7686118789503708,0.8396039603960396,0.9288273702697555,1.0,4/32,8.80%,LAMTOR2;LAMTOR5;LAMTOR1;RRAGA
prerank,Endomembrane System Organization (GO:0010256),0.16519022581451573,0.7673129637894857,0.943502824858757,0.92941316373709,1.0,21/132,15.60%,CDC42;TOR1A;SLC9A3R1;ATL3;LAMTOR1;TMED10;CTDNEP1;PLEKHJ1;SEC23IP;RAB2A;JAGN1;GORASP2;RAB8A;SYNGR2;ARL1;NUP93;ZW10;TMED2;REEP3;VAPB;TMED9
prerank,Regulation Of Organelle Assembly (GO:1902115),-0.19492394163350552,-0.7669307308812068,0.8598726114649682,0.9220263554013943,1.0,12/53,19.31%,RABGAP1;MTMR3;KIF9;WDPCP;PLK2;IFT88;ARHGEF9;TBC1D22A;SPICE1;SGSM3;TBC1D17;TBC1D22B
prerank,GPI Anchor Biosynthetic Process (GO:0006506),0.24659821241674795,0.7665788122652812,0.8208333333333333,0.9290607788869327,1.0,8/20,26.77%,PIGC;PIGS;PIGP;PIGT;PIGK;DPM3;DPM2;PIGN
prerank,Protein Targeting To Lysosome (GO:0006622),-0.23501139773419932,-0.7654242792087842,0.8043478260869565,0.9225914566181614,1.0,9/24,21.01%,AP4M1;ATG14;ZFYVE16;HGS;SNX16;PIK3R4;SORL1;GGA3;CLU
prerank,Protein Complex Oligomerization (GO:0051259),-0.1874680101175941,-0.764967538069171,0.873767258382643,0.921779438908054,1.0,18/59,25.49%,FUS;YME1L1;MAT2A;ATL2;NLRP1;HOMER1;JMJD6;TP53BP1;DNM1L;RBMX;ZC3H12A;BLM;NLRP3;MICU1;G3BP2;PKD2;IKZF4;SLC31A1
prerank,Protein Exit From Endoplasmic Reticulum (GO:0032527),0.24642046867391504,0.7639122243058746,0.8063241106719368,0.9315511756296099,1.0,6/20,27.83%,SEC61B;TMED9;SEC13;SEL1L;ERLEC1;DERL2
prerank,Regulation Of Cell Communication (GO:0010646),-0.23637774492619323,-0.7629554585365464,0.8206185567010309,0.9232242740019921,1.0,3/22,14.79%,TSPYL2;CCNK;NUP62
prerank,Regulation Of Signal Transduction (GO:0009966),-0.1717388705864657,-0.7628527519910749,0.9302832244008714,0.921896718571303,1.0,20/97,19.85%,TSPYL2;ANKRD54;CDKN2AIP;PHIP;SIRT1;RGS2;SIK2;INPP5D;HOMER1;CCNK;CD46;PLCB1;PTPN2;NUP62;FBXL17;MZB1;ZFAND2B;MDFIC;RIC8B;CREBBP
prerank,Mitochondrion Disassembly (GO:0061726),-0.2227123962666993,-0.7619930615852252,0.8490196078431372,0.9216320046436673,1.0,5/27,12.95%,ATG2A;GABARAPL1;WDR45B;ATG12;MAP1LC3A
prerank,Positive Regulation Of Amide Metabolic Process (GO:0034250),0.18879251074175726,0.7602611902686405,0.9004149377593361,0.9354252180459843,1.0,19/57,27.10%,VIM;EIF6;RBM3;ROCK2;PRKCD;EEF2;EIF3D;SSB;LARP4B;METTL5;IFNGR1;NPM1;AGO2;EIF3E;PRMT1;UPF3A;PLD1;YTHDF1;CASP3
prerank,Regulation Of Endothelial Cell Proliferation (GO:0001936),-0.2068163506982283,-0.7584642813200662,0.8523622047244095,0.9249856071495294,1.0,3/37,5.21%,NR4A1;SIRT1;KRIT1
prerank,Regulation Of Actin Cytoskeleton Reorganization (GO:2000249),0.26480556124703414,0.7580228315716112,0.8121212121212121,0.937190495976281,1.0,7/15,29.42%,ARHGDIB;CSF1R;RNH1;CDK5;HCK;ARHGDIA;FES
prerank,Mitochondrial Gene Expression (GO:0140053),0.2327120145471917,0.7578577914420905,0.8281853281853282,0.936042726063458,1.0,3/23,8.68%,CHCHD1;GADD45GIP1;IARS2
prerank,Positive Regulation Of Kinase Activity (GO:0033674),-0.20480925374932002,-0.7565888602739342,0.885480572597137,0.9260841098727084,1.0,9/38,18.53%,EREG;RAPGEF2;MAP3K5;INSR;PRKAG2;SNX9;VAC14;TAB2;DSTYK
prerank,RNA Destabilization (GO:0050779),-0.26054802216455886,-0.754698317822602,0.796875,0.9271486935866984,1.0,3/15,19.15%,YTHDF3;DXO;METTL16
prerank,Positive Regulation Of Receptor-Mediated Endocytosis (GO:0048260),0.23466546932899346,0.7543860128764655,0.8432122370936902,0.9394279855876861,1.0,2/22,2.34%,ANXA2;CD63
prerank,Regulation Of Epithelial To Mesenchymal Transition (GO:0010717),0.223723462084172,0.7541583799593311,0.8268839103869654,0.938384125651362,1.0,7/28,23.03%,GLIPR2;SDCBP;TGFB1;SMAD2;SMAD3;TGFBR1;SDHAF2
prerank,Positive Regulation Of Cell Cycle G1/S Phase Transition (GO:1902808),0.2224709485149477,0.749199155498174,0.8272552783109405,0.9436240363829144,1.0,7/26,17.52%,LSM10;PEX2;PHB2;ANXA1;AKT1;AIF1;DDRGK1
prerank,Regulation Of Fatty Acid Biosynthetic Process (GO:0042304),-0.24516158578480707,-0.7488928207098141,0.824,0.9332549156503988,1.0,8/17,31.57%,BRCA1;DCAF5;ERLIN1;NR1H2;UBR4;MID1IP1;KAT2B;SIRT2
prerank,Positive Regulation Of Receptor Signaling Pathway Via STAT (GO:1904894),0.2509739238271941,0.7476356504846675,0.8236434108527132,0.9443866779181209,1.0,5/17,17.55%,CCL5;TGFB1;OCIAD1;CRLF3;IL10RB
prerank,Signal Transduction In Response To DNA Damage (GO:0042770),-0.1983829276986067,-0.7467288188153769,0.8854368932038835,0.9346486492629761,1.0,14/41,26.49%,RAD9A;ATRX;NDRG1;TP53BP1;MDM4;GADD45A;ATR;DOT1L;CLOCK;MAPK14;CRY1;ATM;BCL3;HUS1
prerank,Negative Regulation Of Innate Immune Response (GO:0045824),0.20843930101331362,0.7467003552329176,0.8460038986354775,0.944201722147308,1.0,17/34,34.43%,TRIM21;PARP1;BANF1;OAS1;AKT1;ISG15;PCBP2;SAMHD1;LYAR;CNOT7;STAT2;PPP6C;ATG5;YWHAZ;YTHDF2;TTLL12;SERPING1
prerank,Positive Regulation Of Defense Response To Virus By Host (GO:0002230),0.2580041267464184,0.74606599382203,0.8216432865731463,0.9436836529678436,1.0,9/15,32.84%,APOBEC3G;DTX3L;IL12RB1;MAVS;APOBEC3F;PQBP1;EIF2AK4;STAT1;PARP9
prerank,Hemopoiesis (GO:0030097),-0.18038661319011434,-0.7446338837134494,0.9043824701195219,0.9357005612962768,1.0,17/61,27.55%,PRRC2C;MEIS1;SBDS;CEBPB;HIPK1;ETV6;KAT6A;TET2;L3MBTL1;KAT8;ATF4;PGM3;ARIH2;CDK13;KMT2A;MKNK2;TGFBR2
prerank,Regulation Of Blood Vessel Endothelial Cell Migration (GO:0043535),-0.20870739890915352,-0.7437698534091567,0.8758029978586723,0.9353171531179076,1.0,12/32,26.10%,SIRT1;P2RX4;MECP2;HIF1A;AKT3;GADD45A;ETS1;TNF;NF1;MAPK14;PDPK1;FGF18
prerank,Regulation Of Intracellular Protein Transport (GO:0033157),-0.22043735062152575,-0.7427963863170302,0.8304761904761905,0.9349937789842778,1.0,8/28,20.55%,PLK3;NDEL1;CEP290;SIRT7;PCNT;FRAT1;VAMP2;KIF20B
prerank,Defense Response To Virus (GO:0051607),0.16272579294156644,0.7396819310201357,0.9625984251968503,0.9504862498569698,1.0,38/118,32.91%,PYCARD;TRIM21;APOBEC3C;APOBEC3G;IFITM2;PHB2;OAS1;MYD88;FADD;IRF2;UBE2N;RNF135;OAS2;ISG15;SKP2;MAVS;SAMHD1;APOBEC3F;APOBEC3D;IFIT3;CASP1;BNIP3;BNIP3L;ZMYND11;CNOT7;IFITM3;TBKBP1;SERINC3;STAT2;TANK;EXOSC5;IKBKE;ATAD3A;PQBP1;ISG20;TRIM5;STAT1;IFITM1
prerank,Response To Cytokine (GO:0034097),0.175867444751283,0.7395056085012424,0.9544554455445544,0.9493669419733888,1.0,14/76,16.92%,RHOA;TRIM21;TIMP1;CALCOCO2;IFITM2;MYD88;ANXA1;LGALS9;MAPKAPK3;DDOST;CSF1R;SHMT2;ISG15;KYNU
prerank,Purine Nucleotide Biosynthetic Process (GO:0006164),0.26027797470494773,0.7391119556315251,0.802547770700637,0.9484668309973696,1.0,5/15,23.79%,QPRT;KYNU;MTHFD1;PRPSAP2;PRPSAP1
prerank,Keratinocyte Differentiation (GO:0030216),-0.24507161134332317,-0.7371675501521452,0.8299180327868853,0.9405016356046091,1.0,2/17,5.18%,EREG;BCR
prerank,Acylglycerol Metabolic Process (GO:0006639),0.24889651790093176,0.7371145330746295,0.8310679611650486,0.9495761263880631,1.0,16/16,75.16%,ABHD2;LCP1;APOBR;SEL1L;LYPLA2;MGLL;PGS1;DGKE;GALK2;DGKA;PNPLA2;GK5;DGKD;DGKG;DGAT1;DGKZ
prerank,Positive Regulation Of Chemotaxis (GO:0050921),0.2593718243331071,0.7369231903410044,0.8327067669172933,0.948477719421781,1.0,3/15,15.75%,TMSB4X;TGFB1;AIF1
prerank,Regulation Of Microtubule Polymerization (GO:0031113),-0.23068737743894838,-0.7367181620172506,0.8488612836438924,0.939602814275835,1.0,9/21,30.79%,AKAP9;DYRK1A;NUMA1;TBCD;EML2;GBA2;CDK5RAP2;OCLN;CLIP1
prerank,Vesicle Cargo Loading (GO:0035459),0.2454526018519173,0.736151172548747,0.8140495867768595,0.9481434301913573,1.0,5/17,22.16%,TMED10;TMED2;SEC13;TBC1D20;RAB1A
prerank,Phospholipid Biosynthetic Process (GO:0008654),0.23653609807373172,0.7345155582164552,0.8295880149812734,0.9487477836300053,1.0,5/19,21.88%,PCYT2;FDPS;SRD5A3;VAPA;AGPAT3
prerank,Positive Regulation Of Ubiquitin-Dependent Protein Catabolic Process (GO:2000060),-0.18450615784487964,-0.7339149402896428,0.9196787148594378,0.9415256685916703,1.0,22/56,31.57%,RNF19A;CDK5RAP3;ARIH1;ANKIB1;FBXW7;HECTD1;DNAJB2;TAF1;SMURF1;CLU;SMAD7;MDM2;ARIH2;CSNK1D;RNF144B;L3MBTL3;SOCS5;PIAS1;CSNK1E;TRIB1;GSK3B;SIRT2
prerank,Axon Guidance (GO:0007411),0.20851864099905454,0.7335665394749078,0.867704280155642,0.94851760514388,1.0,4/32,9.86%,RAC1;SCN1B;VASP;EMB
prerank,Phosphatidylcholine Metabolic Process (GO:0046470),0.23647200127663898,0.7328233325166966,0.8382066276803118,0.9480354767261103,1.0,3/20,11.48%,TSPO;MBOAT7;NR1H3
prerank,Calcium Ion Homeostasis (GO:0055074),-0.20975594567774752,-0.7327706715079934,0.8544303797468354,0.9414103419078805,1.0,9/30,24.16%,CHERP;SLC10A7;ATP2A2;ATP13A1;STIM1;SLC8B1;ATP1B1;TMEM165;TPCN2
prerank,Regulation Of Small Molecule Metabolic Process (GO:0062012),0.21805835574705026,0.731837491447131,0.8717434869739479,0.9478541509340151,1.0,2/26,3.33%,PGAM1;EIF6
prerank,Regulation Of T Cell Receptor Signaling Pathway (GO:0050856),0.23946406024136213,0.7289400999159785,0.8363636363636363,0.9498607896431515,1.0,8/19,32.72%,EZR;SLA2;PHPT1;KCNN4;IKBKG;DUSP3;CD300A;SH2D1A
prerank,Neurogenesis (GO:0022008),-0.23650170666237638,-0.7288614063737621,0.8340080971659919,0.9444943610077243,1.0,7/19,27.26%,CXCR4;DAGLB;CLN5;KAT8;TRAK1;CDK5RAP2;THOC2
prerank,Negative Regulation Of Insulin Receptor Signaling Pathway (GO:0046627),-0.24844921797319353,-0.7274558163098915,0.8387755102040816,0.9445719236917194,1.0,6/15,29.80%,INPP5K;PTPN2;PTPRE;SOCS1;PRKCQ;TSC2
prerank,Positive Regulation Of Endothelial Cell Proliferation (GO:0001938),-0.21148116383614202,-0.7259512375411141,0.8521560574948666,0.9448282291173367,1.0,2/29,4.03%,NR4A1;SIRT1
prerank,Regulation Of Catabolic Process (GO:0009894),0.24377072271622607,0.7251422121433452,0.8390342052313883,0.9529414900055957,1.0,5/18,25.28%,FURIN;SCARB2;CHMP6;ITGB1;SNF8
prerank,Regulation Of Interleukin-12 Production (GO:0032655),-0.22708636114672648,-0.7249716693576946,0.8623481781376519,0.9444478365438314,1.0,10/23,31.24%,PIBF1;PLCG2;PLCB1;FOXP1;RIPK2;TNFSF4;MAPK14;SYK;CLEC7A;TLR4
prerank,Negative Regulation Of Macroautophagy (GO:0016242),-0.2551628965990188,-0.7247344597899117,0.8410462776659959,0.9432315189633447,1.0,1/15,1.32%,USP36
prerank,Apoptotic Mitochondrial Changes (GO:0008637),0.22151060838623948,0.7238080355120581,0.8615384615384616,0.9531374398115098,1.0,5/25,14.05%,BAX;VPS35;GGCT;BID;BAK1
prerank,Golgi To Plasma Membrane Transport (GO:0006893),-0.19974150369437849,-0.7230863455178256,0.9168399168399168,0.9435243467933492,1.0,16/39,27.50%,CCDC93;GOLGA4;ARFGEF2;KIF13A;PREPL;EXOC7;EXOC4;GGA1;GGA3;VAMP2;MACF1;EXOC8;SEC16A;SPTBN1;GCC2;GGA2
prerank,Protein Catabolic Process (GO:0030163),0.1773568590006861,0.7226581314294803,0.9542619542619543,0.9530893438722423,1.0,19/61,27.74%,TRIM21;CTSZ;CTSC;UCHL3;CLPP;CAPN2;LAMP2;RAB7A;CTSW;CLPX;TPP1;RNF5;RIPK1;CUL4B;BNIP3;BNIP3L;CTSD;CASP3;CASP7
prerank,Regulation Of Necroptotic Process (GO:0060544),0.25249071946529206,0.7225128743566902,0.8188976377952756,0.9519090883711407,1.0,2/15,6.17%,PARP1;AIFM1
prerank,Positive Regulation Of Transmembrane Receptor Protein Serine/Threonine Kinase Signaling Pathway (GO:0090100),-0.19917662146990503,-0.7215886273669633,0.8950495049504951,0.9436710009968096,1.0,9/36,23.67%,CITED2;EP300;JAK2;NUMA1;NOTCH1;SH2B1;CREBBP;CDKN1C;GDF11
prerank,Selective Autophagy (GO:0061912),0.1904153410639531,0.7212827379912153,0.9017681728880157,0.9518877067194018,1.0,12/41,23.86%,CALCOCO2;PEX2;PHB2;TGFB1;PINK1;UFC1;DDRGK1;BECN1;RAB7A;TEX264;AUP1;UFL1
prerank,Defense Response To Gram-positive Bacterium (GO:0050830),0.23632416693796832,0.7208938479021142,0.8320754716981132,0.9509914107692501,1.0,8/18,34.35%,ROMO1;MYD88;IL18;MR1;FGR;DROSHA;FAU;CASP4
prerank,Glycoprotein Biosynthetic Process (GO:0009101),0.18524830109523194,0.7204660218300092,0.9076305220883534,0.9501326166175473,1.0,6/46,10.51%,PDCD6;DAD1;FUT7;B3GALT6;TNIP1;DDOST
prerank,snRNA 3'-End Processing (GO:0034472),0.2449467969714861,0.7196835777706962,0.8445807770961146,0.9497190346926605,1.0,3/16,10.30%,EXOSC3;USB1;INTS5
prerank,Neuron Differentiation (GO:0030182),0.1906012482594605,0.7156786124128317,0.8985801217038539,0.9526042833859958,1.0,14/40,29.63%,ACSL4;MANF;RTN4;MTPN;RUNX3;PIN1;ITM2C;TGFBR1;CDK5;RTN3;RYK;CASP3;PBX3;PPT1
prerank,Regulation Of Mitochondrion Organization (GO:0010821),0.19720692183685026,0.713380534464672,0.9150197628458498,0.9535684238211766,1.0,3/35,2.69%,VDAC1;MTCH2;VPS35
prerank,Positive Regulation Of TORC1 Signaling (GO:1904263),-0.2351900810833611,-0.7112694583747794,0.8605108055009824,0.9529217631954773,1.0,10/18,34.73%,RRAGB;TELO2;OTUD5;SEH1L;WDR59;SIK3;SLC38A9;MIOS;FLCN;CLEC16A
prerank,Regulation Of Histone Deacetylation (GO:0031063),-0.24861334361685097,-0.7080041370991808,0.8739669421487604,0.9548693586698337,1.0,2/15,6.57%,SIRT1;KAT2A
prerank,Regulation Of Nitric-Oxide Synthase Activity (GO:0050999),-0.23991803882366886,-0.7057597980190453,0.8905263157894737,0.9555111314380136,1.0,8/15,33.97%,HIF1A;GCH1;SCARB1;PIK3CB;TNF;ZDHHC21;NPR3;GLA
prerank,Secondary Alcohol Metabolic Process (GO:1902652),0.23306444818772606,0.704542423383566,0.8805668016194332,0.9611868037385443,1.0,8/18,24.83%,GLB1;IDH1;IDH2;FDX1;IDH3G;SQLE;IDH3B;IDH3A
prerank,Negative Regulation Of Cellular Response To Insulin Stimulus (GO:1900077),-0.2386878046259131,-0.7039814071257137,0.86875,0.9557281481890662,1.0,6/16,29.80%,INPP5K;PTPN2;PTPRE;SOCS1;PRKCQ;TSC2
prerank,Intracellular Calcium Ion Homeostasis (GO:0006874),-0.17978420937336204,-0.7036441790923696,0.9291497975708503,0.9545472595839186,1.0,14/48,24.29%,CHERP;SLC10A7;HERPUD1;PDZD8;ATP2A2;ATP13A1;STIM1;SLC8B1;ATP1B1;MICU1;CLN3;TMEM165;TPCN2;BCL2
prerank,Regulation Of NLRP3 Inflammasome Complex Assembly (GO:1900225),-0.23329732661369212,-0.703315965527002,0.8767967145790554,0.9533568048401724,1.0,8/17,31.24%,DDX3X;DHX33;PLCG2;GBP5;EIF2AK2;PTPN22;MAPK8;TLR4
prerank,Negative Regulation Of Catabolic Process (GO:0009895),0.1905961397435808,0.7029125141501997,0.9244186046511628,0.9614222573980965,1.0,9/39,23.16%,SNX3;CSNK2A1;RILP;PIN1;CSNK2A2;PDCL3;CST3;CYP51A1;FLNA
prerank,Fc-epsilon Receptor Signaling Pathway (GO:0038095),0.2324547717388517,0.7025650748085082,0.8838582677165354,0.9604390068523022,1.0,3/17,13.44%,FCER1G;MAPK9;LYN
prerank,Negative Regulation Of Neuron Projection Development (GO:0010977),0.23190721642294698,0.7024031085621899,0.8830188679245283,0.9592677740676328,1.0,4/18,17.84%,CIB1;PTPN9;HDAC2;ITM2C
prerank,Chloride Transport (GO:0006821),0.23381857855090651,0.7015745533315352,0.852,0.9586883609331783,1.0,1/16,1.36%,CLIC1
prerank,Regulation Of Neuron Differentiation (GO:0045664),0.2114518962436333,0.700982421419378,0.8875502008032129,0.9579635923333869,1.0,4/25,12.82%,RHOA;YWHAH;REST;CPNE1
prerank,Negative Regulation Of Cell-Matrix Adhesion (GO:0001953),0.23860798501386607,0.70001779065105,0.8775510204081632,0.9576062376564156,1.0,2/16,7.56%,ITGB1BP1;DYNLL1
prerank,Negative Regulation Of Cytokine-Mediated Signaling Pathway (GO:0001960),0.19533345270443742,0.6977394485235052,0.9130434782608695,0.9584035420876446,1.0,14/34,35.08%,GSTP1;PPP2CB;OAS1;NR1H3;ISG15;SAMHD1;UXT;CNOT7;STAT2;RNF113A;YTHDF2;TTLL12;CARD16;CARD8
prerank,"Maturation Of 5.8S rRNA From Tricistronic rRNA Transcript (SSU-rRNA, 5.8S rRNA, LSU-rRNA) (GO:0000466)",0.2223809876505184,0.693134963522837,0.876984126984127,0.9611857896919168,1.0,11/19,38.80%,EXOSC3;ERI1;RRS1;EXOSC7;NOP14;RPP40;NOL9;FTSJ3;EXOSC10;ERI3;UTP20
prerank,Golgi Organization (GO:0007030),-0.15616641277350413,-0.6930820035134433,0.9831578947368421,0.9613163836837628,1.0,35/92,32.51%,PLK3;SYNE1;VPS13B;ATL2;CLASP2;GBF1;HTT;GOLGA2;TJAP1;GOLGA8A;COG8;PLEKHM2;OBSL1;ARHGAP21;NPLOC4;COG7;COG3;GAK;UBXN2A;SEC16A;CSNK1D;GOLGB1;GCC2;BCAS3;NSFL1C;SURF4;VTI1A;ATP8B4;GORASP1;COG1;BLZF1;MYO18A;ARHGEF7;RAB2B;COG5
prerank,Primary Neural Tube Formation (GO:0014020),-0.24140620797983198,-0.6927664673076025,0.8839103869653768,0.9586084414397954,1.0,4/15,15.10%,PHACTR4;MTHFR;IFT122;SKI
prerank,Tube Closure (GO:0060606),-0.24140620797983198,-0.6927664673076025,0.8839103869653768,0.9586084414397954,1.0,4/15,15.10%,PHACTR4;MTHFR;IFT122;SKI
prerank,Negative Regulation Of Endothelial Cell Migration (GO:0010596),-0.2301723831838479,-0.6923203268612587,0.8872017353579176,0.9575314425823964,1.0,5/16,22.86%,KRIT1;NOTCH1;MECP2;GADD45A;TNF
prerank,Ribosomal Small Subunit Biogenesis (GO:0042274),0.17920452971218265,0.6901632559320249,0.9592668024439919,0.9625448420175392,1.0,11/46,22.15%,RRP36;UTP3;TSR3;LSM6;NOB1;UTP6;ERAL1;RIOK2;NOL7;RIOK3;NPM1
prerank,Fc Receptor Signaling Pathway (GO:0038093),0.22440419792733712,0.6893978326628843,0.9141716566866267,0.9619113293046146,1.0,3/18,13.44%,FCER1G;MAPK9;LYN
prerank,Regulation Of Microtubule-Based Process (GO:0032886),-0.21847098430968528,-0.6876043519825817,0.8857142857142857,0.9600702388412049,1.0,4/21,20.26%,HDAC6;CLASP2;CCNL2;MACF1
prerank,Generation Of Neurons (GO:0048699),0.1850862970088903,0.686238567755571,0.9544554455445544,0.9633599962882665,1.0,12/39,27.10%,RAC1;ACSL4;RTN4;MTPN;RUNX3;PIN1;ITM2C;MARK2;CDK5;RTN3;RYK;CASP3
prerank,Golgi To Plasma Membrane Protein Transport (GO:0043001),-0.21065619095347826,-0.6837893518747308,0.8949494949494949,0.9618824864593526,1.0,12/24,32.34%,GOLGA4;KIF13A;PREPL;GGA1;GGA3;VAMP2;MACF1;SPTBN1;GCC2;GGA2;BLZF1;VAMP5
prerank,Glycosphingolipid Metabolic Process (GO:0006687),0.2355290939001174,0.6806021874431801,0.893574297188755,0.966692561409782,1.0,2/15,9.91%,GLB1;TM9SF2
prerank,Negative Regulation Of Peptidyl-Tyrosine Phosphorylation (GO:0050732),-0.21832783731434027,-0.6769328903863419,0.9090909090909091,0.9658959663535924,1.0,2/19,5.08%,PIBF1;SOCS3
prerank,Negative Regulation Of Ras Protein Signal Transduction (GO:0046580),0.22011470365033192,0.676746427821857,0.8891304347826087,0.9684414455737151,1.0,4/19,14.68%,KCTD10;DYNLL1;STMN1;STAMBP
prerank,Regulation Of Transmembrane Receptor Protein Serine/Threonine Kinase Signaling Pathway (GO:0090092),0.22833270136562123,0.6709536397752593,0.8729838709677419,0.9715346508753157,1.0,4/16,20.90%,FKBP1A;TGFB1;SMAD2;SMAD3
prerank,Amide Biosynthetic Process (GO:0043604),-0.2079845448717447,-0.6699499132772369,0.9268817204301075,0.9697115192834219,1.0,5/23,20.99%,GLS;SMPD4;SAMD8;PAM;CLN8
prerank,Regulation Of Transport (GO:0051049),-0.2012543936886918,-0.6696421835696988,0.9163090128755365,0.9684360697526215,1.0,9/24,24.72%,DNAJA1;YRDC;MBTPS1;POFUT2;EPB41;VAMP2;ICA1L;MUL1;SAR1B
prerank,Positive Regulation Of Cytoskeleton Organization (GO:0051495),0.18763209514175144,0.6696113050970008,0.935672514619883,0.9710907871618046,1.0,7/37,18.09%,PYCARD;PFN1;PFDN2;VASP;ARF6;PLEK;LIMK1
prerank,Regulation Of Stem Cell Differentiation (GO:2000736),-0.19277823463641833,-0.6690420615245891,0.9200779727095516,0.9673929941394882,1.0,11/32,28.85%,CHD3;HNRNPU;KAT5;NOTCH1;MBD3;HES1;SETD1A;EIF2AK2;OSM;HOXB4;PRKDC
prerank,"Maturation Of SSU-rRNA From Tricistronic rRNA Transcript (SSU-rRNA, 5.8S rRNA, LSU-rRNA) (GO:0000462)",0.21677050404139567,0.6679160035769882,0.9213709677419355,0.9709802210653115,1.0,2/19,4.89%,RRP36;UTP3
prerank,Positive Regulation Of Cell-Cell Adhesion (GO:0022409),0.23258961298324005,0.6672543171451323,0.9041095890410958,0.970174060790385,1.0,2/15,6.39%,CCL5;FUT7
prerank,Neural Tube Closure (GO:0001843),-0.22283548605404951,-0.6670671572187996,0.9014084507042254,0.967297431935831,1.0,4/17,15.10%,PHACTR4;MTHFR;IFT122;SKI
prerank,Positive Regulation Of Lipid Biosynthetic Process (GO:0046889),-0.20804195053379046,-0.6667072795945417,0.8888888888888888,0.966057403609442,1.0,12/22,34.08%,ZBTB20;KAT5;SREBF1;SCARB1;LDLR;NR1H2;MID1IP1;RPTOR;KAT2B;SIRT2;CREB1;PPARA
prerank,Transition Metal Ion Transport (GO:0000041),-0.22945286859110736,-0.6666429953973168,0.9030303030303031,0.9646325487655655,1.0,6/15,25.49%,TFRC;FTH1;SLC31A2;ATP7A;SLC39A8;SLC31A1
prerank,Anterograde Trans-Synaptic Signaling (GO:0098916),0.19713688504744792,0.6650298311492852,0.937246963562753,0.9705335225952427,1.0,3/28,6.66%,MAPK1;APEX1;SDCBP
prerank,Histone H3 Acetylation (GO:0043966),0.1903111685022669,0.6612006243564554,0.9362934362934363,0.9719394020725566,1.0,9/30,25.94%,TADA3;DR1;MBIP;TAF10;TAF9;SF3B5;MAP3K7;TAF12;TADA2A
prerank,Maturation Of 5.8S rRNA (GO:0000460),0.2314030203959981,0.6606975813101766,0.9241245136186771,0.9709771094884644,1.0,7/15,39.50%,EIF6;NSA2;MPHOSPH6;NOL9;FTSJ3;EXOSC10;EXOSC4
prerank,Intracellular pH Reduction (GO:0051452),-0.1956975441503036,-0.6586771520615611,0.9322381930184805,0.9686999831105968,1.0,8/24,25.55%,ATP6V0A1;ATP6V0A2;GPR89B;SLC4A7;ATP6V0C;GPR89A;TPCN2;DMXL2
prerank,Protein Lipidation (GO:0006497),-0.173062161027718,-0.6535302438230572,0.9476987447698745,0.9704817331773723,1.0,18/43,34.34%,PIGG;WDR45B;ATG12;PIGQ;ATG16L2;GLUL;ATG10;ZDHHC17;ZDHHC21;ZDHHC14;PGAP2;PIK3C3;PIGM;ATG7;ZDHHC9;ZDHHC5;SLC30A5;PIGH
prerank,Vacuolar Acidification (GO:0007035),0.1968248602575501,0.6529740629845284,0.9147286821705426,0.9746975329648935,1.0,6/24,20.58%,ATP6V1F;ATP6V0E1;ATP6V0B;ATP6V1B2;TMEM199;ATP6V1A
prerank,T Cell Activation (GO:0042110),-0.1725295743378208,-0.6508867008858835,0.9651162790697675,0.970719002017032,1.0,8/43,14.88%,SOX4;RHOH;KIF13B;PIK3R1;GPR89B;LMBR1L;PTPN2;CHD7
prerank,Positive Regulation Of Cell Cycle (GO:0045787),-0.18909868172294303,-0.6474961445862416,0.9612244897959183,0.9713232979423633,1.0,9/29,25.51%,PKD1;PKN2;CITED2;USP19;USP22;HCFC1;PKD2;MDM2;ANKRD17
prerank,Notch Signaling Pathway (GO:0007219),-0.2105759828515066,-0.6445273591679809,0.9424184261036468,0.9715885914310717,1.0,3/17,21.13%,MAML3;NOTCH1;HES1
prerank,Sterol Metabolic Process (GO:0016125),-0.20211960170055882,-0.6422893381511848,0.9376218323586745,0.9713837352792223,1.0,9/21,29.42%,ABCA5;OSBPL1A;STARD3;PRKAG2;CLN8;GBA2;ABCG1;SOAT1;CLN6
prerank,Positive Regulation Of Microtubule Polymerization (GO:0031116),0.21426154743253847,0.6396730393686192,0.9071146245059288,0.9813910657804245,1.0,9/17,36.86%,RAC1;ARL2;DCTN1;CKAP5;DRG1;FES;GIT1;MAPRE1;PAK1
prerank,Regulation Of Receptor-Mediated Endocytosis (GO:0048259),0.20318645438713265,0.6381231031722981,0.953757225433526,0.9809654617126785,1.0,4/19,13.60%,RAC1;HNRNPK;ARF1;ARF6
prerank,Ribosomal Large Subunit Biogenesis (GO:0042273),0.175409414202158,0.6361293463754504,0.9682539682539683,0.9807572156311924,1.0,10/36,24.40%,EIF6;GTF3A;EBNA1BP2;CINP;MALSU1;NSA2;SDAD1;NPM1;TRAF7;RRS1
prerank,"mRNA Cis Splicing, Via Spliceosome (GO:0045292)",-0.2231026569752243,-0.6340436187865583,0.9132947976878613,0.9744272756733271,1.0,6/15,27.86%,SDE2;SRSF1;PRPF39;SFSWAP;RBM22;PSIP1
prerank,Negative Regulation Of Carbohydrate Metabolic Process (GO:0045912),-0.20846260516206777,-0.632146108986942,0.9258474576271186,0.9739343166398794,1.0,8/18,34.08%,KAT2A;EP300;NCOR1;CRY1;SOGA1;FLCN;CBFA2T3;PPARA
prerank,Proteoglycan Biosynthetic Process (GO:0030166),-0.21955918200658733,-0.631800774427275,0.93,0.9726531959992758,1.0,4/15,29.48%,XYLT1;CHST11;CSGALNACT2;GLCE
prerank,mRNA Modification (GO:0016556),0.19182621502209143,0.6262884887569423,0.9607438016528925,0.9845652527495948,1.0,24/24,80.87%,ZC3H13;PUS3;DKC1;TRUB2;TRUB1;CBLL1;HNRNPAB;METTL14;TRMT10C;METTL3;TRMT6;NSUN2;METTL8;PUS7L;PUS1;TRMT61A;PUS7;METTL4;TRMT61B;PCIF1;WTAP;RPUSD4;CMTR1;METTL16
prerank,Regulation Of Ubiquitin-Dependent Protein Catabolic Process (GO:2000058),-0.17716924807242201,-0.6225810836906106,0.9742063492063492,0.9757648810578934,1.0,7/31,21.10%,CDK5RAP3;FBXW7;TAF1;SMURF1;LATS1;CLU;GNA12
prerank,Glycolipid Metabolic Process (GO:0006664),0.19347933031343784,0.6060140324488659,0.9607438016528925,0.9923594838154247,1.0,6/20,27.64%,GLB1;SCCPDH;ST6GALNAC4;ST6GALNAC6;SUMF1;ST3GAL4
prerank,Establishment Of Protein Localization To Plasma Membrane (GO:0061951),0.1750807566226508,0.6033619358641217,0.9781746031746031,0.9920697554856356,1.0,10/30,29.65%,RAB10;GORASP2;RAB31;GOLGA7;RAB7A;RAB34;KRT18;ATP6AP1;GOLPH3L;RILPL2
prerank,Organic Anion Transport (GO:0015711),0.1764579736937424,0.60259326987646,0.9751552795031055,0.9910587885821353,1.0,9/30,28.82%,SLC9A3R1;SLC25A24;SLC52A2;LRRC8D;SLC35B2;MGST1;LRRC8C;MFSD10;SLC35A1
prerank,Inorganic Cation Import Across Plasma Membrane (GO:0098659),-0.20820971270322722,-0.5991782681759475,0.9476744186046512,0.9842097624349094,1.0,5/16,27.66%,ATP1A1;ATP1B1;CLU;SLC39A8;SLC12A9
prerank,Positive Regulation Of Type I Interferon Production (GO:0032481),-0.15896836163680184,-0.5978962376916628,0.9837067209775967,0.9832287071598235,1.0,7/45,18.77%,DDX3X;DHX33;DHX36;IRF3;IRF1;RIPK2;SETD2
prerank,Antiviral Innate Immune Response (GO:0140374),-0.17736947641170572,-0.5975014531005266,0.9739478957915831,0.9819315081547155,1.0,7/27,25.70%,PDE12;NLRP1;SENP7;DHX15;TNF;EIF2AK2;USP20
prerank,Positive Regulation Of Wound Healing (GO:0090303),0.20151773623239683,0.595848242207702,0.9515151515151515,0.9922513169069456,1.0,4/17,19.63%,F12;ANXA1;HRAS;ITGB1
prerank,Positive Regulation Of Synaptic Transmission (GO:0050806),0.1844497246106069,0.5925539833629093,0.9722222222222222,0.992068741506305,1.0,2/23,6.56%,ZDHHC12;APEX1
prerank,Organophosphate Biosynthetic Process (GO:0090407),0.18986327265828085,0.5860158306517368,0.9759519038076152,0.9928088711236004,1.0,4/19,20.83%,PCYT2;G6PD;DCK;MOCS2
prerank,SCF-dependent Proteasomal Ubiquitin-Dependent Protein Catabolic Process (GO:0031146),0.17958113759447086,0.585078268300216,0.9780876494023905,0.9917786660096856,1.0,1/23,0.53%,RBX1
prerank,Nucleobase-Containing Compound Catabolic Process (GO:0034655),0.16517455736454723,0.5802042739220298,0.9836734693877551,0.9920372149380724,1.0,12/33,31.56%,EXOSC3;XRN2;EXOSC1;DNASE1L1;PPP1R8;RNASEH2B;RNASET2;RNASEH2A;EXOSC7;EXOSC5;RNASEH2C;ISG20
prerank,Inorganic Anion Transmembrane Transport (GO:0098661),0.1913518282154762,0.5785604321127873,0.9576612903225806,0.991207487596181,1.0,3/17,21.93%,SLC25A3;SLC12A7;SLC25A11
prerank,Negative Regulation Of Intrinsic Apoptotic Signaling Pathway In Response To DNA Damage (GO:1902230),0.20048782425885836,0.572744650841809,0.9682835820895522,0.9916086229172334,1.0,5/16,24.25%,ZNF385A;CDKN2D;TAF9;TPT1;TRIAP1
prerank,Neuron Projection Guidance (GO:0097485),0.16940493660686165,0.5658196743530763,0.9844961240310077,0.9921054285054961,1.0,9/26,32.89%,SCN1B;VASP;EMB;KIF5B;RYK;SEMA4A;LYPLA2;CYFIP1;FEZ2
prerank,Regulation Of Lysosomal Lumen pH (GO:0035751),0.17251105213428547,0.5584191882169386,0.9780876494023905,0.9926395667124502,1.0,5/21,20.58%,ATP6V1F;VPS33A;ATP6V0B;TMEM199;ATP6V1A
prerank,Lysosomal Lumen Acidification (GO:0007042),0.1751743217565925,0.5423946390864459,0.984,0.9947585939869391,1.0,6/18,29.63%,ATP6V1F;ATP6V0B;TMEM199;ATP6V1A;ATP6AP2;PPT1
prerank,Regulation Of Bone Mineralization (GO:0030500),-0.1692836113837095,-0.5254182249074009,0.9899193548387096,0.9980673400198763,1.0,20/20,83.13%,TXLNG;RXRB;SLC20A2;RXRA;CCL3;GPM6B;ANO6;NBR1;BMPR2;OXSR1;MEF2C;ATP2B1;PTK2B;SRGN;ATRAID;SGMS2;ALOX5;BMP2K;BCOR;ISG15
prerank,Regulation Of calcineurin-NFAT Signaling Cascade (GO:0070884),0.172793412228012,0.5182637598761919,0.9864077669902913,0.9971955083441704,1.0,5/18,24.12%,CHP1;CIB1;CAMTA1;PPP3CB;PPP3R1
prerank,DNA Integrity Checkpoint Signaling (GO:0031570),-0.15576767660732635,-0.5138437954457853,0.9922330097087378,0.9981877364300167,1.0,9/26,31.58%,RAD9A;TIPIN;TP53BP1;ATR;DOT1L;CLOCK;HUS1;CEP63;CDC5L
prerank,Negative Regulation Of Response To Endoplasmic Reticulum Stress (GO:1903573),0.17296201739446446,0.5045928213410475,0.9841897233201581,0.9975078162731301,1.0,2/16,11.48%,PARK7;NR1H3
prerank,O-glycan Processing (GO:0016266),0.15116074638539234,0.5013621369316181,0.9959016393442623,0.9965618448027872,1.0,11/24,39.07%,GALNT1;C1GALT1C1;ST6GALNAC4;GXYLT1;B4GALT5;ST3GAL4;GALNT7;XXYLT1;GCNT1;GALNT11;GALNT4
prerank,Glycolipid Biosynthetic Process (GO:0009247),0.1499972458842625,0.4956378630311509,0.9959758551307847,0.9958281064703423,1.0,8/25,27.64%,TM9SF2;PIGC;PIGP;SCCPDH;DPM3;DPM2;PIGN;ST3GAL4
prerank,DNA Damage Checkpoint Signaling (GO:0000077),-0.15034153313483117,-0.48624396251408997,0.9980806142034548,0.9995347791254973,1.0,9/24,31.58%,RAD9A;TP53BP1;ATR;DOT1L;ZNF830;CLOCK;HUS1;CEP63;CDC5L
prerank,Protein O-linked Glycosylation (GO:0006493),-0.12548373933871781,-0.4836963880960682,1.0,0.9982506306641358,1.0,11/45,23.87%,ST3GAL1;TET2;POFUT2;ST6GAL1;B3GNT5;ST8SIA6;TMTC4;TRAK1;PGM3;GALNT10;POMT1
prerank,GPI Anchor Metabolic Process (GO:0006505),-0.15902403138793528,-0.4694460686708523,0.9920634920634921,0.9977171925251719,1.0,16/16,84.14%,PIGG;PIGQ;PGAP2;PIGM;SLC30A5;PIGH;PIGB;PIGV;PIGL;MPPE1;DPM1;PIGN;DPM2;DPM3;PIGP;PIGC
