sample_id,AARS,ABCA1,ABCA2,ABCA5,ABCA7,ABCC1,ABCC4,ABCC5,ACAA1,ACP2,ACTN1,ACTN4,ACVR1,ADAM10,ADAM15,ADAM17,ADAM28,ADAM8,ADAMTSL4,ADCY3,ADCY6,ADCY7,ADIPOR1,ADIPOR2,ADRB2,AEBP1,AGPS,AKAP11,AKR1B1,AKR1C3,ALCAM,ALDH1A1,ALOX5,ALOX5AP,AMN,ANGPT1,ANGPT2,ANO6,ANPEP,ANTXR2,ANXA1,APH1A,APH1B,APLF,APLP2,APMAP,APOBR,APP,AREG,ASAH1,ASPH,ATF6B,ATG9A,ATL1,ATP11A,ATP11C,ATP13A1,ATP13A2,ATP13A3,ATP1A1,ATP1B1,ATP1B3,ATP2B4,ATP6AP1,ATP6AP2,ATP6V0A1,ATP6V0A2,ATP8A1,ATP8B2,ATP8B4,ATRAID,ATRN,ATRX,AVP,B3GNT2,B4GALT3,B4GALT5,BACE1,BAG6,BCR,BIRC6,BMP1,BMPR2,BRI3BP,BSCL2,BSG,BST1,BST2,BTD,BTN2A1,BTN2A2,BTN3A1,BTN3A2,BTN3A3,C12orf49,C3AR1,C3orf80,C6orf120,CALCRL,CALHM2,CALR,CALU,CANT1,CANX,CAPNS1,CASC4,CASD1,CASP7,CATSPER2,CBR1,CCDC126,CCDC47,CCL28,CCL5,CCT4,CD109,CD151,CD164,CD180,CD200,CD244,CD300A,CD300LF,CD302,CD33,CD34,CD36,CD37,CD38,CD4,CD44,CD46,CD47,CD52,CD53,CD55,CD58,CD59,CD63,CD68,CD69,CD7,CD74,CD79A,CD79B,CD81,CD82,CD83,CD84,CD9,CD96,CD99,CFH,CHPF2,CHPT1,CHRNB1,CHST11,CHST12,CLCN6,CLDN15,CLDND1,CLEC12A,CLEC2B,CLEC2D,CLEC7A,CLN3,CLN5,CLPTM1,CLPTM1L,CLSTN1,CLSTN3,CLTC,CLU,COL24A1,COL6A2,COL9A2,CPD,CPVL,CREG1,CRELD2,CRTAP,CSF1R,CSF2RA,CSF2RB,CSF3R,CTNS,CTSA,CTSC,CTSD,CTSG,CXCL2,CXCL3,CXCR4,CYBA,CYSLTR1,CYSLTR2,CYTH1,DAGLB,DGCR2,DLG4,DMTF1,DMXL2,DNASE1L1,DPEP2,DPP7,DPY19L4,DSC2,EBP,ECE1,EDEM3,EEF1A1,EEF1D,ELANE,EMB,EMILIN2,EMP1,EMP3,ENG,ENO1,ENPP4,EPCAM,EPDR1,EPHB6,ERAP1,ERAP2,EREG,ERGIC2,ERLIN1,ERMAP,ERMP1,EVI2A,EVI2B,EXTL2,EZR,F11R,F2R,F2RL1,FAM174A,FAM189B,FAM20B,FAS,FCER1G,FCGRT,FDX1,FGFRL1,FKBP7,FLNA,FLT3,FLVCR1,FTH1,FTL,FURIN,FUT11,FZD6,GAA,GALNS,GALNT1,GALNT11,GBA,GDF11,GGCX,GGT5,GINM1,GLA,GLB1,GLCE,GLG1,GLIPR1,GLS,GLT8D1,GMPS,GNPTAB,GNPTG,GNS,GOLIM4,GPI,GPR107,GPR108,GPR132,GPR137,GPR141,GPR146,GPR180,GPR183,GPR27,GPRC5C,GRIK5,GRN,GUSB,GXYLT1,GYPC,HAVCR2,HCST,HEBP1,HEXA,HEXB,HGF,HGSNAT,HM13,HNRNPK,HNRNPU,HRH2,HS2ST1,HS6ST1,HSD17B12,HTR1F,HYAL2,HYOU1,ICAM1,ICAM2,ICAM3,ICAM4,ICOSLG,IDH2,IFI30,IFNAR1,IFNAR2,IFNGR1,IFNGR2,IL10RB,IL12A,IL12RB1,IL13RA1,IL15RA,IL17RA,IL17RC,IL17RE,IL18,IL1B,IL1R1,IL1RAP,IL27RA,IL2RA,IL2RG,IL3RA,IL4R,IL6R,IL6ST,IMPAD1,INSR,INTS12,ITFG1,ITGA4,ITGA5,ITGA6,ITGA9,ITGAE,ITGAL,ITGAM,ITGAV,ITGAX,ITGB1,ITGB2,ITGB7,ITM2A,ITM2B,ITM2C,ITPR1,JAG1,KCNE3,KCNK17,KCNK5,KIAA0319L,KIAA1549,KIDINS220,KIT,KLRG1,LAIR1,LAMA5,LAMP1,LAMP2,LCT,LDLR,LDLRAD4,LEMD2,LGALS3BP,LGALS9,LILRB2,LIPA,LMAN2,LMAN2L,LMBR1,LMBR1L,LMBRD1,LMBRD2,LMF2,LMNA,LNPEP,LPAR2,LPAR6,LRFN4,LRIG2,LRP10,LRP12,LRPAP1,LRRC37B,LRRC8A,LRRC8B,LRRC8C,LTA4H,LTB,LTB4R,LTBP3,LTBR,LTC4S,LY6E,LY75,LY86,LYSMD3,LZTFL1,M6PR,MAN2A1,MAN2A2,MAN2B1,MAN2B2,MANSC1,MARCKS,MBTPS2,MCOLN1,MDK,MEGF8,MEGF9,METTL9,MFGE8,MFNG,MFSD11,MFSD12,MFSD5,MFSD6,MFSD8,MGAT4B,MGAT5,MIA3,MILR1,MINPP1,MMGT1,MMP2,MMRN1,MOSPD2,MPHOSPH9,MPO,MPZL1,MR1,MRC2,MYADM,MYH9,MYL6B,NAAA,NAALADL1,NAGA,NAGLU,NAGPA,NCLN,NCSTN,NEGR1,NEU1,NIPAL2,NIPAL3,NKTR,NMB,NOP56,NOTCH1,NOTCH2,NPC1,NPR3,NPTN,NPTX2,NPW,NR1D2,NR1H2,NR1H3,NR2C1,NR2C2,NR3C1,NR4A1,NR4A2,NR6A1,NRG4,NRROS,NRXN2,NUP210,OGFOD1,OPN3,OSCAR,OSM,OSTM1,P2RX1,P2RX4,P2RY8,P4HA1,P4HB,PA2G4,PAM,PBXIP1,PCBP2,PCYOX1,PDE4B,PDGFA,PDGFC,PFN1,PHB2,PIEZO1,PIEZO2,PIGG,PIGN,PIGS,PIGT,PIK3IP1,PILRB,PKD1,PKD2,PLAU,PLAUR,PLD3,PLD4,PLOD3,PLP2,PLTP,PLXDC2,PLXNA3,PLXNB2,PLXNC1,PLXND1,PNPLA6,POFUT2,POMT1,PON2,PPARA,PPIB,PPM1L,PPT1,PRKCSH,PRNP,PROK2,PROM1,PSAP,PSEN1,PSENEN,PTAFR,PTBP1,PTCH2,PTGDS,PTGER2,PTGER4,PTGES2,PTGES3,PTGS1,PTGS2,PTK7,PTPRA,PTPRC,PTTG1IP,QSOX1,RAB5C,RALY,RAMP1,RARA,RCN1,RECK,RELL1,RELT,RFNG,RHBDF2,RNASET2,RNF13,RNF130,RNF149,RNF167,RNFT1,ROBO3,RPN1,RPN2,RSL1D1,RTN4,RXFP1,RXRA,RXRB,RYK,S100A10,S1PR4,SCAP,SCARB1,SCARB2,SCARF1,SCN1B,SCN9A,SDC4,SEL1L,SEL1L3,SELL,SELPLG,SEMA4A,SEMA4D,SERINC1,SERINC3,SERINC5,SERPING1,SHMT2,SIDT2,SIGIRR,SIL1,SIRPA,SLC10A3,SLC11A2,SLC12A2,SLC12A6,SLC12A7,SLC12A9,SLC15A2,SLC15A4,SLC16A1,SLC16A3,SLC16A5,SLC16A7,SLC17A5,SLC17A9,SLC1A5,SLC20A2,SLC22A16,SLC23A2,SLC26A2,SLC29A1,SLC29A3,SLC2A11,SLC2A3,SLC2A5,SLC2A6,SLC30A1,SLC33A1,SLC35A5,SLC36A4,SLC37A1,SLC38A1,SLC38A2,SLC38A6,SLC38A9,SLC39A10,SLC39A4,SLC39A6,SLC39A8,SLC39A9,SLC3A2,SLC40A1,SLC41A3,SLC43A1,SLC43A2,SLC43A3,SLC44A1,SLC44A2,SLC46A3,SLC4A2,SLC4A7,SLC52A2,SLC5A3,SLC5A6,SLC6A6,SLC7A1,SLC7A5,SLC7A6,SLC8B1,SLC9A3R1,SLC9A6,SLC9A7,SLCO3A1,SLITRK4,SMPD1,SNRPD2,SORL1,SORT1,SPINT2,SPN,SPNS2,SPNS3,SPPL2A,SRD5A3,SSR1,SSR2,SSR3,SSR4,ST3GAL1,ST3GAL4,ST8SIA4,STAB1,STIM1,STT3A,STT3B,SUCNR1,SUCO,SULF2,SULT1A1,SUMF1,SUSD1,SV2A,SVOPL,SYPL1,TAGLN2,TAX1BP3,TBXA2R,TBXAS1,TCIRG1,TCTN3,TFPI,TFRC,TGFB1,TGFBR1,TGFBR2,TGOLN2,THBS1,THBS3,THRA,TIE1,TIMP1,TLR2,TM2D1,TM2D3,TM4SF1,TM7SF3,TM9SF1,TM9SF2,TM9SF3,TM9SF4,TMCO3,TMED2,TMED4,TMED7,TMED9,TMEM106A,TMEM106B,TMEM106C,TMEM123,TMEM131,TMEM150A,TMEM154,TMEM156,TMEM161A,TMEM179B,TMEM181,TMEM217,TMEM219,TMEM245,TMEM25,TMEM30A,TMEM62,TMEM63A,TMEM67,TMEM87A,TMEM87B,TMEM8A,TMEM9,TMEM9B,TMIGD2,TMX3,TMX4,TNF,TNFRSF10A,TNFRSF10B,TNFRSF10D,TNFRSF12A,TNFRSF14,TNFRSF18,TNFRSF1A,TNFRSF1B,TNFRSF21,TNFRSF25,TNFRSF4,TNFSF10,TNFSF12,TNFSF13,TNFSF13B,TNFSF14,TNFSF4,TOR1AIP1,TOR1AIP2,TOR1B,TOR3A,TP53I13,TPI1,TPP1,TPRA1,TRAP1,TRPV2,TSPAN13,TSPAN14,TSPAN17,TSPAN2,TSPAN3,TSPAN31,TSPAN33,TSPAN4,TTC17,TTYH3,TUBB6,TXNDC15,TYROBP,UBA1,UBAC2,UBASH3B,UGGT1,UGGT2,UNC93B1,UQCRC2,VAMP5,VANGL1,VDAC1,VDAC2,VEGFB,VIM,VNN1,VSIG10,WDR13,XRCC6,YBX1,YWHAQ,ZC3HAV1,ZDHHC23,ZDHHC5,ZFYVE27,ZNF844
Abbas_Abbas_PT4A_HSPC,10.0,33.0,6.0,3.0,7.0,35.0,7.0,3.0,25.0,5.0,5.0,26.0,0.0,33.0,21.0,20.0,20.0,26.0,0.0,5.0,0.0,11.0,43.0,10.0,3.0,15.0,7.0,13.0,12.0,27.0,8.0,7.0,0.0,3.0,20.0,12.0,0.0,9.0,17.0,19.0,265.0,88.0,5.0,5.0,45.0,14.0,5.0,51.0,3235.0,96.0,25.0,37.0,6.0,0.0,0.0,0.0,11.0,1.0,4.0,8.0,22.0,21.0,37.0,41.0,48.0,7.0,40.0,10.0,2.0,66.0,46.0,3.0,108.0,0.0,34.0,13.0,1.0,1.0,39.0,21.0,21.0,6.0,2.0,4.0,18.0,68.0,4.0,81.0,7.0,8.0,2.0,5.0,25.0,2.0,1.0,0.0,0.0,14.0,53.0,1.0,169.0,6.0,12.0,71.0,21.0,15.0,1.0,9.0,2.0,6.0,4.0,25.0,18.0,3.0,109.0,32.0,11.0,70.0,0.0,6.0,38.0,21.0,16.0,23.0,0.0,234.0,0.0,385.0,80.0,2.0,194.0,46.0,68.0,228.0,69.0,63.0,19.0,11.0,95.0,11.0,464.0,9.0,2635.0,14.0,24.0,7.0,245.0,104.0,30.0,26.0,36.0,528.0,0.0,12.0,2.0,7.0,81.0,35.0,2.0,1.0,37.0,9.0,101.0,3.0,8.0,4.0,8.0,10.0,4.0,22.0,8.0,32.0,0.0,19.0,0.0,4.0,11.0,1.0,72.0,8.0,47.0,0.0,0.0,3.0,33.0,5.0,23.0,40.0,17.0,0.0,45.0,38.0,74.0,266.0,7.0,1.0,24.0,10.0,2.0,1.0,16.0,0.0,10.0,19.0,52.0,7.0,0.0,14.0,0.0,13.0,12094.0,382.0,2.0,9.0,2.0,60.0,193.0,20.0,305.0,5.0,0.0,3.0,12.0,17.0,6.0,1.0,24.0,4.0,3.0,6.0,3.0,8.0,4.0,54.0,28.0,70.0,4.0,6.0,8.0,0.0,0.0,15.0,33.0,28.0,1.0,10.0,42.0,148.0,3.0,4855.0,2710.0,1.0,0.0,5.0,7.0,4.0,11.0,7.0,8.0,2.0,18.0,0.0,42.0,11.0,15.0,1.0,21.0,147.0,9.0,8.0,10.0,32.0,27.0,4.0,18.0,14.0,6.0,31.0,3.0,3.0,1.0,2.0,1.0,3.0,7.0,7.0,2.0,15.0,28.0,5.0,158.0,9.0,237.0,35.0,26.0,18.0,1.0,3.0,33.0,274.0,170.0,1.0,6.0,6.0,20.0,11.0,1.0,6.0,6.0,20.0,109.0,9.0,4.0,85.0,1.0,23.0,6.0,10.0,23.0,2.0,2.0,5.0,0.0,4.0,17.0,5.0,0.0,101.0,39.0,0.0,21.0,22.0,1.0,39.0,22.0,2.0,4.0,8.0,4.0,4.0,17.0,14.0,195.0,12.0,16.0,12.0,49.0,5.0,2.0,8.0,1.0,35.0,69.0,10.0,168.0,302.0,127.0,24.0,3.0,3.0,0.0,1.0,11.0,1.0,8.0,18.0,1.0,54.0,21.0,63.0,27.0,0.0,12.0,19.0,3.0,38.0,132.0,2.0,32.0,51.0,2.0,13.0,12.0,22.0,3.0,11.0,6.0,17.0,3.0,4.0,1.0,3.0,32.0,1.0,24.0,4.0,9.0,8.0,4.0,27.0,3.0,2.0,13.0,24.0,13.0,74.0,6.0,12.0,17.0,6.0,48.0,12.0,28.0,22.0,7.0,3.0,4.0,4.0,5.0,90.0,4.0,1.0,55.0,15.0,46.0,15.0,3.0,9.0,10.0,3.0,2.0,4.0,16.0,1.0,2.0,34.0,2.0,5.0,1.0,11.0,3.0,6.0,6.0,5.0,94.0,49.0,12.0,2.0,12.0,1.0,2.0,5.0,11.0,15.0,12.0,21.0,2.0,12.0,39.0,4.0,17.0,7.0,7.0,3.0,117.0,1.0,3.0,1.0,2.0,72.0,8.0,5.0,11.0,76.0,1688.0,539.0,0.0,0.0,76.0,38.0,7.0,10.0,2.0,4.0,12.0,7.0,25.0,20.0,29.0,6.0,56.0,72.0,7.0,62.0,689.0,2.0,78.0,0.0,5.0,587.0,103.0,19.0,5.0,11.0,7.0,12.0,23.0,13.0,2.0,6.0,6.0,10.0,18.0,45.0,23.0,2.0,67.0,7.0,10.0,3.0,1.0,6.0,30.0,6.0,14.0,6.0,10.0,2.0,151.0,1.0,36.0,37.0,41.0,8.0,73.0,82.0,11.0,19.0,0.0,38.0,5.0,0.0,15.0,320.0,8.0,127.0,4.0,40.0,6.0,11.0,106.0,80.0,22.0,53.0,95.0,34.0,13.0,8.0,4.0,38.0,10.0,6.0,2.0,65.0,26.0,133.0,18.0,52.0,14.0,15.0,49.0,63.0,139.0,93.0,0.0,1.0,18.0,1.0,151.0,19.0,10.0,7.0,9.0,7.0,2.0,0.0,1.0,17.0,2.0,362.0,10.0,5.0,8.0,35.0,51.0,28.0,10.0,33.0,3.0,50.0,14.0,0.0,7.0,7.0,9.0,12.0,11.0,2.0,1.0,6.0,0.0,4.0,7.0,23.0,7.0,30.0,12.0,5.0,11.0,4.0,3.0,1.0,4.0,8.0,45.0,16.0,0.0,1.0,0.0,5.0,3.0,25.0,57.0,43.0,5.0,10.0,27.0,15.0,12.0,14.0,6.0,69.0,24.0,15.0,7.0,1.0,9.0,21.0,20.0,4.0,1.0,13.0,16.0,8.0,3.0,23.0,6.0,21.0,0.0,6.0,71.0,4.0,29.0,1.0,0.0,5.0,211.0,78.0,0.0,117.0,118.0,6.0,23.0,9.0,9.0,32.0,158.0,21.0,106.0,61.0,4.0,27.0,2.0,25.0,14.0,50.0,2.0,32.0,0.0,11.0,10.0,2.0,5.0,10.0,48.0,394.0,11.0,0.0,27.0,18.0,8.0,165.0,15.0,43.0,5.0,50.0,75.0,9.0,1.0,11.0,14.0,32.0,4.0,18.0,22.0,1.0,54.0,10.0,34.0,14.0,14.0,12.0,67.0,28.0,3.0,54.0,7.0,13.0,2.0,92.0,12.0,8.0,14.0,9.0,5.0,39.0,6.0,1.0,60.0,6.0,5.0,17.0,8.0,6.0,0.0,31.0,11.0,0.0,9.0,24.0,30.0,8.0,34.0,14.0,4.0,7.0,4.0,6.0,55.0,2.0,24.0,3.0,3.0,2.0,6.0,4.0,4.0,6.0,11.0,1.0,4.0,14.0,10.0,6.0,8.0,30.0,86.0,36.0,11.0,7.0,21.0,23.0,10.0,13.0,20.0,22.0,12.0,0.0,5.0,40.0,4.0,2.0,7.0,116.0,24.0,21.0,31.0,7.0,0.0,2.0,77.0,29.0,1.0,26.0,118.0,1.0,647.0,2.0,6.0,16.0,71.0,420.0,143.0,24.0,0.0,11.0,16.0,10.0
Abbas_Abbas_PT4A_LSPC,7.0,5.0,3.0,0.0,3.0,17.0,1.0,2.0,18.0,4.0,5.0,19.0,0.0,11.0,12.0,3.0,6.0,26.0,0.0,0.0,0.0,3.0,25.0,2.0,0.0,8.0,10.0,3.0,6.0,27.0,5.0,5.0,0.0,0.0,9.0,26.0,0.0,7.0,14.0,15.0,243.0,48.0,2.0,1.0,26.0,14.0,5.0,23.0,116.0,42.0,10.0,28.0,2.0,1.0,0.0,3.0,9.0,1.0,0.0,6.0,11.0,15.0,16.0,21.0,22.0,2.0,22.0,2.0,0.0,31.0,21.0,1.0,56.0,0.0,29.0,8.0,0.0,1.0,29.0,5.0,18.0,3.0,1.0,0.0,12.0,41.0,1.0,49.0,4.0,6.0,2.0,7.0,8.0,2.0,1.0,0.0,2.0,4.0,24.0,1.0,125.0,7.0,6.0,36.0,10.0,8.0,3.0,3.0,2.0,5.0,3.0,11.0,11.0,6.0,63.0,8.0,11.0,52.0,0.0,5.0,27.0,6.0,4.0,14.0,5.0,121.0,0.0,231.0,25.0,3.0,107.0,16.0,30.0,144.0,29.0,30.0,7.0,9.0,74.0,9.0,46.0,8.0,1134.0,4.0,17.0,2.0,116.0,6.0,10.0,18.0,19.0,231.0,0.0,5.0,1.0,9.0,40.0,28.0,3.0,4.0,18.0,19.0,45.0,0.0,1.0,0.0,6.0,6.0,0.0,5.0,5.0,9.0,2.0,11.0,0.0,5.0,3.0,1.0,41.0,6.0,25.0,0.0,2.0,0.0,27.0,5.0,12.0,32.0,10.0,5.0,5.0,9.0,8.0,111.0,8.0,0.0,11.0,4.0,4.0,4.0,17.0,0.0,5.0,11.0,23.0,4.0,0.0,13.0,1.0,3.0,6113.0,178.0,0.0,16.0,6.0,8.0,83.0,17.0,196.0,0.0,0.0,2.0,3.0,6.0,4.0,0.0,8.0,2.0,2.0,2.0,2.0,4.0,4.0,40.0,9.0,26.0,3.0,4.0,3.0,1.0,0.0,16.0,24.0,29.0,0.0,4.0,21.0,56.0,1.0,1005.0,742.0,1.0,4.0,3.0,6.0,3.0,8.0,0.0,6.0,1.0,5.0,3.0,12.0,10.0,9.0,3.0,8.0,28.0,4.0,7.0,18.0,19.0,14.0,3.0,23.0,16.0,1.0,19.0,1.0,1.0,1.0,1.0,2.0,0.0,6.0,6.0,0.0,16.0,18.0,0.0,96.0,4.0,95.0,24.0,19.0,14.0,2.0,6.0,28.0,116.0,79.0,0.0,5.0,2.0,9.0,12.0,5.0,5.0,4.0,20.0,92.0,4.0,0.0,50.0,1.0,7.0,0.0,12.0,13.0,3.0,1.0,2.0,1.0,4.0,5.0,4.0,1.0,80.0,37.0,0.0,13.0,5.0,0.0,16.0,12.0,1.0,8.0,8.0,2.0,1.0,7.0,6.0,87.0,16.0,5.0,9.0,29.0,2.0,0.0,4.0,8.0,20.0,26.0,6.0,113.0,158.0,97.0,12.0,2.0,3.0,0.0,3.0,2.0,0.0,5.0,10.0,8.0,28.0,9.0,41.0,25.0,0.0,10.0,4.0,1.0,21.0,78.0,1.0,14.0,31.0,2.0,4.0,6.0,15.0,3.0,9.0,10.0,16.0,3.0,3.0,2.0,4.0,16.0,1.0,15.0,3.0,3.0,6.0,1.0,33.0,0.0,1.0,4.0,8.0,9.0,71.0,2.0,5.0,8.0,4.0,32.0,3.0,14.0,8.0,4.0,1.0,3.0,1.0,4.0,61.0,1.0,0.0,34.0,9.0,40.0,4.0,1.0,3.0,1.0,2.0,3.0,3.0,5.0,0.0,3.0,10.0,0.0,6.0,2.0,5.0,6.0,12.0,4.0,2.0,86.0,33.0,25.0,5.0,3.0,1.0,1.0,6.0,9.0,17.0,1.0,9.0,1.0,4.0,25.0,2.0,8.0,3.0,5.0,3.0,56.0,2.0,3.0,2.0,1.0,22.0,10.0,10.0,7.0,43.0,54.0,22.0,0.0,1.0,33.0,14.0,5.0,3.0,1.0,1.0,5.0,2.0,18.0,5.0,21.0,2.0,27.0,50.0,4.0,50.0,442.0,1.0,24.0,0.0,1.0,378.0,67.0,17.0,2.0,4.0,7.0,15.0,8.0,3.0,0.0,2.0,6.0,3.0,4.0,25.0,20.0,5.0,64.0,7.0,5.0,0.0,3.0,3.0,24.0,7.0,6.0,2.0,1.0,2.0,68.0,1.0,15.0,35.0,11.0,14.0,29.0,47.0,7.0,21.0,0.0,23.0,2.0,0.0,23.0,92.0,4.0,69.0,5.0,1.0,6.0,3.0,55.0,44.0,7.0,32.0,57.0,17.0,4.0,14.0,2.0,13.0,6.0,1.0,1.0,21.0,12.0,67.0,11.0,27.0,6.0,10.0,31.0,47.0,77.0,42.0,2.0,0.0,5.0,3.0,99.0,20.0,8.0,4.0,1.0,12.0,2.0,0.0,1.0,10.0,0.0,128.0,9.0,3.0,6.0,13.0,27.0,4.0,5.0,29.0,2.0,22.0,5.0,0.0,3.0,1.0,2.0,10.0,4.0,0.0,2.0,1.0,2.0,3.0,3.0,3.0,5.0,16.0,3.0,2.0,4.0,2.0,3.0,6.0,5.0,4.0,3.0,5.0,0.0,1.0,1.0,5.0,2.0,11.0,21.0,17.0,0.0,0.0,10.0,15.0,8.0,5.0,4.0,32.0,15.0,7.0,10.0,2.0,4.0,11.0,11.0,3.0,1.0,3.0,8.0,4.0,2.0,11.0,3.0,6.0,1.0,0.0,45.0,1.0,14.0,2.0,0.0,1.0,126.0,27.0,0.0,73.0,67.0,3.0,17.0,7.0,4.0,12.0,81.0,20.0,61.0,15.0,7.0,8.0,2.0,9.0,9.0,22.0,1.0,12.0,0.0,9.0,8.0,0.0,7.0,5.0,27.0,448.0,11.0,1.0,10.0,3.0,7.0,54.0,7.0,41.0,1.0,18.0,26.0,0.0,0.0,6.0,8.0,13.0,3.0,6.0,11.0,1.0,30.0,6.0,20.0,8.0,6.0,13.0,41.0,14.0,2.0,35.0,4.0,12.0,4.0,49.0,3.0,3.0,6.0,5.0,6.0,15.0,6.0,0.0,25.0,4.0,2.0,13.0,4.0,3.0,0.0,16.0,11.0,0.0,8.0,11.0,13.0,6.0,22.0,1.0,0.0,3.0,0.0,5.0,29.0,1.0,18.0,1.0,2.0,2.0,2.0,0.0,1.0,8.0,13.0,0.0,1.0,5.0,8.0,5.0,5.0,14.0,70.0,18.0,5.0,4.0,14.0,21.0,10.0,1.0,16.0,16.0,6.0,0.0,8.0,21.0,3.0,4.0,3.0,92.0,16.0,20.0,16.0,2.0,1.0,1.0,55.0,16.0,6.0,28.0,63.0,2.0,609.0,0.0,3.0,11.0,40.0,208.0,67.0,18.0,0.0,3.0,7.0,3.0
Abbas_Abbas_PT5A_HSPC,10.0,5.0,10.0,16.0,2.0,46.0,6.0,8.0,27.0,7.0,41.0,29.0,3.0,36.0,18.0,10.0,46.0,22.0,1.0,16.0,3.0,19.0,24.0,15.0,0.0,5.0,62.0,12.0,31.0,71.0,5.0,25.0,0.0,1.0,9.0,52.0,16.0,16.0,7.0,38.0,31.0,53.0,13.0,2.0,27.0,39.0,2.0,96.0,337.0,68.0,21.0,45.0,3.0,4.0,1.0,7.0,10.0,8.0,13.0,25.0,21.0,26.0,47.0,32.0,45.0,1.0,28.0,19.0,6.0,39.0,42.0,8.0,99.0,7.0,78.0,18.0,3.0,1.0,37.0,32.0,39.0,13.0,1.0,4.0,10.0,47.0,15.0,287.0,5.0,11.0,10.0,14.0,17.0,18.0,1.0,0.0,0.0,14.0,29.0,15.0,149.0,13.0,16.0,137.0,11.0,19.0,9.0,8.0,6.0,23.0,0.0,37.0,10.0,0.0,159.0,57.0,1.0,201.0,2.0,23.0,23.0,34.0,25.0,15.0,29.0,312.0,0.0,323.0,96.0,2.0,128.0,38.0,95.0,326.0,100.0,63.0,44.0,4.0,56.0,4.0,126.0,91.0,2635.0,58.0,29.0,12.0,280.0,10.0,38.0,35.0,7.0,673.0,1.0,10.0,6.0,19.0,37.0,49.0,13.0,16.0,15.0,1.0,61.0,3.0,0.0,6.0,5.0,7.0,2.0,16.0,15.0,32.0,0.0,13.0,1.0,2.0,8.0,11.0,55.0,9.0,44.0,0.0,2.0,1.0,46.0,2.0,17.0,29.0,12.0,5.0,52.0,31.0,70.0,264.0,8.0,0.0,38.0,10.0,14.0,8.0,13.0,0.0,13.0,20.0,72.0,10.0,6.0,9.0,2.0,16.0,7924.0,506.0,0.0,8.0,3.0,36.0,87.0,114.0,313.0,13.0,2.0,3.0,8.0,23.0,38.0,44.0,18.0,18.0,2.0,7.0,15.0,24.0,3.0,46.0,4.0,26.0,13.0,7.0,8.0,6.0,8.0,25.0,35.0,49.0,0.0,5.0,24.0,115.0,3.0,1243.0,1044.0,3.0,6.0,12.0,12.0,7.0,8.0,1.0,7.0,3.0,5.0,18.0,38.0,10.0,19.0,4.0,41.0,85.0,28.0,6.0,38.0,26.0,22.0,13.0,21.0,42.0,10.0,15.0,4.0,6.0,1.0,8.0,9.0,3.0,4.0,21.0,3.0,31.0,13.0,15.0,398.0,9.0,165.0,69.0,11.0,37.0,2.0,14.0,67.0,200.0,155.0,5.0,12.0,9.0,32.0,12.0,1.0,7.0,2.0,32.0,182.0,4.0,4.0,69.0,2.0,21.0,5.0,18.0,19.0,7.0,10.0,4.0,0.0,7.0,17.0,10.0,3.0,52.0,134.0,0.0,21.0,19.0,4.0,13.0,5.0,5.0,6.0,20.0,2.0,3.0,28.0,20.0,321.0,36.0,48.0,16.0,43.0,8.0,9.0,8.0,3.0,49.0,38.0,1.0,173.0,372.0,274.0,37.0,3.0,0.0,13.0,0.0,15.0,2.0,22.0,13.0,32.0,67.0,0.0,46.0,21.0,1.0,25.0,33.0,6.0,79.0,37.0,4.0,21.0,54.0,10.0,10.0,23.0,7.0,7.0,19.0,15.0,23.0,15.0,43.0,4.0,11.0,17.0,2.0,40.0,6.0,4.0,7.0,5.0,48.0,61.0,1.0,14.0,22.0,15.0,138.0,6.0,2.0,10.0,12.0,49.0,14.0,14.0,17.0,17.0,8.0,0.0,6.0,6.0,19.0,5.0,10.0,38.0,15.0,58.0,27.0,4.0,12.0,6.0,7.0,4.0,0.0,38.0,2.0,11.0,15.0,0.0,63.0,10.0,19.0,0.0,16.0,4.0,16.0,119.0,91.0,45.0,11.0,11.0,6.0,1.0,10.0,11.0,23.0,7.0,20.0,4.0,13.0,97.0,3.0,48.0,29.0,15.0,6.0,61.0,5.0,0.0,7.0,4.0,30.0,17.0,15.0,13.0,90.0,10.0,0.0,3.0,0.0,57.0,17.0,20.0,11.0,0.0,0.0,1.0,7.0,30.0,18.0,42.0,9.0,75.0,79.0,26.0,58.0,668.0,2.0,62.0,0.0,19.0,488.0,87.0,17.0,0.0,15.0,8.0,24.0,26.0,33.0,13.0,8.0,14.0,1.0,9.0,24.0,38.0,6.0,67.0,5.0,0.0,1.0,5.0,8.0,28.0,8.0,5.0,14.0,12.0,14.0,182.0,0.0,37.0,58.0,21.0,0.0,106.0,89.0,15.0,7.0,1.0,33.0,5.0,0.0,35.0,75.0,11.0,132.0,19.0,4.0,14.0,22.0,109.0,79.0,33.0,10.0,67.0,98.0,8.0,41.0,3.0,15.0,14.0,8.0,3.0,145.0,18.0,65.0,36.0,43.0,22.0,17.0,57.0,73.0,146.0,113.0,0.0,10.0,18.0,9.0,189.0,46.0,13.0,19.0,18.0,19.0,3.0,34.0,0.0,17.0,6.0,446.0,21.0,3.0,12.0,35.0,45.0,69.0,86.0,34.0,4.0,40.0,15.0,3.0,8.0,10.0,3.0,23.0,10.0,8.0,2.0,3.0,9.0,17.0,5.0,11.0,7.0,25.0,13.0,3.0,18.0,13.0,8.0,3.0,5.0,10.0,73.0,51.0,1.0,3.0,4.0,10.0,13.0,28.0,49.0,61.0,7.0,6.0,20.0,11.0,17.0,30.0,7.0,78.0,21.0,21.0,7.0,5.0,23.0,40.0,37.0,5.0,4.0,17.0,10.0,30.0,5.0,4.0,7.0,23.0,11.0,14.0,67.0,9.0,38.0,7.0,3.0,6.0,258.0,111.0,4.0,161.0,160.0,4.0,53.0,2.0,11.0,39.0,109.0,37.0,89.0,79.0,17.0,27.0,0.0,28.0,26.0,72.0,0.0,25.0,0.0,26.0,15.0,3.0,24.0,4.0,49.0,422.0,4.0,15.0,25.0,20.0,15.0,121.0,6.0,50.0,6.0,24.0,67.0,1.0,1.0,12.0,15.0,13.0,2.0,15.0,14.0,0.0,52.0,9.0,38.0,12.0,20.0,21.0,80.0,19.0,7.0,76.0,7.0,26.0,19.0,93.0,12.0,7.0,12.0,6.0,14.0,37.0,11.0,12.0,81.0,16.0,8.0,23.0,6.0,12.0,5.0,19.0,13.0,3.0,25.0,14.0,30.0,15.0,50.0,2.0,8.0,5.0,20.0,0.0,43.0,0.0,43.0,10.0,31.0,16.0,1.0,22.0,0.0,10.0,46.0,0.0,19.0,29.0,12.0,9.0,11.0,29.0,100.0,25.0,16.0,26.0,24.0,21.0,16.0,9.0,60.0,53.0,9.0,0.0,21.0,55.0,4.0,7.0,11.0,1.0,38.0,47.0,33.0,13.0,2.0,1.0,71.0,3.0,10.0,37.0,123.0,4.0,866.0,11.0,6.0,24.0,80.0,375.0,122.0,40.0,1.0,9.0,24.0,11.0
Abbas_Abbas_PT5A_LSPC,11.0,27.0,17.0,17.0,8.0,52.0,32.0,29.0,59.0,13.0,84.0,60.0,4.0,38.0,45.0,21.0,40.0,94.0,1.0,13.0,4.0,18.0,42.0,16.0,0.0,4.0,46.0,23.0,32.0,144.0,14.0,21.0,1.0,1.0,6.0,118.0,16.0,20.0,18.0,37.0,124.0,108.0,20.0,4.0,60.0,42.0,16.0,117.0,40.0,172.0,22.0,81.0,15.0,12.0,0.0,13.0,21.0,9.0,8.0,51.0,37.0,48.0,67.0,69.0,86.0,5.0,66.0,14.0,1.0,47.0,84.0,9.0,169.0,11.0,97.0,31.0,3.0,3.0,74.0,16.0,48.0,10.0,3.0,10.0,28.0,130.0,6.0,416.0,7.0,14.0,5.0,14.0,25.0,23.0,3.0,0.0,2.0,10.0,20.0,20.0,389.0,19.0,9.0,189.0,36.0,27.0,1.0,14.0,4.0,59.0,8.0,42.0,8.0,2.0,300.0,35.0,9.0,226.0,1.0,25.0,89.0,48.0,36.0,20.0,52.0,440.0,1.0,687.0,254.0,5.0,234.0,47.0,128.0,561.0,115.0,111.0,34.0,6.0,158.0,8.0,120.0,351.0,4782.0,87.0,43.0,4.0,452.0,12.0,74.0,118.0,6.0,653.0,1.0,10.0,7.0,22.0,67.0,91.0,15.0,8.0,17.0,11.0,76.0,4.0,0.0,13.0,8.0,26.0,6.0,28.0,20.0,49.0,4.0,16.0,4.0,2.0,17.0,20.0,116.0,4.0,74.0,0.0,1.0,25.0,68.0,4.0,63.0,107.0,8.0,1.0,78.0,35.0,54.0,629.0,13.0,1.0,26.0,5.0,20.0,12.0,26.0,1.0,17.0,33.0,95.0,13.0,11.0,41.0,2.0,26.0,16334.0,828.0,0.0,6.0,6.0,14.0,345.0,82.0,450.0,9.0,1.0,7.0,12.0,28.0,40.0,24.0,35.0,21.0,3.0,8.0,7.0,21.0,15.0,81.0,10.0,58.0,16.0,9.0,15.0,12.0,7.0,85.0,48.0,91.0,0.0,13.0,75.0,71.0,8.0,1997.0,2118.0,6.0,8.0,11.0,9.0,11.0,22.0,3.0,20.0,1.0,12.0,18.0,38.0,28.0,27.0,9.0,36.0,40.0,24.0,13.0,44.0,34.0,47.0,8.0,44.0,81.0,13.0,24.0,6.0,9.0,5.0,7.0,8.0,1.0,2.0,27.0,4.0,63.0,23.0,6.0,370.0,10.0,361.0,118.0,16.0,54.0,0.0,17.0,115.0,347.0,229.0,3.0,14.0,8.0,45.0,10.0,1.0,16.0,3.0,125.0,411.0,30.0,2.0,137.0,1.0,15.0,6.0,33.0,44.0,4.0,7.0,2.0,0.0,4.0,26.0,6.0,8.0,110.0,272.0,0.0,22.0,36.0,14.0,17.0,33.0,14.0,5.0,20.0,5.0,2.0,21.0,27.0,402.0,46.0,41.0,19.0,90.0,18.0,9.0,16.0,15.0,79.0,66.0,31.0,213.0,541.0,323.0,36.0,0.0,7.0,4.0,2.0,30.0,1.0,35.0,14.0,24.0,52.0,0.0,89.0,52.0,0.0,20.0,10.0,7.0,112.0,105.0,3.0,46.0,83.0,10.0,16.0,35.0,37.0,10.0,29.0,77.0,43.0,10.0,16.0,3.0,10.0,29.0,5.0,64.0,7.0,5.0,9.0,8.0,110.0,37.0,2.0,20.0,31.0,34.0,283.0,8.0,2.0,11.0,15.0,97.0,23.0,38.0,34.0,22.0,5.0,0.0,1.0,8.0,6.0,2.0,7.0,92.0,34.0,118.0,33.0,6.0,18.0,8.0,9.0,11.0,4.0,29.0,1.0,12.0,37.0,1.0,37.0,5.0,27.0,0.0,30.0,11.0,12.0,169.0,104.0,91.0,14.0,23.0,2.0,4.0,21.0,20.0,32.0,2.0,52.0,8.0,24.0,103.0,4.0,63.0,17.0,33.0,10.0,121.0,9.0,0.0,66.0,4.0,52.0,38.0,17.0,8.0,69.0,11.0,1.0,7.0,1.0,113.0,46.0,22.0,21.0,9.0,0.0,2.0,14.0,47.0,31.0,58.0,20.0,146.0,144.0,17.0,108.0,1106.0,1.0,18.0,0.0,13.0,1118.0,218.0,26.0,3.0,16.0,13.0,34.0,52.0,32.0,14.0,5.0,22.0,7.0,10.0,50.0,64.0,9.0,279.0,19.0,2.0,7.0,6.0,11.0,62.0,13.0,4.0,14.0,14.0,4.0,357.0,4.0,82.0,76.0,25.0,1.0,67.0,164.0,23.0,29.0,6.0,56.0,2.0,0.0,45.0,77.0,20.0,204.0,93.0,6.0,19.0,25.0,165.0,106.0,61.0,25.0,165.0,258.0,18.0,51.0,1.0,15.0,23.0,10.0,2.0,145.0,44.0,322.0,48.0,91.0,33.0,15.0,86.0,136.0,303.0,195.0,0.0,5.0,31.0,8.0,672.0,162.0,26.0,12.0,19.0,27.0,3.0,47.0,0.0,14.0,6.0,266.0,88.0,20.0,12.0,45.0,71.0,61.0,107.0,93.0,7.0,108.0,48.0,2.0,17.0,14.0,13.0,70.0,25.0,4.0,6.0,5.0,16.0,44.0,5.0,14.0,5.0,22.0,23.0,3.0,19.0,7.0,5.0,5.0,11.0,8.0,20.0,22.0,14.0,2.0,5.0,9.0,12.0,37.0,52.0,63.0,9.0,17.0,39.0,34.0,23.0,51.0,11.0,91.0,239.0,24.0,14.0,7.0,20.0,60.0,53.0,7.0,6.0,21.0,28.0,12.0,12.0,12.0,17.0,33.0,6.0,19.0,146.0,7.0,39.0,13.0,8.0,13.0,415.0,138.0,1.0,233.0,303.0,4.0,40.0,9.0,15.0,76.0,245.0,51.0,220.0,90.0,21.0,23.0,1.0,34.0,57.0,59.0,1.0,26.0,0.0,48.0,21.0,4.0,29.0,12.0,80.0,1238.0,8.0,16.0,41.0,22.0,13.0,103.0,31.0,85.0,1.0,24.0,94.0,0.0,9.0,19.0,32.0,44.0,8.0,30.0,29.0,0.0,123.0,17.0,96.0,20.0,17.0,39.0,121.0,30.0,5.0,91.0,19.0,26.0,16.0,136.0,18.0,7.0,10.0,16.0,12.0,64.0,18.0,8.0,138.0,14.0,12.0,38.0,15.0,15.0,10.0,45.0,38.0,3.0,50.0,28.0,59.0,20.0,76.0,1.0,6.0,20.0,7.0,0.0,78.0,0.0,72.0,10.0,19.0,25.0,0.0,41.0,0.0,19.0,45.0,0.0,6.0,45.0,17.0,13.0,25.0,46.0,187.0,65.0,32.0,38.0,72.0,26.0,31.0,27.0,128.0,79.0,13.0,1.0,89.0,70.0,1.0,28.0,17.0,46.0,65.0,41.0,37.0,16.0,4.0,3.0,176.0,5.0,19.0,110.0,233.0,2.0,2191.0,6.0,5.0,42.0,137.0,730.0,158.0,49.0,1.0,6.0,18.0,23.0
Abbas_Abbas_PT7A_HSPC,4.0,31.0,10.0,15.0,3.0,23.0,6.0,3.0,32.0,2.0,27.0,19.0,4.0,22.0,19.0,11.0,29.0,19.0,4.0,3.0,3.0,9.0,23.0,13.0,2.0,11.0,17.0,7.0,21.0,19.0,18.0,1.0,0.0,0.0,11.0,59.0,0.0,20.0,13.0,25.0,125.0,50.0,15.0,1.0,82.0,18.0,0.0,59.0,19.0,88.0,26.0,37.0,5.0,8.0,2.0,5.0,19.0,4.0,7.0,36.0,41.0,22.0,55.0,32.0,38.0,7.0,27.0,11.0,1.0,30.0,46.0,4.0,106.0,7.0,31.0,8.0,2.0,2.0,32.0,10.0,31.0,4.0,0.0,4.0,16.0,55.0,1.0,102.0,2.0,6.0,0.0,9.0,22.0,18.0,0.0,0.0,2.0,5.0,22.0,2.0,202.0,10.0,9.0,100.0,10.0,16.0,4.0,10.0,5.0,16.0,9.0,24.0,6.0,0.0,129.0,2.0,7.0,193.0,0.0,2.0,27.0,20.0,5.0,10.0,2.0,249.0,0.0,334.0,18.0,0.0,419.0,47.0,39.0,211.0,28.0,49.0,5.0,2.0,49.0,11.0,93.0,3.0,841.0,0.0,10.0,5.0,143.0,15.0,18.0,7.0,0.0,280.0,0.0,17.0,11.0,3.0,32.0,58.0,5.0,20.0,10.0,3.0,31.0,2.0,0.0,3.0,7.0,8.0,1.0,25.0,4.0,18.0,42.0,21.0,1.0,2.0,10.0,22.0,43.0,3.0,32.0,0.0,0.0,2.0,145.0,2.0,28.0,62.0,13.0,2.0,170.0,37.0,0.0,92.0,0.0,1.0,7.0,11.0,15.0,2.0,23.0,4.0,10.0,6.0,62.0,8.0,14.0,21.0,0.0,10.0,9361.0,818.0,0.0,14.0,4.0,4.0,32.0,14.0,210.0,4.0,0.0,9.0,8.0,13.0,17.0,43.0,24.0,13.0,1.0,3.0,6.0,5.0,9.0,5.0,7.0,17.0,16.0,8.0,8.0,7.0,1.0,0.0,6.0,13.0,1.0,7.0,21.0,68.0,3.0,1046.0,1843.0,4.0,4.0,5.0,3.0,0.0,10.0,3.0,10.0,2.0,3.0,0.0,24.0,11.0,3.0,3.0,22.0,27.0,12.0,9.0,33.0,21.0,29.0,8.0,22.0,85.0,12.0,11.0,0.0,6.0,0.0,4.0,8.0,0.0,3.0,7.0,0.0,21.0,18.0,6.0,184.0,0.0,38.0,90.0,10.0,15.0,13.0,19.0,59.0,141.0,119.0,0.0,9.0,8.0,32.0,15.0,2.0,2.0,1.0,33.0,83.0,9.0,0.0,42.0,0.0,21.0,8.0,6.0,20.0,1.0,7.0,1.0,1.0,4.0,5.0,4.0,12.0,83.0,29.0,0.0,1.0,8.0,0.0,3.0,7.0,0.0,22.0,16.0,4.0,5.0,14.0,14.0,81.0,13.0,13.0,6.0,24.0,10.0,0.0,16.0,2.0,22.0,25.0,0.0,51.0,162.0,136.0,19.0,0.0,8.0,15.0,7.0,12.0,3.0,16.0,35.0,0.0,25.0,5.0,52.0,21.0,1.0,1.0,4.0,4.0,12.0,25.0,0.0,24.0,43.0,6.0,18.0,8.0,17.0,6.0,3.0,1.0,32.0,3.0,5.0,1.0,8.0,7.0,3.0,39.0,3.0,0.0,6.0,3.0,57.0,0.0,3.0,14.0,19.0,8.0,74.0,8.0,1.0,6.0,8.0,61.0,23.0,53.0,19.0,8.0,2.0,0.0,2.0,15.0,18.0,5.0,2.0,32.0,6.0,34.0,10.0,4.0,8.0,3.0,5.0,7.0,4.0,19.0,0.0,1.0,13.0,11.0,16.0,5.0,16.0,16.0,5.0,8.0,2.0,20.0,46.0,23.0,9.0,22.0,3.0,2.0,3.0,14.0,14.0,0.0,20.0,17.0,9.0,67.0,5.0,23.0,9.0,12.0,3.0,42.0,4.0,1.0,2.0,5.0,20.0,11.0,7.0,10.0,38.0,30.0,2.0,6.0,5.0,44.0,8.0,18.0,10.0,0.0,0.0,5.0,6.0,19.0,6.0,56.0,14.0,51.0,72.0,2.0,43.0,703.0,5.0,0.0,0.0,6.0,298.0,112.0,11.0,1.0,8.0,12.0,13.0,9.0,15.0,6.0,7.0,11.0,8.0,2.0,18.0,21.0,3.0,9.0,6.0,47.0,1.0,7.0,3.0,16.0,4.0,3.0,6.0,7.0,1.0,91.0,13.0,20.0,37.0,22.0,2.0,27.0,71.0,8.0,5.0,0.0,38.0,1.0,0.0,27.0,39.0,9.0,140.0,13.0,4.0,12.0,14.0,35.0,62.0,22.0,7.0,62.0,0.0,2.0,57.0,11.0,8.0,6.0,3.0,1.0,15.0,16.0,85.0,23.0,51.0,10.0,21.0,50.0,58.0,179.0,68.0,6.0,1.0,10.0,7.0,3.0,18.0,17.0,20.0,19.0,6.0,0.0,1.0,1.0,17.0,2.0,71.0,27.0,0.0,9.0,30.0,37.0,23.0,22.0,21.0,2.0,23.0,8.0,1.0,11.0,3.0,5.0,17.0,10.0,3.0,3.0,1.0,14.0,10.0,6.0,15.0,1.0,13.0,8.0,7.0,3.0,10.0,5.0,6.0,5.0,15.0,3.0,3.0,1.0,1.0,1.0,5.0,7.0,31.0,26.0,31.0,2.0,7.0,26.0,16.0,7.0,35.0,5.0,46.0,112.0,19.0,17.0,1.0,6.0,19.0,4.0,10.0,6.0,10.0,15.0,11.0,5.0,8.0,10.0,20.0,2.0,15.0,51.0,2.0,11.0,0.0,0.0,4.0,300.0,78.0,0.0,66.0,91.0,0.0,90.0,7.0,15.0,41.0,106.0,44.0,102.0,43.0,17.0,10.0,0.0,7.0,17.0,28.0,0.0,27.0,0.0,10.0,15.0,1.0,17.0,3.0,84.0,148.0,3.0,1.0,20.0,11.0,13.0,43.0,24.0,21.0,3.0,19.0,54.0,0.0,2.0,15.0,0.0,9.0,8.0,27.0,15.0,3.0,89.0,5.0,27.0,5.0,18.0,20.0,54.0,27.0,1.0,44.0,12.0,23.0,10.0,96.0,10.0,7.0,13.0,3.0,6.0,32.0,8.0,2.0,43.0,12.0,5.0,16.0,3.0,2.0,2.0,23.0,17.0,1.0,18.0,18.0,19.0,7.0,17.0,1.0,6.0,8.0,0.0,0.0,8.0,0.0,39.0,1.0,4.0,3.0,0.0,2.0,0.0,14.0,19.0,0.0,11.0,27.0,8.0,9.0,12.0,15.0,112.0,29.0,17.0,11.0,10.0,21.0,9.0,3.0,3.0,43.0,10.0,6.0,7.0,40.0,1.0,0.0,14.0,10.0,17.0,31.0,1.0,10.0,2.0,0.0,63.0,26.0,5.0,27.0,121.0,1.0,25.0,0.0,5.0,18.0,57.0,303.0,66.0,28.0,0.0,4.0,18.0,7.0
Abbas_Abbas_PT7A_LSPC,3.0,11.0,4.0,3.0,2.0,14.0,4.0,1.0,17.0,1.0,23.0,25.0,0.0,15.0,11.0,13.0,21.0,20.0,1.0,0.0,0.0,3.0,14.0,9.0,0.0,9.0,10.0,2.0,16.0,22.0,8.0,0.0,1.0,0.0,3.0,52.0,0.0,7.0,2.0,13.0,100.0,40.0,6.0,0.0,81.0,15.0,2.0,34.0,3.0,67.0,14.0,23.0,2.0,0.0,3.0,4.0,10.0,2.0,1.0,31.0,35.0,13.0,34.0,21.0,33.0,0.0,25.0,13.0,0.0,27.0,27.0,3.0,97.0,0.0,19.0,7.0,0.0,1.0,24.0,5.0,16.0,5.0,0.0,8.0,14.0,40.0,3.0,57.0,3.0,4.0,1.0,8.0,21.0,3.0,0.0,2.0,2.0,4.0,11.0,0.0,211.0,12.0,7.0,85.0,10.0,7.0,3.0,5.0,0.0,13.0,4.0,14.0,5.0,0.0,87.0,4.0,7.0,110.0,0.0,3.0,10.0,14.0,10.0,9.0,7.0,146.0,0.0,173.0,33.0,0.0,389.0,43.0,18.0,113.0,20.0,22.0,4.0,2.0,56.0,23.0,51.0,12.0,749.0,0.0,3.0,1.0,137.0,10.0,19.0,6.0,0.0,141.0,0.0,9.0,6.0,3.0,19.0,42.0,4.0,13.0,3.0,0.0,20.0,2.0,0.0,4.0,2.0,8.0,1.0,12.0,8.0,16.0,25.0,8.0,2.0,1.0,4.0,14.0,33.0,2.0,19.0,3.0,1.0,8.0,123.0,4.0,42.0,52.0,9.0,2.0,46.0,9.0,1.0,94.0,2.0,0.0,5.0,3.0,7.0,0.0,14.0,1.0,3.0,7.0,44.0,9.0,12.0,11.0,0.0,15.0,7867.0,432.0,1.0,16.0,2.0,0.0,46.0,10.0,197.0,5.0,0.0,9.0,3.0,11.0,10.0,9.0,15.0,14.0,3.0,2.0,4.0,10.0,8.0,9.0,5.0,16.0,8.0,3.0,6.0,3.0,4.0,0.0,5.0,8.0,1.0,4.0,17.0,41.0,3.0,631.0,1081.0,2.0,8.0,6.0,3.0,2.0,12.0,6.0,5.0,3.0,3.0,0.0,16.0,11.0,13.0,8.0,15.0,12.0,8.0,4.0,19.0,19.0,19.0,2.0,31.0,75.0,5.0,10.0,2.0,4.0,1.0,2.0,4.0,0.0,1.0,4.0,0.0,26.0,6.0,2.0,103.0,4.0,47.0,47.0,7.0,17.0,8.0,6.0,40.0,112.0,90.0,1.0,7.0,9.0,19.0,11.0,2.0,3.0,1.0,14.0,78.0,4.0,0.0,46.0,0.0,13.0,5.0,5.0,21.0,1.0,0.0,0.0,0.0,3.0,7.0,6.0,7.0,68.0,26.0,0.0,2.0,7.0,0.0,1.0,4.0,0.0,20.0,4.0,5.0,3.0,8.0,16.0,63.0,10.0,5.0,0.0,14.0,2.0,1.0,5.0,2.0,17.0,26.0,1.0,38.0,121.0,99.0,14.0,0.0,19.0,10.0,7.0,11.0,1.0,9.0,41.0,0.0,19.0,4.0,39.0,14.0,0.0,1.0,4.0,4.0,4.0,22.0,1.0,20.0,18.0,5.0,9.0,14.0,10.0,0.0,4.0,1.0,16.0,3.0,5.0,1.0,2.0,1.0,3.0,22.0,1.0,1.0,7.0,0.0,50.0,2.0,1.0,13.0,14.0,7.0,51.0,7.0,3.0,4.0,8.0,50.0,6.0,41.0,9.0,11.0,2.0,0.0,1.0,7.0,7.0,3.0,6.0,24.0,2.0,27.0,5.0,1.0,8.0,1.0,5.0,6.0,1.0,21.0,0.0,7.0,11.0,9.0,4.0,6.0,3.0,47.0,7.0,7.0,0.0,7.0,33.0,19.0,4.0,12.0,3.0,2.0,6.0,7.0,13.0,0.0,8.0,4.0,10.0,44.0,2.0,20.0,1.0,9.0,4.0,25.0,0.0,0.0,3.0,3.0,8.0,10.0,12.0,1.0,29.0,7.0,1.0,0.0,3.0,30.0,9.0,9.0,5.0,2.0,0.0,10.0,8.0,15.0,4.0,23.0,12.0,56.0,42.0,2.0,19.0,466.0,6.0,2.0,0.0,7.0,268.0,106.0,11.0,1.0,5.0,7.0,8.0,7.0,12.0,3.0,4.0,2.0,13.0,3.0,14.0,3.0,2.0,17.0,7.0,18.0,0.0,4.0,2.0,9.0,5.0,3.0,3.0,8.0,7.0,102.0,6.0,27.0,39.0,10.0,2.0,17.0,45.0,9.0,8.0,4.0,23.0,1.0,0.0,19.0,22.0,5.0,94.0,10.0,0.0,4.0,9.0,34.0,57.0,13.0,3.0,47.0,2.0,3.0,41.0,6.0,0.0,5.0,3.0,3.0,15.0,16.0,82.0,17.0,30.0,15.0,12.0,34.0,40.0,154.0,47.0,4.0,0.0,5.0,6.0,21.0,22.0,10.0,6.0,9.0,5.0,0.0,0.0,1.0,10.0,0.0,25.0,30.0,2.0,4.0,26.0,35.0,16.0,21.0,25.0,5.0,15.0,9.0,1.0,6.0,5.0,4.0,15.0,5.0,2.0,2.0,2.0,9.0,7.0,0.0,23.0,4.0,12.0,5.0,2.0,2.0,4.0,4.0,7.0,4.0,6.0,0.0,7.0,4.0,0.0,1.0,2.0,10.0,19.0,28.0,26.0,2.0,4.0,9.0,4.0,8.0,18.0,4.0,27.0,62.0,11.0,11.0,0.0,5.0,24.0,1.0,3.0,4.0,3.0,7.0,5.0,5.0,5.0,8.0,5.0,2.0,10.0,44.0,0.0,4.0,1.0,4.0,0.0,177.0,40.0,0.0,34.0,83.0,0.0,65.0,4.0,8.0,22.0,94.0,41.0,87.0,19.0,15.0,6.0,0.0,15.0,10.0,15.0,2.0,15.0,0.0,13.0,8.0,3.0,13.0,2.0,45.0,115.0,6.0,0.0,20.0,5.0,12.0,23.0,7.0,23.0,7.0,15.0,30.0,0.0,1.0,6.0,0.0,17.0,1.0,12.0,6.0,0.0,76.0,1.0,20.0,4.0,3.0,14.0,33.0,26.0,1.0,26.0,6.0,26.0,9.0,56.0,5.0,0.0,3.0,5.0,4.0,22.0,7.0,3.0,36.0,9.0,3.0,18.0,5.0,7.0,4.0,17.0,8.0,0.0,13.0,14.0,14.0,8.0,11.0,4.0,3.0,4.0,1.0,0.0,19.0,0.0,35.0,0.0,1.0,1.0,0.0,2.0,0.0,16.0,14.0,2.0,1.0,22.0,1.0,2.0,5.0,14.0,80.0,16.0,8.0,8.0,4.0,22.0,13.0,6.0,0.0,28.0,6.0,2.0,4.0,33.0,2.0,0.0,5.0,94.0,17.0,13.0,0.0,4.0,1.0,2.0,39.0,8.0,1.0,35.0,87.0,1.0,20.0,0.0,6.0,8.0,42.0,243.0,48.0,25.0,0.0,3.0,11.0,6.0
Ennis_Ennis_AML1216_HSPC,15.0,69.0,42.0,18.0,26.0,63.0,21.0,21.0,59.0,6.0,108.0,245.0,22.0,212.0,28.0,862.0,99.0,84.0,13.0,15.0,15.0,38.0,118.0,315.0,95.0,39.0,107.0,50.0,21.0,94.0,65.0,19.0,0.0,13.0,12.0,237.0,8.0,83.0,14.0,227.0,2945.0,93.0,27.0,5.0,409.0,50.0,14.0,66.0,268.0,125.0,87.0,113.0,18.0,28.0,46.0,81.0,15.0,25.0,224.0,350.0,328.0,315.0,93.0,68.0,122.0,33.0,94.0,56.0,48.0,584.0,57.0,28.0,765.0,71.0,269.0,48.0,131.0,36.0,91.0,119.0,411.0,26.0,50.0,45.0,37.0,204.0,22.0,177.0,59.0,86.0,26.0,18.0,32.0,13.0,27.0,81.0,43.0,25.0,148.0,7.0,1548.0,64.0,53.0,613.0,186.0,154.0,43.0,22.0,28.0,13.0,27.0,345.0,26.0,5.0,577.0,144.0,28.0,948.0,8.0,12.0,21.0,10.0,6.0,88.0,26.0,307.0,3.0,552.0,28.0,3.0,1692.0,287.0,273.0,563.0,172.0,883.0,72.0,174.0,586.0,38.0,1151.0,5.0,1840.0,17.0,15.0,372.0,278.0,389.0,49.0,35.0,3.0,1234.0,2.0,37.0,94.0,44.0,311.0,108.0,33.0,39.0,169.0,28.0,451.0,22.0,6.0,49.0,43.0,23.0,50.0,61.0,48.0,257.0,32.0,85.0,6.0,6.0,206.0,12.0,192.0,35.0,58.0,7.0,14.0,14.0,275.0,7.0,54.0,91.0,103.0,48.0,627.0,736.0,360.0,457.0,25.0,119.0,229.0,40.0,15.0,47.0,66.0,197.0,18.0,19.0,126.0,41.0,34.0,87.0,10.0,102.0,18218.0,927.0,95.0,98.0,175.0,1003.0,1019.0,26.0,779.0,17.0,0.0,7.0,38.0,35.0,62.0,1749.0,95.0,120.0,16.0,27.0,90.0,161.0,53.0,946.0,108.0,65.0,7.0,37.0,25.0,68.0,32.0,30.0,79.0,85.0,86.0,13.0,323.0,223.0,67.0,9457.0,6913.0,44.0,50.0,24.0,8.0,22.0,332.0,25.0,13.0,114.0,138.0,2.0,191.0,123.0,18.0,16.0,91.0,253.0,869.0,13.0,85.0,114.0,61.0,17.0,129.0,91.0,42.0,41.0,10.0,32.0,4.0,4.0,11.0,193.0,28.0,7.0,28.0,55.0,52.0,40.0,603.0,8.0,165.0,64.0,85.0,44.0,22.0,65.0,141.0,1476.0,4512.0,3.0,35.0,51.0,171.0,34.0,2.0,96.0,76.0,21.0,231.0,11.0,53.0,94.0,37.0,110.0,41.0,106.0,101.0,36.0,24.0,5.0,14.0,12.0,45.0,25.0,11.0,169.0,89.0,6.0,107.0,135.0,17.0,51.0,59.0,7.0,78.0,209.0,155.0,62.0,24.0,41.0,299.0,195.0,69.0,34.0,72.0,32.0,6.0,44.0,19.0,312.0,78.0,7.0,153.0,412.0,203.0,420.0,57.0,15.0,82.0,16.0,48.0,20.0,179.0,120.0,24.0,51.0,8.0,107.0,320.0,2.0,214.0,48.0,28.0,4.0,102.0,11.0,11.0,98.0,9.0,41.0,140.0,84.0,7.0,33.0,2872.0,126.0,17.0,15.0,11.0,25.0,42.0,80.0,114.0,56.0,159.0,104.0,69.0,152.0,37.0,27.0,85.0,69.0,61.0,136.0,62.0,0.0,153.0,62.0,134.0,190.0,57.0,34.0,21.0,10.0,72.0,9.0,9.0,143.0,10.0,33.0,173.0,40.0,43.0,41.0,31.0,26.0,131.0,39.0,68.0,36.0,203.0,13.0,10.0,94.0,44.0,59.0,14.0,75.0,568.0,29.0,26.0,34.0,2843.0,359.0,98.0,20.0,18.0,10.0,10.0,9.0,29.0,30.0,189.0,546.0,16.0,21.0,737.0,33.0,575.0,90.0,105.0,45.0,129.0,87.0,2.0,35.0,154.0,129.0,17.0,81.0,170.0,581.0,655.0,922.0,26.0,17.0,13.0,70.0,29.0,59.0,13.0,1.0,30.0,25.0,98.0,22.0,45.0,77.0,269.0,528.0,23.0,198.0,1328.0,23.0,201.0,10.0,39.0,1095.0,202.0,94.0,26.0,37.0,53.0,49.0,84.0,32.0,90.0,74.0,74.0,38.0,196.0,34.0,8.0,18.0,212.0,11.0,146.0,56.0,56.0,18.0,30.0,23.0,61.0,23.0,17.0,42.0,377.0,18.0,45.0,128.0,315.0,81.0,52.0,99.0,158.0,88.0,9.0,464.0,35.0,2.0,24.0,364.0,15.0,599.0,4.0,689.0,41.0,115.0,1263.0,255.0,41.0,161.0,234.0,34.0,184.0,148.0,12.0,245.0,119.0,32.0,5.0,47.0,59.0,191.0,220.0,71.0,30.0,26.0,178.0,217.0,775.0,1167.0,5.0,16.0,53.0,86.0,640.0,67.0,29.0,35.0,130.0,41.0,8.0,37.0,37.0,82.0,18.0,179.0,7.0,35.0,55.0,308.0,172.0,71.0,33.0,45.0,35.0,74.0,48.0,17.0,31.0,21.0,164.0,161.0,25.0,15.0,24.0,47.0,79.0,99.0,12.0,28.0,39.0,46.0,78.0,41.0,18.0,40.0,39.0,1.0,10.0,16.0,186.0,8.0,33.0,151.0,62.0,15.0,141.0,40.0,392.0,1484.0,12.0,16.0,129.0,29.0,70.0,166.0,45.0,393.0,92.0,35.0,12.0,27.0,45.0,54.0,9.0,6.0,13.0,165.0,27.0,179.0,14.0,93.0,74.0,68.0,40.0,33.0,117.0,36.0,60.0,144.0,24.0,10.0,587.0,90.0,1.0,133.0,450.0,75.0,103.0,98.0,26.0,147.0,438.0,198.0,313.0,191.0,22.0,71.0,8.0,53.0,39.0,388.0,5.0,244.0,21.0,29.0,18.0,33.0,77.0,3.0,120.0,1915.0,22.0,4.0,35.0,26.0,32.0,450.0,455.0,311.0,149.0,102.0,359.0,40.0,15.0,42.0,7.0,116.0,52.0,74.0,85.0,112.0,83.0,39.0,113.0,420.0,34.0,123.0,148.0,88.0,98.0,127.0,66.0,27.0,18.0,533.0,104.0,20.0,33.0,18.0,10.0,45.0,38.0,84.0,101.0,92.0,17.0,122.0,16.0,58.0,72.0,250.0,46.0,27.0,25.0,60.0,33.0,56.0,202.0,3.0,3.0,64.0,76.0,103.0,25.0,44.0,114.0,37.0,6.0,10.0,8.0,15.0,1.0,36.0,24.0,6.0,27.0,244.0,428.0,16.0,37.0,66.0,840.0,78.0,26.0,10.0,12.0,25.0,40.0,8.0,40.0,47.0,56.0,6.0,28.0,129.0,27.0,103.0,33.0,53.0,102.0,56.0,34.0,53.0,24.0,6.0,171.0,78.0,27.0,157.0,503.0,33.0,11092.0,21.0,23.0,58.0,296.0,2052.0,731.0,604.0,16.0,83.0,26.0,97.0
Ennis_Ennis_AML1216_LSPC,16.0,21.0,12.0,10.0,2.0,33.0,4.0,6.0,18.0,8.0,28.0,130.0,18.0,78.0,6.0,308.0,31.0,47.0,2.0,5.0,8.0,11.0,47.0,67.0,20.0,17.0,23.0,22.0,9.0,30.0,27.0,7.0,2.0,7.0,3.0,29.0,8.0,39.0,57.0,260.0,1565.0,35.0,14.0,4.0,185.0,26.0,12.0,31.0,6.0,61.0,50.0,42.0,5.0,5.0,12.0,23.0,8.0,9.0,133.0,71.0,53.0,75.0,49.0,25.0,44.0,7.0,30.0,11.0,23.0,232.0,15.0,13.0,253.0,26.0,50.0,15.0,84.0,9.0,41.0,38.0,168.0,0.0,33.0,10.0,13.0,69.0,4.0,39.0,15.0,23.0,11.0,3.0,9.0,2.0,22.0,77.0,21.0,8.0,24.0,5.0,393.0,36.0,21.0,184.0,95.0,61.0,29.0,20.0,14.0,4.0,18.0,107.0,11.0,9.0,132.0,73.0,16.0,262.0,2.0,5.0,7.0,4.0,8.0,31.0,12.0,57.0,4.0,185.0,17.0,2.0,789.0,88.0,126.0,189.0,86.0,195.0,29.0,76.0,278.0,12.0,86.0,3.0,737.0,7.0,3.0,108.0,116.0,26.0,12.0,79.0,2.0,605.0,3.0,12.0,28.0,8.0,109.0,62.0,10.0,16.0,94.0,4.0,88.0,13.0,2.0,24.0,20.0,24.0,28.0,15.0,12.0,153.0,3.0,16.0,6.0,6.0,108.0,7.0,69.0,6.0,24.0,2.0,1.0,4.0,78.0,3.0,23.0,45.0,33.0,20.0,89.0,89.0,73.0,160.0,11.0,14.0,67.0,10.0,5.0,17.0,74.0,78.0,11.0,7.0,57.0,11.0,50.0,15.0,19.0,40.0,6907.0,337.0,49.0,53.0,64.0,387.0,773.0,31.0,257.0,12.0,0.0,12.0,20.0,14.0,18.0,153.0,43.0,28.0,5.0,4.0,36.0,59.0,5.0,439.0,52.0,29.0,6.0,10.0,3.0,32.0,23.0,15.0,17.0,32.0,29.0,3.0,163.0,41.0,21.0,4138.0,1535.0,41.0,19.0,10.0,5.0,8.0,161.0,16.0,5.0,19.0,44.0,3.0,67.0,26.0,5.0,4.0,25.0,72.0,179.0,2.0,37.0,58.0,15.0,4.0,50.0,22.0,18.0,10.0,20.0,5.0,0.0,4.0,9.0,74.0,18.0,2.0,11.0,22.0,15.0,44.0,135.0,5.0,76.0,26.0,33.0,19.0,5.0,54.0,46.0,543.0,957.0,1.0,18.0,20.0,38.0,11.0,1.0,22.0,26.0,10.0,75.0,6.0,28.0,42.0,9.0,64.0,32.0,31.0,128.0,16.0,1.0,1.0,12.0,8.0,37.0,5.0,1.0,47.0,26.0,0.0,42.0,75.0,3.0,41.0,30.0,19.0,75.0,57.0,47.0,18.0,8.0,13.0,96.0,121.0,19.0,13.0,21.0,13.0,3.0,51.0,11.0,134.0,20.0,1.0,60.0,235.0,60.0,166.0,8.0,7.0,5.0,0.0,20.0,16.0,83.0,25.0,10.0,14.0,6.0,57.0,109.0,0.0,38.0,9.0,20.0,7.0,43.0,1.0,7.0,39.0,7.0,22.0,46.0,21.0,6.0,11.0,1261.0,78.0,6.0,4.0,4.0,29.0,21.0,42.0,36.0,17.0,28.0,48.0,49.0,51.0,5.0,10.0,15.0,27.0,19.0,39.0,19.0,1.0,48.0,24.0,59.0,56.0,19.0,13.0,6.0,4.0,37.0,3.0,2.0,40.0,4.0,28.0,105.0,11.0,15.0,7.0,18.0,11.0,61.0,25.0,30.0,9.0,49.0,4.0,12.0,33.0,10.0,9.0,13.0,20.0,114.0,19.0,11.0,6.0,914.0,184.0,31.0,6.0,8.0,2.0,5.0,1.0,11.0,13.0,59.0,76.0,8.0,15.0,223.0,7.0,105.0,44.0,65.0,28.0,35.0,32.0,2.0,5.0,44.0,56.0,8.0,23.0,60.0,200.0,31.0,35.0,8.0,15.0,4.0,14.0,9.0,12.0,9.0,1.0,12.0,5.0,38.0,6.0,8.0,25.0,79.0,134.0,1.0,84.0,424.0,3.0,30.0,37.0,25.0,354.0,73.0,24.0,3.0,13.0,19.0,11.0,38.0,16.0,31.0,20.0,16.0,20.0,48.0,16.0,1.0,15.0,102.0,4.0,70.0,21.0,28.0,8.0,18.0,4.0,15.0,10.0,7.0,29.0,113.0,8.0,16.0,52.0,138.0,37.0,9.0,71.0,81.0,20.0,0.0,110.0,1.0,1.0,6.0,38.0,2.0,269.0,7.0,20.0,8.0,40.0,659.0,113.0,10.0,76.0,70.0,6.0,61.0,50.0,3.0,83.0,34.0,13.0,6.0,44.0,16.0,114.0,130.0,18.0,11.0,4.0,70.0,60.0,257.0,421.0,0.0,9.0,10.0,49.0,969.0,55.0,7.0,6.0,83.0,20.0,8.0,19.0,28.0,42.0,17.0,43.0,2.0,9.0,15.0,154.0,95.0,26.0,14.0,19.0,11.0,20.0,13.0,4.0,26.0,9.0,50.0,87.0,6.0,9.0,3.0,22.0,8.0,56.0,4.0,18.0,21.0,10.0,13.0,6.0,2.0,10.0,23.0,3.0,4.0,7.0,20.0,3.0,4.0,45.0,21.0,8.0,52.0,15.0,135.0,332.0,6.0,10.0,48.0,6.0,29.0,62.0,17.0,68.0,34.0,12.0,3.0,13.0,18.0,31.0,8.0,1.0,17.0,44.0,22.0,72.0,8.0,77.0,52.0,34.0,13.0,11.0,54.0,8.0,14.0,62.0,7.0,1.0,210.0,32.0,3.0,55.0,235.0,35.0,11.0,70.0,8.0,70.0,130.0,72.0,131.0,51.0,2.0,19.0,6.0,20.0,22.0,115.0,3.0,53.0,7.0,2.0,5.0,16.0,12.0,2.0,99.0,857.0,3.0,5.0,14.0,8.0,8.0,322.0,83.0,180.0,62.0,25.0,115.0,6.0,1.0,9.0,5.0,53.0,34.0,39.0,23.0,70.0,30.0,22.0,62.0,194.0,15.0,94.0,77.0,42.0,35.0,47.0,25.0,12.0,1.0,218.0,43.0,8.0,6.0,4.0,3.0,9.0,20.0,15.0,51.0,43.0,2.0,68.0,3.0,31.0,11.0,79.0,29.0,30.0,5.0,26.0,3.0,29.0,104.0,2.0,5.0,17.0,6.0,49.0,30.0,15.0,69.0,16.0,0.0,1.0,16.0,20.0,1.0,5.0,10.0,7.0,9.0,70.0,157.0,13.0,15.0,14.0,164.0,19.0,5.0,6.0,11.0,11.0,25.0,1.0,37.0,30.0,12.0,2.0,10.0,56.0,16.0,59.0,14.0,56.0,36.0,16.0,4.0,18.0,6.0,2.0,46.0,23.0,20.0,72.0,146.0,9.0,6818.0,0.0,4.0,21.0,103.0,623.0,232.0,183.0,7.0,36.0,13.0,7.0
Ennis_Ennis_AML1886_HSPC,3.0,14.0,6.0,2.0,3.0,19.0,4.0,4.0,18.0,0.0,12.0,45.0,3.0,15.0,9.0,96.0,10.0,27.0,1.0,4.0,2.0,3.0,12.0,34.0,20.0,2.0,7.0,10.0,12.0,11.0,10.0,5.0,0.0,0.0,5.0,81.0,7.0,6.0,10.0,32.0,367.0,10.0,11.0,3.0,62.0,18.0,6.0,1.0,127.0,17.0,16.0,11.0,4.0,1.0,7.0,9.0,7.0,4.0,32.0,45.0,25.0,51.0,16.0,19.0,18.0,2.0,20.0,2.0,8.0,59.0,13.0,5.0,89.0,1.0,24.0,4.0,10.0,6.0,12.0,14.0,58.0,5.0,1.0,8.0,3.0,19.0,4.0,9.0,12.0,13.0,3.0,2.0,5.0,1.0,0.0,14.0,8.0,3.0,14.0,1.0,302.0,10.0,6.0,70.0,20.0,13.0,7.0,4.0,5.0,1.0,5.0,53.0,2.0,3.0,77.0,18.0,1.0,186.0,3.0,1.0,3.0,7.0,8.0,16.0,20.0,7.0,0.0,62.0,21.0,1.0,168.0,29.0,56.0,27.0,33.0,89.0,15.0,13.0,52.0,6.0,519.0,1.0,143.0,0.0,3.0,28.0,49.0,144.0,19.0,10.0,28.0,93.0,1.0,9.0,11.0,5.0,43.0,13.0,5.0,4.0,34.0,22.0,20.0,3.0,0.0,12.0,6.0,2.0,6.0,4.0,2.0,38.0,16.0,16.0,1.0,4.0,12.0,1.0,28.0,6.0,14.0,1.0,7.0,5.0,55.0,1.0,26.0,19.0,40.0,11.0,476.0,230.0,14.0,163.0,6.0,2.0,27.0,8.0,2.0,6.0,22.0,36.0,5.0,9.0,22.0,6.0,1.0,12.0,0.0,14.0,2303.0,103.0,0.0,29.0,7.0,25.0,100.0,6.0,152.0,1.0,3.0,4.0,7.0,6.0,14.0,138.0,12.0,19.0,2.0,6.0,12.0,10.0,10.0,38.0,14.0,6.0,1.0,9.0,3.0,3.0,3.0,2.0,2.0,15.0,2.0,1.0,34.0,39.0,15.0,2639.0,919.0,4.0,10.0,1.0,2.0,2.0,38.0,12.0,4.0,8.0,14.0,2.0,11.0,30.0,1.0,2.0,10.0,51.0,112.0,3.0,11.0,12.0,7.0,0.0,16.0,12.0,7.0,11.0,2.0,6.0,0.0,1.0,1.0,17.0,1.0,5.0,5.0,12.0,8.0,5.0,33.0,6.0,37.0,9.0,14.0,4.0,0.0,12.0,24.0,180.0,568.0,1.0,6.0,6.0,16.0,4.0,1.0,8.0,85.0,7.0,20.0,4.0,6.0,6.0,14.0,12.0,11.0,10.0,15.0,2.0,5.0,0.0,0.0,1.0,10.0,3.0,0.0,33.0,111.0,0.0,19.0,11.0,1.0,42.0,14.0,7.0,7.0,20.0,16.0,4.0,4.0,6.0,96.0,48.0,4.0,2.0,15.0,4.0,5.0,6.0,3.0,19.0,33.0,1.0,23.0,98.0,18.0,51.0,12.0,6.0,2.0,1.0,8.0,8.0,11.0,13.0,3.0,18.0,4.0,17.0,32.0,2.0,17.0,15.0,3.0,16.0,22.0,3.0,4.0,14.0,2.0,7.0,13.0,18.0,1.0,6.0,390.0,15.0,2.0,0.0,3.0,2.0,4.0,16.0,16.0,6.0,32.0,14.0,14.0,22.0,1.0,4.0,7.0,7.0,14.0,15.0,12.0,4.0,33.0,4.0,12.0,21.0,16.0,13.0,3.0,3.0,15.0,0.0,2.0,7.0,4.0,3.0,28.0,7.0,11.0,8.0,6.0,3.0,7.0,6.0,9.0,5.0,16.0,4.0,2.0,13.0,1.0,1.0,2.0,6.0,3.0,8.0,2.0,6.0,564.0,29.0,6.0,5.0,3.0,3.0,4.0,1.0,12.0,9.0,1.0,89.0,8.0,5.0,121.0,5.0,66.0,20.0,12.0,5.0,37.0,15.0,6.0,5.0,6.0,14.0,2.0,7.0,16.0,29.0,441.0,385.0,10.0,8.0,1.0,9.0,7.0,8.0,2.0,9.0,31.0,1.0,14.0,8.0,3.0,20.0,54.0,76.0,3.0,24.0,148.0,2.0,97.0,7.0,2.0,159.0,38.0,32.0,2.0,4.0,7.0,2.0,16.0,15.0,21.0,10.0,7.0,4.0,99.0,10.0,4.0,2.0,21.0,3.0,10.0,6.0,12.0,4.0,14.0,7.0,6.0,0.0,2.0,3.0,48.0,7.0,10.0,14.0,23.0,1.0,11.0,15.0,41.0,4.0,6.0,48.0,10.0,0.0,9.0,65.0,4.0,82.0,0.0,180.0,2.0,19.0,158.0,44.0,8.0,22.0,19.0,2.0,31.0,15.0,1.0,22.0,21.0,5.0,1.0,20.0,18.0,23.0,19.0,6.0,15.0,2.0,17.0,25.0,99.0,84.0,0.0,11.0,6.0,14.0,32.0,10.0,5.0,7.0,9.0,11.0,2.0,3.0,7.0,13.0,8.0,56.0,1.0,13.0,14.0,56.0,28.0,10.0,4.0,4.0,9.0,25.0,11.0,4.0,5.0,5.0,18.0,33.0,4.0,5.0,10.0,6.0,11.0,24.0,1.0,9.0,5.0,22.0,11.0,9.0,3.0,4.0,17.0,3.0,2.0,5.0,75.0,3.0,0.0,3.0,6.0,2.0,10.0,7.0,15.0,164.0,8.0,1.0,29.0,3.0,9.0,36.0,7.0,36.0,28.0,7.0,5.0,8.0,5.0,10.0,1.0,2.0,8.0,8.0,3.0,17.0,3.0,18.0,2.0,62.0,10.0,6.0,21.0,2.0,13.0,30.0,0.0,0.0,60.0,32.0,0.0,30.0,109.0,10.0,31.0,10.0,2.0,23.0,36.0,18.0,46.0,9.0,11.0,6.0,18.0,6.0,4.0,61.0,0.0,39.0,4.0,2.0,2.0,3.0,6.0,3.0,54.0,211.0,3.0,0.0,15.0,11.0,6.0,56.0,141.0,106.0,9.0,10.0,71.0,1.0,0.0,7.0,1.0,19.0,10.0,8.0,20.0,0.0,34.0,9.0,8.0,60.0,4.0,27.0,22.0,19.0,17.0,15.0,5.0,10.0,4.0,87.0,9.0,4.0,4.0,4.0,1.0,14.0,8.0,13.0,15.0,14.0,5.0,16.0,2.0,4.0,6.0,26.0,5.0,1.0,9.0,5.0,0.0,11.0,37.0,44.0,5.0,13.0,18.0,9.0,15.0,3.0,13.0,12.0,2.0,2.0,7.0,4.0,1.0,5.0,25.0,2.0,1.0,25.0,39.0,2.0,7.0,7.0,110.0,19.0,5.0,4.0,2.0,3.0,4.0,3.0,9.0,13.0,12.0,2.0,2.0,25.0,6.0,4.0,6.0,35.0,20.0,11.0,14.0,11.0,4.0,5.0,40.0,4.0,5.0,23.0,65.0,3.0,1503.0,2.0,5.0,7.0,38.0,258.0,107.0,169.0,6.0,12.0,10.0,21.0
Ennis_Ennis_AML1886_LSPC,53.0,591.0,50.0,57.0,43.0,456.0,99.0,78.0,191.0,28.0,274.0,1447.0,151.0,450.0,218.0,1687.0,240.0,676.0,120.0,94.0,36.0,168.0,306.0,711.0,126.0,71.0,270.0,202.0,215.0,188.0,318.0,395.0,49.0,42.0,46.0,575.0,79.0,245.0,945.0,1737.0,19361.0,421.0,152.0,46.0,1110.0,244.0,159.0,170.0,81.0,590.0,381.0,343.0,63.0,20.0,187.0,208.0,67.0,115.0,1073.0,826.0,265.0,1092.0,432.0,453.0,675.0,126.0,338.0,56.0,218.0,834.0,348.0,87.0,1741.0,13.0,526.0,86.0,1190.0,108.0,300.0,271.0,1000.0,131.0,159.0,46.0,105.0,891.0,90.0,1291.0,121.0,224.0,73.0,48.0,110.0,29.0,125.0,432.0,265.0,72.0,406.0,44.0,5486.0,403.0,150.0,2250.0,1131.0,456.0,156.0,155.0,91.0,69.0,62.0,1004.0,13.0,290.0,1098.0,954.0,210.0,2271.0,105.0,19.0,64.0,75.0,174.0,348.0,252.0,411.0,351.0,2749.0,121.0,33.0,6610.0,563.0,1798.0,818.0,986.0,1525.0,572.0,714.0,3249.0,205.0,2231.0,66.0,10444.0,43.0,52.0,739.0,1188.0,681.0,199.0,2379.0,555.0,5390.0,73.0,225.0,327.0,99.0,622.0,168.0,70.0,83.0,1137.0,88.0,442.0,56.0,54.0,239.0,214.0,129.0,256.0,98.0,109.0,1184.0,1391.0,242.0,71.0,55.0,265.0,158.0,805.0,156.0,502.0,77.0,374.0,221.0,352.0,43.0,616.0,852.0,970.0,392.0,1618.0,1966.0,172.0,4456.0,140.0,49.0,822.0,98.0,46.0,85.0,555.0,433.0,138.0,72.0,603.0,96.0,43.0,219.0,609.0,394.0,95832.0,3688.0,26.0,1351.0,262.0,3627.0,8611.0,355.0,3855.0,97.0,129.0,52.0,152.0,163.0,245.0,61.0,292.0,140.0,44.0,77.0,332.0,250.0,82.0,3038.0,593.0,174.0,6.0,58.0,28.0,153.0,195.0,300.0,118.0,549.0,217.0,34.0,1777.0,323.0,124.0,52492.0,20220.0,500.0,187.0,35.0,66.0,78.0,1197.0,223.0,71.0,154.0,256.0,104.0,641.0,235.0,93.0,22.0,195.0,1138.0,1475.0,59.0,153.0,706.0,163.0,103.0,313.0,309.0,144.0,159.0,286.0,93.0,24.0,23.0,59.0,2216.0,7.0,96.0,74.0,453.0,246.0,290.0,609.0,347.0,1281.0,234.0,531.0,219.0,13.0,347.0,649.0,5002.0,5825.0,7.0,105.0,162.0,569.0,63.0,32.0,259.0,783.0,245.0,1315.0,42.0,288.0,266.0,431.0,498.0,244.0,407.0,1543.0,185.0,35.0,54.0,82.0,88.0,87.0,51.0,22.0,826.0,967.0,82.0,809.0,692.0,381.0,1220.0,1119.0,450.0,635.0,465.0,500.0,43.0,115.0,161.0,731.0,1650.0,112.0,58.0,291.0,20.0,97.0,886.0,237.0,1044.0,779.0,43.0,595.0,3135.0,796.0,1360.0,182.0,47.0,126.0,51.0,112.0,112.0,614.0,144.0,67.0,279.0,97.0,641.0,1009.0,32.0,389.0,165.0,68.0,926.0,773.0,25.0,171.0,458.0,23.0,192.0,319.0,213.0,40.0,139.0,16039.0,479.0,76.0,13.0,87.0,104.0,228.0,441.0,438.0,79.0,389.0,273.0,881.0,508.0,367.0,59.0,104.0,307.0,460.0,723.0,213.0,89.0,387.0,108.0,687.0,514.0,163.0,586.0,88.0,38.0,487.0,23.0,61.0,161.0,55.0,158.0,917.0,170.0,225.0,156.0,319.0,107.0,254.0,153.0,291.0,89.0,275.0,44.0,85.0,229.0,133.0,69.0,112.0,140.0,14.0,203.0,116.0,211.0,9602.0,1804.0,208.0,173.0,7.0,48.0,54.0,32.0,164.0,119.0,44.0,771.0,108.0,115.0,1487.0,95.0,469.0,1021.0,275.0,184.0,362.0,345.0,67.0,81.0,164.0,409.0,38.0,161.0,372.0,1119.0,832.0,834.0,214.0,158.0,51.0,34.0,110.0,178.0,77.0,149.0,203.0,71.0,230.0,163.0,404.0,279.0,989.0,1176.0,53.0,556.0,4076.0,53.0,1032.0,1339.0,125.0,5186.0,996.0,406.0,150.0,100.0,129.0,106.0,395.0,88.0,224.0,93.0,175.0,750.0,814.0,186.0,138.0,92.0,2148.0,108.0,284.0,329.0,283.0,123.0,156.0,128.0,163.0,35.0,83.0,151.0,2148.0,52.0,300.0,481.0,1005.0,43.0,135.0,724.0,786.0,274.0,95.0,811.0,58.0,19.0,98.0,215.0,80.0,2711.0,77.0,911.0,94.0,493.0,4035.0,951.0,217.0,1013.0,672.0,37.0,1014.0,322.0,55.0,457.0,384.0,118.0,229.0,591.0,205.0,736.0,796.0,182.0,168.0,47.0,800.0,871.0,2474.0,4400.0,58.0,200.0,86.0,323.0,4679.0,459.0,81.0,107.0,555.0,498.0,45.0,480.0,526.0,567.0,186.0,676.0,40.0,158.0,543.0,1421.0,979.0,133.0,178.0,57.0,73.0,363.0,288.0,72.0,258.0,123.0,253.0,851.0,251.0,43.0,30.0,330.0,119.0,1108.0,58.0,154.0,365.0,181.0,278.0,160.0,34.0,86.0,769.0,58.0,30.0,65.0,488.0,63.0,83.0,252.0,178.0,54.0,472.0,121.0,760.0,1667.0,48.0,103.0,304.0,90.0,251.0,434.0,136.0,713.0,90.0,131.0,48.0,756.0,259.0,399.0,36.0,28.0,167.0,44.0,217.0,187.0,36.0,931.0,401.0,1226.0,205.0,103.0,779.0,51.0,325.0,632.0,17.0,47.0,1559.0,211.0,231.0,696.0,1726.0,604.0,349.0,797.0,164.0,631.0,1208.0,906.0,1593.0,220.0,121.0,292.0,295.0,101.0,188.0,843.0,117.0,372.0,194.0,63.0,48.0,174.0,147.0,54.0,1155.0,8051.0,134.0,45.0,321.0,153.0,89.0,2164.0,1420.0,3688.0,417.0,264.0,1106.0,406.0,29.0,34.0,111.0,1377.0,285.0,380.0,225.0,2028.0,572.0,184.0,622.0,1995.0,155.0,588.0,840.0,573.0,459.0,463.0,217.0,71.0,29.0,1960.0,222.0,76.0,159.0,96.0,30.0,304.0,216.0,207.0,585.0,239.0,18.0,486.0,35.0,181.0,87.0,653.0,198.0,162.0,61.0,343.0,3.0,186.0,912.0,498.0,163.0,259.0,187.0,670.0,205.0,355.0,795.0,442.0,12.0,99.0,869.0,81.0,47.0,192.0,162.0,607.0,25.0,498.0,1238.0,83.0,105.0,221.0,1390.0,656.0,90.0,43.0,151.0,55.0,228.0,34.0,451.0,398.0,176.0,116.0,50.0,424.0,197.0,674.0,141.0,1991.0,369.0,147.0,141.0,177.0,18.0,95.0,730.0,32.0,305.0,1062.0,1725.0,89.0,69365.0,55.0,74.0,249.0,944.0,8368.0,2037.0,1997.0,142.0,282.0,145.0,67.0
Ennis_Ennis_AML3904_HSPC,9.0,16.0,28.0,6.0,9.0,40.0,19.0,17.0,40.0,2.0,54.0,223.0,20.0,50.0,11.0,298.0,58.0,13.0,10.0,10.0,10.0,21.0,37.0,127.0,30.0,42.0,63.0,29.0,16.0,25.0,36.0,0.0,1.0,5.0,27.0,181.0,12.0,25.0,18.0,68.0,625.0,36.0,28.0,7.0,230.0,18.0,5.0,0.0,162.0,42.0,28.0,69.0,12.0,5.0,19.0,33.0,12.0,21.0,71.0,128.0,111.0,86.0,42.0,39.0,36.0,8.0,51.0,38.0,32.0,342.0,50.0,7.0,326.0,13.0,104.0,22.0,25.0,19.0,27.0,54.0,171.0,11.0,1.0,20.0,15.0,81.0,5.0,8.0,48.0,46.0,8.0,7.0,47.0,11.0,13.0,29.0,32.0,14.0,43.0,1.0,708.0,67.0,16.0,268.0,88.0,62.0,34.0,12.0,18.0,4.0,10.0,92.0,7.0,8.0,197.0,53.0,1.0,311.0,0.0,6.0,8.0,9.0,1.0,32.0,32.0,70.0,1.0,143.0,31.0,2.0,490.0,104.0,185.0,41.0,61.0,215.0,12.0,38.0,172.0,7.0,915.0,5.0,92.0,5.0,10.0,112.0,141.0,210.0,36.0,13.0,1.0,1237.0,22.0,13.0,23.0,22.0,82.0,70.0,18.0,24.0,60.0,8.0,66.0,16.0,3.0,21.0,37.0,15.0,27.0,19.0,14.0,65.0,7.0,68.0,11.0,4.0,62.0,13.0,53.0,16.0,20.0,0.0,11.0,9.0,75.0,4.0,25.0,66.0,74.0,5.0,453.0,241.0,65.0,217.0,17.0,14.0,57.0,25.0,8.0,7.0,52.0,75.0,5.0,8.0,67.0,22.0,12.0,51.0,16.0,43.0,8462.0,420.0,8.0,107.0,19.0,20.0,276.0,58.0,320.0,14.0,0.0,14.0,21.0,9.0,52.0,616.0,36.0,32.0,11.0,15.0,28.0,38.0,27.0,174.0,44.0,14.0,0.0,5.0,9.0,23.0,2.0,8.0,3.0,46.0,7.0,1.0,101.0,110.0,22.0,5383.0,2704.0,13.0,34.0,2.0,4.0,10.0,121.0,25.0,4.0,90.0,59.0,10.0,54.0,39.0,6.0,10.0,35.0,122.0,415.0,6.0,25.0,82.0,26.0,4.0,35.0,42.0,16.0,15.0,4.0,6.0,1.0,3.0,12.0,64.0,0.0,6.0,13.0,15.0,30.0,29.0,104.0,0.0,111.0,13.0,47.0,5.0,3.0,40.0,101.0,494.0,1679.0,20.0,10.0,14.0,46.0,55.0,2.0,45.0,38.0,11.0,85.0,4.0,11.0,47.0,4.0,34.0,29.0,26.0,21.0,13.0,10.0,3.0,7.0,10.0,29.0,6.0,13.0,81.0,56.0,2.0,76.0,24.0,1.0,67.0,35.0,4.0,29.0,8.0,60.0,15.0,12.0,18.0,331.0,46.0,62.0,13.0,53.0,14.0,12.0,19.0,2.0,105.0,39.0,2.0,28.0,229.0,86.0,251.0,35.0,7.0,7.0,22.0,38.0,12.0,69.0,60.0,1.0,53.0,1.0,75.0,115.0,2.0,226.0,24.0,20.0,11.0,64.0,7.0,13.0,46.0,3.0,27.0,93.0,38.0,13.0,14.0,816.0,61.0,8.0,3.0,9.0,9.0,12.0,52.0,53.0,12.0,74.0,49.0,33.0,49.0,9.0,14.0,52.0,24.0,32.0,6.0,33.0,1.0,44.0,30.0,66.0,45.0,38.0,32.0,15.0,4.0,5.0,4.0,17.0,24.0,14.0,27.0,72.0,18.0,40.0,17.0,16.0,4.0,18.0,18.0,8.0,11.0,72.0,10.0,3.0,30.0,38.0,3.0,7.0,41.0,58.0,29.0,18.0,16.0,1040.0,147.0,37.0,11.0,0.0,2.0,16.0,2.0,11.0,15.0,91.0,243.0,34.0,25.0,459.0,10.0,229.0,77.0,20.0,23.0,88.0,32.0,15.0,6.0,39.0,26.0,4.0,27.0,72.0,174.0,1206.0,1339.0,3.0,14.0,8.0,2.0,16.0,31.0,6.0,1.0,7.0,7.0,51.0,19.0,20.0,35.0,121.0,224.0,1.0,76.0,561.0,6.0,34.0,39.0,5.0,342.0,110.0,50.0,5.0,18.0,26.0,32.0,43.0,10.0,61.0,33.0,108.0,17.0,32.0,35.0,3.0,9.0,53.0,9.0,81.0,26.0,15.0,16.0,26.0,5.0,20.0,8.0,13.0,24.0,177.0,23.0,17.0,62.0,71.0,3.0,13.0,26.0,78.0,21.0,1.0,179.0,22.0,0.0,1.0,111.0,14.0,185.0,6.0,171.0,18.0,58.0,380.0,127.0,26.0,65.0,63.0,3.0,56.0,57.0,0.0,45.0,47.0,22.0,4.0,23.0,21.0,124.0,54.0,29.0,20.0,4.0,82.0,107.0,387.0,380.0,0.0,11.0,14.0,44.0,155.0,26.0,15.0,32.0,65.0,5.0,1.0,14.0,5.0,55.0,9.0,113.0,5.0,40.0,41.0,117.0,95.0,61.0,10.0,29.0,19.0,33.0,30.0,3.0,12.0,8.0,82.0,49.0,15.0,14.0,8.0,34.0,31.0,30.0,6.0,16.0,20.0,53.0,36.0,32.0,11.0,11.0,37.0,2.0,1.0,16.0,84.0,9.0,5.0,39.0,23.0,7.0,68.0,17.0,185.0,524.0,10.0,10.0,78.0,5.0,33.0,82.0,16.0,114.0,62.0,11.0,17.0,24.0,22.0,20.0,1.0,8.0,16.0,82.0,18.0,129.0,8.0,35.0,49.0,54.0,55.0,23.0,56.0,8.0,33.0,34.0,6.0,2.0,272.0,125.0,0.0,87.0,382.0,25.0,88.0,51.0,8.0,75.0,183.0,98.0,251.0,49.0,21.0,18.0,1.0,25.0,23.0,221.0,9.0,83.0,9.0,32.0,13.0,21.0,25.0,13.0,80.0,653.0,12.0,1.0,38.0,12.0,18.0,166.0,245.0,148.0,41.0,24.0,136.0,62.0,3.0,11.0,4.0,54.0,10.0,54.0,19.0,1.0,76.0,20.0,50.0,185.0,23.0,78.0,54.0,63.0,36.0,53.0,46.0,37.0,2.0,244.0,48.0,13.0,11.0,9.0,10.0,28.0,38.0,32.0,63.0,55.0,7.0,40.0,5.0,14.0,18.0,100.0,18.0,16.0,21.0,25.0,17.0,59.0,71.0,41.0,3.0,25.0,27.0,28.0,31.0,14.0,40.0,18.0,0.0,1.0,26.0,18.0,1.0,9.0,22.0,5.0,26.0,73.0,143.0,6.0,22.0,20.0,304.0,20.0,11.0,6.0,14.0,16.0,16.0,3.0,43.0,28.0,23.0,6.0,1.0,74.0,16.0,31.0,8.0,53.0,35.0,24.0,13.0,31.0,7.0,6.0,93.0,8.0,44.0,79.0,167.0,12.0,1853.0,1.0,22.0,17.0,105.0,876.0,241.0,442.0,9.0,19.0,18.0,49.0
Ennis_Ennis_AML3904_LSPC,44.0,90.0,81.0,24.0,25.0,139.0,32.0,43.0,100.0,12.0,149.0,654.0,52.0,193.0,29.0,534.0,99.0,115.0,11.0,22.0,27.0,70.0,134.0,225.0,93.0,72.0,94.0,100.0,38.0,93.0,72.0,3.0,3.0,33.0,46.0,359.0,31.0,71.0,148.0,468.0,2797.0,148.0,58.0,21.0,596.0,76.0,28.0,14.0,12.0,164.0,129.0,166.0,35.0,29.0,60.0,73.0,20.0,65.0,200.0,158.0,129.0,255.0,164.0,122.0,186.0,16.0,233.0,72.0,64.0,949.0,123.0,24.0,714.0,9.0,238.0,48.0,166.0,40.0,86.0,126.0,482.0,29.0,5.0,41.0,51.0,292.0,12.0,31.0,48.0,85.0,13.0,22.0,58.0,7.0,45.0,158.0,312.0,35.0,60.0,11.0,1381.0,227.0,54.0,1098.0,312.0,180.0,105.0,53.0,68.0,11.0,33.0,298.0,32.0,12.0,495.0,180.0,34.0,801.0,3.0,2.0,61.0,22.0,6.0,93.0,66.0,215.0,2.0,566.0,93.0,4.0,1799.0,348.0,661.0,129.0,167.0,370.0,35.0,196.0,782.0,23.0,226.0,13.0,274.0,14.0,13.0,388.0,497.0,67.0,67.0,339.0,5.0,3530.0,35.0,83.0,109.0,42.0,347.0,229.0,51.0,40.0,236.0,32.0,152.0,36.0,4.0,114.0,71.0,63.0,128.0,56.0,63.0,385.0,21.0,104.0,106.0,13.0,173.0,34.0,185.0,36.0,91.0,0.0,85.0,23.0,220.0,24.0,94.0,196.0,182.0,33.0,125.0,162.0,184.0,717.0,54.0,16.0,122.0,37.0,23.0,23.0,222.0,310.0,42.0,14.0,184.0,63.0,73.0,98.0,171.0,146.0,27242.0,1612.0,47.0,313.0,73.0,188.0,1645.0,149.0,1214.0,34.0,0.0,64.0,62.0,64.0,85.0,526.0,137.0,60.0,24.0,31.0,124.0,92.0,61.0,974.0,138.0,98.0,5.0,26.0,19.0,77.0,11.0,39.0,5.0,193.0,60.0,15.0,346.0,213.0,74.0,13184.0,5130.0,121.0,74.0,7.0,17.0,22.0,595.0,98.0,23.0,120.0,163.0,24.0,234.0,68.0,39.0,22.0,81.0,404.0,699.0,37.0,88.0,262.0,64.0,30.0,133.0,143.0,70.0,46.0,43.0,26.0,0.0,14.0,52.0,574.0,5.0,18.0,42.0,62.0,69.0,128.0,348.0,11.0,376.0,68.0,139.0,33.0,7.0,169.0,270.0,1445.0,2361.0,70.0,37.0,79.0,169.0,109.0,7.0,107.0,29.0,37.0,290.0,16.0,121.0,136.0,6.0,171.0,92.0,125.0,182.0,49.0,18.0,1.0,18.0,14.0,125.0,10.0,19.0,285.0,52.0,0.0,283.0,125.0,85.0,231.0,234.0,29.0,139.0,21.0,221.0,54.0,35.0,91.0,811.0,315.0,149.0,28.0,143.0,22.0,12.0,141.0,9.0,374.0,100.0,10.0,76.0,670.0,285.0,650.0,149.0,19.0,13.0,39.0,73.0,70.0,264.0,139.0,13.0,96.0,2.0,208.0,364.0,4.0,257.0,97.0,39.0,27.0,182.0,6.0,39.0,200.0,13.0,69.0,127.0,80.0,36.0,50.0,2431.0,273.0,14.0,0.0,45.0,92.0,59.0,117.0,164.0,38.0,78.0,141.0,112.0,158.0,179.0,30.0,91.0,123.0,100.0,19.0,111.0,3.0,153.0,50.0,205.0,127.0,77.0,103.0,34.0,11.0,17.0,21.0,33.0,93.0,37.0,59.0,209.0,33.0,66.0,24.0,61.0,32.0,109.0,116.0,60.0,44.0,176.0,27.0,22.0,106.0,155.0,2.0,37.0,141.0,103.0,94.0,58.0,87.0,1534.0,606.0,120.0,42.0,0.0,5.0,16.0,14.0,48.0,60.0,107.0,157.0,78.0,74.0,948.0,20.0,300.0,211.0,125.0,48.0,171.0,96.0,33.0,21.0,66.0,92.0,17.0,88.0,171.0,622.0,234.0,471.0,16.0,22.0,10.0,12.0,32.0,94.0,35.0,3.0,28.0,41.0,148.0,48.0,132.0,83.0,324.0,534.0,14.0,218.0,1553.0,24.0,41.0,303.0,21.0,964.0,366.0,125.0,9.0,62.0,82.0,60.0,127.0,17.0,128.0,58.0,153.0,42.0,72.0,101.0,6.0,40.0,318.0,16.0,194.0,60.0,47.0,37.0,68.0,44.0,48.0,34.0,38.0,115.0,754.0,35.0,89.0,232.0,228.0,0.0,20.0,84.0,215.0,87.0,4.0,297.0,17.0,0.0,2.0,116.0,23.0,815.0,14.0,46.0,53.0,216.0,1664.0,504.0,81.0,271.0,204.0,7.0,151.0,173.0,5.0,98.0,71.0,51.0,18.0,80.0,59.0,403.0,198.0,76.0,91.0,8.0,256.0,294.0,998.0,1248.0,0.0,54.0,45.0,102.0,1735.0,115.0,39.0,47.0,238.0,23.0,19.0,21.0,25.0,216.0,64.0,210.0,10.0,18.0,183.0,389.0,333.0,120.0,24.0,78.0,35.0,85.0,87.0,7.0,63.0,30.0,165.0,259.0,78.0,28.0,35.0,250.0,13.0,132.0,9.0,51.0,99.0,95.0,40.0,46.0,16.0,45.0,223.0,17.0,22.0,28.0,97.0,28.0,6.0,147.0,136.0,13.0,169.0,48.0,644.0,725.0,17.0,57.0,206.0,29.0,116.0,259.0,53.0,189.0,138.0,38.0,17.0,162.0,56.0,123.0,3.0,22.0,42.0,173.0,79.0,167.0,13.0,215.0,193.0,226.0,120.0,63.0,327.0,35.0,81.0,154.0,8.0,15.0,793.0,295.0,1.0,272.0,1233.0,186.0,166.0,169.0,41.0,316.0,537.0,374.0,722.0,124.0,34.0,75.0,19.0,53.0,100.0,456.0,37.0,186.0,62.0,38.0,37.0,45.0,54.0,14.0,333.0,2267.0,47.0,2.0,131.0,35.0,53.0,802.0,588.0,641.0,178.0,114.0,405.0,227.0,6.0,28.0,24.0,254.0,43.0,167.0,99.0,18.0,166.0,73.0,202.0,541.0,53.0,280.0,256.0,226.0,153.0,209.0,99.0,93.0,12.0,732.0,102.0,28.0,29.0,27.0,15.0,90.0,104.0,32.0,201.0,165.0,11.0,164.0,6.0,64.0,53.0,275.0,83.0,41.0,51.0,96.0,28.0,123.0,323.0,57.0,4.0,30.0,15.0,124.0,99.0,81.0,193.0,102.0,2.0,2.0,167.0,24.0,4.0,38.0,24.0,76.0,40.0,145.0,358.0,26.0,28.0,83.0,481.0,113.0,31.0,22.0,49.0,46.0,95.0,10.0,250.0,178.0,63.0,8.0,4.0,219.0,63.0,152.0,44.0,241.0,144.0,71.0,36.0,97.0,11.0,19.0,288.0,13.0,112.0,335.0,569.0,42.0,11451.0,3.0,64.0,98.0,352.0,2590.0,611.0,550.0,37.0,92.0,62.0,45.0
Ennis_Ennis_AML4978_HSPC,1.0,0.0,1.0,0.0,4.0,3.0,0.0,0.0,4.0,0.0,2.0,9.0,0.0,2.0,3.0,5.0,4.0,8.0,0.0,0.0,1.0,3.0,2.0,2.0,2.0,0.0,0.0,0.0,0.0,3.0,3.0,0.0,0.0,0.0,2.0,3.0,0.0,1.0,1.0,4.0,45.0,0.0,0.0,0.0,11.0,2.0,3.0,0.0,11.0,4.0,3.0,1.0,0.0,0.0,2.0,1.0,1.0,2.0,1.0,6.0,5.0,4.0,3.0,4.0,1.0,3.0,0.0,0.0,1.0,5.0,1.0,1.0,13.0,0.0,2.0,1.0,1.0,0.0,2.0,1.0,4.0,0.0,0.0,0.0,3.0,3.0,0.0,3.0,0.0,1.0,0.0,1.0,1.0,0.0,1.0,0.0,1.0,4.0,0.0,0.0,22.0,0.0,0.0,6.0,3.0,2.0,0.0,0.0,0.0,0.0,0.0,2.0,0.0,1.0,1.0,1.0,0.0,9.0,0.0,0.0,0.0,1.0,2.0,1.0,0.0,2.0,0.0,0.0,2.0,0.0,24.0,3.0,3.0,11.0,3.0,3.0,1.0,1.0,1.0,0.0,65.0,4.0,33.0,2.0,0.0,1.0,3.0,9.0,1.0,2.0,2.0,12.0,0.0,0.0,0.0,0.0,2.0,1.0,0.0,0.0,3.0,0.0,2.0,2.0,0.0,1.0,0.0,2.0,0.0,2.0,2.0,2.0,3.0,1.0,1.0,1.0,1.0,0.0,3.0,1.0,1.0,0.0,0.0,1.0,5.0,0.0,3.0,3.0,10.0,0.0,20.0,23.0,3.0,18.0,1.0,1.0,6.0,0.0,0.0,0.0,2.0,4.0,0.0,0.0,9.0,1.0,0.0,1.0,1.0,1.0,161.0,18.0,0.0,5.0,1.0,3.0,19.0,0.0,16.0,1.0,0.0,0.0,1.0,1.0,2.0,0.0,0.0,1.0,0.0,0.0,1.0,1.0,0.0,7.0,2.0,1.0,0.0,0.0,0.0,0.0,0.0,1.0,0.0,1.0,0.0,0.0,17.0,4.0,1.0,139.0,68.0,1.0,0.0,0.0,0.0,0.0,0.0,0.0,0.0,0.0,1.0,0.0,2.0,1.0,1.0,0.0,1.0,4.0,15.0,1.0,1.0,2.0,1.0,0.0,2.0,4.0,1.0,3.0,1.0,0.0,0.0,0.0,0.0,0.0,2.0,0.0,0.0,4.0,0.0,2.0,2.0,0.0,3.0,0.0,1.0,0.0,0.0,3.0,0.0,16.0,46.0,1.0,0.0,1.0,1.0,0.0,1.0,5.0,2.0,0.0,4.0,4.0,0.0,2.0,13.0,1.0,2.0,1.0,6.0,2.0,1.0,0.0,0.0,1.0,0.0,1.0,1.0,1.0,18.0,0.0,2.0,3.0,1.0,1.0,1.0,0.0,4.0,1.0,0.0,1.0,1.0,1.0,2.0,2.0,2.0,1.0,3.0,1.0,3.0,0.0,2.0,1.0,6.0,1.0,0.0,5.0,3.0,4.0,0.0,0.0,0.0,2.0,0.0,0.0,0.0,1.0,0.0,5.0,0.0,1.0,4.0,0.0,0.0,0.0,0.0,5.0,1.0,1.0,0.0,1.0,1.0,0.0,2.0,1.0,0.0,1.0,45.0,2.0,1.0,0.0,3.0,0.0,0.0,0.0,2.0,1.0,1.0,1.0,2.0,1.0,0.0,1.0,1.0,3.0,1.0,1.0,2.0,1.0,3.0,1.0,4.0,3.0,2.0,4.0,3.0,0.0,0.0,0.0,1.0,2.0,0.0,1.0,1.0,0.0,2.0,0.0,1.0,0.0,1.0,0.0,1.0,2.0,0.0,0.0,0.0,0.0,0.0,0.0,0.0,0.0,0.0,1.0,0.0,0.0,35.0,6.0,0.0,0.0,0.0,0.0,0.0,0.0,0.0,1.0,0.0,11.0,1.0,1.0,10.0,1.0,9.0,3.0,2.0,0.0,2.0,4.0,0.0,6.0,0.0,0.0,0.0,0.0,1.0,7.0,20.0,14.0,0.0,0.0,0.0,2.0,0.0,0.0,0.0,0.0,3.0,0.0,2.0,1.0,1.0,1.0,7.0,6.0,0.0,2.0,12.0,0.0,2.0,1.0,1.0,17.0,1.0,6.0,0.0,0.0,0.0,0.0,1.0,3.0,3.0,2.0,0.0,2.0,5.0,2.0,0.0,1.0,1.0,1.0,4.0,2.0,5.0,1.0,2.0,1.0,0.0,0.0,0.0,1.0,3.0,1.0,0.0,4.0,5.0,1.0,1.0,2.0,4.0,0.0,0.0,6.0,8.0,0.0,1.0,5.0,0.0,9.0,1.0,1.0,1.0,1.0,14.0,6.0,1.0,5.0,2.0,0.0,2.0,3.0,0.0,3.0,1.0,0.0,1.0,4.0,2.0,2.0,0.0,2.0,0.0,1.0,5.0,2.0,9.0,6.0,0.0,3.0,1.0,0.0,0.0,1.0,1.0,3.0,0.0,0.0,1.0,1.0,2.0,0.0,0.0,1.0,2.0,0.0,1.0,1.0,1.0,0.0,0.0,0.0,0.0,5.0,1.0,0.0,0.0,0.0,1.0,2.0,1.0,2.0,0.0,2.0,1.0,7.0,0.0,1.0,0.0,4.0,8.0,1.0,0.0,1.0,2.0,0.0,0.0,0.0,3.0,2.0,0.0,0.0,0.0,0.0,2.0,0.0,4.0,7.0,0.0,0.0,4.0,0.0,0.0,0.0,0.0,7.0,0.0,1.0,2.0,0.0,0.0,0.0,0.0,1.0,1.0,1.0,0.0,0.0,0.0,2.0,2.0,3.0,3.0,2.0,4.0,1.0,2.0,6.0,0.0,0.0,5.0,4.0,1.0,1.0,6.0,0.0,1.0,1.0,0.0,2.0,1.0,2.0,5.0,2.0,0.0,0.0,12.0,1.0,1.0,3.0,1.0,3.0,0.0,1.0,2.0,0.0,0.0,0.0,4.0,34.0,0.0,0.0,0.0,1.0,1.0,1.0,12.0,14.0,0.0,0.0,12.0,0.0,0.0,2.0,0.0,0.0,0.0,3.0,2.0,0.0,6.0,0.0,6.0,4.0,2.0,0.0,4.0,0.0,2.0,1.0,1.0,0.0,0.0,10.0,0.0,0.0,0.0,0.0,0.0,1.0,0.0,2.0,1.0,1.0,0.0,1.0,0.0,1.0,0.0,6.0,1.0,0.0,1.0,0.0,0.0,0.0,8.0,25.0,1.0,1.0,1.0,1.0,1.0,0.0,0.0,0.0,0.0,3.0,1.0,0.0,0.0,2.0,0.0,0.0,0.0,1.0,5.0,0.0,0.0,2.0,15.0,1.0,0.0,0.0,1.0,0.0,0.0,0.0,3.0,0.0,1.0,0.0,1.0,1.0,0.0,1.0,2.0,1.0,4.0,0.0,0.0,1.0,1.0,5.0,2.0,1.0,1.0,0.0,6.0,0.0,122.0,0.0,0.0,3.0,4.0,27.0,8.0,6.0,0.0,1.0,0.0,3.0
Ennis_Ennis_AML4978_LSPC,51.0,125.0,119.0,16.0,55.0,350.0,121.0,18.0,291.0,13.0,394.0,1381.0,70.0,548.0,182.0,2203.0,227.0,483.0,76.0,46.0,58.0,160.0,214.0,687.0,120.0,60.0,216.0,263.0,114.0,298.0,418.0,361.0,68.0,210.0,106.0,63.0,62.0,196.0,245.0,989.0,13353.0,273.0,100.0,66.0,2199.0,207.0,51.0,486.0,17.0,379.0,291.0,240.0,27.0,21.0,120.0,222.0,71.0,149.0,1095.0,409.0,197.0,811.0,382.0,403.0,602.0,139.0,283.0,194.0,367.0,1111.0,383.0,49.0,1721.0,387.0,496.0,82.0,1016.0,102.0,320.0,407.0,958.0,149.0,52.0,70.0,160.0,808.0,56.0,1026.0,234.0,144.0,39.0,41.0,44.0,18.0,65.0,73.0,535.0,105.0,191.0,44.0,3185.0,259.0,174.0,2212.0,936.0,350.0,157.0,129.0,201.0,42.0,27.0,978.0,22.0,28.0,1377.0,191.0,141.0,2512.0,53.0,2.0,43.0,40.0,63.0,391.0,268.0,418.0,79.0,1112.0,92.0,8.0,5735.0,843.0,1266.0,711.0,806.0,808.0,157.0,654.0,2177.0,115.0,2656.0,33.0,5990.0,38.0,122.0,889.0,1335.0,750.0,56.0,636.0,415.0,4829.0,182.0,177.0,256.0,40.0,725.0,258.0,88.0,118.0,815.0,37.0,764.0,182.0,63.0,102.0,128.0,131.0,225.0,117.0,97.0,1169.0,205.0,279.0,712.0,12.0,218.0,238.0,622.0,105.0,332.0,14.0,164.0,122.0,656.0,36.0,197.0,1410.0,597.0,132.0,3348.0,4139.0,43.0,3505.0,174.0,180.0,516.0,81.0,36.0,133.0,536.0,1044.0,133.0,40.0,495.0,122.0,41.0,199.0,1004.0,452.0,79272.0,2834.0,28.0,1110.0,91.0,1796.0,5925.0,37.0,4278.0,150.0,9.0,86.0,190.0,115.0,263.0,6.0,267.0,164.0,73.0,158.0,176.0,182.0,99.0,1390.0,393.0,62.0,4.0,42.0,40.0,127.0,126.0,241.0,60.0,186.0,154.0,33.0,1466.0,404.0,88.0,26673.0,17806.0,256.0,129.0,14.0,40.0,114.0,923.0,135.0,52.0,198.0,259.0,49.0,431.0,172.0,99.0,27.0,134.0,1699.0,2584.0,56.0,202.0,601.0,183.0,108.0,227.0,367.0,133.0,179.0,478.0,89.0,17.0,70.0,23.0,370.0,21.0,34.0,194.0,274.0,157.0,150.0,291.0,66.0,1360.0,187.0,384.0,86.0,20.0,255.0,552.0,4360.0,6380.0,26.0,81.0,104.0,795.0,44.0,12.0,129.0,1110.0,115.0,972.0,251.0,209.0,201.0,110.0,289.0,269.0,342.0,1952.0,199.0,54.0,18.0,41.0,145.0,83.0,45.0,25.0,641.0,7527.0,71.0,841.0,390.0,1370.0,1162.0,595.0,377.0,821.0,91.0,421.0,42.0,72.0,183.0,555.0,754.0,370.0,157.0,248.0,34.0,134.0,558.0,41.0,734.0,393.0,25.0,19.0,2700.0,694.0,1184.0,156.0,48.0,116.0,117.0,159.0,60.0,564.0,62.0,15.0,469.0,43.0,526.0,998.0,44.0,185.0,199.0,77.0,168.0,344.0,91.0,164.0,397.0,14.0,236.0,208.0,95.0,84.0,135.0,5572.0,595.0,69.0,10.0,144.0,134.0,259.0,221.0,459.0,72.0,328.0,257.0,595.0,386.0,237.0,71.0,85.0,221.0,197.0,372.0,272.0,73.0,300.0,70.0,644.0,254.0,133.0,303.0,135.0,17.0,711.0,37.0,63.0,711.0,67.0,65.0,772.0,49.0,275.0,121.0,176.0,78.0,169.0,134.0,155.0,96.0,243.0,112.0,179.0,222.0,324.0,47.0,135.0,278.0,9.0,155.0,147.0,49.0,6519.0,1650.0,262.0,218.0,46.0,31.0,41.0,25.0,174.0,135.0,25.0,358.0,177.0,96.0,1377.0,37.0,467.0,687.0,363.0,104.0,339.0,246.0,3.0,306.0,111.0,250.0,81.0,166.0,383.0,422.0,153.0,14.0,320.0,74.0,60.0,62.0,47.0,151.0,65.0,32.0,91.0,57.0,328.0,96.0,135.0,352.0,902.0,1254.0,12.0,459.0,3692.0,53.0,5.0,2730.0,186.0,4350.0,821.0,611.0,60.0,130.0,193.0,126.0,322.0,43.0,222.0,105.0,122.0,2205.0,636.0,251.0,26.0,125.0,583.0,93.0,593.0,209.0,196.0,96.0,128.0,144.0,77.0,102.0,0.0,270.0,884.0,130.0,144.0,494.0,757.0,61.0,284.0,480.0,760.0,193.0,19.0,764.0,58.0,2.0,15.0,160.0,72.0,2215.0,103.0,171.0,113.0,377.0,2660.0,1169.0,237.0,698.0,521.0,3.0,976.0,326.0,8.0,559.0,317.0,105.0,173.0,746.0,210.0,946.0,912.0,175.0,190.0,90.0,485.0,695.0,2182.0,3304.0,161.0,79.0,98.0,272.0,468.0,256.0,87.0,181.0,568.0,557.0,63.0,1509.0,414.0,333.0,214.0,669.0,88.0,528.0,374.0,966.0,597.0,52.0,172.0,127.0,142.0,240.0,218.0,45.0,186.0,40.0,284.0,1023.0,422.0,54.0,85.0,223.0,158.0,365.0,42.0,155.0,231.0,218.0,163.0,167.0,26.0,83.0,223.0,22.0,45.0,78.0,231.0,172.0,29.0,191.0,171.0,44.0,278.0,107.0,1010.0,1035.0,56.0,60.0,341.0,89.0,245.0,444.0,128.0,460.0,73.0,74.0,65.0,645.0,302.0,176.0,33.0,24.0,100.0,90.0,184.0,274.0,31.0,342.0,470.0,376.0,241.0,174.0,748.0,57.0,436.0,252.0,89.0,36.0,1426.0,484.0,14.0,1090.0,1989.0,253.0,190.0,555.0,106.0,608.0,848.0,675.0,1311.0,235.0,84.0,34.0,252.0,123.0,200.0,1283.0,105.0,291.0,121.0,85.0,40.0,215.0,179.0,64.0,743.0,5955.0,121.0,8.0,418.0,97.0,97.0,1674.0,1536.0,1758.0,411.0,216.0,1135.0,41.0,43.0,78.0,67.0,425.0,127.0,347.0,170.0,309.0,687.0,124.0,609.0,1676.0,159.0,332.0,624.0,507.0,276.0,311.0,346.0,119.0,19.0,1870.0,248.0,43.0,207.0,105.0,35.0,293.0,157.0,199.0,553.0,216.0,66.0,506.0,14.0,217.0,70.0,597.0,231.0,116.0,92.0,249.0,0.0,222.0,536.0,1487.0,106.0,338.0,181.0,556.0,45.0,387.0,287.0,237.0,16.0,14.0,450.0,107.0,20.0,148.0,75.0,489.0,54.0,320.0,1064.0,61.0,55.0,190.0,1635.0,537.0,61.0,61.0,98.0,187.0,192.0,40.0,417.0,396.0,251.0,88.0,60.0,575.0,230.0,899.0,76.0,486.0,474.0,99.0,97.0,189.0,55.0,60.0,769.0,93.0,78.0,951.0,1538.0,95.0,31209.0,13.0,162.0,222.0,853.0,8658.0,1672.0,1748.0,48.0,272.0,113.0,106.0
Ennis_Ennis_AML5750_HSPC,0.0,5.0,3.0,2.0,1.0,7.0,1.0,1.0,9.0,1.0,3.0,12.0,0.0,10.0,1.0,34.0,10.0,4.0,1.0,1.0,0.0,2.0,5.0,12.0,15.0,2.0,6.0,1.0,3.0,3.0,14.0,2.0,2.0,1.0,2.0,8.0,0.0,2.0,0.0,18.0,86.0,3.0,4.0,0.0,28.0,2.0,6.0,8.0,10.0,8.0,6.0,10.0,3.0,2.0,5.0,4.0,1.0,3.0,12.0,19.0,10.0,19.0,9.0,5.0,4.0,3.0,10.0,3.0,3.0,7.0,7.0,1.0,46.0,28.0,18.0,1.0,5.0,1.0,6.0,2.0,14.0,0.0,5.0,3.0,3.0,16.0,1.0,19.0,18.0,2.0,1.0,2.0,3.0,2.0,2.0,0.0,1.0,10.0,5.0,1.0,115.0,6.0,2.0,25.0,15.0,12.0,4.0,3.0,1.0,1.0,4.0,21.0,2.0,5.0,22.0,4.0,2.0,35.0,1.0,1.0,5.0,1.0,0.0,14.0,1.0,14.0,1.0,35.0,12.0,0.0,99.0,21.0,8.0,32.0,15.0,40.0,3.0,9.0,22.0,1.0,85.0,3.0,145.0,11.0,2.0,10.0,10.0,88.0,3.0,0.0,2.0,41.0,1.0,6.0,6.0,2.0,14.0,8.0,4.0,4.0,10.0,4.0,18.0,8.0,4.0,4.0,6.0,4.0,1.0,8.0,0.0,10.0,4.0,3.0,0.0,0.0,4.0,0.0,7.0,1.0,6.0,0.0,3.0,1.0,34.0,2.0,5.0,8.0,14.0,1.0,74.0,22.0,35.0,60.0,0.0,3.0,14.0,5.0,2.0,3.0,9.0,9.0,3.0,3.0,8.0,2.0,1.0,8.0,1.0,8.0,1124.0,73.0,0.0,4.0,12.0,17.0,59.0,5.0,40.0,2.0,0.0,1.0,2.0,5.0,7.0,15.0,11.0,4.0,3.0,3.0,7.0,14.0,3.0,46.0,7.0,4.0,0.0,1.0,2.0,4.0,1.0,4.0,4.0,6.0,0.0,1.0,24.0,7.0,5.0,503.0,350.0,3.0,4.0,1.0,0.0,1.0,11.0,1.0,0.0,12.0,6.0,0.0,7.0,10.0,1.0,1.0,2.0,22.0,59.0,1.0,5.0,9.0,3.0,0.0,6.0,9.0,5.0,1.0,2.0,8.0,0.0,0.0,2.0,13.0,1.0,0.0,1.0,3.0,9.0,3.0,37.0,7.0,13.0,5.0,3.0,0.0,1.0,4.0,10.0,88.0,267.0,1.0,1.0,0.0,3.0,1.0,1.0,3.0,18.0,4.0,21.0,4.0,2.0,5.0,5.0,2.0,3.0,2.0,7.0,1.0,1.0,0.0,3.0,1.0,7.0,3.0,0.0,8.0,18.0,2.0,3.0,12.0,0.0,17.0,1.0,1.0,2.0,17.0,5.0,3.0,1.0,3.0,19.0,14.0,0.0,4.0,5.0,4.0,2.0,2.0,1.0,12.0,9.0,2.0,9.0,22.0,11.0,17.0,2.0,0.0,3.0,3.0,2.0,1.0,11.0,5.0,1.0,3.0,0.0,7.0,5.0,0.0,21.0,13.0,5.0,1.0,6.0,2.0,3.0,4.0,1.0,5.0,6.0,14.0,1.0,2.0,51.0,6.0,1.0,1.0,2.0,2.0,0.0,5.0,4.0,5.0,9.0,4.0,1.0,5.0,1.0,2.0,4.0,5.0,6.0,7.0,3.0,0.0,6.0,1.0,6.0,5.0,6.0,6.0,0.0,0.0,30.0,1.0,2.0,2.0,0.0,1.0,12.0,4.0,9.0,3.0,3.0,0.0,5.0,2.0,3.0,2.0,9.0,2.0,0.0,5.0,1.0,3.0,1.0,9.0,11.0,1.0,2.0,1.0,134.0,14.0,10.0,1.0,1.0,1.0,0.0,1.0,3.0,3.0,0.0,37.0,1.0,2.0,41.0,2.0,42.0,6.0,5.0,2.0,12.0,4.0,3.0,2.0,7.0,10.0,4.0,4.0,5.0,22.0,38.0,49.0,0.0,0.0,4.0,1.0,4.0,4.0,5.0,1.0,0.0,1.0,2.0,5.0,3.0,4.0,23.0,26.0,1.0,12.0,74.0,1.0,11.0,4.0,2.0,54.0,17.0,14.0,0.0,1.0,1.0,2.0,4.0,5.0,4.0,6.0,2.0,10.0,10.0,1.0,3.0,3.0,8.0,3.0,1.0,2.0,4.0,4.0,7.0,4.0,5.0,1.0,1.0,4.0,15.0,1.0,5.0,5.0,11.0,2.0,6.0,11.0,8.0,1.0,0.0,26.0,7.0,0.0,3.0,20.0,2.0,32.0,0.0,22.0,2.0,8.0,47.0,11.0,2.0,4.0,8.0,5.0,9.0,4.0,1.0,6.0,8.0,3.0,2.0,18.0,1.0,19.0,8.0,2.0,1.0,1.0,11.0,9.0,45.0,30.0,0.0,2.0,4.0,4.0,6.0,5.0,1.0,8.0,1.0,1.0,0.0,2.0,5.0,4.0,1.0,19.0,2.0,6.0,2.0,12.0,6.0,7.0,3.0,4.0,1.0,10.0,3.0,4.0,1.0,6.0,11.0,3.0,3.0,1.0,3.0,1.0,5.0,9.0,1.0,5.0,1.0,6.0,6.0,2.0,2.0,0.0,2.0,2.0,0.0,1.0,21.0,1.0,2.0,1.0,1.0,1.0,2.0,5.0,10.0,68.0,0.0,0.0,11.0,1.0,3.0,9.0,2.0,17.0,4.0,0.0,1.0,6.0,6.0,6.0,2.0,1.0,3.0,9.0,4.0,11.0,2.0,9.0,0.0,3.0,2.0,1.0,16.0,1.0,5.0,10.0,0.0,0.0,33.0,16.0,1.0,11.0,19.0,3.0,9.0,9.0,2.0,5.0,23.0,12.0,23.0,3.0,2.0,11.0,5.0,2.0,2.0,14.0,0.0,17.0,3.0,5.0,1.0,1.0,1.0,1.0,16.0,76.0,0.0,1.0,3.0,3.0,2.0,18.0,53.0,50.0,14.0,3.0,12.0,1.0,1.0,2.0,2.0,6.0,0.0,7.0,3.0,3.0,10.0,3.0,10.0,15.0,4.0,3.0,10.0,8.0,0.0,12.0,3.0,2.0,2.0,30.0,6.0,0.0,1.0,0.0,0.0,1.0,2.0,6.0,10.0,0.0,2.0,9.0,1.0,7.0,2.0,19.0,3.0,3.0,3.0,3.0,2.0,4.0,14.0,19.0,0.0,9.0,6.0,8.0,1.0,0.0,9.0,3.0,1.0,1.0,0.0,2.0,2.0,1.0,7.0,2.0,0.0,6.0,16.0,6.0,1.0,7.0,65.0,3.0,1.0,7.0,6.0,0.0,1.0,1.0,2.0,3.0,5.0,4.0,2.0,8.0,5.0,1.0,2.0,9.0,6.0,7.0,4.0,3.0,0.0,3.0,18.0,7.0,1.0,10.0,25.0,4.0,342.0,3.0,0.0,5.0,12.0,166.0,29.0,62.0,1.0,3.0,2.0,9.0
Ennis_Ennis_AML5750_LSPC,5.0,16.0,6.0,2.0,1.0,8.0,7.0,6.0,15.0,2.0,4.0,34.0,0.0,18.0,2.0,33.0,4.0,5.0,2.0,3.0,0.0,8.0,10.0,20.0,14.0,0.0,13.0,14.0,1.0,10.0,20.0,0.0,0.0,0.0,3.0,31.0,3.0,1.0,2.0,24.0,252.0,11.0,8.0,1.0,70.0,7.0,10.0,6.0,0.0,33.0,14.0,8.0,0.0,5.0,13.0,7.0,3.0,5.0,12.0,11.0,20.0,16.0,20.0,6.0,17.0,4.0,18.0,8.0,3.0,26.0,11.0,2.0,99.0,30.0,21.0,6.0,5.0,1.0,7.0,7.0,49.0,1.0,2.0,7.0,7.0,22.0,2.0,22.0,6.0,9.0,1.0,9.0,8.0,4.0,3.0,8.0,0.0,5.0,1.0,1.0,271.0,12.0,3.0,63.0,21.0,14.0,9.0,1.0,6.0,4.0,0.0,30.0,1.0,31.0,49.0,2.0,2.0,73.0,1.0,3.0,13.0,6.0,2.0,16.0,7.0,53.0,0.0,47.0,96.0,0.0,238.0,40.0,55.0,22.0,41.0,45.0,22.0,3.0,102.0,3.0,94.0,41.0,311.0,3.0,0.0,17.0,38.0,11.0,44.0,4.0,55.0,145.0,1.0,10.0,15.0,0.0,22.0,35.0,7.0,3.0,16.0,22.0,18.0,3.0,0.0,10.0,16.0,10.0,6.0,7.0,0.0,37.0,2.0,22.0,0.0,1.0,4.0,0.0,15.0,4.0,11.0,0.0,4.0,9.0,15.0,0.0,17.0,31.0,13.0,0.0,46.0,51.0,16.0,186.0,4.0,3.0,15.0,2.0,3.0,0.0,29.0,0.0,1.0,3.0,14.0,6.0,0.0,7.0,4.0,9.0,2327.0,102.0,2.0,23.0,5.0,53.0,233.0,3.0,86.0,4.0,0.0,5.0,1.0,2.0,13.0,1.0,14.0,10.0,2.0,3.0,2.0,25.0,8.0,69.0,7.0,9.0,1.0,2.0,0.0,6.0,5.0,5.0,6.0,11.0,2.0,2.0,40.0,9.0,5.0,792.0,640.0,10.0,6.0,0.0,0.0,2.0,43.0,11.0,5.0,7.0,17.0,6.0,19.0,10.0,4.0,3.0,4.0,18.0,102.0,8.0,4.0,26.0,9.0,2.0,30.0,8.0,4.0,1.0,9.0,2.0,0.0,1.0,1.0,4.0,2.0,4.0,2.0,5.0,11.0,13.0,39.0,16.0,90.0,8.0,22.0,6.0,15.0,7.0,14.0,152.0,265.0,0.0,4.0,4.0,5.0,3.0,1.0,3.0,18.0,10.0,31.0,5.0,4.0,17.0,6.0,25.0,10.0,18.0,10.0,7.0,0.0,2.0,1.0,0.0,7.0,1.0,1.0,37.0,12.0,0.0,12.0,12.0,0.0,46.0,8.0,2.0,10.0,8.0,13.0,3.0,7.0,3.0,194.0,13.0,5.0,11.0,16.0,6.0,3.0,2.0,12.0,26.0,5.0,0.0,63.0,82.0,44.0,42.0,0.0,4.0,4.0,0.0,2.0,3.0,15.0,4.0,0.0,12.0,4.0,12.0,52.0,0.0,7.0,6.0,5.0,4.0,27.0,1.0,1.0,25.0,0.0,4.0,8.0,20.0,2.0,4.0,81.0,19.0,3.0,3.0,1.0,6.0,2.0,10.0,13.0,4.0,7.0,3.0,7.0,13.0,2.0,2.0,11.0,2.0,21.0,14.0,22.0,9.0,10.0,6.0,25.0,16.0,20.0,12.0,0.0,1.0,12.0,2.0,1.0,6.0,3.0,10.0,28.0,6.0,10.0,2.0,9.0,2.0,8.0,10.0,5.0,1.0,17.0,0.0,1.0,11.0,1.0,4.0,3.0,15.0,53.0,7.0,4.0,6.0,222.0,36.0,8.0,3.0,0.0,0.0,4.0,2.0,3.0,3.0,0.0,20.0,4.0,9.0,82.0,1.0,32.0,10.0,12.0,5.0,37.0,8.0,2.0,2.0,8.0,13.0,5.0,6.0,9.0,25.0,23.0,29.0,1.0,3.0,12.0,1.0,6.0,2.0,2.0,3.0,9.0,2.0,23.0,12.0,14.0,10.0,16.0,50.0,2.0,25.0,99.0,0.0,9.0,9.0,4.0,145.0,23.0,15.0,0.0,4.0,10.0,11.0,12.0,3.0,9.0,5.0,18.0,7.0,1.0,4.0,5.0,4.0,53.0,1.0,17.0,4.0,3.0,10.0,6.0,1.0,5.0,1.0,5.0,7.0,55.0,5.0,11.0,20.0,19.0,5.0,11.0,18.0,34.0,9.0,3.0,18.0,4.0,0.0,7.0,29.0,3.0,74.0,5.0,4.0,1.0,21.0,90.0,39.0,6.0,20.0,17.0,19.0,17.0,14.0,1.0,12.0,9.0,8.0,2.0,29.0,6.0,61.0,17.0,9.0,8.0,0.0,14.0,18.0,82.0,83.0,0.0,4.0,4.0,13.0,81.0,17.0,4.0,6.0,18.0,1.0,1.0,0.0,1.0,16.0,0.0,25.0,7.0,3.0,10.0,41.0,26.0,10.0,0.0,5.0,5.0,4.0,10.0,0.0,7.0,4.0,19.0,22.0,6.0,1.0,3.0,11.0,1.0,9.0,1.0,7.0,5.0,18.0,3.0,7.0,4.0,2.0,11.0,2.0,1.0,0.0,19.0,1.0,1.0,5.0,4.0,5.0,8.0,7.0,36.0,104.0,2.0,1.0,29.0,7.0,11.0,22.0,2.0,33.0,4.0,4.0,0.0,4.0,4.0,21.0,1.0,4.0,1.0,14.0,5.0,11.0,1.0,15.0,12.0,9.0,8.0,2.0,26.0,6.0,10.0,16.0,0.0,2.0,72.0,93.0,0.0,17.0,81.0,3.0,3.0,21.0,3.0,27.0,45.0,18.0,47.0,7.0,5.0,14.0,1.0,13.0,10.0,39.0,33.0,17.0,3.0,3.0,4.0,2.0,7.0,9.0,23.0,182.0,4.0,0.0,9.0,0.0,4.0,53.0,48.0,53.0,18.0,14.0,43.0,0.0,2.0,1.0,1.0,20.0,0.0,14.0,8.0,0.0,38.0,3.0,22.0,37.0,5.0,18.0,20.0,12.0,7.0,9.0,8.0,5.0,2.0,47.0,11.0,2.0,10.0,2.0,0.0,7.0,12.0,0.0,13.0,10.0,1.0,16.0,1.0,7.0,4.0,21.0,5.0,2.0,0.0,11.0,5.0,18.0,31.0,15.0,4.0,10.0,5.0,17.0,26.0,1.0,9.0,7.0,0.0,1.0,2.0,6.0,1.0,2.0,2.0,5.0,1.0,14.0,40.0,4.0,1.0,11.0,63.0,13.0,2.0,1.0,4.0,5.0,5.0,0.0,17.0,8.0,6.0,2.0,6.0,27.0,5.0,1.0,3.0,79.0,24.0,11.0,4.0,9.0,1.0,5.0,19.0,2.0,2.0,30.0,44.0,5.0,1155.0,0.0,3.0,5.0,29.0,293.0,55.0,55.0,2.0,12.0,7.0,6.0
Ennis_Ennis_AML6323_HSPC,2.0,17.0,2.0,4.0,4.0,15.0,4.0,4.0,6.0,0.0,14.0,35.0,4.0,21.0,2.0,44.0,20.0,8.0,3.0,5.0,0.0,5.0,12.0,33.0,37.0,1.0,14.0,3.0,11.0,10.0,19.0,5.0,4.0,2.0,3.0,25.0,1.0,9.0,8.0,28.0,235.0,20.0,4.0,2.0,76.0,6.0,7.0,20.0,114.0,22.0,12.0,13.0,3.0,2.0,5.0,4.0,5.0,8.0,29.0,43.0,23.0,35.0,23.0,13.0,23.0,6.0,11.0,6.0,4.0,26.0,14.0,1.0,58.0,36.0,30.0,7.0,14.0,7.0,10.0,13.0,43.0,1.0,6.0,4.0,7.0,21.0,5.0,64.0,17.0,10.0,2.0,4.0,22.0,5.0,3.0,5.0,4.0,8.0,5.0,0.0,163.0,19.0,3.0,75.0,18.0,13.0,6.0,2.0,4.0,2.0,1.0,33.0,0.0,6.0,49.0,20.0,4.0,93.0,0.0,6.0,6.0,11.0,9.0,20.0,2.0,29.0,2.0,81.0,31.0,1.0,180.0,27.0,43.0,135.0,28.0,53.0,8.0,27.0,50.0,11.0,208.0,2.0,326.0,5.0,13.0,41.0,19.0,96.0,7.0,20.0,18.0,168.0,7.0,11.0,9.0,1.0,27.0,17.0,5.0,8.0,20.0,4.0,59.0,5.0,0.0,7.0,19.0,4.0,6.0,12.0,4.0,37.0,14.0,5.0,0.0,0.0,12.0,0.0,22.0,3.0,8.0,0.0,2.0,0.0,32.0,2.0,10.0,20.0,36.0,3.0,368.0,425.0,42.0,113.0,1.0,2.0,16.0,4.0,1.0,4.0,9.0,13.0,2.0,0.0,40.0,1.0,0.0,14.0,3.0,9.0,3495.0,211.0,0.0,23.0,17.0,118.0,104.0,12.0,143.0,4.0,0.0,2.0,9.0,3.0,16.0,76.0,11.0,9.0,3.0,1.0,20.0,12.0,4.0,97.0,10.0,6.0,0.0,3.0,3.0,3.0,11.0,6.0,19.0,24.0,4.0,1.0,83.0,24.0,7.0,1242.0,862.0,5.0,12.0,4.0,3.0,3.0,29.0,7.0,6.0,5.0,14.0,1.0,21.0,9.0,3.0,6.0,18.0,47.0,95.0,1.0,12.0,19.0,6.0,1.0,17.0,17.0,5.0,10.0,3.0,6.0,0.0,0.0,2.0,15.0,6.0,1.0,2.0,17.0,8.0,4.0,126.0,2.0,29.0,8.0,13.0,7.0,1.0,9.0,16.0,151.0,384.0,1.0,6.0,7.0,20.0,5.0,0.0,9.0,16.0,5.0,54.0,2.0,3.0,18.0,12.0,9.0,7.0,9.0,26.0,3.0,1.0,0.0,0.0,0.0,5.0,3.0,2.0,28.0,67.0,4.0,6.0,17.0,1.0,21.0,12.0,4.0,14.0,28.0,8.0,9.0,6.0,3.0,40.0,15.0,16.0,1.0,8.0,2.0,2.0,9.0,2.0,28.0,18.0,2.0,18.0,82.0,28.0,49.0,2.0,2.0,5.0,1.0,8.0,2.0,21.0,6.0,3.0,11.0,1.0,14.0,19.0,1.0,60.0,33.0,4.0,6.0,16.0,2.0,6.0,19.0,4.0,4.0,14.0,11.0,2.0,6.0,278.0,17.0,2.0,1.0,2.0,6.0,2.0,6.0,14.0,10.0,21.0,13.0,12.0,15.0,16.0,3.0,8.0,8.0,6.0,20.0,11.0,1.0,18.0,4.0,21.0,12.0,7.0,13.0,2.0,2.0,14.0,0.0,4.0,19.0,2.0,2.0,30.0,5.0,18.0,5.0,9.0,2.0,4.0,2.0,8.0,7.0,15.0,2.0,4.0,12.0,0.0,8.0,2.0,11.0,13.0,4.0,4.0,7.0,297.0,55.0,12.0,1.0,3.0,6.0,0.0,2.0,5.0,6.0,1.0,81.0,2.0,5.0,78.0,9.0,40.0,16.0,9.0,14.0,47.0,4.0,2.0,7.0,10.0,18.0,3.0,7.0,8.0,73.0,69.0,75.0,9.0,1.0,2.0,0.0,6.0,6.0,2.0,2.0,8.0,2.0,18.0,13.0,7.0,20.0,43.0,50.0,1.0,21.0,120.0,3.0,52.0,8.0,4.0,120.0,27.0,21.0,1.0,0.0,4.0,1.0,10.0,10.0,12.0,8.0,9.0,1.0,24.0,16.0,3.0,3.0,22.0,1.0,7.0,9.0,6.0,4.0,7.0,6.0,4.0,2.0,3.0,6.0,45.0,1.0,14.0,18.0,29.0,14.0,18.0,37.0,25.0,13.0,7.0,42.0,13.0,0.0,7.0,57.0,1.0,89.0,5.0,73.0,2.0,23.0,76.0,44.0,8.0,23.0,23.0,14.0,19.0,14.0,1.0,19.0,15.0,4.0,7.0,24.0,12.0,34.0,24.0,6.0,2.0,6.0,23.0,30.0,92.0,100.0,0.0,5.0,5.0,9.0,68.0,18.0,7.0,7.0,12.0,3.0,0.0,3.0,37.0,12.0,2.0,57.0,3.0,1.0,13.0,38.0,20.0,7.0,8.0,4.0,3.0,8.0,16.0,7.0,4.0,7.0,29.0,18.0,3.0,3.0,2.0,1.0,17.0,34.0,5.0,14.0,4.0,7.0,32.0,8.0,3.0,4.0,4.0,3.0,0.0,4.0,29.0,4.0,3.0,0.0,8.0,6.0,21.0,7.0,41.0,158.0,4.0,3.0,12.0,2.0,8.0,13.0,3.0,45.0,6.0,3.0,1.0,4.0,4.0,20.0,4.0,2.0,3.0,24.0,3.0,21.0,2.0,9.0,15.0,28.0,8.0,8.0,33.0,1.0,8.0,22.0,0.0,1.0,68.0,36.0,1.0,24.0,44.0,11.0,8.0,9.0,2.0,15.0,58.0,26.0,67.0,18.0,6.0,17.0,15.0,8.0,4.0,78.0,4.0,31.0,4.0,1.0,2.0,3.0,5.0,2.0,47.0,174.0,5.0,0.0,13.0,15.0,4.0,90.0,55.0,86.0,18.0,6.0,40.0,24.0,3.0,2.0,0.0,20.0,4.0,15.0,9.0,42.0,37.0,4.0,13.0,50.0,8.0,10.0,19.0,14.0,16.0,15.0,11.0,8.0,6.0,62.0,14.0,2.0,4.0,5.0,7.0,5.0,6.0,3.0,18.0,3.0,2.0,11.0,0.0,6.0,4.0,31.0,4.0,4.0,6.0,9.0,7.0,6.0,43.0,68.0,5.0,8.0,19.0,7.0,32.0,2.0,12.0,7.0,5.0,3.0,4.0,6.0,4.0,3.0,20.0,5.0,6.0,19.0,35.0,4.0,2.0,9.0,134.0,15.0,6.0,6.0,1.0,7.0,3.0,3.0,11.0,16.0,8.0,5.0,1.0,17.0,2.0,7.0,5.0,4.0,17.0,7.0,8.0,7.0,4.0,3.0,32.0,12.0,2.0,40.0,58.0,9.0,866.0,8.0,2.0,12.0,36.0,268.0,85.0,105.0,5.0,12.0,3.0,17.0
Ennis_Ennis_AML6323_LSPC,16.0,21.0,17.0,6.0,3.0,47.0,4.0,5.0,18.0,5.0,26.0,103.0,7.0,54.0,17.0,174.0,24.0,35.0,5.0,15.0,5.0,21.0,39.0,62.0,8.0,5.0,22.0,14.0,13.0,42.0,32.0,1.0,0.0,0.0,8.0,15.0,3.0,12.0,111.0,213.0,1184.0,49.0,16.0,3.0,155.0,13.0,1.0,55.0,4.0,61.0,22.0,36.0,10.0,8.0,11.0,18.0,7.0,25.0,46.0,72.0,27.0,111.0,104.0,23.0,64.0,5.0,37.0,8.0,32.0,39.0,26.0,8.0,144.0,0.0,44.0,11.0,54.0,14.0,27.0,27.0,87.0,2.0,54.0,8.0,8.0,64.0,6.0,177.0,17.0,13.0,4.0,6.0,19.0,4.0,18.0,0.0,1.0,10.0,13.0,27.0,459.0,43.0,19.0,269.0,100.0,42.0,16.0,8.0,3.0,16.0,17.0,96.0,8.0,13.0,129.0,38.0,24.0,288.0,2.0,0.0,6.0,20.0,22.0,31.0,5.0,63.0,18.0,227.0,56.0,0.0,680.0,69.0,141.0,566.0,29.0,72.0,73.0,60.0,325.0,5.0,48.0,7.0,949.0,10.0,9.0,129.0,154.0,10.0,3.0,282.0,62.0,852.0,0.0,28.0,43.0,16.0,45.0,31.0,13.0,8.0,52.0,4.0,79.0,11.0,2.0,14.0,36.0,21.0,24.0,22.0,6.0,107.0,2.0,6.0,9.0,0.0,18.0,2.0,44.0,13.0,26.0,1.0,4.0,1.0,91.0,5.0,25.0,16.0,69.0,0.0,12.0,15.0,43.0,358.0,4.0,3.0,59.0,13.0,5.0,10.0,49.0,7.0,25.0,3.0,58.0,5.0,0.0,23.0,51.0,35.0,9783.0,649.0,0.0,99.0,10.0,1091.0,885.0,48.0,452.0,5.0,0.0,7.0,16.0,18.0,26.0,9.0,45.0,14.0,2.0,1.0,18.0,44.0,4.0,728.0,49.0,39.0,6.0,7.0,6.0,21.0,4.0,14.0,48.0,112.0,13.0,2.0,117.0,25.0,22.0,3105.0,1856.0,45.0,22.0,13.0,1.0,4.0,151.0,35.0,2.0,9.0,32.0,1.0,95.0,9.0,12.0,5.0,44.0,58.0,132.0,7.0,28.0,59.0,14.0,9.0,47.0,27.0,13.0,10.0,27.0,25.0,1.0,1.0,12.0,39.0,8.0,11.0,6.0,26.0,16.0,30.0,497.0,12.0,101.0,27.0,56.0,19.0,0.0,24.0,72.0,509.0,668.0,10.0,18.0,16.0,28.0,9.0,5.0,33.0,20.0,13.0,151.0,2.0,29.0,40.0,41.0,34.0,25.0,17.0,85.0,7.0,4.0,2.0,1.0,2.0,16.0,13.0,1.0,78.0,61.0,1.0,21.0,133.0,2.0,70.0,55.0,12.0,54.0,30.0,39.0,10.0,17.0,10.0,75.0,145.0,26.0,5.0,33.0,4.0,5.0,22.0,3.0,103.0,21.0,1.0,97.0,286.0,140.0,193.0,1.0,0.0,13.0,1.0,17.0,30.0,72.0,13.0,7.0,13.0,1.0,53.0,101.0,3.0,66.0,73.0,11.0,22.0,54.0,1.0,15.0,51.0,1.0,33.0,28.0,11.0,6.0,19.0,1281.0,49.0,6.0,6.0,12.0,26.0,13.0,21.0,51.0,12.0,42.0,16.0,63.0,52.0,146.0,4.0,38.0,38.0,24.0,54.0,20.0,1.0,45.0,13.0,55.0,36.0,27.0,19.0,3.0,6.0,34.0,1.0,5.0,53.0,3.0,15.0,96.0,13.0,40.0,13.0,35.0,6.0,48.0,24.0,24.0,8.0,36.0,5.0,17.0,37.0,1.0,10.0,10.0,18.0,2.0,23.0,7.0,27.0,1137.0,160.0,41.0,4.0,1.0,2.0,5.0,3.0,9.0,5.0,0.0,28.0,3.0,12.0,151.0,4.0,79.0,111.0,20.0,13.0,69.0,25.0,1.0,13.0,9.0,64.0,6.0,15.0,34.0,195.0,17.0,13.0,18.0,7.0,11.0,3.0,8.0,26.0,5.0,2.0,1.0,9.0,22.0,14.0,33.0,23.0,71.0,161.0,3.0,115.0,365.0,4.0,13.0,74.0,14.0,417.0,91.0,28.0,1.0,9.0,9.0,7.0,21.0,12.0,19.0,9.0,25.0,20.0,24.0,16.0,3.0,21.0,187.0,1.0,0.0,21.0,15.0,11.0,13.0,5.0,16.0,6.0,10.0,33.0,329.0,3.0,52.0,44.0,132.0,27.0,39.0,53.0,52.0,28.0,2.0,98.0,4.0,0.0,21.0,42.0,7.0,318.0,3.0,9.0,13.0,74.0,335.0,160.0,20.0,104.0,74.0,22.0,58.0,44.0,2.0,33.0,34.0,8.0,16.0,62.0,8.0,85.0,65.0,11.0,16.0,15.0,53.0,103.0,213.0,359.0,0.0,23.0,7.0,38.0,854.0,147.0,7.0,10.0,58.0,39.0,17.0,0.0,3.0,42.0,26.0,68.0,6.0,8.0,17.0,107.0,56.0,9.0,8.0,28.0,12.0,45.0,21.0,5.0,30.0,7.0,56.0,47.0,18.0,12.0,1.0,32.0,14.0,17.0,4.0,22.0,20.0,8.0,23.0,18.0,4.0,6.0,15.0,2.0,4.0,8.0,25.0,9.0,3.0,16.0,20.0,2.0,19.0,44.0,177.0,288.0,6.0,12.0,30.0,5.0,36.0,46.0,11.0,177.0,9.0,6.0,6.0,20.0,30.0,38.0,5.0,1.0,8.0,17.0,30.0,62.0,2.0,72.0,67.0,65.0,8.0,10.0,270.0,10.0,26.0,86.0,0.0,5.0,231.0,56.0,0.0,99.0,172.0,105.0,34.0,29.0,8.0,74.0,163.0,93.0,203.0,38.0,7.0,45.0,12.0,12.0,10.0,131.0,2.0,43.0,19.0,1.0,5.0,17.0,14.0,8.0,120.0,945.0,8.0,8.0,24.0,9.0,11.0,283.0,50.0,313.0,33.0,27.0,95.0,2.0,2.0,6.0,4.0,68.0,6.0,43.0,29.0,33.0,50.0,14.0,54.0,204.0,20.0,44.0,90.0,34.0,40.0,63.0,13.0,15.0,2.0,162.0,35.0,6.0,2.0,6.0,4.0,36.0,29.0,11.0,48.0,27.0,3.0,41.0,7.0,69.0,10.0,75.0,19.0,27.0,6.0,32.0,10.0,16.0,134.0,4.0,19.0,20.0,11.0,73.0,72.0,9.0,69.0,8.0,3.0,17.0,11.0,4.0,3.0,3.0,13.0,4.0,0.0,30.0,100.0,6.0,11.0,18.0,134.0,47.0,6.0,6.0,21.0,25.0,52.0,11.0,61.0,44.0,13.0,10.0,7.0,31.0,15.0,21.0,23.0,46.0,28.0,21.0,13.0,15.0,0.0,0.0,65.0,24.0,35.0,142.0,146.0,22.0,6096.0,2.0,7.0,22.0,125.0,938.0,210.0,145.0,20.0,29.0,15.0,11.0
Ennis_Ennis_AML40389_HSPC,0.0,5.0,3.0,2.0,6.0,5.0,1.0,3.0,10.0,1.0,8.0,17.0,0.0,11.0,4.0,47.0,3.0,5.0,5.0,0.0,1.0,6.0,6.0,18.0,32.0,0.0,4.0,1.0,3.0,3.0,7.0,2.0,1.0,0.0,0.0,9.0,0.0,13.0,2.0,13.0,202.0,4.0,0.0,1.0,30.0,3.0,4.0,4.0,81.0,13.0,8.0,11.0,1.0,4.0,2.0,1.0,1.0,1.0,13.0,20.0,10.0,14.0,5.0,4.0,14.0,4.0,3.0,2.0,1.0,3.0,4.0,1.0,33.0,59.0,21.0,4.0,10.0,0.0,8.0,8.0,14.0,3.0,5.0,3.0,1.0,22.0,3.0,24.0,12.0,2.0,2.0,1.0,5.0,2.0,1.0,3.0,0.0,13.0,2.0,0.0,135.0,11.0,2.0,21.0,9.0,3.0,3.0,1.0,1.0,5.0,1.0,9.0,1.0,10.0,48.0,9.0,4.0,38.0,0.0,1.0,1.0,4.0,6.0,10.0,1.0,8.0,2.0,33.0,4.0,3.0,133.0,16.0,16.0,39.0,9.0,62.0,10.0,9.0,15.0,7.0,215.0,1.0,160.0,0.0,2.0,16.0,5.0,63.0,1.0,4.0,1.0,31.0,0.0,2.0,11.0,5.0,20.0,5.0,0.0,3.0,6.0,2.0,26.0,3.0,1.0,8.0,6.0,0.0,2.0,4.0,1.0,17.0,14.0,3.0,0.0,3.0,9.0,1.0,11.0,3.0,6.0,0.0,3.0,1.0,15.0,1.0,4.0,8.0,16.0,2.0,88.0,89.0,96.0,58.0,3.0,0.0,9.0,2.0,4.0,4.0,4.0,7.0,2.0,3.0,14.0,0.0,0.0,9.0,4.0,14.0,1517.0,91.0,8.0,6.0,12.0,21.0,77.0,2.0,56.0,1.0,1.0,0.0,5.0,4.0,2.0,184.0,5.0,5.0,1.0,2.0,7.0,10.0,2.0,39.0,5.0,2.0,0.0,3.0,2.0,3.0,3.0,6.0,8.0,13.0,0.0,2.0,44.0,18.0,4.0,1008.0,821.0,2.0,2.0,0.0,0.0,2.0,8.0,7.0,4.0,6.0,9.0,1.0,6.0,5.0,1.0,1.0,7.0,26.0,59.0,2.0,6.0,5.0,3.0,0.0,11.0,12.0,1.0,2.0,5.0,5.0,0.0,0.0,2.0,20.0,1.0,1.0,1.0,10.0,5.0,8.0,31.0,3.0,21.0,2.0,8.0,5.0,2.0,3.0,10.0,67.0,280.0,0.0,3.0,1.0,11.0,2.0,0.0,5.0,20.0,3.0,15.0,3.0,0.0,6.0,33.0,5.0,9.0,10.0,7.0,3.0,1.0,0.0,0.0,1.0,10.0,0.0,0.0,8.0,67.0,0.0,5.0,8.0,0.0,8.0,3.0,2.0,11.0,24.0,7.0,4.0,3.0,1.0,17.0,19.0,5.0,0.0,6.0,2.0,1.0,4.0,1.0,14.0,10.0,0.0,7.0,50.0,8.0,38.0,6.0,1.0,4.0,1.0,7.0,1.0,4.0,1.0,2.0,3.0,1.0,7.0,10.0,1.0,34.0,12.0,2.0,1.0,5.0,3.0,0.0,7.0,2.0,4.0,8.0,5.0,0.0,5.0,137.0,9.0,0.0,0.0,2.0,4.0,5.0,3.0,4.0,3.0,3.0,7.0,5.0,7.0,6.0,3.0,6.0,6.0,7.0,13.0,2.0,0.0,5.0,6.0,8.0,6.0,0.0,5.0,2.0,2.0,16.0,1.0,7.0,7.0,0.0,3.0,12.0,1.0,8.0,5.0,8.0,0.0,3.0,0.0,4.0,1.0,8.0,2.0,0.0,4.0,0.0,2.0,0.0,4.0,43.0,0.0,1.0,6.0,178.0,27.0,4.0,4.0,1.0,1.0,1.0,1.0,3.0,4.0,10.0,92.0,3.0,0.0,39.0,7.0,57.0,10.0,8.0,5.0,2.0,7.0,3.0,4.0,13.0,16.0,0.0,4.0,6.0,39.0,172.0,98.0,1.0,2.0,2.0,0.0,6.0,2.0,1.0,0.0,14.0,2.0,3.0,3.0,3.0,9.0,43.0,28.0,1.0,3.0,79.0,1.0,18.0,3.0,1.0,74.0,18.0,7.0,0.0,2.0,0.0,2.0,6.0,9.0,4.0,6.0,4.0,6.0,26.0,10.0,2.0,1.0,18.0,0.0,6.0,6.0,7.0,1.0,3.0,1.0,0.0,0.0,0.0,3.0,21.0,0.0,3.0,8.0,20.0,3.0,4.0,12.0,19.0,3.0,1.0,34.0,15.0,0.0,5.0,31.0,1.0,53.0,0.0,58.0,1.0,4.0,40.0,20.0,6.0,5.0,14.0,1.0,19.0,3.0,2.0,9.0,17.0,2.0,4.0,17.0,6.0,7.0,3.0,4.0,2.0,3.0,10.0,11.0,34.0,54.0,0.0,7.0,2.0,0.0,24.0,4.0,2.0,1.0,7.0,3.0,0.0,1.0,17.0,4.0,2.0,19.0,0.0,2.0,5.0,31.0,11.0,1.0,3.0,7.0,2.0,7.0,12.0,1.0,2.0,3.0,17.0,13.0,1.0,2.0,0.0,2.0,13.0,22.0,1.0,3.0,4.0,8.0,11.0,5.0,1.0,4.0,6.0,1.0,0.0,1.0,16.0,1.0,2.0,5.0,6.0,2.0,11.0,3.0,9.0,164.0,3.0,4.0,14.0,2.0,3.0,11.0,7.0,27.0,10.0,0.0,0.0,3.0,6.0,6.0,3.0,1.0,2.0,10.0,2.0,15.0,1.0,4.0,4.0,19.0,2.0,3.0,19.0,4.0,4.0,11.0,0.0,1.0,39.0,16.0,0.0,13.0,15.0,1.0,6.0,7.0,1.0,10.0,25.0,4.0,31.0,5.0,3.0,3.0,5.0,0.0,4.0,16.0,2.0,10.0,1.0,2.0,1.0,1.0,0.0,0.0,15.0,131.0,5.0,0.0,6.0,4.0,6.0,8.0,27.0,50.0,7.0,3.0,27.0,10.0,3.0,0.0,0.0,4.0,3.0,7.0,11.0,17.0,6.0,5.0,7.0,22.0,1.0,6.0,11.0,5.0,9.0,8.0,3.0,2.0,1.0,35.0,4.0,1.0,2.0,0.0,1.0,4.0,1.0,8.0,4.0,6.0,2.0,4.0,3.0,3.0,1.0,10.0,0.0,2.0,2.0,6.0,2.0,5.0,22.0,55.0,3.0,9.0,8.0,9.0,2.0,1.0,5.0,6.0,1.0,3.0,2.0,0.0,1.0,2.0,3.0,8.0,3.0,6.0,17.0,3.0,2.0,10.0,114.0,7.0,4.0,6.0,0.0,1.0,4.0,1.0,1.0,9.0,1.0,1.0,1.0,9.0,2.0,3.0,2.0,10.0,9.0,4.0,4.0,3.0,1.0,1.0,13.0,9.0,1.0,12.0,32.0,1.0,648.0,1.0,0.0,3.0,17.0,167.0,41.0,57.0,2.0,5.0,4.0,7.0
Ennis_Ennis_AML40389_LSPC,1.0,6.0,0.0,3.0,1.0,8.0,1.0,2.0,4.0,1.0,4.0,24.0,0.0,9.0,2.0,52.0,9.0,10.0,2.0,0.0,0.0,4.0,9.0,13.0,3.0,1.0,7.0,9.0,7.0,9.0,13.0,9.0,1.0,2.0,0.0,19.0,3.0,3.0,17.0,33.0,404.0,16.0,3.0,2.0,31.0,6.0,2.0,11.0,11.0,19.0,9.0,13.0,5.0,0.0,2.0,10.0,2.0,0.0,19.0,23.0,17.0,21.0,12.0,19.0,16.0,3.0,7.0,4.0,6.0,21.0,8.0,2.0,46.0,75.0,9.0,6.0,9.0,0.0,5.0,15.0,20.0,3.0,6.0,5.0,4.0,17.0,2.0,50.0,2.0,8.0,4.0,2.0,3.0,1.0,1.0,0.0,3.0,2.0,4.0,3.0,155.0,10.0,2.0,46.0,23.0,8.0,7.0,2.0,3.0,10.0,2.0,24.0,2.0,2.0,69.0,16.0,5.0,40.0,0.0,0.0,1.0,5.0,2.0,11.0,1.0,13.0,2.0,63.0,8.0,1.0,213.0,25.0,32.0,74.0,19.0,37.0,11.0,8.0,64.0,5.0,22.0,4.0,261.0,6.0,0.0,32.0,25.0,2.0,5.0,25.0,10.0,115.0,1.0,6.0,11.0,1.0,30.0,13.0,4.0,2.0,12.0,2.0,19.0,2.0,3.0,6.0,14.0,8.0,5.0,3.0,1.0,21.0,0.0,2.0,2.0,1.0,1.0,2.0,17.0,2.0,9.0,0.0,3.0,5.0,9.0,0.0,7.0,4.0,16.0,1.0,3.0,4.0,24.0,75.0,5.0,0.0,18.0,3.0,1.0,2.0,20.0,7.0,4.0,1.0,10.0,3.0,2.0,8.0,3.0,13.0,2537.0,139.0,0.0,20.0,2.0,138.0,167.0,4.0,88.0,1.0,0.0,2.0,3.0,3.0,17.0,22.0,9.0,4.0,3.0,3.0,8.0,14.0,1.0,123.0,13.0,19.0,3.0,3.0,1.0,4.0,1.0,1.0,1.0,28.0,1.0,0.0,42.0,7.0,2.0,1075.0,541.0,13.0,7.0,3.0,1.0,1.0,23.0,8.0,0.0,7.0,6.0,0.0,12.0,6.0,0.0,0.0,3.0,27.0,34.0,1.0,8.0,12.0,2.0,3.0,3.0,6.0,8.0,6.0,7.0,2.0,0.0,4.0,0.0,7.0,4.0,3.0,1.0,8.0,5.0,7.0,64.0,1.0,35.0,11.0,11.0,4.0,1.0,8.0,16.0,114.0,145.0,0.0,1.0,3.0,9.0,2.0,0.0,9.0,5.0,4.0,33.0,0.0,4.0,11.0,14.0,6.0,6.0,7.0,22.0,4.0,0.0,0.0,0.0,1.0,2.0,1.0,1.0,31.0,9.0,2.0,11.0,19.0,0.0,15.0,9.0,5.0,13.0,5.0,8.0,2.0,3.0,4.0,17.0,37.0,1.0,1.0,3.0,3.0,1.0,6.0,2.0,19.0,8.0,1.0,22.0,83.0,34.0,32.0,1.0,3.0,1.0,0.0,4.0,4.0,14.0,3.0,2.0,8.0,1.0,14.0,21.0,0.0,11.0,8.0,3.0,3.0,18.0,0.0,6.0,17.0,2.0,6.0,8.0,6.0,0.0,2.0,340.0,14.0,0.0,0.0,1.0,3.0,7.0,2.0,5.0,4.0,13.0,4.0,9.0,13.0,9.0,1.0,9.0,7.0,12.0,24.0,5.0,0.0,7.0,2.0,17.0,11.0,8.0,8.0,2.0,0.0,25.0,1.0,0.0,19.0,1.0,3.0,28.0,1.0,8.0,1.0,6.0,1.0,9.0,8.0,8.0,1.0,13.0,0.0,2.0,2.0,2.0,1.0,7.0,5.0,11.0,1.0,2.0,3.0,261.0,22.0,6.0,3.0,3.0,0.0,1.0,1.0,3.0,3.0,2.0,10.0,0.0,5.0,33.0,2.0,23.0,10.0,4.0,1.0,12.0,4.0,4.0,4.0,5.0,12.0,2.0,6.0,7.0,46.0,7.0,7.0,1.0,4.0,3.0,1.0,1.0,6.0,3.0,1.0,4.0,4.0,9.0,2.0,7.0,8.0,23.0,36.0,0.0,29.0,93.0,1.0,7.0,21.0,1.0,97.0,31.0,2.0,0.0,2.0,1.0,3.0,13.0,4.0,6.0,4.0,1.0,8.0,4.0,2.0,1.0,4.0,43.0,4.0,4.0,3.0,3.0,6.0,5.0,4.0,3.0,1.0,1.0,0.0,56.0,0.0,13.0,17.0,18.0,9.0,7.0,17.0,16.0,6.0,0.0,23.0,1.0,1.0,4.0,7.0,0.0,93.0,0.0,3.0,1.0,15.0,112.0,13.0,6.0,19.0,19.0,3.0,12.0,11.0,1.0,18.0,11.0,1.0,4.0,20.0,8.0,29.0,17.0,7.0,5.0,1.0,9.0,13.0,54.0,93.0,1.0,3.0,3.0,8.0,142.0,13.0,5.0,0.0,15.0,5.0,2.0,0.0,9.0,14.0,2.0,13.0,2.0,2.0,3.0,33.0,20.0,9.0,8.0,6.0,3.0,11.0,10.0,3.0,2.0,4.0,4.0,5.0,5.0,1.0,2.0,7.0,3.0,18.0,2.0,6.0,3.0,3.0,6.0,3.0,2.0,3.0,1.0,0.0,2.0,2.0,6.0,1.0,2.0,5.0,12.0,0.0,7.0,10.0,26.0,48.0,3.0,0.0,7.0,0.0,8.0,23.0,3.0,25.0,6.0,0.0,1.0,4.0,4.0,7.0,3.0,0.0,4.0,3.0,2.0,27.0,1.0,14.0,8.0,12.0,3.0,5.0,43.0,2.0,7.0,12.0,0.0,2.0,66.0,9.0,1.0,23.0,59.0,16.0,8.0,7.0,4.0,16.0,42.0,19.0,52.0,4.0,3.0,14.0,1.0,1.0,6.0,25.0,0.0,13.0,1.0,1.0,0.0,1.0,1.0,1.0,33.0,286.0,2.0,3.0,2.0,3.0,0.0,53.0,45.0,55.0,11.0,5.0,28.0,5.0,0.0,2.0,2.0,22.0,1.0,8.0,11.0,6.0,9.0,7.0,13.0,44.0,5.0,10.0,14.0,11.0,6.0,18.0,6.0,1.0,0.0,39.0,3.0,2.0,2.0,1.0,1.0,4.0,1.0,2.0,14.0,11.0,1.0,14.0,2.0,7.0,5.0,18.0,3.0,6.0,5.0,3.0,4.0,3.0,16.0,6.0,1.0,3.0,3.0,12.0,11.0,4.0,33.0,2.0,0.0,1.0,7.0,2.0,0.0,1.0,4.0,2.0,1.0,9.0,19.0,0.0,2.0,5.0,46.0,9.0,2.0,1.0,0.0,1.0,6.0,3.0,17.0,7.0,6.0,0.0,0.0,9.0,2.0,13.0,7.0,23.0,7.0,2.0,1.0,10.0,0.0,1.0,22.0,9.0,5.0,28.0,40.0,4.0,2022.0,0.0,0.0,8.0,23.0,192.0,65.0,50.0,2.0,2.0,1.0,0.0
Guo_Guo_PT16A_HSPC,1.0,2.0,0.0,1.0,1.0,0.0,0.0,0.0,1.0,1.0,1.0,3.0,0.0,1.0,1.0,1.0,13.0,4.0,1.0,0.0,0.0,0.0,2.0,3.0,0.0,1.0,4.0,6.0,0.0,8.0,0.0,4.0,0.0,0.0,0.0,5.0,2.0,5.0,1.0,1.0,5.0,2.0,1.0,1.0,7.0,0.0,1.0,2.0,0.0,6.0,1.0,4.0,1.0,0.0,0.0,0.0,2.0,1.0,2.0,2.0,3.0,2.0,7.0,1.0,4.0,1.0,1.0,1.0,0.0,1.0,4.0,0.0,11.0,0.0,2.0,1.0,0.0,0.0,3.0,2.0,6.0,0.0,2.0,0.0,1.0,5.0,0.0,10.0,3.0,1.0,3.0,1.0,4.0,3.0,0.0,0.0,0.0,1.0,20.0,0.0,16.0,0.0,2.0,14.0,4.0,2.0,0.0,0.0,0.0,1.0,0.0,4.0,0.0,1.0,8.0,5.0,2.0,18.0,0.0,0.0,2.0,0.0,1.0,1.0,4.0,12.0,0.0,23.0,1.0,1.0,34.0,2.0,8.0,8.0,4.0,4.0,2.0,1.0,7.0,0.0,51.0,4.0,78.0,0.0,0.0,1.0,21.0,14.0,1.0,1.0,0.0,29.0,0.0,0.0,0.0,0.0,2.0,2.0,2.0,1.0,2.0,1.0,14.0,0.0,1.0,1.0,2.0,0.0,0.0,2.0,1.0,0.0,0.0,0.0,4.0,0.0,1.0,0.0,2.0,1.0,1.0,0.0,0.0,0.0,1.0,0.0,0.0,2.0,5.0,0.0,0.0,7.0,0.0,9.0,1.0,1.0,1.0,1.0,0.0,0.0,2.0,1.0,0.0,2.0,5.0,2.0,0.0,1.0,0.0,3.0,245.0,22.0,0.0,1.0,0.0,14.0,17.0,2.0,41.0,1.0,0.0,0.0,1.0,0.0,0.0,0.0,2.0,0.0,1.0,2.0,1.0,0.0,1.0,7.0,1.0,1.0,0.0,0.0,1.0,0.0,0.0,0.0,4.0,0.0,0.0,0.0,0.0,0.0,0.0,56.0,45.0,1.0,2.0,1.0,0.0,1.0,0.0,1.0,0.0,2.0,0.0,0.0,1.0,3.0,2.0,0.0,3.0,0.0,2.0,1.0,0.0,0.0,0.0,5.0,0.0,1.0,0.0,1.0,0.0,0.0,0.0,0.0,2.0,0.0,0.0,0.0,0.0,5.0,4.0,3.0,7.0,0.0,8.0,2.0,2.0,2.0,0.0,0.0,4.0,22.0,31.0,0.0,0.0,1.0,5.0,0.0,0.0,0.0,0.0,1.0,8.0,0.0,0.0,4.0,0.0,3.0,2.0,3.0,0.0,1.0,0.0,1.0,0.0,0.0,1.0,2.0,0.0,2.0,1.0,0.0,1.0,3.0,1.0,4.0,1.0,0.0,2.0,0.0,0.0,0.0,2.0,1.0,11.0,1.0,4.0,0.0,1.0,1.0,2.0,0.0,2.0,3.0,4.0,0.0,7.0,18.0,10.0,5.0,1.0,0.0,3.0,0.0,2.0,0.0,2.0,1.0,3.0,3.0,1.0,1.0,1.0,0.0,4.0,5.0,0.0,1.0,6.0,0.0,2.0,6.0,1.0,0.0,0.0,5.0,2.0,0.0,11.0,2.0,1.0,0.0,0.0,1.0,3.0,1.0,4.0,0.0,0.0,2.0,2.0,5.0,12.0,1.0,3.0,4.0,0.0,34.0,1.0,0.0,0.0,3.0,1.0,6.0,2.0,4.0,0.0,0.0,4.0,1.0,0.0,10.0,1.0,1.0,1.0,0.0,6.0,0.0,0.0,0.0,2.0,1.0,0.0,1.0,2.0,0.0,0.0,3.0,0.0,1.0,1.0,2.0,0.0,0.0,0.0,0.0,17.0,14.0,3.0,0.0,0.0,0.0,0.0,2.0,0.0,0.0,1.0,6.0,2.0,0.0,8.0,0.0,5.0,1.0,3.0,0.0,7.0,0.0,1.0,0.0,1.0,0.0,0.0,0.0,1.0,1.0,19.0,6.0,2.0,0.0,7.0,1.0,1.0,1.0,0.0,0.0,0.0,0.0,2.0,0.0,4.0,3.0,3.0,14.0,4.0,6.0,18.0,0.0,4.0,0.0,0.0,54.0,7.0,2.0,0.0,1.0,2.0,0.0,1.0,1.0,0.0,1.0,1.0,1.0,1.0,1.0,0.0,0.0,6.0,1.0,1.0,1.0,1.0,1.0,3.0,0.0,0.0,0.0,1.0,2.0,13.0,0.0,5.0,3.0,1.0,0.0,1.0,9.0,3.0,0.0,0.0,3.0,1.0,0.0,1.0,4.0,0.0,8.0,0.0,3.0,1.0,1.0,15.0,5.0,2.0,6.0,12.0,0.0,1.0,0.0,2.0,5.0,2.0,0.0,0.0,6.0,5.0,3.0,3.0,0.0,1.0,0.0,5.0,4.0,7.0,12.0,2.0,0.0,1.0,2.0,15.0,3.0,3.0,1.0,2.0,2.0,0.0,0.0,0.0,1.0,2.0,1.0,0.0,1.0,1.0,2.0,2.0,0.0,3.0,3.0,0.0,7.0,0.0,0.0,0.0,0.0,0.0,2.0,0.0,0.0,1.0,0.0,3.0,1.0,0.0,1.0,0.0,1.0,1.0,0.0,0.0,0.0,0.0,0.0,0.0,0.0,13.0,4.0,0.0,4.0,1.0,2.0,2.0,0.0,5.0,39.0,0.0,0.0,3.0,1.0,2.0,2.0,0.0,5.0,1.0,0.0,0.0,0.0,3.0,4.0,1.0,0.0,0.0,2.0,0.0,5.0,0.0,4.0,0.0,0.0,0.0,1.0,5.0,1.0,3.0,0.0,0.0,1.0,11.0,0.0,0.0,7.0,11.0,1.0,0.0,3.0,0.0,8.0,10.0,6.0,5.0,6.0,2.0,0.0,1.0,2.0,1.0,2.0,1.0,4.0,0.0,1.0,2.0,0.0,0.0,0.0,5.0,42.0,0.0,0.0,0.0,1.0,2.0,10.0,0.0,3.0,0.0,1.0,4.0,0.0,0.0,0.0,3.0,6.0,0.0,8.0,1.0,2.0,0.0,2.0,4.0,1.0,1.0,2.0,4.0,4.0,1.0,6.0,0.0,3.0,0.0,6.0,1.0,0.0,1.0,2.0,2.0,4.0,0.0,0.0,5.0,6.0,0.0,2.0,0.0,0.0,0.0,3.0,1.0,2.0,2.0,1.0,0.0,3.0,8.0,5.0,0.0,0.0,2.0,0.0,0.0,0.0,1.0,0.0,0.0,1.0,1.0,0.0,0.0,2.0,0.0,0.0,2.0,0.0,1.0,3.0,0.0,0.0,14.0,1.0,0.0,0.0,2.0,0.0,0.0,0.0,1.0,4.0,1.0,0.0,2.0,10.0,1.0,2.0,0.0,0.0,4.0,5.0,1.0,1.0,0.0,0.0,2.0,6.0,0.0,2.0,4.0,0.0,115.0,3.0,0.0,2.0,5.0,48.0,5.0,4.0,0.0,0.0,1.0,0.0
Guo_Guo_PT16A_LSPC,77.0,45.0,33.0,15.0,3.0,108.0,6.0,19.0,94.0,62.0,56.0,149.0,4.0,126.0,130.0,148.0,373.0,100.0,20.0,8.0,11.0,87.0,96.0,39.0,8.0,53.0,130.0,134.0,55.0,371.0,28.0,629.0,19.0,0.0,2.0,343.0,110.0,273.0,17.0,359.0,1217.0,302.0,55.0,22.0,452.0,53.0,97.0,320.0,2.0,227.0,187.0,177.0,38.0,40.0,10.0,106.0,31.0,17.0,57.0,201.0,152.0,221.0,301.0,148.0,248.0,50.0,143.0,100.0,46.0,53.0,258.0,52.0,357.0,3.0,155.0,55.0,20.0,41.0,118.0,82.0,278.0,19.0,97.0,18.0,87.0,422.0,19.0,422.0,38.0,52.0,30.0,42.0,120.0,33.0,7.0,0.0,0.0,30.0,1649.0,82.0,559.0,77.0,33.0,687.0,219.0,46.0,39.0,23.0,8.0,176.0,83.0,194.0,47.0,97.0,587.0,304.0,123.0,879.0,2.0,119.0,57.0,91.0,10.0,136.0,166.0,1248.0,2.0,1275.0,19.0,81.0,1414.0,269.0,690.0,727.0,256.0,197.0,189.0,50.0,398.0,28.0,1022.0,286.0,4285.0,7.0,153.0,38.0,1125.0,93.0,43.0,314.0,1.0,1816.0,4.0,15.0,33.0,38.0,107.0,24.0,72.0,41.0,130.0,37.0,578.0,24.0,8.0,118.0,55.0,56.0,21.0,125.0,36.0,222.0,13.0,73.0,184.0,12.0,86.0,1.0,131.0,36.0,117.0,4.0,44.0,23.0,217.0,9.0,67.0,202.0,323.0,0.0,94.0,94.0,19.0,418.0,85.0,27.0,135.0,28.0,30.0,49.0,92.0,7.0,54.0,11.0,199.0,76.0,0.0,127.0,33.0,209.0,17325.0,1084.0,0.0,151.0,11.0,391.0,897.0,182.0,2917.0,17.0,0.0,28.0,30.0,43.0,24.0,0.0,118.0,39.0,50.0,69.0,38.0,27.0,69.0,827.0,82.0,89.0,16.0,26.0,65.0,35.0,5.0,63.0,163.0,181.0,1.0,22.0,177.0,4.0,46.0,3055.0,2677.0,10.0,42.0,86.0,28.0,20.0,176.0,26.0,44.0,22.0,41.0,9.0,141.0,61.0,56.0,12.0,237.0,119.0,165.0,46.0,196.0,164.0,100.0,73.0,158.0,179.0,58.0,58.0,2.0,25.0,19.0,7.0,53.0,6.0,2.0,24.0,18.0,268.0,163.0,201.0,393.0,15.0,135.0,64.0,118.0,42.0,19.0,136.0,298.0,1107.0,1399.0,10.0,137.0,35.0,276.0,58.0,31.0,32.0,24.0,109.0,475.0,7.0,14.0,128.0,22.0,83.0,62.0,69.0,90.0,81.0,12.0,23.0,5.0,44.0,58.0,39.0,35.0,234.0,201.0,3.0,80.0,214.0,135.0,223.0,103.0,33.0,138.0,43.0,40.0,2.0,58.0,92.0,671.0,130.0,232.0,50.0,164.0,13.0,91.0,63.0,68.0,240.0,183.0,1.0,494.0,1075.0,689.0,208.0,39.0,2.0,66.0,1.0,166.0,15.0,170.0,133.0,265.0,259.0,0.0,81.0,169.0,1.0,132.0,87.0,31.0,180.0,236.0,52.0,123.0,211.0,36.0,83.0,35.0,168.0,38.0,64.0,918.0,78.0,34.0,2.0,12.0,62.0,102.0,19.0,92.0,42.0,16.0,96.0,102.0,216.0,716.0,13.0,67.0,123.0,18.0,1243.0,135.0,6.0,24.0,59.0,256.0,48.0,16.0,76.0,19.0,21.0,531.0,49.0,21.0,710.0,38.0,26.0,280.0,22.0,355.0,113.0,40.0,68.0,35.0,70.0,33.0,19.0,110.0,6.0,54.0,102.0,1.0,254.0,42.0,92.0,1.0,31.0,59.0,68.0,1435.0,552.0,176.0,118.0,2.0,28.0,16.0,39.0,56.0,77.0,20.0,174.0,50.0,18.0,486.0,9.0,242.0,34.0,131.0,38.0,464.0,31.0,33.0,23.0,40.0,101.0,40.0,48.0,47.0,206.0,68.0,66.0,142.0,19.0,147.0,46.0,124.0,72.0,19.0,5.0,0.0,18.0,138.0,40.0,84.0,78.0,295.0,651.0,140.0,252.0,1391.0,44.0,128.0,39.0,35.0,3782.0,492.0,94.0,22.0,57.0,69.0,60.0,105.0,45.0,26.0,38.0,74.0,16.0,23.0,142.0,5.0,46.0,433.0,65.0,21.0,12.0,47.0,22.0,99.0,37.0,31.0,73.0,36.0,28.0,459.0,11.0,285.0,275.0,42.0,0.0,143.0,388.0,124.0,138.0,2.0,229.0,49.0,0.0,7.0,29.0,37.0,840.0,45.0,33.0,18.0,54.0,1176.0,376.0,61.0,249.0,373.0,42.0,61.0,213.0,103.0,163.0,51.0,52.0,11.0,405.0,195.0,168.0,206.0,135.0,80.0,53.0,297.0,425.0,402.0,770.0,61.0,68.0,69.0,55.0,2888.0,80.0,48.0,126.0,150.0,99.0,8.0,1.0,11.0,140.0,22.0,144.0,33.0,82.0,50.0,185.0,319.0,16.0,207.0,134.0,9.0,182.0,19.0,12.0,18.0,124.0,25.0,64.0,37.0,19.0,53.0,26.0,57.0,81.0,21.0,113.0,46.0,78.0,46.0,24.0,42.0,49.0,30.0,24.0,38.0,25.0,242.0,288.0,57.0,81.0,83.0,67.0,62.0,34.0,224.0,1503.0,26.0,30.0,187.0,145.0,74.0,49.0,50.0,180.0,37.0,26.0,43.0,28.0,132.0,199.0,187.0,13.0,10.0,56.0,58.0,228.0,23.0,58.0,45.0,46.0,71.0,33.0,272.0,47.0,56.0,17.0,0.0,9.0,721.0,24.0,23.0,560.0,502.0,33.0,29.0,62.0,69.0,255.0,485.0,248.0,385.0,166.0,19.0,53.0,48.0,54.0,141.0,252.0,106.0,122.0,2.0,31.0,68.0,17.0,9.0,14.0,317.0,4421.0,19.0,31.0,76.0,53.0,114.0,619.0,46.0,294.0,76.0,88.0,254.0,14.0,42.0,29.0,157.0,358.0,9.0,228.0,38.0,209.0,358.0,68.0,274.0,113.0,96.0,55.0,331.0,96.0,49.0,312.0,72.0,78.0,112.0,371.0,94.0,31.0,69.0,66.0,35.0,195.0,39.0,29.0,241.0,84.0,56.0,99.0,28.0,59.0,57.0,126.0,182.0,8.0,154.0,44.0,15.0,112.0,219.0,262.0,28.0,33.0,48.0,21.0,155.0,1.0,238.0,64.0,30.0,21.0,12.0,100.0,3.0,58.0,137.0,0.0,74.0,118.0,138.0,52.0,65.0,111.0,753.0,163.0,69.0,135.0,93.0,48.0,52.0,23.0,327.0,141.0,41.0,0.0,176.0,245.0,2.0,256.0,21.0,239.0,219.0,117.0,42.0,57.0,0.0,11.0,204.0,255.0,35.0,155.0,398.0,9.0,10457.0,101.0,49.0,115.0,508.0,2780.0,542.0,175.0,20.0,44.0,49.0,39.0
Guo_Guo_PT22A_HSPC,25.0,23.0,4.0,3.0,1.0,13.0,5.0,5.0,21.0,0.0,5.0,28.0,1.0,19.0,25.0,50.0,7.0,20.0,3.0,6.0,0.0,8.0,36.0,23.0,0.0,3.0,10.0,4.0,13.0,22.0,1.0,8.0,1.0,0.0,3.0,27.0,0.0,8.0,26.0,40.0,99.0,50.0,13.0,5.0,86.0,6.0,1.0,51.0,45.0,33.0,7.0,26.0,8.0,3.0,0.0,8.0,4.0,1.0,4.0,39.0,28.0,38.0,62.0,23.0,38.0,10.0,34.0,6.0,2.0,56.0,23.0,5.0,110.0,4.0,57.0,10.0,1.0,0.0,36.0,22.0,51.0,4.0,1.0,3.0,12.0,53.0,0.0,51.0,9.0,8.0,7.0,3.0,23.0,7.0,2.0,0.0,1.0,9.0,22.0,3.0,233.0,8.0,10.0,73.0,18.0,27.0,2.0,9.0,1.0,16.0,5.0,20.0,12.0,2.0,102.0,19.0,12.0,73.0,0.0,6.0,14.0,16.0,13.0,20.0,6.0,136.0,0.0,203.0,7.0,3.0,394.0,35.0,63.0,173.0,37.0,28.0,29.0,33.0,52.0,4.0,166.0,2.0,1010.0,9.0,13.0,9.0,168.0,103.0,21.0,7.0,0.0,369.0,1.0,18.0,2.0,6.0,34.0,24.0,6.0,11.0,12.0,4.0,60.0,4.0,0.0,23.0,16.0,9.0,3.0,12.0,8.0,39.0,9.0,9.0,3.0,0.0,16.0,0.0,56.0,8.0,23.0,0.0,0.0,1.0,46.0,4.0,29.0,16.0,68.0,0.0,67.0,50.0,90.0,43.0,9.0,1.0,50.0,15.0,11.0,8.0,10.0,0.0,9.0,10.0,57.0,6.0,0.0,22.0,5.0,6.0,6442.0,187.0,0.0,16.0,0.0,249.0,85.0,25.0,179.0,1.0,0.0,4.0,4.0,8.0,11.0,5.0,17.0,14.0,5.0,4.0,2.0,14.0,3.0,86.0,33.0,28.0,7.0,14.0,0.0,1.0,3.0,1.0,47.0,25.0,3.0,1.0,37.0,57.0,3.0,2757.0,1474.0,6.0,8.0,9.0,7.0,9.0,14.0,5.0,9.0,8.0,8.0,1.0,37.0,30.0,9.0,4.0,22.0,48.0,34.0,5.0,20.0,25.0,17.0,7.0,7.0,13.0,9.0,19.0,2.0,5.0,1.0,1.0,5.0,2.0,1.0,1.0,3.0,16.0,18.0,2.0,186.0,0.0,67.0,36.0,22.0,12.0,2.0,7.0,45.0,251.0,256.0,0.0,5.0,6.0,26.0,8.0,3.0,5.0,99.0,12.0,95.0,12.0,2.0,53.0,7.0,19.0,11.0,14.0,21.0,9.0,3.0,0.0,0.0,2.0,5.0,6.0,2.0,24.0,27.0,0.0,7.0,13.0,0.0,40.0,18.0,6.0,17.0,40.0,0.0,4.0,16.0,12.0,134.0,31.0,22.0,4.0,28.0,7.0,2.0,11.0,1.0,34.0,34.0,0.0,35.0,201.0,88.0,56.0,0.0,0.0,0.0,1.0,10.0,2.0,12.0,51.0,1.0,52.0,0.0,6.0,28.0,0.0,13.0,22.0,7.0,2.0,50.0,6.0,15.0,29.0,4.0,20.0,18.0,15.0,4.0,6.0,394.0,18.0,6.0,3.0,2.0,10.0,2.0,4.0,18.0,3.0,15.0,16.0,25.0,27.0,29.0,2.0,11.0,17.0,3.0,77.0,9.0,4.0,5.0,11.0,35.0,5.0,32.0,25.0,8.0,4.0,0.0,1.0,7.0,23.0,1.0,4.0,59.0,5.0,51.0,16.0,4.0,7.0,7.0,2.0,3.0,1.0,17.0,1.0,1.0,20.0,1.0,6.0,6.0,22.0,2.0,9.0,6.0,5.0,1088.0,92.0,22.0,6.0,9.0,0.0,0.0,6.0,28.0,15.0,1.0,199.0,2.0,8.0,68.0,4.0,46.0,16.0,10.0,7.0,47.0,8.0,5.0,5.0,7.0,44.0,8.0,15.0,8.0,30.0,422.0,111.0,4.0,0.0,42.0,4.0,9.0,12.0,0.0,0.0,5.0,3.0,54.0,13.0,53.0,8.0,66.0,56.0,7.0,73.0,366.0,8.0,71.0,0.0,9.0,300.0,69.0,24.0,0.0,18.0,5.0,19.0,18.0,11.0,10.0,5.0,3.0,9.0,29.0,20.0,7.0,11.0,26.0,9.0,3.0,2.0,12.0,11.0,28.0,3.0,19.0,5.0,4.0,3.0,75.0,7.0,18.0,35.0,45.0,4.0,67.0,79.0,21.0,6.0,2.0,69.0,90.0,0.0,33.0,188.0,3.0,138.0,14.0,73.0,6.0,6.0,60.0,61.0,17.0,68.0,62.0,17.0,24.0,14.0,5.0,64.0,14.0,3.0,3.0,50.0,23.0,66.0,23.0,28.0,8.0,22.0,39.0,40.0,108.0,102.0,0.0,4.0,16.0,9.0,66.0,13.0,14.0,5.0,14.0,28.0,3.0,2.0,0.0,15.0,3.0,133.0,1.0,1.0,9.0,44.0,47.0,17.0,10.0,24.0,5.0,38.0,7.0,2.0,10.0,2.0,4.0,13.0,5.0,5.0,3.0,6.0,14.0,6.0,3.0,15.0,5.0,25.0,42.0,3.0,10.0,9.0,1.0,5.0,6.0,5.0,86.0,9.0,3.0,6.0,8.0,3.0,13.0,25.0,61.0,96.0,3.0,7.0,21.0,12.0,12.0,25.0,7.0,92.0,26.0,4.0,19.0,11.0,7.0,0.0,31.0,2.0,6.0,7.0,8.0,4.0,7.0,26.0,15.0,32.0,9.0,12.0,83.0,6.0,10.0,6.0,6.0,1.0,130.0,61.0,0.0,102.0,89.0,9.0,18.0,10.0,7.0,21.0,84.0,29.0,69.0,58.0,9.0,25.0,0.0,12.0,15.0,32.0,1.0,23.0,1.0,9.0,7.0,6.0,6.0,5.0,73.0,313.0,11.0,1.0,6.0,7.0,4.0,79.0,38.0,44.0,8.0,15.0,56.0,1.0,5.0,8.0,2.0,22.0,2.0,8.0,13.0,0.0,59.0,8.0,17.0,10.0,15.0,18.0,53.0,38.0,4.0,33.0,8.0,9.0,3.0,72.0,5.0,5.0,2.0,9.0,9.0,16.0,2.0,8.0,31.0,15.0,2.0,15.0,2.0,8.0,9.0,55.0,8.0,1.0,8.0,11.0,10.0,8.0,32.0,9.0,7.0,18.0,37.0,6.0,20.0,1.0,34.0,5.0,23.0,3.0,1.0,3.0,0.0,15.0,27.0,0.0,7.0,38.0,13.0,22.0,15.0,24.0,180.0,25.0,12.0,8.0,7.0,8.0,10.0,9.0,7.0,34.0,11.0,3.0,5.0,47.0,3.0,0.0,2.0,86.0,41.0,32.0,29.0,6.0,0.0,2.0,63.0,37.0,4.0,18.0,121.0,1.0,1441.0,6.0,5.0,18.0,82.0,289.0,183.0,101.0,0.0,13.0,18.0,15.0
Guo_Guo_PT22A_LSPC,1.0,15.0,2.0,0.0,1.0,6.0,8.0,3.0,7.0,1.0,0.0,24.0,3.0,13.0,9.0,18.0,5.0,9.0,0.0,8.0,0.0,4.0,11.0,7.0,0.0,1.0,7.0,6.0,7.0,10.0,1.0,11.0,0.0,0.0,0.0,8.0,0.0,3.0,6.0,14.0,66.0,19.0,0.0,1.0,64.0,3.0,2.0,16.0,1.0,19.0,6.0,21.0,1.0,2.0,4.0,3.0,2.0,2.0,2.0,9.0,13.0,10.0,20.0,12.0,13.0,11.0,21.0,5.0,1.0,34.0,14.0,3.0,51.0,0.0,12.0,3.0,0.0,0.0,14.0,9.0,23.0,0.0,0.0,0.0,2.0,34.0,0.0,16.0,4.0,8.0,0.0,1.0,7.0,1.0,2.0,0.0,2.0,0.0,8.0,0.0,88.0,7.0,4.0,36.0,8.0,13.0,2.0,2.0,3.0,3.0,2.0,17.0,5.0,2.0,32.0,9.0,7.0,36.0,0.0,1.0,6.0,4.0,6.0,8.0,0.0,41.0,0.0,82.0,11.0,1.0,150.0,17.0,16.0,31.0,12.0,15.0,7.0,4.0,29.0,4.0,25.0,5.0,260.0,0.0,7.0,5.0,106.0,3.0,16.0,3.0,0.0,127.0,0.0,8.0,2.0,5.0,14.0,22.0,7.0,6.0,6.0,4.0,15.0,1.0,0.0,14.0,2.0,4.0,1.0,5.0,3.0,17.0,0.0,5.0,1.0,0.0,6.0,0.0,17.0,4.0,2.0,0.0,1.0,3.0,23.0,5.0,15.0,8.0,18.0,0.0,2.0,2.0,24.0,29.0,2.0,0.0,6.0,6.0,3.0,3.0,4.0,0.0,6.0,7.0,15.0,3.0,0.0,7.0,1.0,7.0,2445.0,65.0,0.0,8.0,3.0,11.0,64.0,6.0,71.0,1.0,0.0,1.0,0.0,0.0,0.0,0.0,7.0,8.0,1.0,1.0,4.0,3.0,1.0,28.0,12.0,7.0,2.0,3.0,0.0,3.0,1.0,2.0,24.0,10.0,1.0,2.0,22.0,15.0,2.0,600.0,377.0,1.0,1.0,2.0,4.0,1.0,4.0,2.0,1.0,1.0,5.0,0.0,17.0,11.0,3.0,0.0,4.0,12.0,13.0,5.0,7.0,9.0,17.0,4.0,13.0,10.0,3.0,1.0,2.0,2.0,3.0,1.0,0.0,1.0,0.0,0.0,2.0,9.0,7.0,3.0,29.0,0.0,23.0,10.0,10.0,0.0,1.0,5.0,22.0,89.0,86.0,0.0,2.0,6.0,13.0,2.0,2.0,3.0,17.0,9.0,36.0,8.0,4.0,26.0,4.0,8.0,10.0,11.0,9.0,3.0,1.0,1.0,0.0,2.0,11.0,0.0,1.0,5.0,8.0,0.0,6.0,6.0,0.0,24.0,7.0,3.0,3.0,3.0,1.0,4.0,6.0,4.0,52.0,9.0,13.0,2.0,15.0,2.0,0.0,7.0,1.0,18.0,8.0,0.0,17.0,65.0,29.0,25.0,0.0,1.0,0.0,1.0,5.0,0.0,11.0,34.0,0.0,20.0,0.0,9.0,15.0,0.0,10.0,2.0,1.0,0.0,25.0,0.0,9.0,6.0,2.0,5.0,9.0,10.0,0.0,4.0,90.0,8.0,1.0,1.0,0.0,2.0,3.0,2.0,5.0,0.0,3.0,8.0,7.0,5.0,3.0,0.0,4.0,7.0,3.0,26.0,5.0,10.0,3.0,1.0,22.0,3.0,11.0,12.0,1.0,1.0,0.0,0.0,2.0,5.0,2.0,3.0,16.0,8.0,31.0,5.0,2.0,4.0,2.0,4.0,3.0,1.0,8.0,0.0,1.0,2.0,0.0,3.0,3.0,8.0,0.0,6.0,2.0,0.0,239.0,51.0,6.0,1.0,2.0,0.0,0.0,0.0,10.0,12.0,0.0,14.0,2.0,1.0,40.0,1.0,11.0,9.0,6.0,1.0,29.0,3.0,1.0,0.0,0.0,14.0,1.0,6.0,1.0,14.0,44.0,9.0,1.0,0.0,18.0,0.0,4.0,5.0,0.0,0.0,1.0,3.0,14.0,7.0,18.0,1.0,17.0,27.0,1.0,37.0,121.0,1.0,13.0,0.0,9.0,127.0,35.0,10.0,0.0,6.0,2.0,9.0,11.0,7.0,3.0,2.0,3.0,5.0,1.0,12.0,3.0,3.0,26.0,3.0,8.0,2.0,0.0,6.0,12.0,4.0,4.0,4.0,2.0,0.0,25.0,1.0,9.0,24.0,13.0,1.0,15.0,32.0,9.0,11.0,3.0,21.0,1.0,0.0,8.0,40.0,3.0,50.0,3.0,1.0,0.0,3.0,13.0,42.0,7.0,23.0,26.0,5.0,11.0,7.0,2.0,13.0,6.0,0.0,0.0,25.0,16.0,64.0,16.0,12.0,4.0,13.0,23.0,24.0,48.0,56.0,0.0,1.0,6.0,4.0,111.0,6.0,4.0,5.0,7.0,7.0,0.0,0.0,0.0,8.0,2.0,18.0,2.0,0.0,2.0,15.0,25.0,15.0,2.0,5.0,0.0,13.0,4.0,0.0,7.0,3.0,3.0,9.0,5.0,0.0,0.0,2.0,5.0,2.0,1.0,4.0,1.0,13.0,10.0,3.0,8.0,1.0,1.0,7.0,3.0,1.0,15.0,0.0,1.0,0.0,3.0,2.0,5.0,7.0,16.0,27.0,1.0,5.0,11.0,9.0,2.0,9.0,3.0,35.0,34.0,7.0,5.0,5.0,1.0,1.0,9.0,2.0,1.0,3.0,2.0,0.0,3.0,7.0,4.0,12.0,3.0,3.0,23.0,3.0,4.0,1.0,6.0,1.0,55.0,37.0,0.0,44.0,47.0,1.0,12.0,1.0,4.0,9.0,36.0,20.0,36.0,19.0,7.0,4.0,2.0,3.0,6.0,25.0,0.0,11.0,0.0,5.0,5.0,3.0,1.0,3.0,26.0,193.0,2.0,1.0,6.0,3.0,3.0,23.0,8.0,7.0,2.0,7.0,27.0,0.0,3.0,6.0,7.0,13.0,4.0,8.0,7.0,0.0,17.0,4.0,11.0,7.0,5.0,7.0,18.0,16.0,2.0,21.0,4.0,7.0,1.0,26.0,3.0,2.0,2.0,0.0,2.0,8.0,5.0,1.0,17.0,4.0,2.0,7.0,1.0,4.0,1.0,20.0,4.0,0.0,1.0,7.0,2.0,4.0,8.0,0.0,1.0,4.0,6.0,3.0,11.0,0.0,10.0,1.0,2.0,0.0,0.0,2.0,1.0,8.0,9.0,0.0,0.0,9.0,6.0,5.0,2.0,13.0,48.0,15.0,3.0,7.0,13.0,4.0,13.0,5.0,14.0,12.0,5.0,3.0,1.0,18.0,4.0,4.0,0.0,35.0,12.0,20.0,5.0,3.0,0.0,1.0,12.0,17.0,1.0,14.0,38.0,0.0,557.0,0.0,3.0,5.0,35.0,85.0,54.0,18.0,0.0,0.0,10.0,2.0
Guo_Guo_PT23A_HSPC,17.0,4.0,14.0,3.0,8.0,15.0,8.0,4.0,50.0,2.0,7.0,81.0,1.0,25.0,10.0,72.0,25.0,6.0,3.0,2.0,0.0,13.0,35.0,20.0,87.0,1.0,12.0,7.0,4.0,13.0,7.0,1.0,1.0,1.0,8.0,88.0,0.0,23.0,8.0,54.0,1296.0,51.0,6.0,2.0,111.0,27.0,7.0,0.0,519.0,54.0,20.0,41.0,1.0,4.0,13.0,10.0,14.0,1.0,24.0,40.0,65.0,30.0,49.0,44.0,27.0,0.0,35.0,22.0,4.0,95.0,44.0,7.0,124.0,2.0,28.0,19.0,2.0,2.0,37.0,21.0,67.0,16.0,5.0,4.0,32.0,99.0,1.0,15.0,12.0,19.0,1.0,7.0,12.0,3.0,1.0,1.0,9.0,15.0,12.0,3.0,400.0,6.0,10.0,137.0,31.0,33.0,11.0,5.0,11.0,8.0,8.0,44.0,6.0,0.0,176.0,1.0,19.0,128.0,0.0,5.0,30.0,21.0,6.0,37.0,12.0,35.0,0.0,178.0,14.0,0.0,1175.0,53.0,96.0,9.0,59.0,76.0,12.0,19.0,177.0,13.0,487.0,5.0,324.0,2.0,1.0,20.0,118.0,102.0,33.0,20.0,0.0,1064.0,0.0,27.0,7.0,12.0,45.0,44.0,5.0,4.0,14.0,17.0,50.0,6.0,2.0,22.0,14.0,8.0,5.0,4.0,14.0,41.0,0.0,15.0,0.0,19.0,48.0,7.0,95.0,13.0,24.0,8.0,8.0,3.0,87.0,3.0,34.0,68.0,80.0,6.0,384.0,213.0,339.0,221.0,11.0,6.0,34.0,18.0,5.0,10.0,19.0,58.0,7.0,21.0,81.0,10.0,18.0,27.0,0.0,14.0,9593.0,571.0,22.0,62.0,14.0,94.0,404.0,23.0,364.0,0.0,0.0,5.0,18.0,7.0,19.0,38.0,12.0,20.0,1.0,0.0,9.0,26.0,6.0,57.0,31.0,11.0,0.0,9.0,5.0,13.0,1.0,6.0,1.0,23.0,10.0,5.0,123.0,170.0,3.0,8487.0,3980.0,15.0,7.0,0.0,5.0,10.0,29.0,8.0,10.0,16.0,18.0,0.0,45.0,68.0,10.0,6.0,24.0,135.0,33.0,14.0,23.0,35.0,41.0,12.0,17.0,51.0,14.0,23.0,9.0,6.0,2.0,0.0,5.0,66.0,2.0,0.0,2.0,15.0,23.0,7.0,79.0,4.0,207.0,39.0,44.0,12.0,3.0,16.0,77.0,338.0,460.0,0.0,9.0,12.0,35.0,0.0,1.0,24.0,6.0,17.0,37.0,4.0,0.0,100.0,6.0,19.0,25.0,9.0,6.0,14.0,7.0,2.0,8.0,2.0,14.0,2.0,0.0,65.0,21.0,0.0,8.0,13.0,0.0,42.0,25.0,1.0,15.0,9.0,14.0,15.0,15.0,13.0,156.0,31.0,21.0,2.0,86.0,8.0,2.0,16.0,1.0,34.0,67.0,11.0,38.0,232.0,62.0,48.0,13.0,4.0,7.0,4.0,10.0,7.0,21.0,12.0,3.0,44.0,2.0,21.0,28.0,0.0,4.0,6.0,8.0,2.0,99.0,0.0,7.0,52.0,7.0,11.0,29.0,22.0,2.0,21.0,914.0,32.0,13.0,0.0,3.0,8.0,6.0,6.0,38.0,7.0,35.0,13.0,16.0,35.0,0.0,6.0,20.0,30.0,27.0,16.0,10.0,0.0,11.0,12.0,47.0,27.0,25.0,36.0,11.0,1.0,0.0,6.0,5.0,5.0,12.0,10.0,70.0,7.0,23.0,23.0,1.0,13.0,18.0,4.0,24.0,3.0,38.0,2.0,5.0,19.0,26.0,4.0,4.0,22.0,149.0,20.0,4.0,5.0,1010.0,108.0,20.0,8.0,7.0,3.0,3.0,9.0,22.0,15.0,55.0,205.0,13.0,4.0,97.0,12.0,78.0,23.0,17.0,3.0,15.0,9.0,1.0,0.0,14.0,58.0,7.0,24.0,17.0,80.0,203.0,137.0,12.0,16.0,32.0,30.0,11.0,18.0,1.0,0.0,10.0,7.0,36.0,13.0,45.0,20.0,92.0,116.0,3.0,63.0,794.0,5.0,38.0,0.0,4.0,594.0,142.0,45.0,15.0,16.0,7.0,20.0,31.0,8.0,11.0,17.0,6.0,32.0,111.0,18.0,3.0,8.0,112.0,9.0,48.0,14.0,19.0,3.0,10.0,7.0,12.0,10.0,11.0,11.0,196.0,9.0,15.0,41.0,45.0,44.0,9.0,70.0,24.0,29.0,0.0,87.0,64.0,0.0,46.0,79.0,7.0,169.0,10.0,44.0,6.0,17.0,152.0,46.0,24.0,57.0,106.0,14.0,21.0,35.0,4.0,63.0,22.0,3.0,1.0,189.0,12.0,120.0,40.0,36.0,16.0,1.0,51.0,53.0,313.0,150.0,3.0,0.0,24.0,7.0,489.0,12.0,14.0,32.0,21.0,3.0,2.0,0.0,3.0,17.0,1.0,99.0,9.0,27.0,10.0,35.0,61.0,39.0,12.0,5.0,11.0,42.0,13.0,5.0,10.0,5.0,14.0,29.0,10.0,3.0,3.0,5.0,5.0,8.0,5.0,9.0,1.0,36.0,35.0,9.0,7.0,14.0,8.0,5.0,6.0,7.0,113.0,8.0,1.0,16.0,3.0,4.0,9.0,16.0,58.0,237.0,5.0,8.0,32.0,4.0,20.0,39.0,14.0,103.0,27.0,11.0,9.0,5.0,10.0,5.0,1.0,5.0,12.0,64.0,14.0,10.0,7.0,17.0,12.0,20.0,9.0,8.0,60.0,7.0,14.0,13.0,1.0,4.0,228.0,32.0,0.0,3.0,159.0,23.0,47.0,11.0,11.0,35.0,183.0,57.0,201.0,46.0,24.0,8.0,0.0,18.0,22.0,47.0,3.0,45.0,1.0,3.0,14.0,9.0,10.0,0.0,58.0,720.0,18.0,5.0,28.0,28.0,17.0,71.0,103.0,70.0,4.0,27.0,67.0,0.0,4.0,16.0,2.0,92.0,5.0,26.0,18.0,2.0,30.0,10.0,36.0,22.0,16.0,63.0,80.0,37.0,19.0,61.0,10.0,12.0,2.0,113.0,11.0,8.0,1.0,9.0,7.0,41.0,10.0,4.0,72.0,23.0,5.0,13.0,2.0,2.0,2.0,56.0,28.0,1.0,12.0,13.0,1.0,10.0,88.0,0.0,6.0,10.0,9.0,15.0,10.0,1.0,12.0,2.0,3.0,0.0,3.0,3.0,0.0,25.0,18.0,0.0,2.0,50.0,28.0,14.0,11.0,28.0,242.0,26.0,10.0,7.0,3.0,1.0,6.0,7.0,10.0,33.0,16.0,0.0,2.0,38.0,5.0,31.0,9.0,143.0,52.0,27.0,9.0,16.0,6.0,1.0,80.0,2.0,26.0,69.0,172.0,4.0,5325.0,0.0,2.0,28.0,90.0,483.0,261.0,97.0,1.0,6.0,26.0,10.0
Guo_Guo_PT23A_LSPC,4.0,0.0,3.0,1.0,2.0,10.0,4.0,1.0,19.0,2.0,0.0,36.0,0.0,5.0,4.0,32.0,10.0,3.0,2.0,2.0,0.0,5.0,12.0,5.0,11.0,2.0,5.0,3.0,2.0,8.0,4.0,0.0,0.0,1.0,5.0,28.0,1.0,5.0,5.0,20.0,568.0,18.0,3.0,2.0,35.0,6.0,6.0,0.0,13.0,32.0,7.0,14.0,0.0,2.0,1.0,2.0,11.0,1.0,10.0,14.0,13.0,8.0,18.0,15.0,13.0,1.0,10.0,8.0,1.0,38.0,20.0,1.0,27.0,0.0,15.0,1.0,0.0,1.0,13.0,3.0,22.0,1.0,2.0,0.0,16.0,32.0,1.0,0.0,5.0,3.0,2.0,2.0,3.0,0.0,0.0,3.0,0.0,2.0,4.0,2.0,84.0,14.0,4.0,56.0,8.0,12.0,4.0,1.0,2.0,3.0,1.0,9.0,3.0,0.0,49.0,0.0,16.0,39.0,0.0,2.0,13.0,7.0,2.0,6.0,8.0,4.0,1.0,72.0,4.0,0.0,431.0,20.0,24.0,11.0,23.0,28.0,9.0,10.0,124.0,19.0,49.0,1.0,85.0,0.0,0.0,5.0,34.0,11.0,5.0,42.0,0.0,637.0,0.0,12.0,2.0,3.0,5.0,5.0,4.0,2.0,7.0,2.0,25.0,1.0,0.0,11.0,5.0,4.0,6.0,2.0,4.0,14.0,4.0,3.0,0.0,4.0,21.0,6.0,38.0,1.0,9.0,2.0,3.0,0.0,23.0,1.0,18.0,21.0,28.0,4.0,28.0,12.0,45.0,120.0,7.0,1.0,19.0,4.0,2.0,3.0,9.0,18.0,4.0,11.0,31.0,2.0,16.0,9.0,0.0,8.0,2915.0,154.0,11.0,18.0,6.0,32.0,261.0,6.0,125.0,2.0,0.0,2.0,3.0,3.0,5.0,6.0,9.0,1.0,3.0,2.0,8.0,14.0,7.0,26.0,11.0,3.0,0.0,2.0,2.0,3.0,0.0,10.0,0.0,12.0,2.0,3.0,72.0,31.0,0.0,1787.0,885.0,2.0,2.0,1.0,0.0,3.0,13.0,4.0,2.0,1.0,2.0,0.0,18.0,15.0,8.0,1.0,9.0,33.0,7.0,3.0,7.0,13.0,16.0,5.0,6.0,11.0,6.0,10.0,1.0,2.0,0.0,2.0,0.0,22.0,0.0,0.0,2.0,17.0,7.0,3.0,14.0,3.0,114.0,8.0,15.0,8.0,4.0,8.0,42.0,94.0,112.0,0.0,5.0,1.0,14.0,0.0,0.0,11.0,2.0,11.0,22.0,1.0,0.0,22.0,4.0,7.0,13.0,3.0,6.0,7.0,4.0,1.0,8.0,1.0,10.0,2.0,4.0,25.0,6.0,0.0,4.0,4.0,0.0,16.0,17.0,0.0,9.0,4.0,5.0,4.0,5.0,3.0,49.0,21.0,8.0,0.0,28.0,3.0,1.0,5.0,4.0,8.0,24.0,3.0,4.0,105.0,23.0,23.0,2.0,4.0,0.0,0.0,7.0,1.0,5.0,11.0,0.0,9.0,2.0,9.0,11.0,0.0,2.0,1.0,0.0,0.0,34.0,0.0,4.0,24.0,1.0,1.0,8.0,9.0,2.0,3.0,375.0,14.0,1.0,0.0,1.0,3.0,10.0,1.0,10.0,1.0,14.0,4.0,0.0,13.0,1.0,4.0,11.0,13.0,16.0,8.0,13.0,0.0,3.0,3.0,19.0,1.0,8.0,12.0,3.0,0.0,0.0,1.0,1.0,1.0,2.0,4.0,20.0,2.0,19.0,10.0,2.0,1.0,10.0,2.0,12.0,2.0,10.0,3.0,0.0,10.0,5.0,0.0,1.0,4.0,37.0,8.0,1.0,1.0,257.0,56.0,10.0,0.0,1.0,2.0,0.0,4.0,4.0,9.0,12.0,43.0,4.0,3.0,38.0,0.0,21.0,5.0,4.0,1.0,2.0,3.0,0.0,0.0,1.0,16.0,3.0,7.0,1.0,20.0,26.0,13.0,9.0,5.0,9.0,8.0,4.0,3.0,0.0,0.0,1.0,3.0,13.0,5.0,10.0,5.0,34.0,26.0,0.0,25.0,213.0,5.0,2.0,1.0,2.0,245.0,36.0,18.0,0.0,9.0,7.0,1.0,11.0,0.0,11.0,0.0,3.0,3.0,26.0,10.0,3.0,6.0,80.0,1.0,12.0,5.0,5.0,0.0,1.0,4.0,7.0,4.0,8.0,3.0,115.0,5.0,10.0,25.0,9.0,13.0,1.0,29.0,8.0,13.0,0.0,13.0,9.0,0.0,4.0,26.0,4.0,43.0,0.0,11.0,4.0,6.0,58.0,18.0,6.0,31.0,44.0,1.0,10.0,15.0,2.0,15.0,10.0,2.0,0.0,75.0,6.0,37.0,9.0,14.0,7.0,0.0,20.0,24.0,85.0,62.0,0.0,1.0,4.0,4.0,858.0,4.0,7.0,8.0,11.0,0.0,2.0,0.0,2.0,5.0,0.0,28.0,4.0,1.0,6.0,18.0,19.0,2.0,4.0,4.0,3.0,10.0,4.0,2.0,1.0,1.0,4.0,5.0,1.0,3.0,2.0,2.0,1.0,6.0,2.0,3.0,0.0,9.0,6.0,0.0,0.0,1.0,1.0,3.0,3.0,1.0,8.0,7.0,0.0,6.0,5.0,2.0,5.0,2.0,15.0,48.0,1.0,2.0,8.0,2.0,9.0,11.0,1.0,23.0,8.0,3.0,1.0,3.0,3.0,3.0,0.0,1.0,5.0,17.0,6.0,2.0,0.0,12.0,6.0,2.0,2.0,3.0,19.0,3.0,3.0,3.0,0.0,0.0,66.0,4.0,0.0,0.0,69.0,12.0,9.0,4.0,9.0,18.0,38.0,21.0,72.0,8.0,8.0,3.0,0.0,7.0,12.0,13.0,5.0,6.0,0.0,2.0,1.0,8.0,1.0,0.0,15.0,561.0,8.0,3.0,4.0,12.0,7.0,29.0,21.0,35.0,0.0,4.0,23.0,0.0,2.0,4.0,2.0,57.0,1.0,5.0,4.0,3.0,15.0,4.0,17.0,7.0,2.0,29.0,30.0,8.0,6.0,21.0,9.0,1.0,2.0,57.0,10.0,1.0,1.0,1.0,1.0,11.0,2.0,0.0,22.0,4.0,1.0,10.0,1.0,3.0,2.0,19.0,6.0,2.0,3.0,10.0,0.0,2.0,25.0,0.0,0.0,0.0,1.0,11.0,4.0,0.0,11.0,0.0,0.0,1.0,1.0,2.0,0.0,8.0,8.0,0.0,2.0,7.0,8.0,2.0,5.0,14.0,57.0,7.0,0.0,0.0,2.0,0.0,1.0,2.0,9.0,7.0,6.0,0.0,0.0,13.0,1.0,32.0,2.0,106.0,14.0,7.0,1.0,4.0,1.0,0.0,34.0,0.0,14.0,18.0,57.0,1.0,3534.0,0.0,1.0,7.0,30.0,136.0,49.0,21.0,0.0,2.0,9.0,2.0
Guo_Guo_PT27A_HSPC,49.0,1251.0,94.0,73.0,72.0,499.0,195.0,74.0,321.0,66.0,538.0,836.0,39.0,314.0,803.0,787.0,416.0,672.0,274.0,85.0,24.0,47.0,922.0,301.0,29.0,100.0,386.0,91.0,267.0,511.0,166.0,98.0,62.0,49.0,109.0,1297.0,4.0,183.0,178.0,367.0,2719.0,1267.0,224.0,53.0,2411.0,303.0,35.0,965.0,9049.0,1644.0,502.0,860.0,81.0,43.0,25.0,81.0,104.0,91.0,187.0,832.0,889.0,564.0,574.0,918.0,876.0,332.0,453.0,218.0,35.0,993.0,799.0,60.0,1314.0,753.0,811.0,172.0,72.0,13.0,771.0,249.0,600.0,195.0,156.0,37.0,445.0,1773.0,87.0,2811.0,134.0,95.0,35.0,38.0,88.0,21.0,16.0,6.0,26.0,82.0,387.0,58.0,8261.0,142.0,167.0,2198.0,553.0,141.0,14.0,78.0,14.0,170.0,38.0,568.0,175.0,34.0,2761.0,612.0,785.0,1765.0,2.0,44.0,389.0,174.0,85.0,771.0,319.0,2424.0,4.0,5893.0,412.0,49.0,9071.0,734.0,1077.0,10497.0,585.0,1235.0,230.0,464.0,4851.0,270.0,4118.0,394.0,58287.0,79.0,174.0,119.0,3611.0,2888.0,276.0,86.0,1.0,8466.0,35.0,110.0,91.0,97.0,635.0,132.0,136.0,150.0,368.0,90.0,1952.0,14.0,52.0,278.0,220.0,167.0,43.0,138.0,85.0,389.0,1029.0,177.0,176.0,123.0,258.0,462.0,2608.0,137.0,966.0,243.0,36.0,385.0,2446.0,21.0,481.0,862.0,1245.0,155.0,3330.0,2909.0,783.0,1553.0,122.0,79.0,213.0,117.0,68.0,95.0,107.0,56.0,166.0,97.0,1205.0,130.0,508.0,828.0,23.0,219.0,170038.0,14260.0,72.0,232.0,59.0,2923.0,6755.0,135.0,8555.0,168.0,6.0,14.0,41.0,110.0,122.0,2597.0,188.0,146.0,91.0,92.0,36.0,407.0,86.0,2144.0,809.0,232.0,60.0,48.0,84.0,74.0,12.0,342.0,586.0,903.0,43.0,92.0,1630.0,693.0,59.0,79707.0,70400.0,117.0,106.0,174.0,87.0,52.0,283.0,62.0,74.0,45.0,218.0,37.0,917.0,649.0,151.0,91.0,136.0,1169.0,451.0,76.0,553.0,483.0,443.0,59.0,366.0,944.0,126.0,232.0,16.0,122.0,123.0,6.0,48.0,250.0,29.0,88.0,36.0,594.0,331.0,46.0,5490.0,151.0,2945.0,1093.0,679.0,429.0,6.0,229.0,1456.0,4349.0,4053.0,25.0,208.0,124.0,514.0,0.0,44.0,133.0,1090.0,320.0,3584.0,279.0,66.0,966.0,397.0,206.0,243.0,435.0,372.0,73.0,26.0,11.0,27.0,66.0,192.0,173.0,26.0,901.0,406.0,11.0,390.0,862.0,14.0,474.0,391.0,50.0,302.0,517.0,82.0,69.0,144.0,225.0,1455.0,595.0,151.0,176.0,610.0,105.0,3.0,559.0,58.0,555.0,768.0,32.0,1881.0,3201.0,1977.0,699.0,200.0,72.0,95.0,76.0,129.0,18.0,188.0,287.0,27.0,321.0,60.0,146.0,469.0,27.0,1319.0,80.0,55.0,56.0,1274.0,17.0,297.0,773.0,26.0,225.0,233.0,317.0,41.0,294.0,13114.0,199.0,410.0,2.0,20.0,58.0,275.0,128.0,526.0,57.0,517.0,275.0,108.0,1358.0,76.0,22.0,264.0,387.0,729.0,6675.0,180.0,5.0,157.0,145.0,512.0,447.0,321.0,546.0,61.0,54.0,213.0,41.0,173.0,747.0,75.0,56.0,1157.0,177.0,888.0,412.0,63.0,59.0,73.0,46.0,164.0,59.0,292.0,23.0,149.0,374.0,43.0,126.0,24.0,136.0,671.0,91.0,35.0,54.0,6693.0,2269.0,532.0,129.0,276.0,105.0,17.0,83.0,285.0,166.0,9.0,11716.0,138.0,78.0,1162.0,254.0,888.0,135.0,149.0,86.0,885.0,109.0,50.0,1841.0,167.0,1167.0,202.0,199.0,45.0,483.0,3860.0,3628.0,269.0,9.0,871.0,362.0,163.0,98.0,11.0,12.0,215.0,36.0,231.0,214.0,417.0,298.0,1583.0,2197.0,99.0,331.0,11429.0,36.0,292.0,16.0,67.0,9747.0,2641.0,144.0,26.0,152.0,83.0,161.0,699.0,96.0,71.0,92.0,89.0,780.0,2997.0,535.0,271.0,78.0,2065.0,446.0,287.0,28.0,128.0,32.0,269.0,112.0,105.0,123.0,79.0,65.0,5213.0,72.0,1032.0,1042.0,1174.0,51.0,236.0,1925.0,198.0,332.0,21.0,996.0,1075.0,2.0,234.0,625.0,111.0,2210.0,778.0,1531.0,142.0,101.0,1157.0,1526.0,483.0,1177.0,1801.0,695.0,546.0,659.0,72.0,603.0,600.0,117.0,24.0,350.0,231.0,2227.0,590.0,453.0,164.0,432.0,1277.0,1442.0,3079.0,2048.0,1.0,12.0,240.0,101.0,4730.0,287.0,158.0,219.0,202.0,84.0,26.0,162.0,576.0,179.0,58.0,1254.0,80.0,53.0,78.0,507.0,537.0,67.0,780.0,435.0,77.0,717.0,259.0,23.0,120.0,50.0,56.0,113.0,79.0,62.0,38.0,58.0,496.0,98.0,31.0,191.0,132.0,537.0,552.0,72.0,149.0,98.0,51.0,273.0,31.0,63.0,1158.0,15.0,82.0,270.0,63.0,48.0,191.0,139.0,884.0,1299.0,32.0,37.0,224.0,899.0,156.0,598.0,122.0,2435.0,264.0,137.0,167.0,50.0,209.0,116.0,195.0,2.0,43.0,49.0,214.0,66.0,80.0,569.0,221.0,252.0,35.0,92.0,1444.0,62.0,228.0,86.0,112.0,47.0,5142.0,838.0,6.0,2048.0,1698.0,22.0,431.0,207.0,233.0,348.0,2246.0,1014.0,2802.0,699.0,267.0,138.0,74.0,212.0,268.0,330.0,1.0,742.0,2.0,198.0,99.0,66.0,182.0,30.0,681.0,10934.0,84.0,37.0,172.0,155.0,165.0,670.0,822.0,825.0,101.0,307.0,836.0,60.0,123.0,101.0,112.0,2044.0,72.0,192.0,192.0,618.0,1352.0,140.0,450.0,322.0,206.0,421.0,1410.0,382.0,349.0,702.0,56.0,101.0,140.0,1997.0,106.0,140.0,68.0,123.0,161.0,613.0,79.0,177.0,1584.0,135.0,100.0,236.0,45.0,61.0,117.0,320.0,283.0,25.0,300.0,284.0,342.0,105.0,745.0,89.0,276.0,294.0,344.0,591.0,117.0,92.0,366.0,90.0,247.0,39.0,285.0,36.0,4.0,176.0,358.0,7.0,11.0,691.0,464.0,263.0,220.0,452.0,5768.0,480.0,195.0,218.0,164.0,48.0,119.0,96.0,356.0,469.0,149.0,27.0,718.0,491.0,17.0,1099.0,80.0,2401.0,555.0,322.0,56.0,79.0,45.0,79.0,1328.0,11.0,85.0,568.0,3866.0,33.0,59520.0,71.0,73.0,445.0,1427.0,10511.0,3413.0,640.0,17.0,118.0,254.0,238.0
Guo_Guo_PT27A_LSPC,4.0,6.0,3.0,2.0,1.0,11.0,9.0,3.0,13.0,6.0,15.0,32.0,2.0,10.0,29.0,20.0,29.0,25.0,8.0,1.0,0.0,4.0,26.0,7.0,0.0,1.0,13.0,4.0,5.0,18.0,2.0,3.0,19.0,1.0,5.0,29.0,0.0,5.0,5.0,5.0,183.0,34.0,7.0,1.0,45.0,16.0,0.0,54.0,38.0,45.0,18.0,15.0,5.0,0.0,0.0,3.0,2.0,4.0,5.0,21.0,16.0,20.0,17.0,24.0,29.0,11.0,8.0,8.0,1.0,19.0,21.0,3.0,36.0,41.0,22.0,7.0,1.0,1.0,15.0,7.0,24.0,4.0,7.0,0.0,14.0,61.0,1.0,120.0,2.0,6.0,2.0,3.0,3.0,0.0,0.0,0.0,2.0,1.0,31.0,4.0,120.0,4.0,7.0,41.0,32.0,5.0,0.0,1.0,0.0,8.0,0.0,10.0,5.0,4.0,70.0,25.0,68.0,30.0,0.0,5.0,8.0,9.0,1.0,12.0,15.0,162.0,2.0,229.0,3.0,6.0,224.0,21.0,61.0,588.0,32.0,13.0,8.0,20.0,160.0,5.0,32.0,11.0,2775.0,4.0,8.0,8.0,97.0,31.0,4.0,9.0,0.0,531.0,1.0,3.0,2.0,1.0,15.0,4.0,6.0,11.0,17.0,5.0,76.0,0.0,6.0,10.0,10.0,9.0,2.0,3.0,1.0,20.0,19.0,1.0,7.0,1.0,13.0,7.0,88.0,0.0,21.0,31.0,2.0,0.0,59.0,0.0,12.0,56.0,41.0,0.0,27.0,47.0,12.0,53.0,4.0,0.0,8.0,3.0,2.0,0.0,6.0,3.0,4.0,1.0,47.0,4.0,30.0,17.0,1.0,3.0,4401.0,366.0,2.0,9.0,4.0,46.0,244.0,6.0,305.0,2.0,0.0,1.0,1.0,0.0,2.0,8.0,8.0,3.0,2.0,6.0,1.0,13.0,5.0,27.0,26.0,8.0,2.0,3.0,4.0,3.0,0.0,23.0,22.0,23.0,4.0,2.0,38.0,8.0,4.0,1172.0,858.0,5.0,6.0,6.0,5.0,0.0,10.0,3.0,3.0,1.0,8.0,3.0,23.0,11.0,4.0,2.0,5.0,40.0,12.0,4.0,10.0,26.0,18.0,2.0,14.0,23.0,4.0,7.0,1.0,3.0,2.0,2.0,1.0,2.0,1.0,1.0,3.0,35.0,9.0,1.0,85.0,5.0,118.0,34.0,30.0,8.0,0.0,7.0,43.0,112.0,66.0,1.0,8.0,4.0,26.0,0.0,3.0,6.0,18.0,11.0,130.0,6.0,0.0,32.0,8.0,11.0,6.0,7.0,17.0,3.0,1.0,1.0,1.0,1.0,11.0,6.0,0.0,23.0,19.0,1.0,13.0,16.0,4.0,18.0,15.0,5.0,20.0,7.0,0.0,0.0,7.0,3.0,30.0,15.0,9.0,8.0,14.0,3.0,0.0,4.0,1.0,27.0,43.0,0.0,57.0,155.0,84.0,17.0,3.0,5.0,2.0,0.0,5.0,1.0,13.0,3.0,1.0,19.0,3.0,8.0,13.0,0.0,21.0,1.0,0.0,11.0,38.0,2.0,13.0,28.0,4.0,3.0,5.0,2.0,3.0,16.0,168.0,6.0,8.0,0.0,0.0,1.0,13.0,3.0,18.0,2.0,9.0,4.0,3.0,44.0,16.0,1.0,10.0,11.0,23.0,278.0,7.0,1.0,4.0,4.0,20.0,7.0,7.0,21.0,7.0,2.0,12.0,0.0,5.0,36.0,3.0,2.0,45.0,7.0,34.0,9.0,1.0,8.0,2.0,2.0,1.0,4.0,8.0,1.0,1.0,10.0,4.0,7.0,0.0,3.0,12.0,2.0,2.0,2.0,157.0,61.0,19.0,5.0,10.0,5.0,2.0,1.0,7.0,3.0,1.0,50.0,3.0,4.0,30.0,7.0,16.0,2.0,8.0,5.0,23.0,5.0,0.0,36.0,4.0,21.0,10.0,7.0,0.0,10.0,13.0,24.0,24.0,0.0,31.0,4.0,4.0,1.0,1.0,0.0,1.0,3.0,6.0,5.0,8.0,7.0,47.0,48.0,2.0,14.0,301.0,0.0,1.0,0.0,3.0,361.0,72.0,7.0,2.0,4.0,6.0,7.0,21.0,3.0,0.0,1.0,2.0,11.0,28.0,19.0,4.0,1.0,69.0,7.0,8.0,0.0,6.0,1.0,8.0,10.0,0.0,5.0,0.0,2.0,148.0,0.0,30.0,29.0,17.0,1.0,4.0,46.0,4.0,18.0,1.0,29.0,12.0,1.0,2.0,8.0,7.0,71.0,4.0,7.0,5.0,4.0,64.0,50.0,15.0,46.0,54.0,9.0,14.0,22.0,5.0,10.0,9.0,3.0,0.0,11.0,8.0,68.0,23.0,17.0,5.0,18.0,51.0,44.0,64.0,78.0,0.0,1.0,4.0,3.0,407.0,11.0,4.0,3.0,14.0,4.0,6.0,10.0,9.0,2.0,4.0,9.0,5.0,0.0,2.0,14.0,24.0,0.0,30.0,8.0,3.0,17.0,7.0,0.0,2.0,5.0,3.0,4.0,4.0,1.0,2.0,0.0,10.0,3.0,4.0,7.0,3.0,13.0,16.0,2.0,3.0,2.0,0.0,7.0,2.0,2.0,9.0,0.0,3.0,2.0,1.0,2.0,3.0,10.0,26.0,18.0,1.0,1.0,11.0,37.0,6.0,9.0,4.0,45.0,1.0,11.0,5.0,0.0,5.0,2.0,8.0,0.0,4.0,0.0,14.0,4.0,4.0,16.0,5.0,2.0,2.0,2.0,46.0,3.0,9.0,3.0,4.0,0.0,149.0,14.0,0.0,86.0,62.0,1.0,2.0,8.0,3.0,18.0,51.0,35.0,97.0,19.0,6.0,3.0,1.0,7.0,10.0,12.0,0.0,17.0,0.0,6.0,5.0,2.0,5.0,2.0,31.0,566.0,2.0,2.0,4.0,4.0,7.0,22.0,14.0,28.0,0.0,8.0,24.0,1.0,4.0,5.0,8.0,85.0,0.0,8.0,12.0,25.0,22.0,11.0,13.0,5.0,6.0,7.0,43.0,12.0,6.0,30.0,3.0,2.0,2.0,52.0,2.0,7.0,7.0,7.0,6.0,18.0,4.0,3.0,54.0,1.0,6.0,10.0,2.0,7.0,1.0,6.0,8.0,1.0,15.0,7.0,11.0,3.0,16.0,0.0,14.0,7.0,9.0,8.0,3.0,7.0,9.0,7.0,12.0,3.0,22.0,0.0,0.0,7.0,17.0,0.0,0.0,16.0,11.0,6.0,8.0,12.0,106.0,21.0,11.0,1.0,6.0,2.0,6.0,9.0,20.0,25.0,3.0,1.0,27.0,13.0,1.0,34.0,5.0,151.0,18.0,4.0,1.0,3.0,1.0,2.0,28.0,1.0,2.0,14.0,110.0,2.0,2134.0,8.0,3.0,17.0,40.0,288.0,98.0,13.0,1.0,6.0,10.0,2.0
Guo_Guo_PT28A_HSPC,23.0,53.0,19.0,17.0,6.0,46.0,18.0,14.0,48.0,10.0,116.0,99.0,9.0,37.0,44.0,56.0,7.0,57.0,17.0,12.0,2.0,5.0,72.0,40.0,10.0,34.0,59.0,23.0,70.0,110.0,31.0,0.0,0.0,0.0,5.0,145.0,0.0,26.0,49.0,86.0,273.0,144.0,21.0,14.0,296.0,41.0,8.0,136.0,78.0,138.0,40.0,102.0,14.0,9.0,7.0,26.0,9.0,6.0,17.0,50.0,83.0,60.0,111.0,75.0,116.0,9.0,88.0,33.0,8.0,2.0,97.0,5.0,160.0,0.0,127.0,36.0,3.0,10.0,92.0,28.0,56.0,21.0,12.0,4.0,58.0,204.0,27.0,210.0,11.0,16.0,9.0,13.0,41.0,15.0,3.0,0.0,4.0,17.0,9.0,0.0,528.0,33.0,25.0,255.0,27.0,46.0,15.0,19.0,4.0,32.0,22.0,67.0,24.0,12.0,359.0,15.0,12.0,190.0,0.0,17.0,58.0,32.0,8.0,69.0,4.0,185.0,0.0,547.0,83.0,2.0,806.0,98.0,109.0,362.0,28.0,106.0,23.0,42.0,212.0,11.0,411.0,8.0,3881.0,7.0,19.0,11.0,407.0,177.0,20.0,73.0,1.0,1221.0,3.0,37.0,8.0,22.0,108.0,109.0,14.0,48.0,30.0,1.0,192.0,2.0,0.0,40.0,45.0,23.0,4.0,28.0,10.0,47.0,15.0,14.0,33.0,5.0,43.0,69.0,172.0,16.0,47.0,1.0,2.0,15.0,265.0,10.0,69.0,104.0,236.0,5.0,555.0,487.0,55.0,104.0,4.0,12.0,38.0,16.0,22.0,17.0,39.0,10.0,16.0,20.0,140.0,19.0,58.0,74.0,1.0,45.0,22812.0,1194.0,18.0,13.0,7.0,214.0,209.0,56.0,1239.0,6.0,1.0,5.0,10.0,23.0,4.0,64.0,34.0,29.0,21.0,12.0,3.0,57.0,12.0,195.0,41.0,38.0,12.0,16.0,9.0,12.0,4.0,19.0,117.0,116.0,6.0,20.0,80.0,90.0,8.0,5115.0,3968.0,14.0,20.0,13.0,19.0,14.0,41.0,25.0,9.0,8.0,18.0,0.0,96.0,82.0,46.0,33.0,60.0,74.0,46.0,13.0,73.0,52.0,71.0,17.0,38.0,125.0,13.0,35.0,3.0,13.0,8.0,2.0,12.0,3.0,0.0,5.0,2.0,51.0,53.0,11.0,718.0,1.0,69.0,118.0,62.0,36.0,8.0,21.0,130.0,592.0,440.0,4.0,21.0,23.0,57.0,20.0,12.0,13.0,38.0,91.0,125.0,26.0,5.0,165.0,5.0,30.0,48.0,30.0,25.0,9.0,12.0,0.0,6.0,12.0,17.0,19.0,5.0,93.0,79.0,0.0,42.0,55.0,0.0,67.0,27.0,2.0,22.0,60.0,15.0,11.0,34.0,26.0,216.0,43.0,17.0,15.0,107.0,3.0,3.0,64.0,7.0,105.0,33.0,1.0,132.0,472.0,208.0,71.0,8.0,2.0,0.0,3.0,25.0,8.0,44.0,72.0,8.0,137.0,5.0,32.0,55.0,0.0,46.0,21.0,3.0,12.0,142.0,0.0,53.0,102.0,12.0,42.0,44.0,45.0,2.0,34.0,617.0,39.0,11.0,0.0,2.0,11.0,25.0,11.0,73.0,5.0,35.0,14.0,24.0,167.0,4.0,3.0,34.0,50.0,5.0,119.0,22.0,3.0,35.0,27.0,70.0,36.0,46.0,20.0,21.0,3.0,2.0,4.0,29.0,222.0,6.0,15.0,98.0,35.0,153.0,53.0,7.0,20.0,11.0,16.0,3.0,4.0,53.0,1.0,17.0,54.0,6.0,29.0,14.0,26.0,150.0,20.0,8.0,14.0,1699.0,136.0,56.0,16.0,19.0,7.0,1.0,21.0,33.0,16.0,3.0,249.0,14.0,17.0,129.0,19.0,104.0,12.0,24.0,5.0,113.0,10.0,2.0,23.0,15.0,92.0,27.0,29.0,19.0,136.0,1072.0,56.0,14.0,2.0,77.0,7.0,16.0,24.0,5.0,3.0,14.0,9.0,89.0,26.0,41.0,38.0,148.0,240.0,11.0,163.0,1473.0,11.0,24.0,1.0,21.0,1191.0,79.0,30.0,9.0,29.0,24.0,24.0,54.0,23.0,19.0,14.0,15.0,27.0,68.0,60.0,28.0,23.0,68.0,36.0,33.0,3.0,13.0,8.0,33.0,10.0,22.0,19.0,25.0,8.0,360.0,14.0,69.0,107.0,144.0,0.0,85.0,193.0,25.0,46.0,2.0,112.0,51.0,0.0,54.0,50.0,13.0,329.0,50.0,101.0,18.0,18.0,79.0,120.0,57.0,126.0,253.0,46.0,55.0,82.0,20.0,50.0,25.0,12.0,4.0,177.0,57.0,248.0,54.0,65.0,21.0,72.0,124.0,117.0,395.0,199.0,0.0,7.0,41.0,21.0,643.0,54.0,19.0,23.0,25.0,28.0,5.0,27.0,11.0,27.0,1.0,316.0,9.0,3.0,8.0,61.0,117.0,22.0,57.0,72.0,14.0,102.0,37.0,2.0,12.0,8.0,20.0,15.0,16.0,6.0,2.0,12.0,38.0,5.0,4.0,34.0,6.0,29.0,52.0,11.0,14.0,26.0,15.0,10.0,19.0,9.0,46.0,20.0,0.0,0.0,19.0,9.0,23.0,28.0,30.0,160.0,13.0,10.0,46.0,32.0,30.0,80.0,13.0,240.0,103.0,37.0,28.0,7.0,9.0,17.0,43.0,9.0,11.0,9.0,28.0,32.0,9.0,25.0,29.0,17.0,6.0,20.0,146.0,11.0,21.0,9.0,12.0,12.0,565.0,120.0,5.0,183.0,161.0,7.0,43.0,28.0,41.0,61.0,322.0,81.0,328.0,80.0,34.0,23.0,0.0,35.0,42.0,74.0,2.0,70.0,0.0,28.0,12.0,1.0,28.0,21.0,203.0,1552.0,38.0,1.0,60.0,15.0,21.0,183.0,46.0,92.0,10.0,27.0,130.0,1.0,7.0,19.0,3.0,19.0,15.0,46.0,20.0,26.0,140.0,15.0,58.0,22.0,19.0,49.0,137.0,62.0,46.0,124.0,16.0,38.0,29.0,226.0,18.0,23.0,16.0,2.0,19.0,70.0,16.0,5.0,137.0,34.0,9.0,37.0,13.0,15.0,7.0,116.0,27.0,6.0,47.0,38.0,21.0,16.0,76.0,30.0,4.0,10.0,17.0,68.0,115.0,0.0,74.0,1.0,15.0,5.0,0.0,4.0,2.0,16.0,47.0,0.0,6.0,49.0,59.0,24.0,22.0,59.0,251.0,84.0,31.0,24.0,44.0,25.0,26.0,10.0,64.0,140.0,27.0,4.0,24.0,71.0,2.0,54.0,18.0,63.0,91.0,53.0,12.0,23.0,9.0,2.0,171.0,207.0,12.0,122.0,400.0,2.0,3120.0,0.0,11.0,43.0,201.0,821.0,286.0,114.0,1.0,14.0,34.0,13.0
Guo_Guo_PT28A_LSPC,13.0,12.0,3.0,20.0,3.0,39.0,31.0,5.0,57.0,6.0,135.0,106.0,3.0,40.0,45.0,46.0,9.0,32.0,31.0,9.0,6.0,27.0,81.0,15.0,19.0,8.0,50.0,16.0,17.0,55.0,28.0,1.0,0.0,0.0,34.0,242.0,0.0,14.0,64.0,91.0,1224.0,121.0,24.0,9.0,224.0,77.0,23.0,82.0,16.0,142.0,35.0,83.0,8.0,8.0,6.0,4.0,6.0,1.0,16.0,45.0,63.0,64.0,60.0,122.0,71.0,2.0,59.0,27.0,1.0,30.0,69.0,11.0,149.0,0.0,76.0,33.0,0.0,5.0,63.0,22.0,74.0,6.0,16.0,7.0,29.0,187.0,17.0,128.0,12.0,26.0,8.0,7.0,34.0,6.0,1.0,0.0,3.0,18.0,21.0,6.0,702.0,15.0,12.0,179.0,44.0,25.0,5.0,8.0,2.0,34.0,4.0,47.0,26.0,19.0,264.0,7.0,65.0,149.0,11.0,14.0,36.0,27.0,4.0,78.0,8.0,338.0,0.0,459.0,107.0,3.0,1497.0,79.0,154.0,185.0,96.0,208.0,53.0,22.0,455.0,96.0,252.0,51.0,5008.0,8.0,29.0,9.0,222.0,111.0,74.0,207.0,8.0,1692.0,0.0,8.0,3.0,9.0,76.0,50.0,13.0,35.0,32.0,34.0,129.0,2.0,14.0,31.0,22.0,23.0,4.0,14.0,7.0,56.0,35.0,8.0,1.0,10.0,40.0,27.0,159.0,10.0,71.0,66.0,10.0,27.0,314.0,6.0,96.0,136.0,340.0,5.0,484.0,473.0,9.0,439.0,32.0,8.0,31.0,9.0,11.0,16.0,9.0,5.0,19.0,23.0,83.0,14.0,104.0,37.0,0.0,19.0,15354.0,803.0,282.0,37.0,14.0,281.0,479.0,39.0,761.0,4.0,0.0,2.0,11.0,29.0,10.0,9.0,37.0,26.0,5.0,15.0,10.0,78.0,14.0,67.0,76.0,10.0,6.0,11.0,7.0,8.0,4.0,120.0,27.0,83.0,6.0,9.0,203.0,107.0,2.0,3917.0,4124.0,19.0,12.0,10.0,15.0,8.0,38.0,7.0,12.0,0.0,20.0,15.0,65.0,58.0,33.0,16.0,43.0,222.0,40.0,23.0,38.0,76.0,52.0,13.0,33.0,121.0,12.0,24.0,6.0,6.0,13.0,1.0,11.0,17.0,0.0,3.0,9.0,105.0,39.0,11.0,726.0,23.0,195.0,130.0,63.0,27.0,15.0,13.0,130.0,394.0,387.0,6.0,11.0,9.0,61.0,5.0,6.0,20.0,23.0,71.0,130.0,8.0,3.0,110.0,26.0,27.0,24.0,38.0,21.0,22.0,6.0,6.0,3.0,2.0,22.0,19.0,25.0,120.0,46.0,0.0,71.0,40.0,0.0,185.0,76.0,3.0,61.0,45.0,4.0,10.0,24.0,39.0,195.0,73.0,10.0,13.0,38.0,19.0,1.0,23.0,27.0,115.0,182.0,10.0,215.0,532.0,318.0,74.0,31.0,20.0,2.0,2.0,22.0,1.0,46.0,82.0,8.0,15.0,23.0,15.0,54.0,0.0,27.0,31.0,3.0,84.0,133.0,0.0,44.0,100.0,14.0,18.0,16.0,45.0,2.0,23.0,655.0,31.0,8.0,1.0,2.0,3.0,18.0,10.0,85.0,9.0,20.0,18.0,23.0,85.0,1.0,3.0,21.0,79.0,68.0,470.0,34.0,14.0,12.0,10.0,110.0,47.0,73.0,36.0,17.0,1.0,2.0,5.0,15.0,36.0,6.0,5.0,28.0,7.0,90.0,41.0,2.0,16.0,9.0,11.0,12.0,2.0,22.0,7.0,7.0,22.0,2.0,36.0,9.0,9.0,2606.0,10.0,12.0,1.0,806.0,153.0,32.0,9.0,11.0,11.0,2.0,7.0,33.0,24.0,57.0,148.0,11.0,18.0,99.0,22.0,94.0,6.0,18.0,5.0,37.0,14.0,2.0,15.0,12.0,69.0,54.0,13.0,15.0,134.0,126.0,47.0,10.0,0.0,89.0,36.0,17.0,28.0,2.0,4.0,12.0,24.0,87.0,17.0,82.0,28.0,171.0,190.0,29.0,42.0,894.0,9.0,11.0,0.0,9.0,1772.0,48.0,27.0,2.0,10.0,23.0,32.0,54.0,17.0,4.0,10.0,18.0,23.0,174.0,47.0,97.0,16.0,425.0,44.0,58.0,7.0,15.0,8.0,47.0,10.0,10.0,12.0,15.0,3.0,279.0,12.0,75.0,76.0,41.0,5.0,48.0,200.0,24.0,52.0,10.0,94.0,55.0,0.0,68.0,102.0,5.0,172.0,42.0,56.0,11.0,11.0,146.0,93.0,55.0,131.0,198.0,13.0,30.0,40.0,5.0,32.0,45.0,9.0,13.0,365.0,43.0,140.0,34.0,77.0,39.0,48.0,81.0,129.0,269.0,246.0,1.0,0.0,18.0,16.0,266.0,48.0,28.0,33.0,16.0,23.0,6.0,2.0,15.0,20.0,0.0,52.0,54.0,24.0,5.0,37.0,104.0,10.0,104.0,38.0,11.0,62.0,32.0,0.0,18.0,6.0,10.0,31.0,12.0,7.0,5.0,2.0,5.0,34.0,7.0,26.0,9.0,65.0,35.0,5.0,26.0,8.0,11.0,11.0,3.0,5.0,126.0,34.0,3.0,11.0,10.0,14.0,18.0,23.0,206.0,218.0,4.0,6.0,54.0,30.0,10.0,31.0,15.0,185.0,36.0,24.0,22.0,1.0,24.0,15.0,9.0,4.0,1.0,12.0,17.0,11.0,9.0,65.0,15.0,23.0,2.0,15.0,146.0,5.0,8.0,23.0,11.0,9.0,302.0,75.0,0.0,27.0,237.0,14.0,31.0,21.0,11.0,45.0,195.0,58.0,184.0,75.0,67.0,15.0,2.0,19.0,34.0,29.0,19.0,47.0,1.0,72.0,24.0,9.0,15.0,8.0,53.0,1663.0,16.0,10.0,42.0,53.0,18.0,132.0,59.0,124.0,13.0,24.0,109.0,0.0,8.0,21.0,19.0,213.0,17.0,33.0,20.0,19.0,96.0,21.0,59.0,17.0,25.0,65.0,84.0,34.0,28.0,113.0,21.0,17.0,7.0,157.0,22.0,17.0,7.0,10.0,18.0,74.0,14.0,2.0,154.0,15.0,4.0,48.0,16.0,26.0,3.0,73.0,30.0,4.0,25.0,34.0,41.0,19.0,42.0,59.0,16.0,8.0,18.0,62.0,21.0,0.0,46.0,21.0,4.0,8.0,1.0,0.0,0.0,35.0,81.0,0.0,0.0,45.0,40.0,16.0,23.0,39.0,262.0,62.0,18.0,15.0,49.0,19.0,27.0,9.0,32.0,39.0,22.0,0.0,101.0,75.0,0.0,117.0,16.0,804.0,63.0,43.0,22.0,20.0,0.0,4.0,152.0,66.0,24.0,105.0,327.0,4.0,6306.0,46.0,9.0,27.0,144.0,695.0,234.0,51.0,2.0,14.0,18.0,17.0
Guo_Guo_PT29A_HSPC,81.0,20.0,15.0,9.0,18.0,48.0,17.0,3.0,37.0,6.0,42.0,117.0,6.0,82.0,51.0,194.0,102.0,73.0,6.0,17.0,5.0,46.0,105.0,75.0,1.0,7.0,40.0,37.0,27.0,72.0,76.0,10.0,3.0,5.0,6.0,175.0,0.0,24.0,51.0,231.0,1843.0,148.0,20.0,14.0,322.0,83.0,30.0,180.0,119.0,160.0,78.0,79.0,9.0,12.0,2.0,27.0,4.0,11.0,16.0,75.0,97.0,120.0,108.0,96.0,86.0,17.0,38.0,49.0,8.0,473.0,73.0,12.0,295.0,15.0,49.0,19.0,8.0,10.0,92.0,32.0,131.0,14.0,33.0,5.0,60.0,156.0,16.0,106.0,21.0,29.0,9.0,12.0,11.0,2.0,1.0,0.0,7.0,17.0,62.0,19.0,545.0,26.0,44.0,141.0,33.0,76.0,5.0,21.0,6.0,18.0,3.0,132.0,50.0,17.0,210.0,133.0,58.0,691.0,0.0,6.0,20.0,47.0,37.0,118.0,8.0,466.0,0.0,544.0,14.0,4.0,3202.0,213.0,200.0,449.0,191.0,272.0,135.0,172.0,311.0,29.0,1214.0,15.0,1745.0,3.0,9.0,26.0,817.0,150.0,33.0,87.0,2.0,1399.0,2.0,27.0,15.0,14.0,77.0,108.0,36.0,6.0,76.0,3.0,135.0,19.0,13.0,49.0,38.0,28.0,6.0,23.0,29.0,105.0,10.0,161.0,3.0,8.0,34.0,7.0,115.0,10.0,115.0,2.0,15.0,7.0,99.0,2.0,61.0,86.0,139.0,5.0,89.0,97.0,305.0,174.0,15.0,13.0,149.0,29.0,16.0,25.0,35.0,6.0,17.0,13.0,91.0,18.0,0.0,39.0,4.0,43.0,12168.0,530.0,0.0,94.0,6.0,538.0,986.0,56.0,650.0,8.0,48.0,9.0,22.0,61.0,14.0,48.0,55.0,27.0,14.0,26.0,16.0,74.0,14.0,262.0,83.0,31.0,3.0,13.0,11.0,7.0,5.0,8.0,37.0,122.0,8.0,5.0,167.0,225.0,9.0,7621.0,2546.0,8.0,17.0,20.0,23.0,4.0,18.0,17.0,15.0,3.0,14.0,0.0,135.0,156.0,24.0,8.0,99.0,214.0,78.0,8.0,47.0,72.0,69.0,10.0,69.0,71.0,28.0,47.0,7.0,12.0,7.0,7.0,5.0,9.0,2.0,0.0,4.0,84.0,43.0,14.0,403.0,1.0,405.0,49.0,73.0,69.0,14.0,33.0,84.0,487.0,455.0,1.0,27.0,7.0,122.0,13.0,0.0,26.0,124.0,20.0,186.0,14.0,4.0,58.0,1.0,44.0,23.0,49.0,24.0,20.0,2.0,10.0,4.0,8.0,29.0,25.0,9.0,112.0,30.0,1.0,63.0,127.0,1.0,179.0,47.0,17.0,56.0,106.0,13.0,12.0,21.0,37.0,160.0,82.0,49.0,9.0,37.0,63.0,0.0,68.0,1.0,103.0,82.0,8.0,142.0,509.0,316.0,221.0,28.0,3.0,3.0,0.0,29.0,2.0,58.0,51.0,15.0,36.0,17.0,28.0,79.0,2.0,181.0,17.0,11.0,39.0,85.0,2.0,30.0,45.0,7.0,54.0,49.0,75.0,14.0,25.0,929.0,92.0,6.0,11.0,2.0,9.0,42.0,23.0,66.0,12.0,26.0,19.0,25.0,69.0,24.0,5.0,41.0,40.0,2.0,157.0,103.0,0.0,34.0,23.0,134.0,31.0,47.0,76.0,6.0,9.0,21.0,18.0,4.0,45.0,8.0,8.0,151.0,3.0,83.0,60.0,3.0,9.0,49.0,15.0,5.0,8.0,56.0,6.0,5.0,83.0,1.0,27.0,9.0,39.0,0.0,13.0,15.0,9.0,2078.0,335.0,17.0,23.0,20.0,11.0,5.0,12.0,20.0,22.0,36.0,203.0,7.0,14.0,235.0,9.0,40.0,34.0,44.0,6.0,178.0,24.0,16.0,2.0,12.0,264.0,30.0,40.0,18.0,133.0,156.0,344.0,39.0,4.0,73.0,69.0,22.0,18.0,1.0,1.0,9.0,10.0,129.0,22.0,67.0,25.0,130.0,124.0,8.0,170.0,1347.0,4.0,80.0,5.0,15.0,918.0,96.0,49.0,0.0,51.0,9.0,13.0,66.0,26.0,13.0,11.0,30.0,7.0,106.0,74.0,15.0,22.0,388.0,11.0,127.0,4.0,18.0,10.0,25.0,10.0,30.0,38.0,11.0,15.0,215.0,5.0,47.0,90.0,188.0,7.0,151.0,181.0,91.0,42.0,1.0,82.0,109.0,1.0,57.0,120.0,6.0,305.0,18.0,101.0,16.0,7.0,447.0,65.0,31.0,170.0,176.0,128.0,95.0,91.0,22.0,411.0,61.0,10.0,4.0,54.0,41.0,108.0,124.0,104.0,30.0,61.0,136.0,158.0,222.0,237.0,21.0,14.0,31.0,19.0,839.0,9.0,18.0,26.0,46.0,34.0,8.0,74.0,9.0,36.0,15.0,287.0,10.0,3.0,21.0,167.0,107.0,24.0,27.0,13.0,12.0,106.0,12.0,6.0,22.0,8.0,7.0,43.0,17.0,4.0,15.0,7.0,12.0,10.0,16.0,40.0,21.0,46.0,19.0,7.0,14.0,22.0,10.0,4.0,7.0,3.0,267.0,31.0,13.0,19.0,7.0,11.0,56.0,26.0,215.0,184.0,4.0,14.0,70.0,12.0,25.0,101.0,24.0,221.0,25.0,19.0,22.0,17.0,35.0,13.0,21.0,2.0,10.0,5.0,28.0,38.0,9.0,67.0,42.0,32.0,23.0,10.0,73.0,15.0,46.0,24.0,39.0,14.0,182.0,221.0,1.0,218.0,339.0,13.0,84.0,58.0,25.0,59.0,145.0,60.0,176.0,177.0,28.0,29.0,5.0,46.0,27.0,89.0,5.0,141.0,4.0,20.0,35.0,12.0,26.0,3.0,124.0,1242.0,19.0,3.0,25.0,77.0,19.0,305.0,100.0,104.0,17.0,54.0,150.0,3.0,35.0,12.0,2.0,123.0,21.0,46.0,41.0,8.0,122.0,15.0,92.0,69.0,47.0,18.0,133.0,96.0,29.0,58.0,27.0,30.0,8.0,358.0,27.0,6.0,8.0,20.0,7.0,87.0,11.0,22.0,98.0,18.0,14.0,54.0,17.0,59.0,32.0,130.0,60.0,2.0,25.0,60.0,29.0,8.0,133.0,0.0,11.0,36.0,35.0,74.0,17.0,5.0,43.0,13.0,20.0,3.0,4.0,9.0,0.0,14.0,62.0,2.0,9.0,93.0,73.0,22.0,25.0,68.0,158.0,134.0,18.0,16.0,65.0,29.0,8.0,5.0,16.0,102.0,28.0,0.0,23.0,211.0,5.0,64.0,6.0,8.0,57.0,59.0,27.0,18.0,1.0,4.0,112.0,3.0,11.0,31.0,287.0,2.0,6350.0,6.0,8.0,56.0,191.0,546.0,391.0,78.0,3.0,49.0,53.0,31.0
Guo_Guo_PT29A_LSPC,47.0,34.0,11.0,7.0,13.0,35.0,9.0,8.0,37.0,22.0,47.0,131.0,8.0,91.0,53.0,164.0,96.0,149.0,8.0,9.0,7.0,43.0,65.0,58.0,0.0,5.0,23.0,35.0,19.0,75.0,46.0,4.0,13.0,29.0,1.0,189.0,0.0,33.0,49.0,177.0,2248.0,168.0,22.0,10.0,294.0,82.0,30.0,168.0,15.0,189.0,80.0,88.0,20.0,17.0,3.0,15.0,3.0,5.0,23.0,65.0,102.0,105.0,112.0,112.0,88.0,9.0,35.0,68.0,8.0,391.0,44.0,12.0,232.0,0.0,48.0,29.0,7.0,14.0,84.0,20.0,101.0,11.0,36.0,9.0,62.0,173.0,6.0,112.0,11.0,27.0,9.0,6.0,9.0,3.0,2.0,2.0,3.0,9.0,97.0,26.0,584.0,28.0,26.0,154.0,35.0,69.0,8.0,25.0,9.0,19.0,5.0,93.0,36.0,18.0,154.0,125.0,121.0,575.0,0.0,5.0,20.0,44.0,55.0,87.0,3.0,542.0,3.0,498.0,4.0,1.0,2961.0,167.0,197.0,658.0,183.0,181.0,90.0,178.0,417.0,40.0,317.0,6.0,1853.0,15.0,20.0,14.0,733.0,49.0,20.0,279.0,2.0,2042.0,1.0,19.0,8.0,10.0,41.0,75.0,23.0,9.0,101.0,1.0,136.0,19.0,13.0,37.0,13.0,24.0,3.0,17.0,31.0,121.0,4.0,107.0,6.0,5.0,40.0,12.0,80.0,25.0,100.0,3.0,13.0,8.0,82.0,4.0,77.0,106.0,133.0,2.0,13.0,30.0,178.0,220.0,20.0,14.0,151.0,19.0,10.0,28.0,29.0,5.0,21.0,10.0,86.0,28.0,0.0,38.0,5.0,31.0,9661.0,452.0,0.0,118.0,3.0,312.0,998.0,56.0,744.0,11.0,48.0,9.0,36.0,44.0,15.0,12.0,42.0,16.0,18.0,14.0,17.0,74.0,9.0,350.0,121.0,26.0,15.0,6.0,10.0,5.0,3.0,5.0,26.0,113.0,7.0,2.0,247.0,137.0,1.0,5033.0,1801.0,22.0,8.0,18.0,12.0,17.0,15.0,21.0,11.0,10.0,14.0,0.0,105.0,72.0,35.0,12.0,89.0,195.0,71.0,7.0,46.0,75.0,76.0,10.0,80.0,49.0,28.0,37.0,14.0,14.0,6.0,7.0,7.0,8.0,4.0,1.0,5.0,137.0,71.0,22.0,251.0,7.0,457.0,56.0,73.0,72.0,35.0,43.0,75.0,430.0,366.0,1.0,32.0,7.0,79.0,24.0,2.0,39.0,109.0,30.0,205.0,17.0,3.0,63.0,13.0,39.0,30.0,43.0,16.0,31.0,5.0,9.0,5.0,7.0,20.0,16.0,11.0,101.0,18.0,0.0,68.0,109.0,0.0,135.0,58.0,17.0,71.0,56.0,10.0,10.0,11.0,42.0,131.0,88.0,70.0,25.0,39.0,66.0,1.0,30.0,2.0,131.0,119.0,11.0,113.0,526.0,504.0,155.0,28.0,11.0,1.0,0.0,19.0,1.0,66.0,51.0,19.0,35.0,24.0,25.0,95.0,0.0,180.0,4.0,8.0,37.0,69.0,4.0,35.0,54.0,5.0,36.0,50.0,86.0,7.0,41.0,975.0,86.0,8.0,11.0,0.0,13.0,48.0,18.0,45.0,5.0,23.0,18.0,25.0,67.0,57.0,0.0,41.0,46.0,3.0,249.0,92.0,1.0,27.0,24.0,119.0,29.0,28.0,65.0,12.0,10.0,20.0,11.0,4.0,40.0,5.0,7.0,153.0,1.0,72.0,23.0,2.0,18.0,32.0,28.0,6.0,11.0,41.0,20.0,7.0,65.0,1.0,24.0,10.0,35.0,0.0,10.0,7.0,9.0,1671.0,345.0,32.0,23.0,30.0,18.0,0.0,17.0,15.0,27.0,35.0,57.0,15.0,24.0,217.0,2.0,24.0,20.0,47.0,6.0,134.0,34.0,26.0,3.0,7.0,184.0,41.0,40.0,13.0,134.0,59.0,133.0,27.0,4.0,60.0,49.0,21.0,10.0,4.0,2.0,2.0,11.0,129.0,14.0,46.0,24.0,158.0,82.0,9.0,222.0,1060.0,24.0,35.0,6.0,26.0,1124.0,83.0,53.0,0.0,34.0,12.0,27.0,43.0,26.0,13.0,14.0,35.0,11.0,51.0,94.0,14.0,27.0,518.0,7.0,118.0,3.0,29.0,9.0,30.0,14.0,11.0,31.0,13.0,13.0,306.0,12.0,51.0,103.0,159.0,11.0,129.0,121.0,75.0,49.0,1.0,89.0,44.0,0.0,40.0,69.0,5.0,263.0,13.0,45.0,10.0,21.0,476.0,73.0,25.0,179.0,170.0,113.0,35.0,100.0,22.0,325.0,35.0,8.0,2.0,46.0,60.0,105.0,112.0,96.0,24.0,68.0,154.0,165.0,165.0,277.0,27.0,9.0,21.0,16.0,1895.0,26.0,13.0,14.0,38.0,38.0,8.0,106.0,9.0,47.0,19.0,100.0,21.0,7.0,20.0,142.0,91.0,11.0,25.0,20.0,18.0,130.0,9.0,5.0,25.0,9.0,5.0,69.0,25.0,8.0,10.0,15.0,2.0,14.0,10.0,32.0,11.0,56.0,15.0,2.0,12.0,17.0,4.0,4.0,3.0,7.0,127.0,47.0,22.0,26.0,22.0,20.0,55.0,23.0,247.0,154.0,13.0,9.0,55.0,24.0,26.0,53.0,23.0,161.0,16.0,26.0,22.0,19.0,51.0,11.0,29.0,2.0,9.0,2.0,23.0,34.0,4.0,71.0,17.0,31.0,22.0,12.0,96.0,13.0,31.0,25.0,43.0,21.0,167.0,153.0,1.0,228.0,289.0,21.0,69.0,55.0,28.0,67.0,127.0,83.0,178.0,142.0,23.0,18.0,7.0,50.0,63.0,74.0,0.0,98.0,10.0,22.0,35.0,8.0,34.0,1.0,107.0,1933.0,22.0,4.0,36.0,83.0,20.0,228.0,49.0,120.0,28.0,49.0,99.0,1.0,50.0,11.0,2.0,203.0,19.0,46.0,29.0,12.0,85.0,24.0,99.0,52.0,33.0,29.0,142.0,105.0,29.0,72.0,24.0,18.0,8.0,339.0,28.0,6.0,9.0,22.0,8.0,115.0,14.0,14.0,115.0,22.0,19.0,62.0,15.0,49.0,13.0,108.0,73.0,6.0,30.0,62.0,25.0,9.0,106.0,4.0,14.0,20.0,23.0,48.0,10.0,9.0,63.0,13.0,6.0,17.0,6.0,11.0,0.0,22.0,32.0,0.0,9.0,87.0,45.0,13.0,24.0,63.0,161.0,160.0,7.0,6.0,104.0,24.0,21.0,7.0,62.0,147.0,20.0,2.0,44.0,163.0,5.0,74.0,8.0,17.0,62.0,43.0,26.0,29.0,0.0,3.0,89.0,1.0,27.0,38.0,217.0,7.0,7479.0,5.0,7.0,64.0,155.0,389.0,306.0,71.0,4.0,37.0,40.0,16.0
Henrik_Lilljebjorn_AML21_HSPC,2.0,3.0,2.0,2.0,3.0,4.0,1.0,2.0,19.0,2.0,10.0,23.0,3.0,11.0,10.0,17.0,10.0,6.0,0.0,4.0,4.0,0.0,6.0,7.0,1.0,0.0,6.0,4.0,2.0,11.0,9.0,0.0,0.0,0.0,2.0,66.0,7.0,10.0,11.0,33.0,302.0,8.0,4.0,0.0,108.0,20.0,3.0,48.0,2.0,48.0,7.0,24.0,5.0,6.0,1.0,4.0,4.0,1.0,6.0,9.0,16.0,11.0,14.0,14.0,45.0,7.0,14.0,8.0,4.0,66.0,22.0,1.0,42.0,0.0,11.0,3.0,1.0,0.0,6.0,6.0,11.0,4.0,0.0,9.0,0.0,44.0,0.0,90.0,5.0,5.0,0.0,4.0,17.0,3.0,0.0,0.0,0.0,5.0,4.0,0.0,95.0,5.0,3.0,42.0,29.0,6.0,9.0,4.0,7.0,0.0,0.0,14.0,2.0,1.0,22.0,8.0,11.0,54.0,0.0,3.0,6.0,12.0,1.0,5.0,1.0,44.0,0.0,80.0,8.0,0.0,282.0,61.0,32.0,1.0,39.0,26.0,10.0,25.0,167.0,5.0,137.0,0.0,71.0,0.0,1.0,44.0,79.0,0.0,17.0,1.0,1.0,436.0,0.0,3.0,11.0,0.0,9.0,46.0,1.0,20.0,8.0,13.0,36.0,1.0,0.0,0.0,11.0,2.0,8.0,9.0,2.0,11.0,8.0,20.0,0.0,1.0,4.0,0.0,17.0,3.0,11.0,0.0,0.0,0.0,44.0,0.0,13.0,56.0,21.0,2.0,20.0,7.0,10.0,115.0,11.0,1.0,5.0,4.0,0.0,1.0,16.0,0.0,2.0,6.0,32.0,6.0,0.0,6.0,0.0,5.0,1791.0,150.0,3.0,11.0,23.0,9.0,93.0,13.0,104.0,3.0,0.0,13.0,16.0,7.0,5.0,5.0,12.0,14.0,2.0,2.0,14.0,31.0,3.0,4.0,6.0,7.0,0.0,2.0,0.0,3.0,5.0,4.0,7.0,5.0,1.0,4.0,16.0,83.0,1.0,253.0,364.0,3.0,0.0,0.0,1.0,3.0,33.0,3.0,4.0,2.0,5.0,0.0,15.0,8.0,4.0,0.0,14.0,42.0,36.0,5.0,7.0,33.0,11.0,2.0,44.0,9.0,2.0,7.0,0.0,1.0,1.0,0.0,0.0,0.0,0.0,0.0,1.0,11.0,7.0,7.0,45.0,5.0,62.0,14.0,11.0,2.0,22.0,28.0,23.0,47.0,75.0,1.0,3.0,2.0,20.0,12.0,1.0,1.0,1.0,15.0,63.0,9.0,0.0,21.0,0.0,16.0,4.0,14.0,3.0,3.0,1.0,0.0,0.0,1.0,3.0,4.0,2.0,25.0,30.0,0.0,5.0,7.0,0.0,2.0,15.0,0.0,10.0,6.0,5.0,4.0,4.0,9.0,76.0,9.0,15.0,3.0,11.0,3.0,0.0,3.0,0.0,49.0,16.0,2.0,70.0,184.0,77.0,4.0,1.0,5.0,1.0,2.0,7.0,0.0,9.0,24.0,1.0,17.0,0.0,18.0,39.0,0.0,2.0,2.0,3.0,0.0,13.0,0.0,4.0,23.0,0.0,0.0,4.0,5.0,1.0,0.0,21.0,25.0,0.0,5.0,0.0,5.0,5.0,10.0,34.0,2.0,1.0,1.0,1.0,9.0,0.0,7.0,9.0,9.0,0.0,28.0,3.0,0.0,4.0,4.0,29.0,5.0,8.0,1.0,1.0,1.0,0.0,2.0,2.0,3.0,1.0,1.0,20.0,0.0,15.0,4.0,4.0,0.0,4.0,3.0,19.0,5.0,14.0,0.0,2.0,2.0,4.0,13.0,3.0,13.0,15.0,2.0,11.0,0.0,100.0,16.0,9.0,5.0,4.0,1.0,3.0,9.0,0.0,7.0,4.0,9.0,4.0,3.0,54.0,0.0,23.0,10.0,7.0,2.0,37.0,7.0,1.0,1.0,1.0,7.0,0.0,6.0,4.0,33.0,1.0,10.0,1.0,0.0,5.0,10.0,4.0,2.0,0.0,0.0,3.0,2.0,13.0,3.0,8.0,6.0,19.0,34.0,0.0,57.0,46.0,5.0,0.0,0.0,1.0,61.0,23.0,9.0,0.0,4.0,3.0,7.0,9.0,26.0,14.0,10.0,5.0,5.0,1.0,7.0,2.0,3.0,25.0,0.0,14.0,0.0,6.0,5.0,11.0,2.0,2.0,1.0,0.0,2.0,55.0,2.0,7.0,25.0,8.0,13.0,23.0,26.0,11.0,10.0,0.0,7.0,8.0,0.0,15.0,8.0,2.0,43.0,1.0,4.0,4.0,39.0,96.0,34.0,6.0,12.0,18.0,1.0,2.0,11.0,1.0,6.0,5.0,2.0,1.0,102.0,10.0,21.0,18.0,6.0,1.0,3.0,10.0,29.0,34.0,75.0,0.0,1.0,1.0,18.0,87.0,24.0,2.0,1.0,3.0,1.0,0.0,1.0,3.0,17.0,1.0,169.0,23.0,0.0,14.0,13.0,32.0,1.0,1.0,6.0,0.0,13.0,4.0,3.0,2.0,1.0,2.0,2.0,2.0,2.0,2.0,3.0,0.0,6.0,3.0,8.0,2.0,10.0,11.0,1.0,14.0,0.0,4.0,0.0,2.0,2.0,1.0,4.0,0.0,1.0,5.0,1.0,12.0,6.0,26.0,32.0,1.0,3.0,37.0,4.0,1.0,7.0,2.0,40.0,9.0,4.0,6.0,0.0,2.0,6.0,1.0,0.0,2.0,9.0,5.0,0.0,1.0,8.0,1.0,0.0,1.0,7.0,8.0,1.0,2.0,7.0,10.0,0.0,56.0,64.0,0.0,12.0,89.0,10.0,21.0,7.0,12.0,19.0,47.0,15.0,59.0,8.0,1.0,10.0,0.0,10.0,12.0,45.0,1.0,7.0,0.0,1.0,2.0,4.0,7.0,0.0,38.0,107.0,1.0,0.0,20.0,9.0,5.0,105.0,11.0,34.0,1.0,14.0,45.0,0.0,1.0,3.0,0.0,29.0,1.0,17.0,8.0,4.0,27.0,1.0,23.0,21.0,7.0,5.0,15.0,18.0,3.0,43.0,19.0,11.0,2.0,29.0,14.0,1.0,6.0,3.0,2.0,23.0,5.0,0.0,16.0,8.0,2.0,14.0,0.0,12.0,1.0,13.0,7.0,3.0,5.0,10.0,7.0,6.0,22.0,0.0,5.0,6.0,0.0,2.0,2.0,2.0,13.0,6.0,0.0,0.0,0.0,9.0,0.0,0.0,18.0,0.0,2.0,20.0,10.0,3.0,7.0,11.0,36.0,18.0,0.0,1.0,8.0,3.0,8.0,4.0,1.0,10.0,11.0,1.0,4.0,25.0,0.0,2.0,6.0,6.0,1.0,9.0,1.0,7.0,0.0,0.0,12.0,7.0,0.0,16.0,32.0,1.0,457.0,0.0,3.0,3.0,18.0,128.0,22.0,14.0,10.0,1.0,2.0,6.0
Henrik_Lilljebjorn_AML21_LSPC,5.0,3.0,6.0,2.0,2.0,6.0,0.0,1.0,29.0,0.0,22.0,33.0,3.0,18.0,13.0,28.0,14.0,20.0,0.0,1.0,3.0,2.0,14.0,6.0,1.0,1.0,14.0,8.0,2.0,21.0,14.0,0.0,0.0,4.0,1.0,134.0,2.0,7.0,12.0,37.0,836.0,16.0,8.0,2.0,96.0,28.0,4.0,38.0,0.0,49.0,12.0,18.0,1.0,6.0,3.0,2.0,3.0,0.0,6.0,11.0,16.0,18.0,20.0,19.0,39.0,4.0,8.0,5.0,2.0,52.0,42.0,0.0,56.0,0.0,10.0,7.0,3.0,1.0,4.0,7.0,15.0,1.0,0.0,6.0,2.0,52.0,0.0,99.0,1.0,3.0,0.0,4.0,14.0,2.0,3.0,1.0,0.0,6.0,6.0,2.0,85.0,3.0,4.0,57.0,58.0,15.0,11.0,8.0,5.0,8.0,1.0,15.0,4.0,1.0,52.0,7.0,25.0,46.0,0.0,1.0,4.0,16.0,6.0,16.0,0.0,63.0,0.0,155.0,3.0,0.0,416.0,68.0,46.0,57.0,59.0,46.0,8.0,33.0,231.0,19.0,115.0,0.0,125.0,0.0,2.0,39.0,102.0,1.0,29.0,2.0,0.0,762.0,0.0,10.0,16.0,4.0,18.0,61.0,2.0,23.0,15.0,10.0,60.0,2.0,0.0,0.0,9.0,6.0,6.0,7.0,3.0,23.0,19.0,16.0,0.0,0.0,8.0,0.0,18.0,5.0,11.0,4.0,2.0,0.0,38.0,3.0,50.0,38.0,60.0,0.0,19.0,7.0,6.0,155.0,12.0,2.0,11.0,2.0,2.0,6.0,15.0,1.0,4.0,9.0,44.0,6.0,0.0,9.0,0.0,12.0,4153.0,295.0,2.0,22.0,42.0,8.0,215.0,16.0,220.0,1.0,0.0,11.0,17.0,4.0,3.0,5.0,16.0,16.0,0.0,3.0,16.0,60.0,3.0,18.0,10.0,4.0,0.0,2.0,0.0,8.0,9.0,6.0,11.0,9.0,2.0,1.0,33.0,74.0,4.0,739.0,1152.0,6.0,2.0,0.0,10.0,4.0,52.0,2.0,3.0,2.0,9.0,0.0,17.0,5.0,11.0,0.0,10.0,47.0,36.0,10.0,17.0,42.0,16.0,2.0,45.0,17.0,6.0,9.0,1.0,6.0,0.0,2.0,0.0,0.0,4.0,0.0,1.0,12.0,9.0,5.0,72.0,7.0,128.0,41.0,23.0,12.0,33.0,26.0,32.0,122.0,126.0,2.0,3.0,4.0,7.0,8.0,0.0,1.0,0.0,31.0,65.0,8.0,0.0,34.0,1.0,26.0,16.0,17.0,7.0,6.0,0.0,3.0,1.0,0.0,7.0,2.0,6.0,54.0,52.0,0.0,20.0,5.0,2.0,5.0,37.0,0.0,18.0,2.0,5.0,5.0,5.0,12.0,52.0,7.0,33.0,4.0,16.0,6.0,1.0,3.0,0.0,70.0,27.0,0.0,68.0,257.0,110.0,9.0,1.0,4.0,3.0,0.0,8.0,1.0,14.0,11.0,2.0,12.0,0.0,34.0,27.0,0.0,1.0,0.0,9.0,0.0,28.0,0.0,2.0,32.0,4.0,1.0,6.0,12.0,3.0,9.0,46.0,30.0,0.0,12.0,1.0,1.0,15.0,5.0,43.0,6.0,2.0,9.0,3.0,18.0,0.0,5.0,10.0,13.0,5.0,56.0,4.0,0.0,7.0,2.0,37.0,2.0,8.0,2.0,5.0,1.0,0.0,2.0,4.0,4.0,2.0,4.0,29.0,0.0,28.0,8.0,4.0,3.0,13.0,2.0,28.0,9.0,14.0,1.0,3.0,15.0,13.0,12.0,4.0,12.0,11.0,1.0,9.0,0.0,104.0,26.0,24.0,3.0,7.0,1.0,6.0,4.0,4.0,7.0,4.0,7.0,5.0,9.0,58.0,5.0,33.0,3.0,2.0,0.0,38.0,25.0,0.0,2.0,1.0,20.0,9.0,7.0,5.0,30.0,2.0,2.0,0.0,0.0,5.0,14.0,5.0,3.0,1.0,0.0,1.0,7.0,28.0,4.0,14.0,7.0,33.0,74.0,0.0,47.0,79.0,7.0,0.0,0.0,4.0,221.0,65.0,5.0,0.0,2.0,5.0,13.0,8.0,23.0,11.0,4.0,8.0,2.0,3.0,12.0,0.0,7.0,51.0,1.0,33.0,0.0,8.0,2.0,11.0,3.0,0.0,1.0,0.0,6.0,85.0,2.0,8.0,21.0,6.0,10.0,9.0,26.0,11.0,19.0,0.0,14.0,5.0,0.0,18.0,18.0,4.0,100.0,1.0,6.0,0.0,55.0,88.0,51.0,9.0,30.0,37.0,3.0,2.0,17.0,3.0,7.0,8.0,11.0,2.0,125.0,18.0,48.0,23.0,21.0,8.0,1.0,21.0,47.0,72.0,98.0,1.0,5.0,11.0,21.0,387.0,55.0,6.0,1.0,8.0,4.0,0.0,0.0,3.0,10.0,3.0,67.0,19.0,1.0,15.0,26.0,32.0,0.0,3.0,7.0,1.0,29.0,9.0,1.0,4.0,6.0,1.0,10.0,2.0,1.0,6.0,5.0,0.0,4.0,3.0,7.0,2.0,5.0,10.0,5.0,5.0,0.0,7.0,0.0,1.0,2.0,1.0,1.0,0.0,0.0,3.0,5.0,4.0,9.0,56.0,35.0,0.0,1.0,31.0,10.0,3.0,11.0,1.0,28.0,24.0,6.0,5.0,3.0,1.0,12.0,1.0,4.0,4.0,6.0,8.0,0.0,1.0,6.0,2.0,1.0,2.0,7.0,30.0,0.0,6.0,9.0,8.0,2.0,111.0,32.0,0.0,15.0,88.0,20.0,23.0,10.0,20.0,16.0,76.0,25.0,111.0,19.0,8.0,9.0,1.0,8.0,6.0,35.0,6.0,10.0,1.0,3.0,3.0,7.0,9.0,1.0,41.0,471.0,3.0,0.0,16.0,13.0,8.0,87.0,11.0,86.0,5.0,10.0,46.0,0.0,1.0,5.0,0.0,73.0,2.0,12.0,15.0,4.0,30.0,1.0,33.0,36.0,10.0,20.0,29.0,25.0,8.0,46.0,11.0,27.0,3.0,78.0,12.0,0.0,7.0,4.0,1.0,23.0,7.0,1.0,43.0,5.0,3.0,16.0,0.0,8.0,0.0,21.0,8.0,7.0,4.0,20.0,23.0,6.0,34.0,0.0,5.0,0.0,1.0,4.0,4.0,1.0,21.0,6.0,0.0,0.0,3.0,9.0,0.0,0.0,8.0,0.0,3.0,14.0,9.0,2.0,5.0,19.0,120.0,16.0,5.0,5.0,15.0,5.0,3.0,2.0,4.0,21.0,13.0,9.0,2.0,14.0,5.0,0.0,6.0,71.0,12.0,12.0,1.0,9.0,0.0,2.0,46.0,10.0,0.0,43.0,57.0,8.0,1155.0,0.0,0.0,9.0,47.0,316.0,58.0,14.0,2.0,7.0,3.0,3.0
Henrik_Lilljebjorn_AML28_HSPC,1.0,2.0,1.0,1.0,2.0,7.0,2.0,1.0,4.0,1.0,4.0,1.0,2.0,6.0,1.0,16.0,3.0,1.0,0.0,0.0,2.0,1.0,2.0,4.0,2.0,0.0,11.0,9.0,6.0,7.0,13.0,8.0,0.0,2.0,0.0,10.0,0.0,3.0,2.0,12.0,290.0,7.0,0.0,1.0,20.0,11.0,0.0,6.0,0.0,13.0,11.0,8.0,0.0,2.0,2.0,1.0,0.0,0.0,3.0,2.0,18.0,6.0,3.0,4.0,13.0,1.0,6.0,3.0,3.0,28.0,8.0,1.0,40.0,3.0,6.0,3.0,4.0,1.0,1.0,3.0,11.0,0.0,0.0,5.0,0.0,3.0,2.0,9.0,0.0,2.0,1.0,1.0,2.0,0.0,0.0,7.0,4.0,6.0,9.0,1.0,14.0,3.0,2.0,37.0,4.0,8.0,9.0,6.0,2.0,5.0,6.0,10.0,1.0,0.0,29.0,6.0,4.0,71.0,0.0,4.0,3.0,1.0,0.0,3.0,10.0,3.0,0.0,14.0,4.0,0.0,16.0,18.0,35.0,13.0,18.0,10.0,3.0,7.0,34.0,2.0,185.0,0.0,53.0,1.0,0.0,7.0,5.0,1.0,1.0,12.0,0.0,77.0,18.0,1.0,13.0,3.0,9.0,10.0,1.0,1.0,4.0,7.0,20.0,0.0,0.0,0.0,5.0,0.0,4.0,1.0,0.0,7.0,2.0,4.0,0.0,0.0,16.0,15.0,14.0,4.0,10.0,1.0,0.0,1.0,14.0,1.0,8.0,38.0,2.0,9.0,4.0,2.0,53.0,3.0,4.0,1.0,5.0,0.0,4.0,0.0,7.0,14.0,0.0,0.0,2.0,3.0,15.0,3.0,1.0,10.0,2241.0,35.0,1.0,8.0,1.0,1.0,6.0,0.0,33.0,5.0,1.0,2.0,4.0,4.0,0.0,113.0,3.0,8.0,1.0,1.0,9.0,18.0,6.0,1.0,2.0,1.0,1.0,0.0,1.0,3.0,0.0,3.0,1.0,6.0,0.0,0.0,4.0,26.0,2.0,248.0,146.0,2.0,1.0,0.0,1.0,1.0,17.0,4.0,0.0,1.0,1.0,1.0,5.0,2.0,0.0,0.0,1.0,15.0,14.0,2.0,3.0,12.0,3.0,0.0,8.0,1.0,3.0,0.0,1.0,1.0,0.0,0.0,1.0,9.0,5.0,0.0,0.0,5.0,6.0,8.0,24.0,0.0,3.0,9.0,2.0,7.0,4.0,5.0,5.0,69.0,47.0,6.0,1.0,3.0,14.0,1.0,0.0,0.0,0.0,2.0,11.0,0.0,2.0,2.0,0.0,3.0,7.0,11.0,6.0,0.0,1.0,0.0,0.0,0.0,2.0,1.0,0.0,7.0,18.0,6.0,12.0,0.0,0.0,0.0,5.0,1.0,5.0,9.0,6.0,6.0,3.0,9.0,27.0,2.0,1.0,3.0,10.0,0.0,0.0,2.0,0.0,13.0,7.0,0.0,11.0,65.0,15.0,11.0,2.0,5.0,2.0,0.0,1.0,5.0,9.0,6.0,0.0,11.0,0.0,9.0,15.0,0.0,0.0,0.0,1.0,1.0,7.0,0.0,7.0,3.0,0.0,1.0,1.0,5.0,2.0,2.0,2.0,11.0,0.0,0.0,0.0,0.0,4.0,2.0,5.0,1.0,1.0,1.0,2.0,7.0,0.0,1.0,3.0,2.0,0.0,1.0,4.0,0.0,4.0,4.0,17.0,6.0,8.0,3.0,1.0,3.0,0.0,0.0,0.0,13.0,1.0,3.0,21.0,0.0,6.0,3.0,1.0,1.0,1.0,4.0,2.0,1.0,15.0,2.0,1.0,2.0,5.0,10.0,2.0,7.0,0.0,5.0,1.0,0.0,31.0,10.0,5.0,4.0,2.0,2.0,0.0,1.0,1.0,2.0,1.0,2.0,4.0,4.0,34.0,2.0,18.0,1.0,3.0,1.0,5.0,2.0,2.0,0.0,6.0,6.0,5.0,5.0,1.0,10.0,3.0,4.0,1.0,0.0,1.0,0.0,3.0,3.0,3.0,0.0,17.0,3.0,2.0,0.0,2.0,3.0,8.0,20.0,0.0,14.0,29.0,4.0,1.0,0.0,2.0,45.0,22.0,2.0,2.0,4.0,0.0,1.0,1.0,5.0,4.0,1.0,6.0,4.0,2.0,1.0,0.0,0.0,8.0,0.0,5.0,0.0,4.0,0.0,0.0,0.0,2.0,0.0,8.0,1.0,12.0,2.0,9.0,3.0,8.0,4.0,3.0,7.0,3.0,3.0,0.0,10.0,5.0,0.0,4.0,1.0,1.0,46.0,2.0,1.0,3.0,11.0,64.0,8.0,6.0,3.0,1.0,2.0,0.0,9.0,2.0,1.0,0.0,1.0,0.0,5.0,8.0,27.0,4.0,4.0,3.0,2.0,4.0,18.0,41.0,42.0,5.0,1.0,0.0,4.0,4.0,4.0,0.0,1.0,7.0,1.0,0.0,23.0,0.0,4.0,5.0,53.0,2.0,3.0,4.0,8.0,21.0,2.0,2.0,1.0,0.0,4.0,0.0,1.0,3.0,0.0,5.0,1.0,0.0,1.0,1.0,0.0,0.0,0.0,0.0,0.0,0.0,1.0,4.0,0.0,4.0,1.0,6.0,1.0,0.0,2.0,0.0,6.0,0.0,1.0,4.0,1.0,8.0,3.0,3.0,10.0,0.0,2.0,16.0,3.0,6.0,6.0,2.0,6.0,14.0,2.0,1.0,0.0,4.0,11.0,0.0,1.0,1.0,10.0,1.0,0.0,1.0,3.0,2.0,0.0,1.0,3.0,4.0,2.0,2.0,5.0,2.0,0.0,13.0,17.0,1.0,27.0,45.0,1.0,1.0,4.0,7.0,16.0,20.0,18.0,5.0,1.0,3.0,1.0,0.0,2.0,6.0,13.0,1.0,9.0,0.0,5.0,0.0,6.0,1.0,1.0,34.0,22.0,6.0,1.0,21.0,0.0,3.0,27.0,10.0,1.0,4.0,5.0,14.0,0.0,0.0,0.0,3.0,2.0,3.0,2.0,9.0,18.0,16.0,0.0,23.0,15.0,2.0,6.0,7.0,9.0,2.0,9.0,1.0,11.0,2.0,46.0,3.0,1.0,5.0,5.0,0.0,6.0,4.0,0.0,7.0,1.0,2.0,4.0,0.0,1.0,6.0,10.0,1.0,0.0,1.0,7.0,0.0,7.0,21.0,0.0,0.0,2.0,1.0,0.0,0.0,0.0,6.0,0.0,2.0,0.0,0.0,4.0,0.0,0.0,3.0,0.0,2.0,7.0,9.0,1.0,5.0,2.0,22.0,5.0,1.0,0.0,0.0,2.0,1.0,0.0,6.0,16.0,8.0,0.0,0.0,18.0,1.0,1.0,5.0,6.0,2.0,4.0,3.0,3.0,2.0,0.0,18.0,1.0,4.0,14.0,25.0,1.0,411.0,0.0,0.0,0.0,17.0,80.0,25.0,8.0,0.0,0.0,1.0,2.0
Henrik_Lilljebjorn_AML28_LSPC,6.0,4.0,5.0,8.0,1.0,33.0,16.0,14.0,54.0,13.0,27.0,38.0,18.0,52.0,3.0,143.0,29.0,21.0,5.0,3.0,4.0,15.0,21.0,21.0,13.0,2.0,37.0,31.0,31.0,122.0,91.0,7.0,7.0,48.0,2.0,36.0,22.0,17.0,6.0,88.0,2553.0,62.0,21.0,8.0,164.0,75.0,3.0,3.0,2.0,86.0,76.0,45.0,3.0,22.0,19.0,18.0,2.0,5.0,36.0,27.0,107.0,70.0,14.0,29.0,103.0,12.0,21.0,7.0,7.0,286.0,83.0,12.0,268.0,8.0,25.0,17.0,16.0,13.0,16.0,38.0,113.0,5.0,4.0,13.0,0.0,37.0,14.0,18.0,10.0,17.0,9.0,2.0,17.0,2.0,4.0,88.0,88.0,17.0,48.0,3.0,224.0,39.0,11.0,251.0,40.0,50.0,42.0,23.0,15.0,28.0,13.0,108.0,21.0,2.0,227.0,19.0,31.0,614.0,1.0,1.0,7.0,8.0,3.0,28.0,152.0,0.0,1.0,63.0,26.0,12.0,71.0,143.0,349.0,22.0,192.0,108.0,21.0,44.0,378.0,16.0,1507.0,0.0,54.0,3.0,6.0,51.0,42.0,6.0,35.0,141.0,2.0,1143.0,147.0,10.0,38.0,16.0,50.0,77.0,2.0,6.0,49.0,76.0,153.0,10.0,7.0,0.0,33.0,9.0,33.0,8.0,3.0,86.0,25.0,40.0,13.0,2.0,115.0,113.0,212.0,9.0,26.0,7.0,10.0,15.0,62.0,9.0,44.0,378.0,55.0,58.0,33.0,8.0,239.0,64.0,53.0,9.0,25.0,1.0,7.0,2.0,56.0,134.0,9.0,11.0,18.0,32.0,181.0,16.0,1.0,71.0,14630.0,168.0,46.0,141.0,27.0,29.0,48.0,8.0,328.0,87.0,3.0,45.0,10.0,29.0,13.0,270.0,59.0,67.0,7.0,16.0,44.0,100.0,43.0,34.0,29.0,14.0,3.0,15.0,2.0,30.0,15.0,77.0,3.0,48.0,3.0,12.0,17.0,234.0,10.0,2017.0,1049.0,12.0,15.0,2.0,1.0,16.0,123.0,13.0,5.0,15.0,21.0,8.0,30.0,33.0,25.0,11.0,22.0,127.0,117.0,40.0,35.0,151.0,14.0,8.0,81.0,11.0,19.0,12.0,4.0,4.0,2.0,6.0,19.0,92.0,51.0,1.0,7.0,28.0,31.0,35.0,24.0,1.0,54.0,62.0,21.0,15.0,5.0,29.0,34.0,488.0,425.0,30.0,15.0,15.0,111.0,0.0,10.0,15.0,5.0,25.0,42.0,4.0,5.0,54.0,0.0,47.0,45.0,86.0,20.0,19.0,8.0,0.0,18.0,6.0,4.0,1.0,0.0,63.0,79.0,72.0,167.0,10.0,4.0,29.0,50.0,8.0,61.0,4.0,29.0,12.0,24.0,56.0,158.0,20.0,11.0,7.0,100.0,1.0,5.0,16.0,1.0,119.0,46.0,1.0,116.0,458.0,66.0,86.0,13.0,24.0,15.0,10.0,15.0,13.0,65.0,30.0,3.0,59.0,1.0,55.0,148.0,4.0,7.0,9.0,8.0,2.0,48.0,4.0,79.0,21.0,12.0,17.0,18.0,31.0,12.0,10.0,84.0,108.0,2.0,1.0,7.0,11.0,14.0,17.0,64.0,16.0,9.0,14.0,17.0,51.0,5.0,2.0,5.0,25.0,2.0,10.0,17.0,0.0,22.0,20.0,134.0,27.0,26.0,4.0,12.0,3.0,2.0,8.0,6.0,45.0,8.0,14.0,153.0,5.0,27.0,6.0,8.0,10.0,13.0,13.0,28.0,25.0,69.0,4.0,27.0,20.0,51.0,5.0,24.0,51.0,1.0,46.0,20.0,2.0,263.0,77.0,16.0,75.0,9.0,13.0,3.0,5.0,7.0,31.0,30.0,41.0,15.0,27.0,252.0,13.0,75.0,5.0,18.0,6.0,1.0,40.0,1.0,0.0,29.0,15.0,11.0,17.0,8.0,78.0,22.0,45.0,7.0,8.0,5.0,3.0,14.0,14.0,28.0,1.0,106.0,27.0,19.0,4.0,12.0,39.0,43.0,94.0,0.0,86.0,247.0,15.0,2.0,3.0,18.0,399.0,136.0,14.0,69.0,21.0,19.0,24.0,20.0,26.0,29.0,3.0,43.0,21.0,22.0,10.0,0.0,3.0,101.0,13.0,74.0,4.0,10.0,0.0,10.0,5.0,9.0,2.0,45.0,13.0,63.0,13.0,46.0,23.0,20.0,33.0,0.0,34.0,50.0,20.0,3.0,46.0,6.0,8.0,13.0,8.0,11.0,480.0,12.0,0.0,10.0,47.0,582.0,75.0,48.0,43.0,32.0,0.0,7.0,67.0,1.0,6.0,6.0,13.0,1.0,44.0,66.0,207.0,50.0,32.0,37.0,0.0,63.0,148.0,351.0,414.0,97.0,9.0,6.0,74.0,517.0,8.0,6.0,5.0,44.0,18.0,2.0,325.0,0.0,39.0,20.0,139.0,8.0,6.0,45.0,56.0,136.0,11.0,6.0,6.0,4.0,15.0,18.0,7.0,3.0,2.0,51.0,12.0,1.0,1.0,16.0,16.0,4.0,5.0,1.0,10.0,2.0,16.0,19.0,13.0,30.0,13.0,78.0,7.0,12.0,8.0,14.0,12.0,4.0,12.0,28.0,17.0,39.0,9.0,24.0,57.0,6.0,12.0,92.0,11.0,44.0,87.0,14.0,47.0,104.0,13.0,2.0,3.0,25.0,43.0,2.0,18.0,3.0,73.0,8.0,0.0,7.0,30.0,7.0,5.0,11.0,18.0,29.0,3.0,4.0,18.0,2.0,2.0,109.0,74.0,1.0,212.0,342.0,15.0,6.0,46.0,41.0,82.0,172.0,93.0,62.0,23.0,42.0,17.0,0.0,14.0,31.0,95.0,21.0,55.0,2.0,28.0,13.0,57.0,11.0,8.0,195.0,330.0,19.0,14.0,124.0,7.0,36.0,167.0,112.0,17.0,21.0,24.0,108.0,7.0,7.0,20.0,11.0,63.0,30.0,82.0,48.0,138.0,116.0,6.0,134.0,102.0,17.0,64.0,97.0,63.0,25.0,70.0,16.0,29.0,12.0,316.0,36.0,6.0,25.0,31.0,3.0,50.0,10.0,11.0,57.0,47.0,9.0,56.0,3.0,9.0,23.0,66.0,32.0,4.0,18.0,33.0,0.0,57.0,108.0,6.0,1.0,3.0,4.0,3.0,5.0,1.0,52.0,10.0,2.0,1.0,10.0,9.0,12.0,1.0,77.0,1.0,16.0,60.0,52.0,9.0,33.0,9.0,159.0,39.0,10.0,5.0,7.0,1.0,11.0,3.0,83.0,94.0,32.0,8.0,4.0,83.0,18.0,64.0,21.0,140.0,16.0,23.0,27.0,44.0,10.0,3.0,176.0,4.0,38.0,152.0,236.0,11.0,9635.0,1.0,13.0,11.0,104.0,534.0,252.0,49.0,8.0,25.0,14.0,8.0
Henrik_Lilljebjorn_AML32_HSPC,0.0,0.0,1.0,1.0,3.0,3.0,0.0,0.0,3.0,0.0,0.0,5.0,2.0,3.0,2.0,4.0,1.0,0.0,0.0,0.0,1.0,1.0,2.0,3.0,0.0,8.0,3.0,6.0,3.0,3.0,0.0,2.0,0.0,0.0,0.0,9.0,2.0,2.0,0.0,5.0,5.0,5.0,1.0,0.0,29.0,3.0,0.0,0.0,0.0,2.0,3.0,6.0,0.0,2.0,1.0,0.0,1.0,1.0,4.0,6.0,2.0,5.0,7.0,2.0,7.0,2.0,3.0,0.0,2.0,4.0,1.0,2.0,14.0,11.0,1.0,1.0,0.0,0.0,2.0,6.0,10.0,0.0,0.0,0.0,0.0,11.0,0.0,25.0,0.0,1.0,2.0,1.0,4.0,1.0,0.0,0.0,2.0,1.0,6.0,2.0,27.0,1.0,0.0,11.0,4.0,4.0,2.0,1.0,2.0,1.0,1.0,9.0,3.0,2.0,4.0,6.0,1.0,27.0,0.0,3.0,0.0,5.0,1.0,1.0,0.0,8.0,0.0,37.0,2.0,1.0,22.0,12.0,11.0,32.0,13.0,2.0,3.0,2.0,11.0,2.0,56.0,2.0,126.0,4.0,4.0,8.0,16.0,0.0,6.0,0.0,0.0,56.0,3.0,0.0,4.0,0.0,6.0,12.0,1.0,9.0,2.0,8.0,14.0,0.0,0.0,0.0,4.0,0.0,4.0,5.0,0.0,3.0,5.0,0.0,0.0,0.0,0.0,0.0,4.0,1.0,1.0,0.0,0.0,0.0,10.0,1.0,0.0,3.0,6.0,0.0,1.0,2.0,11.0,41.0,3.0,0.0,1.0,0.0,0.0,0.0,6.0,0.0,0.0,0.0,7.0,0.0,0.0,1.0,0.0,1.0,531.0,46.0,0.0,5.0,2.0,0.0,11.0,6.0,20.0,1.0,0.0,1.0,1.0,5.0,7.0,0.0,1.0,2.0,0.0,2.0,0.0,11.0,1.0,8.0,0.0,12.0,1.0,0.0,0.0,0.0,0.0,1.0,8.0,4.0,0.0,0.0,4.0,29.0,0.0,76.0,117.0,0.0,1.0,1.0,0.0,0.0,2.0,1.0,0.0,0.0,2.0,0.0,1.0,1.0,0.0,0.0,3.0,4.0,18.0,3.0,1.0,23.0,2.0,1.0,4.0,3.0,2.0,5.0,1.0,2.0,1.0,0.0,1.0,0.0,0.0,0.0,1.0,3.0,7.0,1.0,19.0,0.0,48.0,2.0,5.0,1.0,8.0,0.0,3.0,22.0,46.0,2.0,2.0,0.0,2.0,7.0,0.0,1.0,0.0,6.0,7.0,0.0,0.0,6.0,0.0,7.0,2.0,3.0,3.0,0.0,0.0,0.0,0.0,0.0,3.0,2.0,0.0,2.0,5.0,0.0,0.0,1.0,0.0,8.0,8.0,4.0,7.0,3.0,0.0,3.0,0.0,4.0,50.0,4.0,4.0,4.0,3.0,4.0,0.0,1.0,0.0,12.0,8.0,0.0,18.0,109.0,28.0,6.0,0.0,0.0,3.0,0.0,4.0,2.0,7.0,2.0,0.0,19.0,0.0,10.0,6.0,0.0,0.0,4.0,1.0,1.0,11.0,0.0,1.0,8.0,1.0,0.0,5.0,9.0,1.0,5.0,1.0,8.0,0.0,36.0,0.0,1.0,4.0,0.0,7.0,0.0,1.0,3.0,2.0,3.0,2.0,2.0,3.0,5.0,0.0,10.0,0.0,2.0,2.0,0.0,5.0,0.0,3.0,1.0,0.0,1.0,0.0,1.0,1.0,14.0,1.0,2.0,9.0,2.0,2.0,1.0,6.0,0.0,0.0,4.0,0.0,1.0,8.0,1.0,0.0,1.0,0.0,6.0,1.0,3.0,0.0,0.0,1.0,0.0,13.0,4.0,4.0,1.0,0.0,0.0,2.0,4.0,1.0,3.0,1.0,3.0,1.0,3.0,21.0,0.0,5.0,5.0,1.0,1.0,29.0,4.0,0.0,0.0,0.0,4.0,2.0,4.0,2.0,21.0,0.0,0.0,0.0,0.0,3.0,3.0,10.0,0.0,2.0,0.0,0.0,1.0,7.0,5.0,9.0,1.0,4.0,12.0,0.0,12.0,12.0,0.0,7.0,1.0,5.0,16.0,8.0,1.0,1.0,2.0,2.0,0.0,1.0,6.0,3.0,0.0,2.0,0.0,0.0,6.0,2.0,1.0,1.0,0.0,0.0,0.0,1.0,4.0,0.0,3.0,1.0,0.0,1.0,1.0,12.0,1.0,1.0,6.0,3.0,0.0,8.0,9.0,4.0,2.0,1.0,5.0,0.0,1.0,1.0,6.0,0.0,15.0,3.0,0.0,2.0,3.0,3.0,11.0,1.0,1.0,3.0,1.0,1.0,8.0,1.0,2.0,2.0,4.0,2.0,16.0,1.0,10.0,4.0,2.0,0.0,2.0,2.0,8.0,12.0,16.0,2.0,3.0,0.0,6.0,11.0,3.0,1.0,2.0,1.0,3.0,1.0,0.0,0.0,6.0,0.0,34.0,1.0,0.0,6.0,6.0,7.0,2.0,0.0,1.0,0.0,6.0,1.0,0.0,2.0,1.0,3.0,1.0,0.0,1.0,0.0,1.0,1.0,0.0,2.0,2.0,0.0,1.0,3.0,0.0,3.0,1.0,0.0,0.0,1.0,1.0,3.0,8.0,0.0,0.0,3.0,0.0,0.0,3.0,5.0,20.0,2.0,0.0,7.0,0.0,1.0,0.0,0.0,7.0,3.0,1.0,1.0,0.0,3.0,4.0,2.0,1.0,1.0,5.0,0.0,0.0,0.0,3.0,2.0,0.0,1.0,1.0,5.0,0.0,0.0,0.0,0.0,0.0,20.0,12.0,0.0,12.0,19.0,1.0,3.0,0.0,2.0,5.0,22.0,6.0,18.0,8.0,0.0,6.0,0.0,4.0,2.0,13.0,0.0,7.0,2.0,3.0,0.0,0.0,3.0,0.0,18.0,19.0,0.0,0.0,0.0,4.0,1.0,43.0,3.0,6.0,2.0,2.0,14.0,0.0,0.0,2.0,0.0,11.0,0.0,3.0,4.0,0.0,4.0,1.0,11.0,9.0,2.0,4.0,4.0,3.0,2.0,10.0,4.0,3.0,0.0,7.0,3.0,0.0,0.0,1.0,2.0,8.0,2.0,0.0,6.0,2.0,0.0,1.0,2.0,5.0,1.0,7.0,3.0,1.0,1.0,1.0,6.0,3.0,6.0,3.0,2.0,0.0,0.0,0.0,5.0,0.0,7.0,3.0,3.0,0.0,0.0,3.0,2.0,0.0,1.0,0.0,0.0,3.0,4.0,1.0,2.0,4.0,10.0,2.0,0.0,2.0,1.0,0.0,2.0,0.0,1.0,3.0,3.0,3.0,1.0,7.0,0.0,0.0,1.0,8.0,2.0,8.0,11.0,2.0,0.0,2.0,4.0,13.0,0.0,10.0,8.0,3.0,42.0,4.0,3.0,3.0,5.0,40.0,4.0,3.0,0.0,2.0,2.0,2.0
Henrik_Lilljebjorn_AML32_LSPC,5.0,3.0,3.0,0.0,9.0,17.0,0.0,3.0,25.0,0.0,2.0,40.0,4.0,33.0,7.0,13.0,0.0,7.0,0.0,7.0,5.0,9.0,8.0,13.0,11.0,15.0,13.0,14.0,11.0,23.0,5.0,0.0,0.0,7.0,1.0,74.0,5.0,10.0,3.0,73.0,10.0,23.0,7.0,0.0,201.0,17.0,10.0,0.0,0.0,44.0,5.0,31.0,3.0,4.0,10.0,7.0,3.0,3.0,3.0,15.0,2.0,32.0,20.0,19.0,44.0,13.0,33.0,11.0,5.0,2.0,23.0,8.0,87.0,0.0,18.0,13.0,5.0,0.0,17.0,14.0,32.0,3.0,1.0,3.0,1.0,50.0,3.0,168.0,2.0,10.0,5.0,11.0,25.0,3.0,4.0,0.0,0.0,8.0,33.0,9.0,160.0,3.0,7.0,72.0,38.0,31.0,10.0,6.0,3.0,3.0,8.0,38.0,8.0,3.0,60.0,36.0,0.0,114.0,12.0,42.0,10.0,38.0,2.0,28.0,7.0,102.0,6.0,193.0,44.0,4.0,162.0,67.0,61.0,108.0,39.0,24.0,24.0,0.0,81.0,15.0,192.0,14.0,891.0,27.0,43.0,62.0,61.0,1.0,41.0,14.0,0.0,442.0,0.0,14.0,4.0,7.0,28.0,50.0,0.0,23.0,15.0,155.0,117.0,1.0,0.0,0.0,25.0,12.0,13.0,23.0,0.0,17.0,0.0,7.0,0.0,0.0,5.0,0.0,27.0,7.0,13.0,0.0,1.0,0.0,37.0,1.0,7.0,23.0,87.0,0.0,4.0,4.0,55.0,317.0,13.0,1.0,19.0,5.0,6.0,2.0,21.0,0.0,8.0,4.0,40.0,9.0,0.0,13.0,2.0,8.0,4829.0,358.0,0.0,48.0,8.0,1.0,59.0,39.0,197.0,0.0,0.0,5.0,16.0,16.0,41.0,0.0,20.0,11.0,2.0,1.0,19.0,84.0,1.0,39.0,5.0,68.0,1.0,6.0,0.0,3.0,1.0,3.0,75.0,10.0,0.0,1.0,10.0,196.0,5.0,784.0,869.0,8.0,8.0,0.0,3.0,2.0,43.0,5.0,3.0,1.0,2.0,2.0,26.0,6.0,3.0,0.0,20.0,52.0,69.0,14.0,17.0,81.0,8.0,9.0,39.0,4.0,4.0,15.0,2.0,0.0,0.0,7.0,8.0,0.0,0.0,1.0,4.0,6.0,11.0,20.0,162.0,1.0,430.0,15.0,12.0,18.0,50.0,7.0,26.0,177.0,207.0,3.0,8.0,6.0,20.0,22.0,4.0,3.0,2.0,41.0,29.0,1.0,15.0,55.0,0.0,31.0,27.0,25.0,25.0,22.0,0.0,6.0,0.0,4.0,35.0,5.0,2.0,16.0,32.0,0.0,10.0,12.0,8.0,33.0,20.0,12.0,14.0,21.0,8.0,5.0,9.0,16.0,278.0,13.0,37.0,23.0,11.0,8.0,3.0,3.0,11.0,63.0,82.0,0.0,169.0,502.0,164.0,16.0,0.0,1.0,1.0,0.0,7.0,0.0,24.0,20.0,1.0,77.0,0.0,43.0,50.0,1.0,1.0,10.0,10.0,0.0,73.0,6.0,16.0,56.0,6.0,1.0,21.0,20.0,3.0,3.0,7.0,38.0,3.0,371.0,7.0,8.0,13.0,7.0,35.0,9.0,1.0,10.0,15.0,12.0,11.0,9.0,12.0,15.0,1.0,91.0,2.0,44.0,10.0,6.0,56.0,3.0,14.0,1.0,5.0,0.0,0.0,2.0,7.0,108.0,1.0,4.0,52.0,2.0,38.0,7.0,12.0,3.0,2.0,6.0,11.0,3.0,20.0,7.0,5.0,9.0,0.0,25.0,10.0,14.0,0.0,0.0,5.0,0.0,27.0,44.0,32.0,5.0,4.0,3.0,5.0,6.0,5.0,13.0,1.0,13.0,3.0,13.0,75.0,2.0,30.0,14.0,5.0,3.0,206.0,13.0,0.0,0.0,14.0,26.0,16.0,12.0,10.0,74.0,0.0,5.0,1.0,2.0,13.0,6.0,22.0,8.0,6.0,1.0,0.0,19.0,30.0,26.0,16.0,9.0,51.0,88.0,3.0,51.0,97.0,1.0,26.0,8.0,44.0,304.0,51.0,14.0,7.0,12.0,5.0,7.0,7.0,34.0,20.0,9.0,7.0,3.0,11.0,12.0,9.0,5.0,3.0,1.0,0.0,0.0,7.0,15.0,12.0,4.0,2.0,2.0,4.0,5.0,108.0,2.0,14.0,25.0,4.0,0.0,87.0,51.0,10.0,12.0,0.0,22.0,3.0,0.0,6.0,46.0,2.0,131.0,5.0,0.0,4.0,46.0,15.0,105.0,3.0,43.0,41.0,0.0,6.0,18.0,9.0,5.0,10.0,6.0,6.0,169.0,30.0,51.0,21.0,7.0,7.0,11.0,9.0,41.0,96.0,99.0,22.0,11.0,6.0,44.0,101.0,38.0,9.0,9.0,13.0,26.0,19.0,0.0,0.0,21.0,0.0,59.0,2.0,3.0,18.0,19.0,50.0,6.0,0.0,11.0,2.0,39.0,8.0,7.0,1.0,4.0,25.0,7.0,2.0,6.0,6.0,8.0,0.0,2.0,7.0,4.0,4.0,9.0,9.0,5.0,20.0,4.0,13.0,1.0,4.0,5.0,4.0,16.0,0.0,2.0,12.0,4.0,7.0,17.0,73.0,66.0,3.0,6.0,45.0,10.0,2.0,2.0,2.0,51.0,6.0,4.0,5.0,2.0,17.0,12.0,9.0,2.0,8.0,12.0,9.0,0.0,1.0,11.0,1.0,3.0,6.0,10.0,40.0,0.0,6.0,10.0,0.0,1.0,114.0,62.0,1.0,74.0,39.0,9.0,8.0,17.0,8.0,25.0,121.0,27.0,139.0,53.0,1.0,32.0,12.0,15.0,8.0,102.0,0.0,23.0,5.0,10.0,7.0,6.0,10.0,4.0,73.0,161.0,6.0,5.0,10.0,21.0,8.0,148.0,18.0,120.0,13.0,20.0,75.0,0.0,0.0,29.0,3.0,100.0,16.0,27.0,21.0,1.0,24.0,1.0,62.0,39.0,9.0,21.0,24.0,28.0,13.0,61.0,19.0,12.0,7.0,78.0,13.0,1.0,6.0,7.0,4.0,38.0,6.0,0.0,70.0,3.0,2.0,25.0,2.0,20.0,0.0,18.0,13.0,6.0,10.0,30.0,19.0,13.0,16.0,1.0,1.0,3.0,5.0,0.0,47.0,0.0,43.0,15.0,9.0,0.0,0.0,20.0,27.0,0.0,28.0,0.0,11.0,20.0,30.0,4.0,8.0,19.0,97.0,18.0,1.0,5.0,3.0,5.0,18.0,5.0,0.0,7.0,19.0,8.0,7.0,32.0,4.0,1.0,15.0,265.0,12.0,34.0,25.0,7.0,0.0,2.0,45.0,100.0,0.0,33.0,63.0,11.0,198.0,4.0,1.0,11.0,55.0,352.0,51.0,30.0,1.0,9.0,11.0,8.0
Henrik_Lilljebjorn_AML34_HSPC,2.0,0.0,0.0,1.0,0.0,0.0,1.0,1.0,1.0,0.0,1.0,2.0,1.0,2.0,0.0,3.0,0.0,0.0,0.0,2.0,0.0,0.0,1.0,1.0,0.0,0.0,7.0,1.0,0.0,5.0,1.0,1.0,0.0,1.0,0.0,9.0,0.0,0.0,0.0,8.0,68.0,4.0,1.0,0.0,9.0,5.0,1.0,2.0,0.0,22.0,4.0,2.0,0.0,0.0,0.0,1.0,0.0,0.0,3.0,3.0,4.0,6.0,5.0,2.0,9.0,0.0,1.0,2.0,0.0,5.0,7.0,0.0,15.0,0.0,2.0,0.0,0.0,0.0,0.0,3.0,6.0,0.0,0.0,0.0,0.0,4.0,0.0,2.0,0.0,2.0,0.0,0.0,2.0,0.0,0.0,3.0,1.0,0.0,0.0,0.0,26.0,3.0,0.0,13.0,0.0,2.0,0.0,0.0,0.0,0.0,1.0,6.0,1.0,0.0,8.0,0.0,2.0,23.0,0.0,0.0,0.0,3.0,0.0,1.0,0.0,0.0,0.0,2.0,10.0,0.0,27.0,13.0,18.0,2.0,13.0,7.0,5.0,5.0,19.0,0.0,86.0,0.0,12.0,0.0,1.0,3.0,3.0,0.0,4.0,13.0,0.0,44.0,1.0,0.0,7.0,0.0,3.0,4.0,0.0,0.0,2.0,0.0,10.0,0.0,0.0,0.0,0.0,0.0,1.0,0.0,0.0,5.0,0.0,0.0,0.0,0.0,2.0,0.0,14.0,1.0,3.0,0.0,0.0,0.0,2.0,0.0,5.0,10.0,0.0,0.0,1.0,1.0,19.0,3.0,0.0,0.0,3.0,0.0,0.0,0.0,1.0,0.0,0.0,0.0,2.0,3.0,1.0,1.0,0.0,2.0,550.0,8.0,0.0,12.0,0.0,3.0,2.0,0.0,9.0,2.0,1.0,4.0,0.0,3.0,2.0,1.0,4.0,8.0,0.0,0.0,4.0,12.0,0.0,1.0,2.0,1.0,1.0,0.0,0.0,0.0,0.0,1.0,0.0,4.0,1.0,1.0,0.0,14.0,0.0,45.0,38.0,1.0,0.0,2.0,1.0,0.0,4.0,0.0,0.0,0.0,0.0,0.0,1.0,1.0,2.0,0.0,1.0,6.0,0.0,3.0,3.0,6.0,3.0,2.0,5.0,0.0,2.0,0.0,0.0,0.0,0.0,0.0,1.0,0.0,0.0,0.0,1.0,1.0,2.0,1.0,4.0,2.0,5.0,4.0,2.0,0.0,0.0,2.0,2.0,13.0,9.0,0.0,2.0,0.0,4.0,3.0,0.0,1.0,0.0,0.0,3.0,0.0,0.0,3.0,1.0,1.0,2.0,6.0,1.0,0.0,0.0,0.0,0.0,1.0,1.0,0.0,0.0,7.0,0.0,0.0,3.0,1.0,0.0,1.0,2.0,0.0,1.0,2.0,1.0,1.0,0.0,5.0,9.0,2.0,1.0,2.0,2.0,0.0,0.0,1.0,0.0,5.0,3.0,0.0,19.0,29.0,5.0,1.0,1.0,1.0,0.0,0.0,0.0,0.0,3.0,0.0,0.0,6.0,0.0,6.0,7.0,0.0,0.0,1.0,0.0,0.0,1.0,0.0,0.0,1.0,0.0,0.0,0.0,1.0,0.0,1.0,0.0,7.0,0.0,0.0,1.0,2.0,1.0,1.0,7.0,1.0,0.0,0.0,0.0,2.0,0.0,0.0,0.0,2.0,0.0,1.0,0.0,0.0,1.0,0.0,8.0,1.0,1.0,0.0,0.0,0.0,1.0,0.0,0.0,5.0,0.0,0.0,5.0,2.0,2.0,0.0,0.0,0.0,7.0,0.0,1.0,1.0,3.0,0.0,2.0,3.0,0.0,2.0,0.0,5.0,0.0,1.0,1.0,0.0,2.0,7.0,0.0,1.0,0.0,0.0,0.0,2.0,0.0,1.0,0.0,4.0,0.0,0.0,5.0,0.0,5.0,0.0,0.0,1.0,3.0,2.0,0.0,0.0,0.0,1.0,0.0,4.0,0.0,9.0,0.0,0.0,0.0,0.0,1.0,0.0,0.0,0.0,1.0,1.0,1.0,3.0,0.0,1.0,2.0,6.0,2.0,4.0,1.0,3.0,10.0,5.0,0.0,0.0,5.0,8.0,3.0,1.0,0.0,0.0,0.0,0.0,0.0,6.0,1.0,0.0,0.0,0.0,1.0,0.0,0.0,0.0,15.0,0.0,3.0,0.0,0.0,1.0,0.0,0.0,1.0,1.0,2.0,0.0,7.0,0.0,2.0,0.0,4.0,0.0,2.0,4.0,4.0,2.0,0.0,1.0,0.0,0.0,5.0,10.0,0.0,9.0,1.0,0.0,0.0,0.0,41.0,2.0,2.0,0.0,5.0,3.0,0.0,4.0,0.0,0.0,0.0,0.0,0.0,0.0,2.0,17.0,1.0,1.0,1.0,0.0,7.0,8.0,16.0,17.0,0.0,0.0,0.0,1.0,24.0,2.0,0.0,0.0,2.0,2.0,0.0,0.0,0.0,6.0,1.0,14.0,2.0,0.0,0.0,3.0,5.0,0.0,0.0,0.0,1.0,0.0,1.0,0.0,0.0,1.0,1.0,1.0,0.0,1.0,0.0,3.0,0.0,1.0,0.0,2.0,0.0,0.0,3.0,0.0,0.0,2.0,1.0,0.0,0.0,0.0,3.0,0.0,0.0,0.0,0.0,0.0,0.0,0.0,6.0,3.0,0.0,0.0,4.0,0.0,1.0,4.0,0.0,4.0,2.0,1.0,0.0,1.0,2.0,1.0,0.0,0.0,0.0,1.0,1.0,0.0,0.0,1.0,0.0,0.0,1.0,0.0,0.0,1.0,0.0,1.0,1.0,0.0,3.0,4.0,0.0,1.0,6.0,0.0,0.0,1.0,0.0,7.0,7.0,2.0,4.0,1.0,3.0,2.0,0.0,1.0,0.0,5.0,0.0,2.0,0.0,0.0,2.0,0.0,0.0,0.0,9.0,9.0,1.0,0.0,3.0,1.0,3.0,18.0,7.0,1.0,2.0,3.0,7.0,0.0,0.0,1.0,0.0,3.0,1.0,5.0,2.0,3.0,4.0,0.0,5.0,5.0,1.0,1.0,4.0,8.0,3.0,5.0,1.0,0.0,2.0,19.0,2.0,1.0,0.0,2.0,1.0,3.0,0.0,0.0,0.0,1.0,0.0,5.0,0.0,0.0,0.0,2.0,0.0,0.0,2.0,2.0,0.0,4.0,3.0,0.0,0.0,3.0,1.0,0.0,0.0,0.0,5.0,0.0,0.0,0.0,1.0,3.0,0.0,0.0,3.0,0.0,2.0,2.0,3.0,5.0,1.0,0.0,3.0,2.0,0.0,0.0,2.0,0.0,0.0,0.0,6.0,2.0,2.0,0.0,0.0,7.0,1.0,0.0,2.0,0.0,0.0,0.0,1.0,3.0,0.0,0.0,6.0,1.0,0.0,3.0,12.0,0.0,316.0,0.0,0.0,2.0,1.0,16.0,3.0,3.0,0.0,0.0,0.0,1.0
Henrik_Lilljebjorn_AML34_LSPC,47.0,70.0,6.0,5.0,4.0,54.0,15.0,20.0,189.0,12.0,104.0,158.0,43.0,187.0,22.0,704.0,117.0,8.0,8.0,54.0,13.0,39.0,149.0,101.0,53.0,4.0,814.0,80.0,38.0,540.0,224.0,0.0,0.0,64.0,4.0,624.0,5.0,113.0,57.0,432.0,10594.0,299.0,69.0,28.0,746.0,618.0,15.0,30.0,2.0,982.0,329.0,129.0,15.0,73.0,35.0,72.0,8.0,11.0,80.0,125.0,201.0,345.0,221.0,121.0,453.0,8.0,112.0,36.0,23.0,581.0,477.0,32.0,858.0,0.0,111.0,57.0,79.0,42.0,61.0,85.0,253.0,9.0,1.0,57.0,0.0,137.0,0.0,292.0,58.0,54.0,19.0,7.0,111.0,18.0,16.0,275.0,68.0,51.0,21.0,36.0,1000.0,153.0,29.0,834.0,226.0,204.0,102.0,108.0,12.0,86.0,28.0,220.0,24.0,1.0,1269.0,73.0,89.0,1591.0,14.0,0.0,59.0,195.0,19.0,204.0,38.0,70.0,0.0,374.0,509.0,2.0,2286.0,628.0,1013.0,136.0,1094.0,341.0,276.0,304.0,1321.0,83.0,3084.0,6.0,681.0,1.0,37.0,256.0,225.0,0.0,321.0,1830.0,68.0,4571.0,4.0,49.0,383.0,82.0,222.0,389.0,12.0,20.0,185.0,79.0,596.0,23.0,51.0,2.0,93.0,20.0,120.0,52.0,18.0,266.0,51.0,106.0,0.0,6.0,220.0,25.0,603.0,26.0,245.0,1.0,4.0,0.0,146.0,12.0,404.0,620.0,190.0,7.0,61.0,101.0,844.0,305.0,144.0,0.0,156.0,10.0,28.0,7.0,119.0,36.0,95.0,116.0,120.0,85.0,1.0,67.0,2.0,96.0,67585.0,977.0,0.0,671.0,188.0,141.0,360.0,5.0,2078.0,76.0,1.0,478.0,67.0,117.0,131.0,15.0,223.0,305.0,34.0,53.0,158.0,774.0,67.0,374.0,114.0,73.0,43.0,54.0,24.0,57.0,120.0,114.0,5.0,372.0,20.0,14.0,81.0,773.0,14.0,5104.0,5384.0,49.0,21.0,49.0,21.0,71.0,563.0,53.0,19.0,15.0,45.0,1.0,172.0,126.0,113.0,16.0,58.0,283.0,206.0,153.0,347.0,663.0,116.0,32.0,310.0,92.0,32.0,52.0,3.0,16.0,1.0,49.0,53.0,7.0,1.0,0.0,15.0,121.0,89.0,133.0,629.0,117.0,640.0,451.0,137.0,126.0,128.0,114.0,102.0,1537.0,1110.0,3.0,47.0,32.0,280.0,85.0,8.0,15.0,11.0,105.0,262.0,73.0,5.0,282.0,3.0,249.0,84.0,332.0,169.0,156.0,7.0,5.0,18.0,15.0,25.0,2.0,11.0,608.0,343.0,3.0,715.0,102.0,5.0,281.0,97.0,23.0,200.0,90.0,76.0,81.0,80.0,257.0,721.0,97.0,205.0,106.0,184.0,5.0,0.0,40.0,48.0,627.0,434.0,78.0,1023.0,2380.0,678.0,59.0,33.0,52.0,22.0,8.0,72.0,7.0,137.0,53.0,9.0,245.0,0.0,445.0,512.0,3.0,0.0,39.0,26.0,0.0,112.0,0.0,96.0,182.0,15.0,62.0,64.0,111.0,26.0,41.0,171.0,275.0,16.0,1.0,14.0,44.0,78.0,103.0,207.0,102.0,54.0,60.0,73.0,241.0,0.0,10.0,12.0,146.0,1.0,391.0,69.0,0.0,80.0,100.0,481.0,98.0,90.0,10.0,39.0,2.0,0.0,24.0,0.0,106.0,8.0,19.0,465.0,187.0,128.0,68.0,21.0,32.0,122.0,46.0,199.0,39.0,211.0,9.0,72.0,145.0,65.0,61.0,105.0,185.0,3.0,148.0,64.0,12.0,739.0,271.0,106.0,197.0,12.0,14.0,32.0,81.0,18.0,81.0,143.0,48.0,44.0,53.0,782.0,8.0,215.0,35.0,82.0,29.0,380.0,94.0,0.0,11.0,29.0,91.0,44.0,129.0,39.0,376.0,6.0,21.0,8.0,23.0,33.0,18.0,31.0,48.0,35.0,18.0,52.0,46.0,39.0,35.0,126.0,231.0,231.0,277.0,73.0,130.0,1701.0,84.0,25.0,40.0,176.0,1396.0,636.0,28.0,1.0,50.0,32.0,105.0,134.0,270.0,47.0,3.0,57.0,48.0,59.0,42.0,0.0,46.0,1709.0,23.0,222.0,3.0,30.0,25.0,71.0,9.0,25.0,14.0,76.0,40.0,337.0,20.0,145.0,113.0,233.0,2.0,181.0,219.0,99.0,132.0,1.0,107.0,0.0,14.0,277.0,203.0,20.0,1198.0,3.0,18.0,15.0,232.0,1681.0,167.0,52.0,284.0,180.0,120.0,31.0,278.0,19.0,62.0,26.0,34.0,33.0,228.0,209.0,1336.0,166.0,106.0,98.0,12.0,224.0,461.0,1201.0,1308.0,0.0,9.0,27.0,171.0,11201.0,111.0,23.0,7.0,106.0,40.0,4.0,10.0,41.0,228.0,124.0,999.0,118.0,0.0,277.0,233.0,467.0,6.0,3.0,109.0,15.0,31.0,41.0,16.0,52.0,65.0,61.0,34.0,21.0,25.0,21.0,120.0,17.0,53.0,29.0,36.0,28.0,26.0,101.0,29.0,26.0,14.0,93.0,37.0,14.0,24.0,246.0,75.0,0.0,67.0,95.0,102.0,94.0,71.0,362.0,360.0,13.0,34.0,249.0,36.0,147.0,225.0,29.0,200.0,267.0,89.0,20.0,22.0,76.0,236.0,8.0,33.0,22.0,14.0,40.0,0.0,26.0,121.0,30.0,10.0,28.0,14.0,78.0,17.0,47.0,58.0,84.0,20.0,570.0,158.0,0.0,4.0,854.0,44.0,19.0,102.0,57.0,313.0,729.0,527.0,291.0,65.0,73.0,97.0,3.0,85.0,61.0,440.0,86.0,112.0,48.0,42.0,70.0,131.0,10.0,1.0,753.0,2265.0,40.0,75.0,210.0,49.0,90.0,980.0,249.0,134.0,72.0,111.0,297.0,1.0,10.0,65.0,3.0,449.0,34.0,413.0,174.0,15.0,389.0,16.0,356.0,352.0,66.0,159.0,470.0,317.0,131.0,383.0,49.0,193.0,76.0,1397.0,130.0,23.0,9.0,156.0,15.0,195.0,54.0,29.0,188.0,72.0,32.0,228.0,62.0,26.0,20.0,185.0,93.0,33.0,62.0,208.0,51.0,151.0,440.0,0.0,12.0,79.0,20.0,6.0,38.0,23.0,304.0,2.0,3.0,19.0,38.0,112.0,1.0,2.0,237.0,0.0,58.0,189.0,186.0,40.0,121.0,33.0,662.0,172.0,17.0,14.0,100.0,14.0,20.0,10.0,353.0,551.0,85.0,12.0,47.0,289.0,39.0,210.0,130.0,221.0,36.0,90.0,258.0,58.0,0.0,8.0,836.0,28.0,37.0,651.0,1863.0,73.0,54298.0,0.0,15.0,74.0,370.0,2349.0,910.0,215.0,43.0,77.0,17.0,24.0
Henrik_Lilljebjorn_AML48_HSPC,0.0,0.0,1.0,0.0,0.0,16.0,1.0,1.0,5.0,2.0,7.0,15.0,0.0,10.0,2.0,9.0,6.0,2.0,0.0,2.0,2.0,4.0,3.0,3.0,0.0,1.0,3.0,6.0,2.0,4.0,4.0,2.0,3.0,2.0,0.0,32.0,0.0,1.0,6.0,11.0,38.0,4.0,2.0,0.0,83.0,3.0,11.0,27.0,1.0,8.0,10.0,16.0,3.0,1.0,5.0,3.0,5.0,4.0,3.0,3.0,5.0,7.0,14.0,5.0,9.0,3.0,17.0,13.0,5.0,18.0,9.0,2.0,39.0,15.0,5.0,3.0,2.0,1.0,5.0,10.0,19.0,2.0,1.0,9.0,1.0,8.0,3.0,42.0,0.0,0.0,2.0,1.0,3.0,2.0,0.0,0.0,3.0,2.0,1.0,2.0,44.0,1.0,2.0,35.0,6.0,8.0,4.0,2.0,2.0,2.0,0.0,11.0,5.0,1.0,6.0,12.0,2.0,52.0,0.0,5.0,4.0,10.0,2.0,1.0,6.0,30.0,6.0,22.0,5.0,1.0,38.0,18.0,22.0,25.0,11.0,5.0,5.0,8.0,20.0,2.0,13.0,3.0,51.0,0.0,3.0,10.0,22.0,5.0,5.0,2.0,4.0,48.0,2.0,2.0,2.0,1.0,0.0,11.0,2.0,6.0,4.0,0.0,3.0,0.0,1.0,0.0,2.0,1.0,1.0,8.0,0.0,5.0,2.0,9.0,3.0,0.0,3.0,1.0,3.0,3.0,4.0,1.0,3.0,1.0,30.0,2.0,15.0,9.0,20.0,1.0,0.0,1.0,11.0,13.0,4.0,0.0,6.0,8.0,2.0,2.0,7.0,3.0,1.0,0.0,9.0,4.0,0.0,2.0,0.0,5.0,348.0,36.0,9.0,4.0,3.0,2.0,10.0,6.0,36.0,1.0,0.0,4.0,5.0,0.0,2.0,11.0,8.0,6.0,0.0,7.0,3.0,11.0,0.0,6.0,3.0,5.0,0.0,0.0,2.0,0.0,0.0,4.0,11.0,5.0,1.0,1.0,4.0,14.0,4.0,94.0,130.0,1.0,1.0,0.0,3.0,0.0,6.0,4.0,3.0,1.0,4.0,3.0,1.0,3.0,1.0,0.0,3.0,10.0,32.0,4.0,2.0,18.0,12.0,1.0,4.0,8.0,3.0,3.0,0.0,0.0,0.0,0.0,1.0,0.0,1.0,1.0,1.0,9.0,6.0,1.0,25.0,0.0,31.0,1.0,9.0,1.0,12.0,12.0,10.0,20.0,42.0,1.0,1.0,3.0,3.0,6.0,0.0,6.0,1.0,6.0,31.0,4.0,1.0,6.0,3.0,5.0,4.0,1.0,6.0,9.0,1.0,1.0,0.0,0.0,13.0,1.0,0.0,2.0,13.0,3.0,0.0,6.0,0.0,7.0,3.0,1.0,10.0,5.0,2.0,5.0,3.0,2.0,37.0,1.0,16.0,6.0,3.0,12.0,2.0,3.0,1.0,7.0,15.0,0.0,16.0,26.0,21.0,5.0,2.0,3.0,0.0,1.0,5.0,1.0,17.0,4.0,1.0,4.0,0.0,13.0,6.0,0.0,1.0,1.0,3.0,12.0,2.0,0.0,3.0,9.0,0.0,0.0,1.0,2.0,4.0,1.0,2.0,8.0,1.0,2.0,2.0,4.0,2.0,3.0,5.0,5.0,1.0,2.0,3.0,8.0,2.0,6.0,8.0,5.0,0.0,4.0,3.0,0.0,4.0,1.0,4.0,2.0,8.0,1.0,8.0,0.0,2.0,3.0,3.0,3.0,3.0,3.0,15.0,1.0,10.0,3.0,4.0,0.0,7.0,2.0,3.0,0.0,15.0,3.0,1.0,0.0,0.0,8.0,0.0,12.0,10.0,2.0,3.0,2.0,24.0,21.0,7.0,5.0,0.0,0.0,2.0,2.0,2.0,4.0,0.0,2.0,1.0,5.0,41.0,0.0,13.0,19.0,4.0,2.0,21.0,7.0,0.0,8.0,0.0,5.0,0.0,5.0,5.0,9.0,1.0,1.0,2.0,0.0,2.0,3.0,13.0,0.0,1.0,1.0,1.0,2.0,10.0,5.0,12.0,2.0,9.0,19.0,1.0,29.0,15.0,0.0,7.0,0.0,7.0,36.0,14.0,8.0,0.0,4.0,3.0,2.0,5.0,19.0,23.0,13.0,7.0,0.0,6.0,8.0,1.0,0.0,4.0,0.0,8.0,0.0,2.0,5.0,6.0,4.0,0.0,2.0,1.0,2.0,20.0,1.0,3.0,11.0,0.0,1.0,32.0,12.0,5.0,1.0,0.0,7.0,2.0,1.0,1.0,6.0,4.0,21.0,0.0,1.0,1.0,11.0,66.0,12.0,5.0,4.0,2.0,6.0,0.0,5.0,2.0,1.0,1.0,1.0,1.0,18.0,6.0,9.0,7.0,4.0,1.0,5.0,6.0,7.0,11.0,26.0,2.0,2.0,1.0,4.0,10.0,5.0,5.0,2.0,4.0,3.0,0.0,1.0,0.0,4.0,1.0,49.0,4.0,3.0,9.0,7.0,9.0,10.0,3.0,1.0,3.0,8.0,2.0,1.0,1.0,2.0,3.0,4.0,4.0,1.0,10.0,3.0,2.0,0.0,0.0,4.0,0.0,7.0,5.0,1.0,5.0,3.0,3.0,1.0,1.0,3.0,9.0,14.0,3.0,0.0,4.0,4.0,8.0,6.0,13.0,11.0,1.0,2.0,7.0,2.0,0.0,5.0,2.0,12.0,6.0,0.0,1.0,1.0,4.0,2.0,1.0,0.0,3.0,6.0,1.0,0.0,1.0,3.0,3.0,1.0,0.0,4.0,9.0,0.0,0.0,5.0,0.0,0.0,27.0,40.0,0.0,9.0,58.0,6.0,14.0,1.0,6.0,5.0,17.0,8.0,25.0,5.0,3.0,4.0,12.0,2.0,7.0,36.0,1.0,4.0,2.0,9.0,1.0,2.0,3.0,1.0,18.0,26.0,0.0,0.0,5.0,4.0,2.0,37.0,17.0,5.0,4.0,2.0,18.0,5.0,2.0,2.0,1.0,7.0,3.0,9.0,5.0,0.0,14.0,0.0,9.0,9.0,6.0,2.0,3.0,10.0,0.0,12.0,5.0,2.0,4.0,19.0,8.0,1.0,1.0,7.0,0.0,3.0,2.0,3.0,4.0,2.0,2.0,1.0,1.0,5.0,1.0,6.0,0.0,0.0,1.0,4.0,5.0,5.0,4.0,0.0,0.0,0.0,0.0,0.0,1.0,2.0,3.0,2.0,0.0,0.0,1.0,7.0,0.0,0.0,10.0,0.0,2.0,6.0,10.0,2.0,4.0,4.0,15.0,7.0,2.0,0.0,5.0,0.0,2.0,1.0,6.0,5.0,1.0,0.0,2.0,10.0,4.0,2.0,1.0,7.0,8.0,4.0,7.0,6.0,0.0,3.0,8.0,10.0,0.0,3.0,1.0,0.0,62.0,0.0,1.0,2.0,6.0,38.0,9.0,8.0,3.0,2.0,0.0,5.0
Henrik_Lilljebjorn_AML48_LSPC,1.0,4.0,3.0,1.0,1.0,17.0,1.0,1.0,6.0,5.0,4.0,20.0,1.0,14.0,1.0,10.0,4.0,8.0,1.0,8.0,2.0,4.0,3.0,8.0,0.0,0.0,7.0,6.0,6.0,22.0,7.0,0.0,1.0,7.0,1.0,47.0,0.0,0.0,19.0,15.0,189.0,7.0,1.0,2.0,95.0,9.0,7.0,16.0,2.0,16.0,14.0,18.0,4.0,1.0,2.0,0.0,3.0,4.0,2.0,10.0,16.0,13.0,10.0,20.0,22.0,6.0,11.0,3.0,3.0,16.0,21.0,2.0,54.0,3.0,7.0,5.0,1.0,0.0,2.0,15.0,7.0,2.0,3.0,6.0,0.0,28.0,3.0,24.0,1.0,2.0,1.0,1.0,10.0,3.0,1.0,1.0,0.0,1.0,11.0,1.0,74.0,3.0,4.0,34.0,30.0,5.0,3.0,3.0,0.0,8.0,1.0,21.0,5.0,0.0,12.0,6.0,2.0,75.0,0.0,12.0,6.0,10.0,1.0,2.0,7.0,58.0,0.0,46.0,6.0,0.0,49.0,13.0,46.0,136.0,28.0,24.0,7.0,15.0,67.0,14.0,17.0,7.0,161.0,1.0,7.0,27.0,59.0,0.0,14.0,30.0,13.0,210.0,0.0,7.0,10.0,7.0,14.0,28.0,4.0,6.0,5.0,2.0,13.0,2.0,2.0,0.0,6.0,4.0,8.0,5.0,2.0,7.0,0.0,9.0,1.0,0.0,2.0,0.0,16.0,4.0,12.0,2.0,1.0,0.0,22.0,0.0,38.0,19.0,22.0,0.0,2.0,0.0,5.0,47.0,9.0,0.0,11.0,7.0,7.0,1.0,5.0,3.0,3.0,2.0,18.0,2.0,0.0,2.0,3.0,10.0,908.0,85.0,1.0,5.0,0.0,7.0,50.0,7.0,151.0,2.0,0.0,3.0,3.0,2.0,0.0,1.0,7.0,3.0,1.0,2.0,2.0,10.0,1.0,9.0,3.0,4.0,4.0,1.0,1.0,1.0,0.0,12.0,6.0,11.0,0.0,2.0,11.0,50.0,3.0,359.0,370.0,5.0,1.0,0.0,2.0,2.0,11.0,7.0,2.0,0.0,4.0,1.0,6.0,4.0,6.0,2.0,3.0,30.0,25.0,7.0,8.0,19.0,18.0,2.0,13.0,5.0,2.0,1.0,4.0,3.0,0.0,2.0,3.0,1.0,12.0,0.0,0.0,13.0,9.0,7.0,70.0,2.0,75.0,2.0,23.0,8.0,10.0,18.0,12.0,47.0,64.0,0.0,0.0,1.0,10.0,11.0,0.0,4.0,0.0,22.0,38.0,2.0,3.0,20.0,0.0,6.0,5.0,8.0,11.0,2.0,1.0,1.0,1.0,2.0,12.0,3.0,4.0,12.0,15.0,1.0,4.0,7.0,0.0,24.0,15.0,1.0,16.0,3.0,3.0,4.0,2.0,9.0,36.0,6.0,15.0,6.0,15.0,8.0,0.0,5.0,1.0,15.0,33.0,0.0,65.0,150.0,31.0,9.0,1.0,1.0,1.0,0.0,7.0,2.0,12.0,1.0,0.0,14.0,0.0,23.0,21.0,4.0,2.0,7.0,5.0,21.0,8.0,2.0,4.0,31.0,0.0,2.0,3.0,4.0,2.0,3.0,13.0,7.0,0.0,9.0,3.0,4.0,3.0,1.0,23.0,4.0,2.0,3.0,4.0,4.0,9.0,2.0,3.0,6.0,4.0,46.0,6.0,2.0,4.0,3.0,4.0,4.0,11.0,1.0,5.0,1.0,1.0,0.0,2.0,11.0,0.0,1.0,33.0,1.0,33.0,3.0,3.0,0.0,6.0,4.0,9.0,3.0,10.0,1.0,1.0,5.0,0.0,11.0,2.0,8.0,3.0,1.0,6.0,1.0,36.0,57.0,12.0,4.0,3.0,1.0,6.0,4.0,3.0,10.0,0.0,9.0,0.0,8.0,33.0,0.0,20.0,7.0,2.0,0.0,35.0,4.0,5.0,5.0,1.0,6.0,0.0,1.0,1.0,9.0,0.0,0.0,5.0,0.0,4.0,4.0,7.0,2.0,3.0,0.0,0.0,3.0,9.0,3.0,11.0,6.0,29.0,36.0,0.0,49.0,37.0,2.0,8.0,0.0,4.0,155.0,15.0,3.0,0.0,1.0,1.0,8.0,10.0,26.0,5.0,8.0,8.0,0.0,2.0,10.0,2.0,1.0,12.0,4.0,3.0,1.0,1.0,3.0,7.0,0.0,1.0,3.0,1.0,2.0,44.0,0.0,6.0,10.0,4.0,2.0,20.0,24.0,4.0,8.0,1.0,11.0,1.0,0.0,2.0,5.0,8.0,62.0,0.0,2.0,3.0,12.0,70.0,59.0,2.0,18.0,11.0,15.0,1.0,6.0,2.0,1.0,1.0,5.0,0.0,35.0,5.0,32.0,7.0,12.0,2.0,6.0,18.0,15.0,40.0,53.0,20.0,2.0,3.0,5.0,35.0,12.0,3.0,3.0,7.0,3.0,1.0,0.0,1.0,8.0,2.0,56.0,16.0,6.0,20.0,13.0,14.0,4.0,9.0,3.0,2.0,12.0,4.0,0.0,2.0,4.0,5.0,5.0,2.0,3.0,4.0,7.0,1.0,2.0,0.0,6.0,1.0,4.0,5.0,3.0,6.0,0.0,1.0,0.0,1.0,3.0,2.0,22.0,3.0,2.0,3.0,2.0,3.0,6.0,32.0,15.0,1.0,1.0,14.0,0.0,2.0,2.0,3.0,10.0,6.0,2.0,2.0,2.0,7.0,1.0,6.0,1.0,4.0,1.0,1.0,0.0,0.0,5.0,2.0,2.0,2.0,5.0,16.0,0.0,4.0,6.0,0.0,3.0,53.0,39.0,0.0,52.0,83.0,5.0,12.0,2.0,2.0,18.0,44.0,15.0,50.0,11.0,6.0,3.0,11.0,6.0,5.0,31.0,4.0,5.0,1.0,6.0,2.0,4.0,2.0,9.0,32.0,114.0,1.0,2.0,10.0,3.0,5.0,47.0,3.0,24.0,4.0,2.0,26.0,0.0,0.0,3.0,1.0,16.0,0.0,12.0,5.0,9.0,27.0,2.0,22.0,8.0,6.0,4.0,16.0,23.0,3.0,24.0,4.0,4.0,3.0,54.0,2.0,4.0,8.0,5.0,3.0,18.0,1.0,2.0,23.0,5.0,5.0,7.0,0.0,8.0,3.0,9.0,0.0,0.0,3.0,5.0,4.0,3.0,6.0,0.0,0.0,1.0,0.0,0.0,8.0,1.0,20.0,5.0,0.0,0.0,10.0,5.0,1.0,0.0,15.0,0.0,4.0,9.0,12.0,0.0,4.0,8.0,47.0,7.0,3.0,2.0,5.0,3.0,5.0,3.0,21.0,23.0,3.0,2.0,0.0,7.0,3.0,4.0,3.0,51.0,3.0,9.0,4.0,3.0,0.0,3.0,19.0,24.0,1.0,5.0,21.0,4.0,224.0,0.0,3.0,2.0,10.0,134.0,29.0,16.0,1.0,4.0,6.0,4.0
Henrik_Lilljebjorn_AML80_HSPC,0.0,0.0,1.0,1.0,0.0,12.0,1.0,2.0,4.0,2.0,3.0,3.0,0.0,4.0,1.0,5.0,9.0,3.0,0.0,1.0,1.0,2.0,1.0,2.0,0.0,3.0,8.0,5.0,2.0,0.0,0.0,0.0,2.0,0.0,0.0,31.0,1.0,2.0,2.0,3.0,22.0,4.0,1.0,0.0,18.0,0.0,2.0,11.0,0.0,2.0,11.0,6.0,0.0,0.0,0.0,1.0,2.0,2.0,2.0,11.0,4.0,17.0,3.0,7.0,5.0,12.0,10.0,4.0,1.0,8.0,7.0,1.0,7.0,1.0,2.0,3.0,0.0,0.0,1.0,2.0,6.0,1.0,2.0,5.0,0.0,7.0,2.0,15.0,3.0,0.0,1.0,4.0,3.0,0.0,0.0,3.0,0.0,2.0,2.0,0.0,38.0,8.0,0.0,18.0,0.0,4.0,2.0,1.0,1.0,0.0,0.0,11.0,0.0,0.0,6.0,14.0,0.0,42.0,0.0,0.0,1.0,3.0,0.0,4.0,4.0,14.0,0.0,16.0,3.0,6.0,16.0,13.0,21.0,11.0,13.0,2.0,3.0,1.0,20.0,0.0,53.0,0.0,66.0,0.0,1.0,6.0,3.0,0.0,3.0,4.0,1.0,7.0,3.0,1.0,5.0,1.0,6.0,9.0,1.0,5.0,1.0,7.0,7.0,2.0,14.0,0.0,1.0,3.0,4.0,4.0,3.0,3.0,0.0,2.0,7.0,4.0,2.0,3.0,2.0,0.0,1.0,0.0,5.0,2.0,22.0,0.0,2.0,9.0,4.0,0.0,0.0,0.0,4.0,42.0,2.0,0.0,2.0,1.0,2.0,0.0,10.0,1.0,0.0,0.0,4.0,0.0,0.0,2.0,1.0,7.0,107.0,11.0,0.0,1.0,0.0,3.0,8.0,5.0,13.0,2.0,1.0,1.0,2.0,4.0,2.0,9.0,7.0,2.0,0.0,4.0,5.0,4.0,5.0,3.0,1.0,3.0,1.0,0.0,3.0,0.0,0.0,0.0,6.0,4.0,0.0,1.0,7.0,2.0,5.0,59.0,80.0,1.0,3.0,1.0,2.0,0.0,5.0,1.0,0.0,1.0,0.0,0.0,1.0,3.0,3.0,1.0,4.0,3.0,12.0,1.0,5.0,7.0,3.0,2.0,8.0,0.0,0.0,1.0,0.0,0.0,0.0,1.0,0.0,2.0,0.0,0.0,0.0,1.0,4.0,1.0,6.0,9.0,9.0,3.0,5.0,1.0,1.0,7.0,8.0,12.0,28.0,0.0,1.0,0.0,12.0,4.0,2.0,2.0,1.0,3.0,30.0,2.0,1.0,3.0,0.0,3.0,1.0,1.0,3.0,0.0,0.0,2.0,0.0,0.0,2.0,1.0,0.0,1.0,3.0,0.0,6.0,4.0,0.0,7.0,0.0,0.0,1.0,3.0,0.0,0.0,1.0,1.0,55.0,5.0,3.0,4.0,0.0,1.0,2.0,0.0,1.0,7.0,5.0,2.0,34.0,30.0,8.0,4.0,0.0,1.0,1.0,0.0,5.0,0.0,7.0,5.0,0.0,1.0,0.0,5.0,5.0,0.0,2.0,1.0,0.0,8.0,1.0,2.0,1.0,6.0,1.0,0.0,0.0,1.0,1.0,2.0,0.0,8.0,0.0,0.0,0.0,0.0,1.0,3.0,9.0,2.0,3.0,3.0,0.0,3.0,1.0,1.0,3.0,5.0,0.0,1.0,5.0,4.0,0.0,0.0,7.0,0.0,3.0,2.0,3.0,0.0,2.0,0.0,1.0,1.0,1.0,1.0,4.0,1.0,1.0,2.0,1.0,0.0,0.0,7.0,4.0,0.0,7.0,0.0,5.0,0.0,0.0,8.0,1.0,6.0,1.0,2.0,4.0,4.0,34.0,6.0,4.0,1.0,0.0,0.0,0.0,0.0,1.0,3.0,0.0,4.0,1.0,2.0,27.0,0.0,11.0,3.0,2.0,0.0,17.0,1.0,0.0,0.0,0.0,1.0,1.0,0.0,1.0,12.0,1.0,3.0,0.0,0.0,3.0,0.0,6.0,1.0,1.0,0.0,0.0,0.0,5.0,3.0,4.0,3.0,7.0,4.0,3.0,8.0,7.0,5.0,2.0,0.0,0.0,5.0,9.0,5.0,0.0,1.0,0.0,2.0,0.0,2.0,7.0,2.0,3.0,1.0,1.0,7.0,4.0,3.0,0.0,0.0,0.0,1.0,3.0,3.0,1.0,1.0,0.0,0.0,0.0,0.0,14.0,1.0,1.0,10.0,1.0,0.0,2.0,20.0,2.0,1.0,7.0,0.0,1.0,0.0,0.0,0.0,3.0,8.0,1.0,3.0,3.0,4.0,37.0,2.0,1.0,0.0,0.0,1.0,0.0,4.0,0.0,1.0,1.0,1.0,0.0,6.0,1.0,2.0,5.0,3.0,0.0,1.0,6.0,19.0,3.0,31.0,0.0,0.0,1.0,3.0,4.0,3.0,0.0,0.0,3.0,0.0,0.0,0.0,0.0,8.0,1.0,30.0,7.0,0.0,8.0,4.0,5.0,0.0,2.0,1.0,0.0,2.0,3.0,2.0,0.0,1.0,4.0,1.0,1.0,0.0,2.0,1.0,4.0,1.0,0.0,0.0,1.0,2.0,1.0,0.0,1.0,1.0,1.0,0.0,2.0,0.0,3.0,13.0,1.0,1.0,3.0,0.0,1.0,0.0,8.0,11.0,1.0,2.0,17.0,0.0,2.0,0.0,1.0,9.0,1.0,2.0,4.0,0.0,1.0,0.0,2.0,1.0,0.0,6.0,0.0,0.0,2.0,2.0,1.0,1.0,1.0,1.0,0.0,0.0,1.0,7.0,0.0,1.0,4.0,11.0,0.0,4.0,21.0,2.0,0.0,2.0,2.0,6.0,10.0,4.0,9.0,0.0,1.0,1.0,0.0,2.0,1.0,12.0,0.0,8.0,2.0,4.0,0.0,0.0,4.0,1.0,14.0,3.0,0.0,2.0,2.0,4.0,3.0,13.0,14.0,6.0,0.0,3.0,10.0,0.0,2.0,0.0,3.0,2.0,2.0,2.0,2.0,6.0,10.0,0.0,2.0,8.0,5.0,1.0,0.0,4.0,0.0,8.0,3.0,3.0,0.0,7.0,4.0,0.0,3.0,3.0,2.0,4.0,2.0,1.0,0.0,4.0,0.0,1.0,2.0,1.0,1.0,7.0,1.0,1.0,0.0,0.0,1.0,5.0,5.0,0.0,1.0,2.0,1.0,1.0,2.0,0.0,9.0,1.0,0.0,2.0,4.0,8.0,0.0,0.0,1.0,1.0,0.0,5.0,5.0,1.0,2.0,2.0,18.0,5.0,1.0,2.0,0.0,0.0,4.0,0.0,2.0,4.0,2.0,0.0,2.0,9.0,0.0,2.0,5.0,0.0,2.0,4.0,1.0,5.0,3.0,1.0,2.0,0.0,0.0,6.0,2.0,0.0,65.0,0.0,0.0,1.0,5.0,9.0,2.0,4.0,1.0,2.0,1.0,0.0
Henrik_Lilljebjorn_AML80_LSPC,25.0,9.0,10.0,13.0,6.0,92.0,22.0,17.0,98.0,26.0,17.0,122.0,11.0,83.0,14.0,109.0,142.0,84.0,2.0,22.0,23.0,45.0,69.0,99.0,2.0,12.0,277.0,50.0,82.0,181.0,51.0,90.0,1.0,6.0,17.0,369.0,14.0,28.0,17.0,104.0,984.0,122.0,42.0,9.0,205.0,47.0,19.0,88.0,7.0,117.0,87.0,96.0,11.0,13.0,21.0,47.0,18.0,15.0,63.0,59.0,55.0,348.0,84.0,53.0,156.0,43.0,65.0,31.0,34.0,112.0,190.0,21.0,384.0,51.0,100.0,39.0,38.0,9.0,56.0,56.0,107.0,2.0,48.0,35.0,2.0,160.0,36.0,960.0,7.0,28.0,27.0,29.0,108.0,17.0,10.0,9.0,0.0,43.0,260.0,41.0,550.0,55.0,24.0,298.0,212.0,50.0,62.0,30.0,14.0,82.0,13.0,106.0,43.0,59.0,361.0,258.0,3.0,1336.0,1.0,47.0,33.0,63.0,9.0,102.0,56.0,346.0,10.0,883.0,41.0,113.0,305.0,214.0,350.0,1740.0,477.0,74.0,74.0,152.0,561.0,11.0,940.0,31.0,2483.0,31.0,97.0,248.0,145.0,32.0,156.0,273.0,5.0,1202.0,38.0,20.0,96.0,9.0,68.0,134.0,3.0,104.0,79.0,103.0,824.0,13.0,195.0,0.0,51.0,27.0,64.0,62.0,25.0,98.0,0.0,34.0,144.0,40.0,16.0,103.0,152.0,12.0,39.0,0.0,14.0,3.0,100.0,4.0,46.0,136.0,118.0,2.0,17.0,27.0,32.0,891.0,91.0,3.0,68.0,21.0,15.0,6.0,81.0,17.0,13.0,38.0,133.0,29.0,1.0,97.0,11.0,45.0,20311.0,1018.0,1.0,30.0,8.0,70.0,627.0,50.0,1484.0,28.0,8.0,32.0,33.0,50.0,23.0,14.0,200.0,40.0,10.0,42.0,60.0,184.0,55.0,218.0,24.0,39.0,11.0,16.0,14.0,42.0,7.0,111.0,231.0,180.0,2.0,15.0,62.0,153.0,29.0,3764.0,4001.0,24.0,23.0,26.0,14.0,16.0,131.0,42.0,14.0,14.0,37.0,5.0,80.0,35.0,39.0,10.0,80.0,197.0,171.0,49.0,139.0,177.0,33.0,15.0,150.0,46.0,17.0,28.0,18.0,28.0,4.0,26.0,9.0,35.0,29.0,17.0,6.0,71.0,70.0,72.0,398.0,54.0,304.0,137.0,80.0,32.0,2.0,84.0,115.0,732.0,797.0,14.0,22.0,29.0,146.0,36.0,58.0,16.0,3.0,94.0,431.0,52.0,18.0,230.0,0.0,63.0,22.0,45.0,90.0,15.0,4.0,10.0,18.0,14.0,22.0,16.0,23.0,202.0,172.0,0.0,118.0,95.0,0.0,138.0,71.0,7.0,27.0,101.0,24.0,13.0,28.0,53.0,520.0,58.0,33.0,60.0,37.0,13.0,7.0,22.0,39.0,169.0,73.0,4.0,528.0,1192.0,285.0,36.0,7.0,31.0,17.0,0.0,49.0,21.0,78.0,57.0,46.0,89.0,2.0,132.0,104.0,0.0,53.0,40.0,27.0,54.0,166.0,18.0,46.0,158.0,11.0,17.0,43.0,49.0,7.0,22.0,65.0,82.0,25.0,10.0,5.0,25.0,64.0,26.0,103.0,21.0,22.0,21.0,32.0,104.0,57.0,17.0,54.0,95.0,8.0,567.0,25.0,101.0,29.0,27.0,403.0,33.0,25.0,10.0,16.0,66.0,190.0,13.0,5.0,269.0,11.0,16.0,242.0,12.0,139.0,25.0,37.0,12.0,9.0,23.0,71.0,14.0,99.0,13.0,35.0,26.0,1.0,134.0,19.0,80.0,32.0,20.0,31.0,40.0,429.0,213.0,138.0,38.0,6.0,31.0,16.0,18.0,28.0,49.0,0.0,36.0,18.0,30.0,290.0,18.0,168.0,24.0,54.0,12.0,376.0,47.0,0.0,6.0,16.0,58.0,61.0,21.0,11.0,170.0,11.0,12.0,20.0,3.0,56.0,12.0,35.0,34.0,48.0,2.0,4.0,19.0,18.0,29.0,78.0,50.0,141.0,327.0,42.0,131.0,521.0,17.0,32.0,2.0,38.0,860.0,700.0,54.0,3.0,24.0,4.0,18.0,29.0,151.0,45.0,12.0,54.0,14.0,23.0,66.0,43.0,22.0,81.0,15.0,28.0,2.0,23.0,16.0,32.0,18.0,16.0,12.0,57.0,17.0,526.0,5.0,86.0,90.0,18.0,3.0,33.0,225.0,50.0,93.0,80.0,150.0,14.0,0.0,11.0,61.0,32.0,534.0,18.0,13.0,19.0,93.0,716.0,169.0,23.0,132.0,178.0,87.0,31.0,99.0,11.0,26.0,19.0,44.0,6.0,437.0,144.0,166.0,84.0,33.0,17.0,21.0,108.0,170.0,527.0,529.0,0.0,13.0,27.0,91.0,1336.0,237.0,19.0,25.0,42.0,20.0,1.0,0.0,6.0,65.0,26.0,411.0,71.0,2.0,73.0,66.0,123.0,22.0,113.0,64.0,10.0,64.0,54.0,15.0,16.0,28.0,55.0,12.0,29.0,30.0,19.0,22.0,22.0,20.0,10.0,6.0,14.0,34.0,26.0,17.0,25.0,18.0,26.0,34.0,10.0,21.0,41.0,285.0,17.0,12.0,68.0,20.0,26.0,31.0,306.0,125.0,11.0,16.0,137.0,0.0,20.0,31.0,5.0,92.0,57.0,63.0,11.0,15.0,23.0,113.0,43.0,7.0,26.0,49.0,35.0,0.0,23.0,18.0,16.0,5.0,17.0,16.0,125.0,4.0,22.0,53.0,5.0,11.0,573.0,143.0,2.0,267.0,246.0,14.0,18.0,27.0,39.0,98.0,348.0,391.0,472.0,61.0,27.0,50.0,6.0,45.0,46.0,119.0,0.0,59.0,13.0,16.0,23.0,20.0,32.0,36.0,417.0,1241.0,8.0,21.0,74.0,48.0,49.0,238.0,82.0,189.0,29.0,62.0,132.0,4.0,10.0,40.0,75.0,254.0,9.0,102.0,57.0,206.0,240.0,7.0,103.0,149.0,36.0,42.0,153.0,106.0,39.0,201.0,54.0,61.0,56.0,364.0,48.0,34.0,13.0,51.0,18.0,124.0,17.0,13.0,92.0,39.0,12.0,48.0,9.0,40.0,21.0,75.0,39.0,20.0,25.0,54.0,70.0,72.0,87.0,5.0,17.0,24.0,12.0,12.0,57.0,1.0,260.0,91.0,11.0,22.0,70.0,158.0,2.0,0.0,114.0,1.0,23.0,56.0,94.0,12.0,32.0,55.0,982.0,90.0,40.0,33.0,22.0,23.0,60.0,27.0,250.0,121.0,82.0,11.0,194.0,105.0,24.0,81.0,63.0,351.0,55.0,67.0,53.0,31.0,24.0,13.0,178.0,16.0,10.0,262.0,428.0,40.0,6002.0,13.0,20.0,71.0,213.0,1543.0,394.0,130.0,12.0,21.0,19.0,21.0
Henrik_Lilljebjorn_AML117_HSPC,1.0,0.0,0.0,2.0,0.0,1.0,1.0,1.0,3.0,0.0,0.0,4.0,0.0,2.0,0.0,1.0,3.0,1.0,1.0,0.0,1.0,1.0,1.0,0.0,0.0,0.0,1.0,5.0,0.0,10.0,1.0,6.0,0.0,0.0,0.0,4.0,0.0,1.0,0.0,2.0,4.0,2.0,0.0,1.0,7.0,0.0,0.0,5.0,0.0,3.0,2.0,2.0,0.0,1.0,1.0,0.0,0.0,1.0,0.0,1.0,6.0,1.0,1.0,1.0,5.0,0.0,4.0,0.0,0.0,0.0,5.0,0.0,8.0,12.0,4.0,1.0,2.0,0.0,2.0,2.0,5.0,0.0,0.0,1.0,0.0,8.0,2.0,30.0,0.0,2.0,0.0,0.0,3.0,0.0,1.0,0.0,1.0,1.0,2.0,1.0,25.0,0.0,0.0,10.0,6.0,3.0,1.0,0.0,0.0,2.0,0.0,2.0,0.0,0.0,11.0,0.0,3.0,17.0,0.0,0.0,0.0,1.0,1.0,0.0,0.0,9.0,0.0,21.0,3.0,1.0,2.0,5.0,3.0,6.0,2.0,1.0,3.0,0.0,11.0,0.0,17.0,0.0,47.0,0.0,1.0,0.0,7.0,1.0,1.0,0.0,0.0,9.0,4.0,1.0,3.0,0.0,1.0,2.0,0.0,1.0,1.0,1.0,4.0,0.0,0.0,0.0,4.0,0.0,0.0,1.0,0.0,1.0,5.0,0.0,0.0,1.0,1.0,1.0,5.0,0.0,2.0,0.0,0.0,0.0,4.0,0.0,0.0,8.0,5.0,0.0,1.0,3.0,0.0,18.0,2.0,0.0,1.0,0.0,0.0,0.0,1.0,0.0,0.0,0.0,1.0,0.0,0.0,1.0,0.0,1.0,512.0,48.0,0.0,1.0,1.0,0.0,10.0,0.0,19.0,1.0,0.0,2.0,0.0,1.0,4.0,5.0,1.0,1.0,0.0,0.0,3.0,5.0,0.0,1.0,0.0,1.0,0.0,2.0,0.0,1.0,0.0,1.0,2.0,0.0,0.0,1.0,0.0,2.0,1.0,103.0,92.0,0.0,0.0,0.0,0.0,0.0,5.0,0.0,0.0,1.0,0.0,0.0,1.0,1.0,0.0,0.0,3.0,7.0,5.0,1.0,1.0,5.0,1.0,1.0,4.0,1.0,0.0,0.0,0.0,0.0,0.0,1.0,1.0,0.0,0.0,0.0,0.0,2.0,1.0,0.0,8.0,0.0,3.0,4.0,1.0,1.0,0.0,2.0,4.0,19.0,16.0,0.0,0.0,0.0,3.0,0.0,0.0,0.0,1.0,3.0,10.0,0.0,1.0,3.0,0.0,0.0,1.0,1.0,1.0,1.0,0.0,0.0,0.0,1.0,0.0,0.0,0.0,6.0,10.0,0.0,0.0,1.0,0.0,1.0,0.0,0.0,0.0,7.0,0.0,0.0,0.0,0.0,7.0,3.0,2.0,2.0,2.0,0.0,0.0,0.0,0.0,6.0,1.0,0.0,6.0,24.0,5.0,0.0,0.0,0.0,0.0,0.0,2.0,0.0,1.0,0.0,0.0,4.0,0.0,5.0,4.0,0.0,0.0,0.0,0.0,0.0,4.0,0.0,0.0,2.0,1.0,0.0,2.0,1.0,0.0,1.0,0.0,4.0,0.0,1.0,0.0,0.0,2.0,0.0,4.0,2.0,1.0,1.0,0.0,2.0,0.0,0.0,0.0,1.0,0.0,8.0,0.0,0.0,0.0,0.0,6.0,1.0,0.0,0.0,0.0,1.0,2.0,0.0,0.0,5.0,0.0,0.0,3.0,1.0,2.0,0.0,0.0,1.0,0.0,0.0,1.0,0.0,1.0,0.0,1.0,1.0,0.0,4.0,0.0,1.0,5.0,0.0,1.0,0.0,12.0,2.0,3.0,1.0,1.0,0.0,0.0,0.0,0.0,1.0,0.0,0.0,0.0,0.0,5.0,1.0,4.0,0.0,0.0,0.0,7.0,0.0,0.0,2.0,1.0,2.0,1.0,2.0,0.0,1.0,2.0,2.0,0.0,0.0,0.0,0.0,0.0,0.0,2.0,0.0,0.0,2.0,1.0,1.0,1.0,1.0,0.0,17.0,0.0,5.0,7.0,1.0,0.0,0.0,1.0,21.0,5.0,1.0,0.0,0.0,0.0,0.0,1.0,2.0,0.0,0.0,1.0,0.0,0.0,1.0,1.0,1.0,0.0,0.0,3.0,0.0,0.0,1.0,0.0,0.0,0.0,0.0,0.0,2.0,11.0,0.0,2.0,1.0,0.0,0.0,0.0,4.0,3.0,0.0,0.0,2.0,0.0,0.0,0.0,2.0,2.0,13.0,3.0,0.0,0.0,2.0,11.0,9.0,1.0,4.0,3.0,0.0,2.0,8.0,0.0,0.0,0.0,0.0,1.0,0.0,2.0,7.0,2.0,2.0,1.0,0.0,0.0,9.0,13.0,5.0,0.0,0.0,0.0,2.0,5.0,2.0,1.0,0.0,1.0,1.0,0.0,1.0,0.0,0.0,0.0,14.0,0.0,0.0,0.0,1.0,3.0,0.0,0.0,0.0,1.0,2.0,1.0,1.0,0.0,0.0,1.0,1.0,0.0,0.0,0.0,0.0,1.0,0.0,0.0,1.0,0.0,1.0,1.0,1.0,1.0,0.0,0.0,0.0,0.0,0.0,1.0,0.0,0.0,0.0,0.0,0.0,0.0,0.0,0.0,5.0,0.0,1.0,4.0,1.0,0.0,2.0,0.0,2.0,5.0,0.0,0.0,0.0,0.0,0.0,0.0,1.0,0.0,2.0,0.0,0.0,0.0,1.0,0.0,0.0,0.0,0.0,1.0,0.0,0.0,1.0,0.0,0.0,9.0,6.0,0.0,13.0,10.0,1.0,0.0,0.0,0.0,5.0,5.0,3.0,17.0,3.0,0.0,1.0,1.0,0.0,2.0,3.0,0.0,0.0,0.0,1.0,0.0,2.0,0.0,0.0,15.0,13.0,1.0,0.0,1.0,0.0,3.0,6.0,1.0,0.0,0.0,2.0,2.0,0.0,0.0,1.0,0.0,5.0,0.0,0.0,1.0,1.0,3.0,1.0,3.0,2.0,1.0,0.0,6.0,2.0,3.0,2.0,2.0,0.0,0.0,4.0,1.0,0.0,1.0,0.0,0.0,5.0,2.0,0.0,1.0,1.0,0.0,0.0,0.0,1.0,1.0,3.0,0.0,0.0,0.0,1.0,0.0,1.0,4.0,0.0,0.0,1.0,0.0,0.0,1.0,0.0,3.0,0.0,0.0,0.0,0.0,5.0,1.0,0.0,0.0,0.0,1.0,0.0,0.0,0.0,1.0,0.0,16.0,1.0,1.0,1.0,0.0,1.0,3.0,0.0,0.0,0.0,2.0,1.0,1.0,2.0,0.0,0.0,2.0,1.0,1.0,0.0,0.0,2.0,0.0,0.0,13.0,13.0,0.0,4.0,6.0,0.0,43.0,0.0,0.0,0.0,7.0,42.0,4.0,3.0,0.0,0.0,0.0,0.0
Henrik_Lilljebjorn_AML117_LSPC,0.0,1.0,0.0,0.0,0.0,7.0,3.0,6.0,11.0,1.0,6.0,17.0,1.0,9.0,4.0,22.0,9.0,6.0,7.0,4.0,3.0,0.0,6.0,2.0,0.0,5.0,12.0,8.0,0.0,26.0,1.0,0.0,2.0,0.0,4.0,6.0,2.0,2.0,10.0,16.0,216.0,10.0,4.0,1.0,22.0,7.0,2.0,4.0,3.0,23.0,5.0,3.0,2.0,2.0,7.0,2.0,2.0,0.0,0.0,7.0,3.0,19.0,3.0,7.0,12.0,0.0,2.0,0.0,4.0,17.0,12.0,6.0,38.0,0.0,7.0,2.0,2.0,3.0,9.0,5.0,15.0,1.0,0.0,9.0,0.0,25.0,3.0,7.0,0.0,2.0,4.0,1.0,2.0,0.0,1.0,3.0,0.0,2.0,0.0,2.0,129.0,7.0,3.0,32.0,39.0,5.0,5.0,4.0,3.0,2.0,1.0,10.0,13.0,8.0,24.0,2.0,19.0,20.0,2.0,13.0,12.0,1.0,1.0,8.0,1.0,59.0,1.0,60.0,30.0,0.0,47.0,28.0,39.0,277.0,49.0,16.0,19.0,1.0,111.0,17.0,179.0,0.0,371.0,19.0,27.0,11.0,7.0,5.0,11.0,5.0,29.0,577.0,1.0,3.0,5.0,4.0,2.0,11.0,2.0,4.0,12.0,12.0,57.0,1.0,0.0,0.0,1.0,4.0,5.0,7.0,0.0,16.0,0.0,3.0,0.0,1.0,2.0,0.0,21.0,6.0,3.0,0.0,0.0,0.0,20.0,2.0,35.0,29.0,7.0,0.0,19.0,12.0,4.0,202.0,6.0,1.0,5.0,6.0,1.0,4.0,11.0,0.0,3.0,1.0,17.0,1.0,6.0,7.0,2.0,7.0,1642.0,98.0,4.0,19.0,24.0,4.0,188.0,4.0,77.0,4.0,1.0,1.0,6.0,8.0,19.0,2.0,10.0,6.0,1.0,2.0,4.0,18.0,0.0,35.0,6.0,3.0,1.0,4.0,0.0,3.0,2.0,1.0,6.0,10.0,0.0,1.0,31.0,19.0,2.0,374.0,600.0,8.0,3.0,0.0,6.0,2.0,27.0,0.0,4.0,7.0,4.0,3.0,8.0,2.0,5.0,0.0,3.0,32.0,32.0,3.0,3.0,36.0,6.0,2.0,25.0,5.0,2.0,4.0,0.0,4.0,0.0,0.0,1.0,0.0,0.0,0.0,4.0,8.0,6.0,5.0,49.0,10.0,64.0,10.0,15.0,1.0,4.0,15.0,7.0,65.0,85.0,0.0,6.0,1.0,13.0,0.0,13.0,0.0,6.0,15.0,10.0,5.0,0.0,21.0,1.0,5.0,3.0,9.0,20.0,3.0,0.0,1.0,0.0,3.0,6.0,1.0,3.0,26.0,65.0,0.0,10.0,20.0,0.0,27.0,4.0,5.0,1.0,1.0,2.0,2.0,1.0,3.0,69.0,10.0,5.0,9.0,14.0,2.0,0.0,1.0,1.0,19.0,4.0,1.0,69.0,302.0,83.0,9.0,0.0,3.0,0.0,0.0,2.0,2.0,8.0,9.0,0.0,22.0,3.0,18.0,13.0,0.0,3.0,1.0,1.0,4.0,7.0,0.0,2.0,23.0,0.0,2.0,9.0,2.0,2.0,6.0,24.0,21.0,2.0,9.0,4.0,2.0,6.0,4.0,41.0,4.0,7.0,1.0,5.0,8.0,4.0,0.0,3.0,12.0,0.0,76.0,4.0,1.0,4.0,3.0,16.0,6.0,9.0,1.0,4.0,0.0,0.0,2.0,3.0,14.0,1.0,5.0,13.0,2.0,17.0,3.0,8.0,1.0,5.0,2.0,16.0,2.0,11.0,1.0,4.0,2.0,1.0,0.0,1.0,5.0,93.0,8.0,1.0,1.0,67.0,14.0,18.0,9.0,2.0,3.0,0.0,7.0,5.0,12.0,0.0,8.0,2.0,2.0,35.0,3.0,19.0,1.0,1.0,2.0,28.0,2.0,1.0,5.0,1.0,7.0,4.0,5.0,1.0,33.0,1.0,0.0,0.0,0.0,7.0,14.0,3.0,5.0,3.0,11.0,1.0,3.0,8.0,11.0,3.0,1.0,19.0,31.0,1.0,25.0,44.0,1.0,14.0,0.0,12.0,147.0,21.0,12.0,0.0,1.0,2.0,0.0,3.0,21.0,4.0,2.0,0.0,8.0,10.0,7.0,0.0,6.0,29.0,4.0,0.0,3.0,4.0,1.0,5.0,6.0,0.0,1.0,9.0,4.0,60.0,4.0,4.0,12.0,3.0,0.0,8.0,21.0,4.0,5.0,0.0,8.0,1.0,0.0,11.0,11.0,3.0,76.0,2.0,2.0,3.0,9.0,63.0,36.0,6.0,17.0,22.0,0.0,4.0,26.0,0.0,3.0,1.0,3.0,3.0,17.0,8.0,28.0,12.0,7.0,2.0,9.0,9.0,16.0,24.0,86.0,0.0,0.0,0.0,6.0,319.0,55.0,6.0,3.0,8.0,3.0,8.0,0.0,0.0,4.0,0.0,0.0,3.0,0.0,2.0,9.0,21.0,6.0,0.0,5.0,0.0,17.0,8.0,1.0,2.0,2.0,5.0,3.0,2.0,4.0,3.0,1.0,1.0,3.0,2.0,0.0,4.0,5.0,1.0,2.0,13.0,0.0,6.0,1.0,1.0,0.0,31.0,12.0,2.0,1.0,2.0,4.0,3.0,3.0,18.0,28.0,0.0,0.0,22.0,13.0,2.0,2.0,2.0,10.0,0.0,2.0,2.0,0.0,0.0,1.0,2.0,1.0,3.0,6.0,2.0,0.0,1.0,3.0,1.0,2.0,0.0,3.0,32.0,3.0,4.0,8.0,0.0,0.0,33.0,45.0,0.0,14.0,37.0,2.0,0.0,4.0,3.0,6.0,43.0,10.0,54.0,7.0,5.0,10.0,0.0,4.0,5.0,24.0,3.0,8.0,0.0,13.0,4.0,2.0,1.0,1.0,30.0,158.0,1.0,13.0,9.0,13.0,2.0,45.0,3.0,16.0,1.0,6.0,26.0,0.0,3.0,7.0,4.0,89.0,8.0,8.0,5.0,0.0,17.0,0.0,13.0,8.0,3.0,6.0,14.0,9.0,3.0,24.0,10.0,6.0,0.0,21.0,9.0,3.0,5.0,2.0,5.0,13.0,10.0,1.0,23.0,4.0,0.0,6.0,0.0,2.0,4.0,12.0,5.0,7.0,0.0,8.0,13.0,7.0,18.0,0.0,6.0,4.0,1.0,3.0,20.0,0.0,22.0,2.0,2.0,3.0,1.0,0.0,11.0,0.0,8.0,0.0,0.0,3.0,10.0,2.0,0.0,11.0,49.0,24.0,5.0,0.0,15.0,5.0,5.0,0.0,6.0,9.0,4.0,2.0,24.0,13.0,4.0,16.0,3.0,99.0,10.0,5.0,26.0,6.0,0.0,3.0,20.0,42.0,1.0,32.0,33.0,3.0,840.0,0.0,3.0,13.0,13.0,227.0,26.0,17.0,1.0,1.0,1.0,0.0
Henrik_Lilljebjorn_AML136_HSPC,3.0,8.0,4.0,3.0,19.0,10.0,1.0,4.0,3.0,2.0,5.0,41.0,1.0,4.0,1.0,61.0,54.0,7.0,1.0,0.0,1.0,6.0,6.0,0.0,3.0,1.0,8.0,12.0,4.0,1.0,7.0,2.0,2.0,0.0,0.0,29.0,4.0,11.0,1.0,23.0,247.0,9.0,4.0,2.0,8.0,5.0,6.0,0.0,73.0,15.0,16.0,23.0,3.0,2.0,9.0,2.0,3.0,2.0,17.0,9.0,9.0,10.0,11.0,11.0,4.0,6.0,8.0,3.0,0.0,153.0,7.0,2.0,44.0,8.0,6.0,1.0,4.0,2.0,9.0,8.0,30.0,1.0,6.0,7.0,1.0,9.0,0.0,3.0,0.0,4.0,0.0,1.0,3.0,0.0,0.0,7.0,5.0,6.0,3.0,1.0,15.0,3.0,4.0,14.0,16.0,15.0,5.0,2.0,6.0,0.0,4.0,4.0,3.0,0.0,10.0,1.0,5.0,85.0,0.0,1.0,4.0,6.0,0.0,10.0,10.0,1.0,0.0,16.0,0.0,1.0,193.0,32.0,38.0,2.0,23.0,6.0,5.0,3.0,30.0,5.0,126.0,2.0,24.0,0.0,0.0,6.0,9.0,1.0,79.0,10.0,0.0,96.0,3.0,7.0,14.0,3.0,10.0,15.0,1.0,3.0,7.0,16.0,2.0,4.0,0.0,0.0,5.0,0.0,6.0,1.0,6.0,26.0,10.0,13.0,0.0,4.0,43.0,0.0,11.0,1.0,2.0,2.0,14.0,0.0,38.0,0.0,10.0,7.0,27.0,0.0,0.0,1.0,137.0,47.0,19.0,1.0,17.0,9.0,5.0,2.0,20.0,18.0,3.0,12.0,9.0,11.0,29.0,4.0,1.0,15.0,457.0,35.0,17.0,38.0,13.0,0.0,68.0,3.0,37.0,19.0,0.0,1.0,0.0,11.0,11.0,67.0,4.0,6.0,0.0,3.0,4.0,14.0,5.0,7.0,1.0,1.0,1.0,1.0,0.0,8.0,0.0,4.0,0.0,4.0,1.0,0.0,15.0,51.0,2.0,173.0,147.0,3.0,4.0,0.0,4.0,2.0,7.0,2.0,3.0,0.0,10.0,0.0,7.0,3.0,2.0,0.0,10.0,73.0,55.0,2.0,1.0,20.0,9.0,0.0,5.0,7.0,4.0,7.0,6.0,0.0,1.0,0.0,5.0,14.0,8.0,0.0,0.0,4.0,2.0,7.0,4.0,0.0,32.0,1.0,6.0,8.0,21.0,16.0,11.0,50.0,190.0,0.0,4.0,3.0,6.0,0.0,0.0,2.0,0.0,4.0,9.0,0.0,2.0,7.0,0.0,6.0,8.0,12.0,6.0,7.0,8.0,0.0,7.0,0.0,16.0,1.0,0.0,35.0,6.0,0.0,9.0,4.0,0.0,1.0,3.0,2.0,12.0,8.0,2.0,18.0,1.0,7.0,32.0,11.0,5.0,8.0,13.0,9.0,5.0,4.0,7.0,9.0,21.0,1.0,2.0,38.0,3.0,6.0,15.0,4.0,0.0,0.0,8.0,1.0,11.0,1.0,0.0,16.0,0.0,10.0,25.0,0.0,0.0,0.0,3.0,0.0,12.0,4.0,0.0,10.0,2.0,7.0,14.0,11.0,2.0,6.0,38.0,34.0,1.0,0.0,3.0,8.0,7.0,6.0,7.0,5.0,3.0,4.0,6.0,5.0,0.0,7.0,5.0,6.0,5.0,1.0,6.0,1.0,6.0,4.0,10.0,12.0,6.0,3.0,2.0,0.0,0.0,2.0,8.0,3.0,1.0,3.0,18.0,3.0,2.0,5.0,7.0,1.0,8.0,2.0,4.0,5.0,12.0,1.0,1.0,4.0,2.0,0.0,4.0,15.0,5.0,10.0,1.0,0.0,89.0,14.0,3.0,8.0,0.0,0.0,3.0,3.0,2.0,7.0,26.0,16.0,2.0,2.0,94.0,0.0,7.0,4.0,11.0,6.0,2.0,4.0,0.0,0.0,3.0,11.0,2.0,17.0,6.0,50.0,2.0,22.0,2.0,8.0,8.0,18.0,4.0,2.0,5.0,0.0,7.0,3.0,21.0,9.0,11.0,1.0,12.0,19.0,10.0,15.0,59.0,0.0,2.0,0.0,9.0,63.0,4.0,9.0,0.0,2.0,4.0,4.0,5.0,16.0,20.0,3.0,7.0,1.0,1.0,21.0,1.0,5.0,18.0,0.0,12.0,1.0,5.0,1.0,19.0,1.0,0.0,6.0,4.0,4.0,19.0,2.0,4.0,5.0,8.0,4.0,0.0,6.0,19.0,2.0,1.0,19.0,24.0,0.0,0.0,4.0,2.0,19.0,1.0,2.0,2.0,17.0,206.0,8.0,5.0,6.0,7.0,6.0,4.0,4.0,1.0,5.0,7.0,4.0,4.0,32.0,6.0,25.0,18.0,5.0,3.0,1.0,8.0,12.0,18.0,47.0,0.0,1.0,5.0,12.0,65.0,3.0,4.0,5.0,12.0,1.0,0.0,1.0,0.0,5.0,3.0,30.0,20.0,1.0,20.0,14.0,23.0,7.0,0.0,0.0,3.0,14.0,2.0,4.0,0.0,4.0,2.0,4.0,4.0,14.0,7.0,2.0,1.0,7.0,5.0,7.0,1.0,7.0,6.0,3.0,13.0,2.0,17.0,2.0,3.0,3.0,51.0,3.0,0.0,0.0,5.0,3.0,23.0,1.0,30.0,63.0,1.0,8.0,23.0,1.0,2.0,1.0,2.0,11.0,9.0,0.0,2.0,4.0,3.0,1.0,1.0,4.0,5.0,22.0,3.0,0.0,2.0,5.0,0.0,0.0,3.0,3.0,3.0,3.0,1.0,16.0,1.0,2.0,12.0,14.0,0.0,0.0,58.0,1.0,4.0,10.0,3.0,14.0,7.0,12.0,21.0,14.0,2.0,13.0,0.0,9.0,7.0,18.0,4.0,11.0,5.0,10.0,2.0,7.0,0.0,0.0,14.0,69.0,3.0,1.0,13.0,13.0,0.0,41.0,20.0,14.0,3.0,4.0,26.0,2.0,3.0,12.0,0.0,48.0,18.0,22.0,14.0,0.0,5.0,1.0,10.0,22.0,7.0,12.0,6.0,10.0,1.0,8.0,9.0,15.0,0.0,27.0,8.0,0.0,6.0,4.0,0.0,2.0,7.0,1.0,11.0,9.0,2.0,12.0,3.0,8.0,1.0,9.0,6.0,1.0,2.0,7.0,0.0,6.0,46.0,0.0,3.0,8.0,6.0,1.0,3.0,2.0,12.0,5.0,4.0,0.0,12.0,7.0,1.0,1.0,11.0,0.0,1.0,11.0,26.0,1.0,2.0,6.0,17.0,9.0,2.0,1.0,1.0,0.0,1.0,1.0,1.0,7.0,9.0,0.0,1.0,24.0,1.0,2.0,6.0,16.0,6.0,9.0,6.0,5.0,9.0,2.0,8.0,3.0,3.0,5.0,7.0,4.0,476.0,1.0,0.0,6.0,15.0,27.0,10.0,14.0,6.0,8.0,4.0,5.0
Henrik_Lilljebjorn_AML136_LSPC,4.0,3.0,6.0,5.0,18.0,13.0,0.0,6.0,8.0,5.0,6.0,54.0,3.0,22.0,0.0,62.0,57.0,2.0,1.0,0.0,1.0,20.0,7.0,8.0,9.0,1.0,12.0,12.0,3.0,7.0,7.0,0.0,3.0,8.0,2.0,70.0,4.0,19.0,1.0,25.0,265.0,9.0,10.0,6.0,28.0,14.0,20.0,0.0,38.0,23.0,17.0,26.0,3.0,1.0,15.0,6.0,2.0,1.0,21.0,12.0,23.0,9.0,10.0,20.0,16.0,12.0,16.0,9.0,9.0,169.0,10.0,3.0,65.0,0.0,17.0,3.0,4.0,2.0,6.0,11.0,35.0,2.0,5.0,6.0,0.0,43.0,0.0,1.0,2.0,7.0,1.0,4.0,8.0,1.0,1.0,7.0,8.0,7.0,6.0,9.0,39.0,6.0,2.0,41.0,33.0,24.0,9.0,3.0,6.0,5.0,3.0,22.0,4.0,0.0,21.0,1.0,11.0,98.0,2.0,5.0,13.0,5.0,2.0,17.0,20.0,0.0,2.0,42.0,3.0,5.0,210.0,36.0,79.0,0.0,45.0,19.0,7.0,1.0,96.0,8.0,182.0,5.0,7.0,1.0,0.0,11.0,27.0,0.0,143.0,47.0,1.0,341.0,1.0,7.0,21.0,11.0,19.0,23.0,4.0,5.0,14.0,36.0,9.0,5.0,1.0,0.0,9.0,9.0,6.0,5.0,4.0,34.0,3.0,20.0,0.0,2.0,57.0,1.0,30.0,3.0,10.0,4.0,16.0,0.0,43.0,1.0,16.0,18.0,42.0,1.0,1.0,1.0,242.0,121.0,37.0,0.0,22.0,4.0,3.0,9.0,43.0,30.0,4.0,18.0,16.0,7.0,48.0,5.0,0.0,23.0,845.0,56.0,54.0,56.0,27.0,1.0,209.0,8.0,72.0,9.0,0.0,5.0,5.0,5.0,24.0,10.0,10.0,8.0,3.0,12.0,31.0,64.0,5.0,20.0,9.0,1.0,0.0,2.0,0.0,7.0,3.0,29.0,1.0,2.0,1.0,0.0,26.0,118.0,4.0,344.0,354.0,2.0,7.0,0.0,14.0,6.0,22.0,5.0,3.0,1.0,8.0,0.0,7.0,2.0,1.0,1.0,6.0,147.0,67.0,9.0,7.0,44.0,22.0,1.0,11.0,10.0,6.0,10.0,9.0,1.0,3.0,0.0,1.0,12.0,7.0,1.0,3.0,4.0,6.0,11.0,1.0,0.0,134.0,7.0,17.0,11.0,17.0,22.0,14.0,101.0,188.0,0.0,5.0,2.0,6.0,0.0,1.0,8.0,1.0,5.0,13.0,3.0,0.0,4.0,0.0,20.0,24.0,35.0,14.0,11.0,4.0,0.0,26.0,0.0,25.0,3.0,0.0,64.0,5.0,1.0,20.0,8.0,0.0,0.0,6.0,5.0,21.0,7.0,7.0,23.0,2.0,10.0,51.0,14.0,4.0,14.0,33.0,16.0,2.0,6.0,12.0,24.0,81.0,4.0,7.0,110.0,13.0,18.0,26.0,14.0,0.0,0.0,15.0,1.0,16.0,3.0,0.0,24.0,0.0,28.0,46.0,0.0,1.0,2.0,5.0,0.0,10.0,1.0,2.0,18.0,2.0,6.0,18.0,8.0,8.0,10.0,42.0,42.0,2.0,0.0,5.0,9.0,17.0,2.0,26.0,9.0,4.0,5.0,4.0,12.0,0.0,17.0,10.0,15.0,5.0,26.0,11.0,1.0,5.0,2.0,19.0,21.0,14.0,5.0,8.0,0.0,0.0,2.0,5.0,0.0,4.0,1.0,22.0,6.0,6.0,3.0,4.0,2.0,12.0,6.0,5.0,7.0,15.0,5.0,1.0,12.0,7.0,2.0,9.0,29.0,3.0,10.0,14.0,0.0,95.0,35.0,3.0,11.0,3.0,2.0,9.0,4.0,4.0,13.0,38.0,5.0,11.0,9.0,110.0,4.0,16.0,6.0,30.0,4.0,5.0,4.0,0.0,0.0,3.0,15.0,14.0,21.0,3.0,58.0,1.0,20.0,2.0,29.0,9.0,42.0,12.0,4.0,6.0,0.0,7.0,6.0,33.0,13.0,15.0,10.0,16.0,30.0,7.0,23.0,107.0,3.0,2.0,0.0,10.0,125.0,7.0,21.0,1.0,12.0,4.0,4.0,4.0,41.0,24.0,12.0,9.0,0.0,5.0,32.0,0.0,7.0,46.0,3.0,35.0,2.0,11.0,0.0,12.0,4.0,1.0,3.0,1.0,6.0,52.0,7.0,5.0,19.0,10.0,12.0,0.0,19.0,30.0,13.0,2.0,14.0,16.0,0.0,2.0,7.0,4.0,43.0,0.0,3.0,2.0,20.0,260.0,35.0,8.0,20.0,20.0,8.0,4.0,10.0,2.0,4.0,8.0,5.0,4.0,127.0,18.0,65.0,19.0,8.0,6.0,0.0,25.0,23.0,43.0,73.0,0.0,4.0,5.0,26.0,264.0,5.0,6.0,4.0,16.0,0.0,0.0,0.0,0.0,22.0,1.0,26.0,24.0,0.0,27.0,30.0,38.0,8.0,6.0,4.0,2.0,25.0,6.0,8.0,3.0,8.0,6.0,8.0,2.0,15.0,4.0,5.0,1.0,22.0,9.0,8.0,3.0,5.0,9.0,8.0,18.0,2.0,12.0,0.0,1.0,3.0,41.0,17.0,0.0,3.0,10.0,4.0,28.0,3.0,54.0,76.0,1.0,9.0,47.0,3.0,3.0,2.0,5.0,17.0,21.0,3.0,2.0,8.0,11.0,6.0,3.0,0.0,5.0,57.0,13.0,0.0,6.0,23.0,0.0,0.0,7.0,7.0,7.0,4.0,1.0,33.0,0.0,0.0,26.0,31.0,0.0,0.0,107.0,4.0,1.0,9.0,4.0,19.0,41.0,19.0,42.0,15.0,4.0,9.0,0.0,11.0,2.0,21.0,6.0,17.0,10.0,15.0,8.0,9.0,2.0,0.0,23.0,119.0,0.0,12.0,22.0,14.0,5.0,53.0,39.0,43.0,5.0,16.0,46.0,7.0,1.0,31.0,0.0,116.0,18.0,27.0,16.0,0.0,9.0,1.0,23.0,30.0,4.0,23.0,14.0,19.0,9.0,19.0,13.0,19.0,0.0,61.0,16.0,3.0,4.0,10.0,1.0,18.0,13.0,0.0,20.0,15.0,1.0,22.0,7.0,3.0,1.0,27.0,3.0,2.0,2.0,9.0,0.0,7.0,61.0,0.0,0.0,11.0,5.0,0.0,5.0,2.0,26.0,31.0,1.0,0.0,30.0,18.0,0.0,2.0,11.0,2.0,6.0,14.0,33.0,2.0,4.0,12.0,28.0,14.0,4.0,1.0,1.0,0.0,7.0,2.0,5.0,10.0,14.0,0.0,2.0,27.0,7.0,6.0,3.0,104.0,12.0,10.0,4.0,11.0,2.0,6.0,13.0,8.0,9.0,15.0,19.0,13.0,736.0,1.0,4.0,9.0,20.0,86.0,24.0,27.0,2.0,10.0,7.0,7.0
Henrik_Lilljebjorn_AML138_HSPC,0.0,0.0,0.0,0.0,1.0,2.0,0.0,0.0,3.0,0.0,0.0,1.0,0.0,1.0,1.0,1.0,2.0,1.0,0.0,0.0,0.0,0.0,0.0,1.0,1.0,1.0,2.0,1.0,1.0,3.0,1.0,4.0,0.0,0.0,1.0,3.0,1.0,3.0,0.0,4.0,17.0,0.0,2.0,0.0,33.0,5.0,0.0,4.0,2.0,5.0,2.0,2.0,1.0,0.0,1.0,3.0,1.0,0.0,0.0,0.0,5.0,4.0,3.0,4.0,8.0,1.0,4.0,1.0,0.0,8.0,4.0,1.0,5.0,11.0,2.0,0.0,0.0,0.0,1.0,1.0,3.0,1.0,0.0,0.0,0.0,7.0,1.0,34.0,1.0,0.0,1.0,1.0,3.0,1.0,0.0,0.0,1.0,0.0,4.0,0.0,28.0,0.0,1.0,12.0,2.0,1.0,0.0,1.0,0.0,1.0,0.0,2.0,1.0,0.0,7.0,4.0,2.0,11.0,0.0,2.0,0.0,3.0,0.0,1.0,1.0,6.0,0.0,16.0,2.0,0.0,6.0,9.0,7.0,5.0,9.0,1.0,6.0,3.0,17.0,0.0,24.0,0.0,59.0,1.0,1.0,10.0,8.0,1.0,2.0,3.0,0.0,24.0,1.0,2.0,0.0,0.0,4.0,1.0,0.0,0.0,1.0,6.0,7.0,2.0,0.0,0.0,5.0,1.0,0.0,2.0,0.0,1.0,9.0,0.0,2.0,0.0,0.0,1.0,3.0,0.0,1.0,1.0,0.0,0.0,4.0,0.0,4.0,4.0,1.0,0.0,0.0,0.0,7.0,36.0,2.0,0.0,0.0,1.0,0.0,2.0,1.0,0.0,0.0,0.0,4.0,0.0,0.0,2.0,0.0,1.0,284.0,33.0,0.0,4.0,5.0,0.0,21.0,1.0,9.0,1.0,0.0,0.0,0.0,0.0,2.0,4.0,6.0,1.0,0.0,0.0,4.0,13.0,0.0,0.0,1.0,2.0,0.0,0.0,1.0,0.0,1.0,0.0,3.0,1.0,0.0,1.0,0.0,8.0,1.0,197.0,64.0,0.0,0.0,0.0,0.0,0.0,3.0,0.0,0.0,0.0,4.0,0.0,3.0,1.0,0.0,0.0,0.0,6.0,14.0,0.0,2.0,9.0,3.0,1.0,4.0,1.0,0.0,0.0,0.0,0.0,0.0,0.0,2.0,0.0,1.0,0.0,3.0,4.0,0.0,0.0,3.0,0.0,9.0,2.0,2.0,1.0,5.0,1.0,4.0,6.0,24.0,0.0,0.0,0.0,5.0,1.0,0.0,2.0,0.0,4.0,6.0,0.0,0.0,2.0,1.0,1.0,1.0,6.0,1.0,0.0,0.0,0.0,2.0,0.0,2.0,0.0,0.0,3.0,2.0,0.0,0.0,0.0,0.0,2.0,0.0,0.0,2.0,1.0,0.0,1.0,1.0,1.0,19.0,0.0,1.0,2.0,2.0,2.0,0.0,2.0,0.0,9.0,1.0,1.0,3.0,30.0,6.0,1.0,1.0,0.0,0.0,0.0,1.0,0.0,0.0,0.0,0.0,6.0,0.0,6.0,4.0,0.0,1.0,2.0,2.0,0.0,2.0,1.0,2.0,13.0,0.0,1.0,1.0,2.0,0.0,2.0,0.0,3.0,1.0,0.0,0.0,0.0,1.0,0.0,5.0,2.0,0.0,0.0,1.0,3.0,0.0,1.0,1.0,1.0,0.0,5.0,0.0,1.0,0.0,0.0,6.0,1.0,0.0,1.0,0.0,1.0,0.0,0.0,0.0,1.0,0.0,2.0,4.0,0.0,1.0,1.0,4.0,0.0,2.0,1.0,0.0,1.0,4.0,0.0,1.0,0.0,1.0,7.0,0.0,2.0,0.0,1.0,3.0,0.0,6.0,4.0,0.0,6.0,2.0,0.0,1.0,0.0,2.0,0.0,0.0,1.0,0.0,1.0,8.0,0.0,4.0,0.0,2.0,0.0,7.0,0.0,0.0,0.0,0.0,3.0,0.0,2.0,2.0,8.0,1.0,0.0,0.0,0.0,1.0,0.0,4.0,0.0,3.0,0.0,2.0,0.0,3.0,1.0,6.0,2.0,3.0,5.0,1.0,0.0,10.0,0.0,2.0,0.0,0.0,10.0,1.0,1.0,0.0,0.0,1.0,1.0,1.0,2.0,4.0,1.0,2.0,1.0,1.0,0.0,4.0,1.0,2.0,0.0,2.0,0.0,2.0,0.0,0.0,0.0,0.0,0.0,3.0,1.0,14.0,0.0,2.0,5.0,1.0,0.0,1.0,6.0,2.0,3.0,0.0,1.0,2.0,0.0,0.0,0.0,1.0,11.0,0.0,1.0,0.0,0.0,17.0,7.0,0.0,2.0,2.0,0.0,0.0,3.0,0.0,1.0,0.0,1.0,1.0,4.0,5.0,5.0,1.0,0.0,2.0,1.0,0.0,8.0,7.0,4.0,0.0,0.0,0.0,0.0,7.0,7.0,1.0,0.0,0.0,1.0,0.0,0.0,0.0,1.0,0.0,20.0,2.0,1.0,0.0,4.0,1.0,0.0,0.0,1.0,2.0,3.0,2.0,1.0,0.0,2.0,2.0,0.0,1.0,2.0,0.0,0.0,1.0,1.0,0.0,0.0,2.0,0.0,1.0,2.0,4.0,2.0,0.0,0.0,2.0,1.0,0.0,2.0,1.0,0.0,0.0,1.0,1.0,0.0,2.0,7.0,0.0,0.0,7.0,0.0,1.0,1.0,0.0,4.0,4.0,0.0,0.0,0.0,1.0,3.0,2.0,0.0,1.0,3.0,0.0,0.0,0.0,1.0,1.0,0.0,1.0,0.0,1.0,0.0,2.0,2.0,3.0,0.0,6.0,2.0,0.0,8.0,4.0,2.0,0.0,0.0,1.0,2.0,5.0,4.0,12.0,1.0,0.0,0.0,0.0,1.0,1.0,3.0,0.0,1.0,0.0,5.0,0.0,1.0,0.0,0.0,6.0,9.0,1.0,0.0,3.0,0.0,0.0,14.0,1.0,2.0,1.0,0.0,5.0,0.0,0.0,0.0,0.0,17.0,1.0,4.0,5.0,2.0,3.0,0.0,4.0,0.0,1.0,1.0,3.0,1.0,2.0,5.0,0.0,1.0,0.0,4.0,5.0,0.0,0.0,0.0,1.0,3.0,1.0,0.0,5.0,0.0,0.0,3.0,0.0,2.0,1.0,3.0,3.0,0.0,2.0,2.0,0.0,1.0,2.0,0.0,0.0,0.0,0.0,0.0,2.0,0.0,5.0,0.0,0.0,1.0,0.0,1.0,1.0,0.0,2.0,0.0,1.0,4.0,3.0,1.0,2.0,2.0,8.0,3.0,0.0,0.0,2.0,1.0,4.0,0.0,2.0,1.0,1.0,1.0,1.0,10.0,0.0,0.0,2.0,1.0,0.0,4.0,2.0,1.0,1.0,0.0,5.0,4.0,0.0,3.0,3.0,1.0,42.0,1.0,0.0,4.0,3.0,12.0,1.0,1.0,1.0,1.0,0.0,0.0
Henrik_Lilljebjorn_AML138_LSPC,1.0,0.0,0.0,2.0,0.0,4.0,1.0,1.0,14.0,2.0,8.0,25.0,0.0,13.0,4.0,8.0,0.0,1.0,0.0,2.0,1.0,2.0,6.0,1.0,4.0,3.0,15.0,14.0,15.0,26.0,12.0,0.0,1.0,16.0,4.0,6.0,3.0,8.0,4.0,33.0,313.0,16.0,6.0,0.0,113.0,7.0,2.0,26.0,0.0,16.0,8.0,21.0,5.0,0.0,5.0,3.0,2.0,4.0,6.0,15.0,5.0,21.0,6.0,7.0,38.0,0.0,9.0,2.0,1.0,21.0,5.0,4.0,46.0,0.0,5.0,3.0,3.0,0.0,8.0,4.0,13.0,0.0,1.0,2.0,0.0,40.0,2.0,135.0,1.0,3.0,3.0,1.0,10.0,2.0,0.0,0.0,0.0,3.0,8.0,6.0,115.0,0.0,2.0,38.0,47.0,11.0,4.0,5.0,2.0,14.0,2.0,17.0,14.0,1.0,41.0,16.0,3.0,40.0,3.0,6.0,4.0,16.0,1.0,9.0,2.0,61.0,1.0,113.0,12.0,2.0,75.0,27.0,38.0,75.0,53.0,13.0,24.0,9.0,103.0,7.0,28.0,0.0,540.0,25.0,13.0,70.0,21.0,1.0,22.0,12.0,0.0,392.0,0.0,1.0,7.0,3.0,7.0,22.0,1.0,3.0,6.0,36.0,53.0,9.0,0.0,0.0,7.0,3.0,2.0,7.0,2.0,10.0,0.0,2.0,12.0,0.0,6.0,4.0,11.0,4.0,6.0,8.0,1.0,1.0,15.0,1.0,11.0,16.0,12.0,0.0,1.0,0.0,69.0,268.0,7.0,1.0,8.0,1.0,2.0,3.0,4.0,1.0,4.0,2.0,26.0,7.0,0.0,11.0,5.0,5.0,3701.0,225.0,0.0,47.0,23.0,9.0,250.0,8.0,166.0,3.0,0.0,0.0,15.0,7.0,11.0,1.0,16.0,6.0,1.0,5.0,9.0,69.0,3.0,32.0,3.0,17.0,1.0,3.0,5.0,4.0,5.0,1.0,33.0,24.0,0.0,0.0,16.0,103.0,1.0,338.0,532.0,3.0,5.0,2.0,0.0,3.0,35.0,3.0,1.0,2.0,10.0,0.0,4.0,7.0,5.0,1.0,10.0,33.0,26.0,4.0,9.0,43.0,7.0,1.0,22.0,13.0,0.0,5.0,3.0,1.0,0.0,0.0,3.0,0.0,1.0,1.0,2.0,18.0,11.0,4.0,44.0,0.0,102.0,8.0,13.0,10.0,22.0,3.0,19.0,60.0,125.0,9.0,3.0,3.0,14.0,5.0,3.0,2.0,0.0,15.0,62.0,1.0,3.0,8.0,0.0,8.0,10.0,23.0,7.0,2.0,1.0,0.0,7.0,1.0,18.0,0.0,0.0,18.0,6.0,0.0,6.0,6.0,2.0,11.0,17.0,6.0,11.0,12.0,8.0,17.0,3.0,10.0,75.0,7.0,13.0,7.0,15.0,3.0,4.0,2.0,1.0,43.0,30.0,3.0,9.0,231.0,65.0,4.0,1.0,0.0,0.0,0.0,11.0,0.0,13.0,0.0,0.0,42.0,0.0,28.0,14.0,0.0,14.0,7.0,4.0,0.0,13.0,2.0,2.0,36.0,3.0,3.0,9.0,6.0,0.0,7.0,46.0,21.0,0.0,26.0,2.0,4.0,11.0,2.0,21.0,4.0,2.0,1.0,3.0,10.0,1.0,10.0,6.0,11.0,0.0,43.0,2.0,11.0,4.0,2.0,18.0,3.0,7.0,3.0,2.0,0.0,0.0,1.0,4.0,4.0,1.0,1.0,27.0,0.0,22.0,7.0,10.0,2.0,0.0,1.0,9.0,5.0,13.0,7.0,7.0,6.0,0.0,18.0,4.0,9.0,0.0,0.0,6.0,0.0,70.0,22.0,16.0,3.0,3.0,2.0,1.0,3.0,4.0,4.0,6.0,8.0,0.0,8.0,38.0,2.0,24.0,2.0,3.0,1.0,31.0,11.0,1.0,10.0,3.0,22.0,7.0,9.0,1.0,55.0,0.0,0.0,0.0,0.0,6.0,20.0,12.0,1.0,3.0,0.0,0.0,1.0,13.0,9.0,12.0,7.0,21.0,43.0,2.0,21.0,54.0,3.0,3.0,0.0,12.0,166.0,33.0,6.0,0.0,1.0,1.0,4.0,10.0,19.0,4.0,4.0,2.0,0.0,7.0,11.0,4.0,2.0,34.0,1.0,2.0,0.0,6.0,7.0,8.0,4.0,0.0,1.0,4.0,0.0,54.0,1.0,11.0,12.0,12.0,0.0,9.0,26.0,3.0,8.0,0.0,13.0,0.0,0.0,13.0,8.0,3.0,86.0,0.0,6.0,0.0,21.0,47.0,41.0,7.0,16.0,22.0,0.0,3.0,7.0,3.0,3.0,2.0,9.0,2.0,35.0,12.0,26.0,5.0,8.0,3.0,5.0,15.0,23.0,73.0,51.0,3.0,4.0,5.0,15.0,672.0,60.0,3.0,0.0,11.0,3.0,8.0,0.0,0.0,8.0,4.0,56.0,7.0,2.0,14.0,15.0,20.0,3.0,0.0,6.0,0.0,17.0,3.0,3.0,0.0,2.0,5.0,5.0,2.0,8.0,2.0,4.0,1.0,0.0,2.0,3.0,0.0,11.0,6.0,0.0,10.0,2.0,9.0,0.0,1.0,1.0,5.0,17.0,8.0,2.0,6.0,1.0,4.0,4.0,29.0,47.0,2.0,0.0,48.0,2.0,0.0,5.0,1.0,8.0,1.0,4.0,3.0,3.0,3.0,9.0,0.0,1.0,0.0,8.0,8.0,0.0,1.0,9.0,7.0,2.0,0.0,8.0,18.0,1.0,2.0,3.0,12.0,0.0,89.0,36.0,0.0,23.0,17.0,4.0,13.0,5.0,6.0,13.0,38.0,14.0,84.0,10.0,4.0,4.0,2.0,4.0,6.0,31.0,0.0,9.0,1.0,6.0,1.0,4.0,3.0,0.0,19.0,179.0,1.0,3.0,1.0,2.0,3.0,51.0,13.0,44.0,3.0,8.0,27.0,12.0,5.0,6.0,1.0,75.0,7.0,4.0,6.0,6.0,10.0,4.0,26.0,17.0,3.0,15.0,19.0,7.0,4.0,37.0,5.0,3.0,5.0,41.0,9.0,0.0,3.0,1.0,4.0,20.0,0.0,1.0,25.0,2.0,4.0,14.0,0.0,1.0,1.0,9.0,4.0,4.0,7.0,15.0,17.0,16.0,9.0,0.0,1.0,3.0,2.0,0.0,16.0,0.0,20.0,9.0,4.0,0.0,0.0,12.0,11.0,1.0,33.0,0.0,2.0,5.0,20.0,3.0,6.0,8.0,57.0,11.0,0.0,6.0,10.0,3.0,23.0,1.0,6.0,11.0,5.0,4.0,1.0,23.0,1.0,16.0,4.0,43.0,8.0,30.0,26.0,4.0,0.0,3.0,33.0,61.0,0.0,39.0,37.0,3.0,1380.0,9.0,1.0,13.0,20.0,267.0,16.0,9.0,3.0,4.0,4.0,4.0
Henrik_Lilljebjorn_AML155_HSPC,1.0,0.0,0.0,2.0,2.0,1.0,4.0,1.0,4.0,1.0,0.0,6.0,0.0,5.0,3.0,8.0,10.0,4.0,1.0,0.0,0.0,1.0,2.0,0.0,1.0,1.0,9.0,4.0,2.0,14.0,0.0,5.0,0.0,1.0,1.0,6.0,1.0,1.0,0.0,9.0,135.0,4.0,0.0,1.0,19.0,2.0,0.0,12.0,1.0,8.0,7.0,9.0,1.0,1.0,0.0,1.0,0.0,1.0,1.0,8.0,17.0,12.0,3.0,5.0,12.0,3.0,3.0,4.0,0.0,12.0,13.0,2.0,25.0,85.0,3.0,4.0,1.0,1.0,3.0,8.0,4.0,0.0,2.0,3.0,0.0,12.0,1.0,64.0,0.0,2.0,1.0,5.0,2.0,0.0,0.0,1.0,3.0,2.0,4.0,1.0,31.0,0.0,3.0,18.0,11.0,5.0,2.0,0.0,1.0,3.0,1.0,10.0,7.0,9.0,16.0,11.0,8.0,31.0,0.0,0.0,4.0,3.0,4.0,1.0,1.0,12.0,0.0,54.0,1.0,0.0,16.0,13.0,6.0,51.0,8.0,9.0,4.0,7.0,32.0,4.0,22.0,0.0,184.0,1.0,6.0,21.0,19.0,0.0,4.0,8.0,0.0,39.0,10.0,4.0,4.0,4.0,4.0,1.0,1.0,6.0,6.0,0.0,21.0,2.0,0.0,0.0,3.0,2.0,0.0,0.0,1.0,5.0,30.0,3.0,0.0,2.0,3.0,2.0,8.0,4.0,3.0,0.0,0.0,1.0,5.0,1.0,4.0,7.0,7.0,1.0,1.0,0.0,3.0,30.0,6.0,0.0,1.0,1.0,1.0,0.0,3.0,1.0,0.0,1.0,12.0,0.0,3.0,1.0,0.0,2.0,1052.0,69.0,0.0,8.0,1.0,3.0,60.0,0.0,60.0,2.0,0.0,2.0,0.0,0.0,4.0,20.0,7.0,1.0,3.0,1.0,2.0,13.0,1.0,7.0,4.0,2.0,0.0,0.0,0.0,0.0,1.0,5.0,11.0,2.0,0.0,1.0,5.0,5.0,5.0,709.0,225.0,1.0,2.0,1.0,2.0,6.0,17.0,1.0,0.0,1.0,2.0,0.0,3.0,0.0,0.0,0.0,5.0,9.0,12.0,2.0,2.0,1.0,2.0,1.0,5.0,5.0,3.0,1.0,1.0,1.0,0.0,2.0,1.0,0.0,0.0,0.0,0.0,4.0,4.0,1.0,16.0,1.0,3.0,8.0,5.0,3.0,0.0,5.0,4.0,16.0,51.0,0.0,0.0,0.0,7.0,6.0,0.0,0.0,0.0,10.0,27.0,1.0,1.0,4.0,0.0,5.0,4.0,4.0,5.0,1.0,1.0,0.0,0.0,0.0,4.0,0.0,0.0,5.0,24.0,1.0,1.0,3.0,2.0,2.0,3.0,2.0,1.0,3.0,1.0,2.0,1.0,2.0,17.0,5.0,5.0,5.0,2.0,2.0,0.0,1.0,0.0,11.0,4.0,2.0,12.0,66.0,10.0,5.0,0.0,0.0,1.0,0.0,2.0,1.0,7.0,1.0,0.0,11.0,0.0,7.0,7.0,0.0,4.0,0.0,2.0,1.0,4.0,0.0,1.0,18.0,1.0,0.0,3.0,5.0,3.0,5.0,33.0,13.0,0.0,1.0,0.0,1.0,5.0,0.0,8.0,1.0,0.0,1.0,1.0,7.0,6.0,1.0,4.0,6.0,0.0,9.0,3.0,3.0,1.0,1.0,6.0,2.0,1.0,0.0,1.0,1.0,2.0,2.0,1.0,15.0,0.0,0.0,7.0,1.0,3.0,2.0,4.0,1.0,2.0,3.0,4.0,2.0,5.0,0.0,3.0,1.0,0.0,18.0,0.0,4.0,0.0,1.0,2.0,0.0,17.0,8.0,11.0,11.0,2.0,0.0,0.0,1.0,0.0,1.0,0.0,6.0,1.0,2.0,12.0,1.0,6.0,1.0,2.0,1.0,6.0,1.0,0.0,1.0,0.0,8.0,5.0,2.0,2.0,8.0,0.0,3.0,0.0,0.0,2.0,0.0,3.0,0.0,2.0,1.0,0.0,1.0,4.0,6.0,1.0,1.0,12.0,16.0,1.0,30.0,17.0,3.0,7.0,0.0,0.0,44.0,10.0,4.0,0.0,2.0,0.0,2.0,2.0,1.0,4.0,1.0,4.0,0.0,2.0,16.0,0.0,2.0,8.0,0.0,9.0,0.0,1.0,1.0,3.0,1.0,0.0,1.0,3.0,0.0,20.0,1.0,2.0,5.0,3.0,0.0,4.0,10.0,6.0,5.0,3.0,2.0,0.0,0.0,2.0,5.0,4.0,28.0,5.0,0.0,1.0,3.0,75.0,12.0,1.0,7.0,5.0,3.0,0.0,8.0,1.0,1.0,2.0,2.0,0.0,16.0,6.0,10.0,6.0,1.0,4.0,1.0,2.0,9.0,17.0,25.0,1.0,2.0,1.0,2.0,70.0,16.0,2.0,1.0,2.0,0.0,0.0,6.0,1.0,4.0,4.0,38.0,3.0,0.0,5.0,3.0,6.0,0.0,3.0,2.0,1.0,3.0,5.0,1.0,1.0,1.0,2.0,2.0,0.0,2.0,1.0,1.0,0.0,4.0,0.0,2.0,1.0,0.0,2.0,1.0,4.0,0.0,5.0,0.0,0.0,0.0,2.0,1.0,2.0,2.0,2.0,2.0,4.0,2.0,2.0,5.0,1.0,0.0,4.0,2.0,4.0,5.0,0.0,9.0,8.0,0.0,0.0,0.0,1.0,4.0,0.0,0.0,1.0,1.0,2.0,0.0,1.0,2.0,1.0,2.0,1.0,4.0,3.0,1.0,1.0,4.0,1.0,1.0,28.0,9.0,0.0,25.0,21.0,1.0,0.0,5.0,0.0,10.0,24.0,13.0,23.0,6.0,0.0,2.0,1.0,8.0,2.0,5.0,0.0,4.0,0.0,4.0,0.0,1.0,0.0,0.0,22.0,78.0,0.0,0.0,8.0,2.0,2.0,29.0,1.0,11.0,1.0,2.0,11.0,0.0,1.0,3.0,4.0,16.0,0.0,5.0,1.0,10.0,4.0,1.0,8.0,5.0,2.0,3.0,8.0,7.0,0.0,7.0,1.0,9.0,1.0,11.0,3.0,2.0,1.0,0.0,3.0,5.0,1.0,1.0,12.0,1.0,2.0,5.0,0.0,3.0,2.0,4.0,1.0,1.0,6.0,1.0,0.0,4.0,7.0,0.0,2.0,1.0,2.0,1.0,0.0,0.0,6.0,3.0,0.0,0.0,0.0,19.0,1.0,0.0,1.0,1.0,2.0,2.0,3.0,1.0,1.0,6.0,26.0,7.0,0.0,2.0,3.0,1.0,2.0,1.0,7.0,7.0,4.0,5.0,3.0,6.0,1.0,2.0,4.0,8.0,4.0,3.0,0.0,3.0,2.0,3.0,7.0,17.0,0.0,8.0,13.0,1.0,345.0,0.0,1.0,2.0,11.0,66.0,17.0,4.0,1.0,3.0,0.0,0.0
Henrik_Lilljebjorn_AML155_LSPC,1.0,1.0,2.0,1.0,10.0,0.0,0.0,4.0,8.0,3.0,0.0,8.0,1.0,3.0,6.0,20.0,16.0,24.0,1.0,1.0,0.0,8.0,1.0,3.0,0.0,0.0,2.0,1.0,2.0,2.0,0.0,1.0,0.0,24.0,0.0,2.0,7.0,1.0,0.0,17.0,15.0,5.0,5.0,1.0,87.0,5.0,19.0,2.0,1.0,14.0,12.0,14.0,1.0,1.0,1.0,2.0,3.0,1.0,1.0,5.0,5.0,19.0,8.0,7.0,19.0,8.0,10.0,3.0,0.0,27.0,7.0,6.0,16.0,3.0,2.0,1.0,1.0,0.0,0.0,4.0,12.0,1.0,0.0,10.0,0.0,26.0,0.0,44.0,1.0,2.0,2.0,3.0,1.0,0.0,0.0,2.0,0.0,2.0,0.0,0.0,18.0,4.0,0.0,17.0,5.0,4.0,0.0,1.0,4.0,2.0,1.0,9.0,3.0,75.0,7.0,1.0,7.0,19.0,5.0,0.0,0.0,0.0,1.0,2.0,14.0,1.0,0.0,28.0,1.0,6.0,32.0,13.0,8.0,10.0,35.0,9.0,5.0,0.0,76.0,8.0,65.0,0.0,110.0,0.0,1.0,25.0,13.0,0.0,25.0,24.0,1.0,24.0,0.0,1.0,1.0,0.0,3.0,4.0,2.0,2.0,3.0,3.0,12.0,6.0,0.0,0.0,0.0,2.0,2.0,3.0,1.0,6.0,4.0,0.0,0.0,3.0,5.0,3.0,2.0,0.0,1.0,1.0,1.0,0.0,19.0,1.0,6.0,24.0,16.0,0.0,0.0,0.0,16.0,167.0,14.0,0.0,1.0,2.0,1.0,0.0,6.0,2.0,0.0,3.0,16.0,1.0,0.0,5.0,1.0,3.0,217.0,34.0,0.0,26.0,12.0,0.0,74.0,2.0,22.0,1.0,0.0,1.0,0.0,4.0,3.0,122.0,2.0,1.0,1.0,1.0,10.0,17.0,2.0,10.0,2.0,1.0,0.0,1.0,0.0,1.0,0.0,12.0,16.0,2.0,1.0,0.0,14.0,31.0,1.0,120.0,84.0,1.0,4.0,0.0,4.0,1.0,2.0,5.0,1.0,0.0,3.0,0.0,4.0,8.0,5.0,0.0,7.0,26.0,13.0,2.0,2.0,9.0,4.0,5.0,5.0,4.0,3.0,2.0,3.0,2.0,0.0,0.0,0.0,6.0,0.0,0.0,0.0,11.0,14.0,7.0,3.0,0.0,13.0,1.0,10.0,9.0,1.0,15.0,7.0,12.0,82.0,1.0,0.0,3.0,5.0,1.0,2.0,2.0,0.0,12.0,14.0,0.0,1.0,3.0,1.0,1.0,3.0,23.0,7.0,6.0,0.0,2.0,5.0,0.0,25.0,1.0,0.0,1.0,1.0,0.0,2.0,0.0,0.0,10.0,4.0,2.0,1.0,0.0,9.0,12.0,1.0,7.0,26.0,3.0,1.0,0.0,4.0,13.0,6.0,0.0,18.0,25.0,8.0,13.0,1.0,39.0,3.0,5.0,0.0,0.0,0.0,0.0,2.0,0.0,9.0,0.0,0.0,8.0,0.0,10.0,12.0,0.0,13.0,2.0,2.0,2.0,4.0,4.0,3.0,11.0,0.0,0.0,5.0,6.0,2.0,3.0,32.0,12.0,1.0,1.0,1.0,2.0,8.0,2.0,24.0,1.0,0.0,1.0,6.0,3.0,2.0,8.0,3.0,4.0,10.0,12.0,1.0,7.0,1.0,1.0,7.0,4.0,8.0,6.0,8.0,0.0,0.0,1.0,1.0,1.0,2.0,1.0,3.0,0.0,1.0,3.0,4.0,2.0,0.0,0.0,4.0,1.0,9.0,3.0,3.0,2.0,0.0,0.0,1.0,11.0,0.0,2.0,6.0,0.0,30.0,16.0,3.0,9.0,0.0,0.0,1.0,5.0,0.0,6.0,0.0,5.0,2.0,7.0,44.0,1.0,13.0,0.0,4.0,2.0,2.0,6.0,0.0,0.0,0.0,5.0,1.0,1.0,1.0,14.0,0.0,5.0,3.0,2.0,1.0,0.0,16.0,0.0,1.0,1.0,0.0,2.0,9.0,2.0,5.0,5.0,19.0,12.0,0.0,10.0,18.0,6.0,4.0,0.0,0.0,3.0,4.0,9.0,0.0,1.0,2.0,6.0,5.0,2.0,7.0,2.0,3.0,0.0,13.0,85.0,3.0,3.0,10.0,0.0,5.0,3.0,8.0,1.0,2.0,3.0,0.0,3.0,0.0,0.0,24.0,1.0,1.0,9.0,4.0,0.0,17.0,10.0,5.0,4.0,20.0,3.0,1.0,0.0,0.0,1.0,4.0,11.0,3.0,0.0,0.0,6.0,101.0,5.0,2.0,1.0,1.0,1.0,0.0,3.0,0.0,0.0,4.0,2.0,2.0,20.0,5.0,7.0,6.0,3.0,2.0,0.0,14.0,10.0,8.0,20.0,0.0,2.0,0.0,1.0,41.0,7.0,3.0,1.0,0.0,0.0,0.0,0.0,4.0,12.0,6.0,4.0,11.0,3.0,8.0,15.0,14.0,1.0,0.0,1.0,1.0,3.0,4.0,2.0,1.0,3.0,1.0,0.0,0.0,4.0,5.0,1.0,0.0,11.0,0.0,0.0,1.0,1.0,3.0,5.0,0.0,0.0,3.0,2.0,2.0,3.0,6.0,6.0,3.0,2.0,1.0,2.0,12.0,1.0,1.0,18.0,2.0,2.0,14.0,10.0,1.0,2.0,1.0,13.0,1.0,0.0,0.0,1.0,3.0,0.0,2.0,0.0,2.0,3.0,5.0,0.0,2.0,2.0,0.0,1.0,3.0,6.0,1.0,1.0,0.0,3.0,2.0,1.0,11.0,4.0,0.0,10.0,16.0,0.0,1.0,11.0,4.0,12.0,19.0,13.0,22.0,3.0,0.0,1.0,0.0,2.0,2.0,14.0,1.0,9.0,0.0,1.0,3.0,3.0,0.0,0.0,8.0,27.0,0.0,0.0,17.0,10.0,1.0,1.0,11.0,9.0,1.0,2.0,22.0,10.0,4.0,1.0,0.0,32.0,0.0,3.0,3.0,0.0,6.0,0.0,15.0,10.0,6.0,3.0,2.0,6.0,1.0,15.0,5.0,1.0,1.0,11.0,3.0,3.0,2.0,0.0,4.0,9.0,0.0,0.0,7.0,6.0,0.0,4.0,1.0,4.0,3.0,3.0,1.0,1.0,1.0,2.0,0.0,9.0,9.0,0.0,1.0,4.0,0.0,3.0,1.0,1.0,10.0,13.0,0.0,0.0,0.0,1.0,1.0,0.0,5.0,1.0,0.0,4.0,11.0,1.0,2.0,3.0,19.0,17.0,2.0,1.0,3.0,0.0,6.0,0.0,0.0,2.0,4.0,0.0,5.0,16.0,3.0,2.0,4.0,33.0,2.0,4.0,2.0,3.0,3.0,11.0,8.0,1.0,0.0,4.0,7.0,2.0,240.0,1.0,0.0,3.0,2.0,37.0,5.0,3.0,1.0,3.0,3.0,0.0
Henrik_Lilljebjorn_AML157_HSPC,3.0,0.0,3.0,2.0,1.0,9.0,0.0,2.0,10.0,0.0,7.0,12.0,2.0,7.0,1.0,3.0,5.0,4.0,0.0,3.0,0.0,3.0,0.0,8.0,0.0,1.0,50.0,4.0,7.0,17.0,7.0,1.0,1.0,1.0,10.0,27.0,2.0,1.0,0.0,11.0,2.0,10.0,3.0,0.0,25.0,5.0,0.0,18.0,1.0,22.0,2.0,8.0,2.0,1.0,3.0,2.0,3.0,1.0,5.0,7.0,7.0,15.0,8.0,7.0,11.0,7.0,6.0,4.0,6.0,10.0,17.0,2.0,41.0,1.0,9.0,4.0,2.0,2.0,5.0,11.0,12.0,0.0,3.0,1.0,0.0,11.0,1.0,61.0,1.0,5.0,5.0,5.0,8.0,5.0,2.0,0.0,1.0,2.0,2.0,0.0,52.0,1.0,1.0,28.0,11.0,9.0,4.0,1.0,4.0,8.0,2.0,8.0,8.0,0.0,36.0,3.0,0.0,55.0,0.0,9.0,1.0,8.0,4.0,5.0,0.0,11.0,0.0,102.0,10.0,0.0,44.0,15.0,38.0,74.0,27.0,4.0,7.0,13.0,30.0,1.0,81.0,3.0,314.0,3.0,5.0,32.0,15.0,0.0,0.0,6.0,0.0,121.0,0.0,7.0,7.0,6.0,9.0,16.0,4.0,5.0,4.0,0.0,29.0,0.0,1.0,0.0,8.0,2.0,7.0,10.0,0.0,12.0,0.0,6.0,0.0,0.0,2.0,0.0,12.0,4.0,10.0,0.0,0.0,3.0,18.0,1.0,1.0,7.0,22.0,0.0,10.0,9.0,56.0,75.0,2.0,0.0,6.0,6.0,1.0,1.0,19.0,0.0,1.0,4.0,22.0,9.0,0.0,3.0,0.0,7.0,2041.0,123.0,0.0,0.0,4.0,3.0,7.0,16.0,53.0,2.0,0.0,3.0,12.0,7.0,12.0,0.0,7.0,3.0,1.0,3.0,14.0,26.0,1.0,13.0,2.0,9.0,1.0,3.0,0.0,1.0,0.0,3.0,12.0,4.0,0.0,0.0,1.0,42.0,2.0,372.0,379.0,3.0,2.0,2.0,3.0,0.0,16.0,1.0,2.0,1.0,5.0,0.0,9.0,2.0,4.0,1.0,3.0,12.0,35.0,5.0,7.0,14.0,6.0,3.0,9.0,7.0,3.0,4.0,0.0,2.0,0.0,3.0,0.0,0.0,0.0,4.0,4.0,3.0,1.0,1.0,126.0,3.0,41.0,9.0,5.0,4.0,0.0,5.0,9.0,77.0,77.0,0.0,0.0,8.0,13.0,11.0,1.0,0.0,1.0,8.0,28.0,0.0,4.0,13.0,0.0,9.0,5.0,3.0,7.0,6.0,1.0,0.0,3.0,1.0,6.0,0.0,0.0,21.0,44.0,0.0,0.0,6.0,1.0,14.0,11.0,1.0,5.0,2.0,2.0,2.0,2.0,7.0,151.0,8.0,13.0,0.0,7.0,0.0,0.0,3.0,0.0,12.0,8.0,0.0,14.0,86.0,33.0,8.0,0.0,1.0,2.0,0.0,6.0,3.0,14.0,7.0,0.0,17.0,0.0,10.0,17.0,0.0,0.0,11.0,1.0,4.0,14.0,3.0,3.0,21.0,3.0,4.0,6.0,6.0,0.0,5.0,0.0,10.0,4.0,1.0,3.0,4.0,3.0,2.0,13.0,0.0,4.0,0.0,1.0,6.0,5.0,5.0,9.0,6.0,2.0,40.0,1.0,7.0,5.0,11.0,10.0,5.0,1.0,2.0,5.0,2.0,0.0,0.0,4.0,42.0,2.0,3.0,16.0,6.0,8.0,5.0,3.0,1.0,1.0,3.0,4.0,2.0,12.0,0.0,0.0,2.0,1.0,12.0,2.0,7.0,0.0,3.0,7.0,7.0,15.0,22.0,11.0,2.0,3.0,3.0,1.0,2.0,2.0,1.0,1.0,1.0,3.0,3.0,33.0,3.0,19.0,9.0,1.0,0.0,51.0,3.0,0.0,0.0,4.0,9.0,1.0,3.0,3.0,32.0,1.0,0.0,0.0,0.0,6.0,29.0,6.0,1.0,7.0,0.0,2.0,2.0,7.0,4.0,16.0,1.0,14.0,39.0,1.0,27.0,48.0,1.0,3.0,6.0,9.0,99.0,26.0,6.0,0.0,7.0,2.0,3.0,2.0,3.0,13.0,6.0,6.0,1.0,3.0,5.0,4.0,3.0,2.0,0.0,1.0,1.0,4.0,5.0,6.0,1.0,0.0,3.0,4.0,8.0,54.0,0.0,7.0,17.0,5.0,0.0,17.0,11.0,3.0,5.0,0.0,2.0,1.0,1.0,8.0,10.0,2.0,70.0,0.0,1.0,5.0,10.0,17.0,40.0,0.0,16.0,18.0,65.0,1.0,13.0,5.0,1.0,1.0,3.0,0.0,34.0,13.0,30.0,4.0,4.0,3.0,2.0,6.0,14.0,46.0,29.0,0.0,5.0,4.0,12.0,13.0,17.0,3.0,6.0,7.0,8.0,0.0,0.0,0.0,10.0,0.0,121.0,0.0,1.0,8.0,9.0,16.0,17.0,6.0,3.0,4.0,17.0,3.0,3.0,1.0,2.0,5.0,2.0,1.0,2.0,3.0,1.0,3.0,2.0,3.0,5.0,3.0,6.0,3.0,2.0,11.0,1.0,5.0,1.0,2.0,3.0,2.0,4.0,1.0,0.0,3.0,2.0,5.0,3.0,32.0,19.0,1.0,1.0,20.0,1.0,3.0,4.0,4.0,18.0,9.0,1.0,5.0,0.0,2.0,6.0,0.0,2.0,3.0,4.0,4.0,0.0,1.0,1.0,1.0,2.0,2.0,4.0,15.0,1.0,3.0,1.0,1.0,1.0,62.0,23.0,0.0,32.0,41.0,6.0,18.0,2.0,4.0,10.0,27.0,5.0,58.0,20.0,0.0,13.0,0.0,1.0,3.0,51.0,0.0,13.0,3.0,4.0,2.0,1.0,0.0,0.0,37.0,23.0,2.0,1.0,7.0,3.0,9.0,38.0,4.0,5.0,3.0,5.0,20.0,0.0,0.0,7.0,0.0,17.0,3.0,14.0,6.0,1.0,20.0,2.0,4.0,17.0,2.0,7.0,13.0,8.0,6.0,18.0,8.0,10.0,2.0,28.0,11.0,3.0,10.0,3.0,3.0,12.0,8.0,1.0,20.0,3.0,1.0,5.0,2.0,4.0,4.0,6.0,4.0,4.0,9.0,5.0,8.0,5.0,5.0,0.0,5.0,6.0,0.0,0.0,7.0,0.0,10.0,1.0,5.0,2.0,0.0,15.0,8.0,0.0,11.0,0.0,8.0,6.0,9.0,3.0,6.0,8.0,25.0,7.0,2.0,3.0,3.0,2.0,9.0,3.0,0.0,17.0,13.0,1.0,2.0,11.0,1.0,0.0,7.0,1.0,6.0,16.0,3.0,4.0,0.0,3.0,21.0,36.0,0.0,11.0,44.0,11.0,110.0,0.0,0.0,3.0,26.0,116.0,20.0,18.0,2.0,5.0,3.0,2.0
Henrik_Lilljebjorn_AML157_LSPC,2.0,1.0,2.0,3.0,1.0,3.0,0.0,2.0,6.0,3.0,5.0,14.0,1.0,4.0,1.0,4.0,2.0,5.0,1.0,3.0,4.0,8.0,5.0,2.0,1.0,4.0,21.0,2.0,4.0,13.0,4.0,4.0,1.0,0.0,7.0,40.0,1.0,2.0,5.0,14.0,18.0,8.0,2.0,0.0,54.0,3.0,2.0,7.0,0.0,18.0,5.0,5.0,1.0,1.0,1.0,6.0,1.0,0.0,2.0,3.0,12.0,10.0,8.0,3.0,6.0,5.0,8.0,2.0,2.0,12.0,8.0,3.0,30.0,0.0,6.0,0.0,0.0,0.0,5.0,4.0,9.0,0.0,0.0,3.0,1.0,11.0,1.0,58.0,0.0,3.0,1.0,3.0,4.0,0.0,0.0,0.0,0.0,6.0,3.0,1.0,53.0,2.0,1.0,23.0,14.0,5.0,1.0,2.0,5.0,10.0,5.0,9.0,5.0,0.0,37.0,1.0,1.0,27.0,0.0,4.0,5.0,6.0,4.0,8.0,3.0,15.0,1.0,63.0,8.0,0.0,49.0,10.0,23.0,67.0,8.0,5.0,1.0,11.0,30.0,2.0,25.0,5.0,221.0,0.0,2.0,17.0,29.0,1.0,7.0,8.0,0.0,81.0,0.0,4.0,7.0,2.0,7.0,11.0,0.0,5.0,5.0,0.0,28.0,0.0,0.0,0.0,9.0,0.0,6.0,7.0,3.0,7.0,0.0,3.0,1.0,1.0,1.0,0.0,5.0,2.0,9.0,0.0,0.0,6.0,12.0,1.0,5.0,14.0,8.0,0.0,1.0,2.0,33.0,69.0,0.0,0.0,4.0,4.0,0.0,1.0,3.0,3.0,0.0,1.0,16.0,2.0,0.0,1.0,1.0,3.0,1593.0,87.0,0.0,0.0,7.0,2.0,27.0,7.0,51.0,0.0,0.0,1.0,4.0,3.0,9.0,0.0,9.0,2.0,0.0,3.0,3.0,13.0,2.0,5.0,0.0,7.0,4.0,1.0,0.0,2.0,4.0,5.0,7.0,4.0,1.0,6.0,5.0,22.0,2.0,222.0,326.0,1.0,1.0,2.0,3.0,0.0,16.0,1.0,0.0,0.0,4.0,0.0,7.0,1.0,2.0,0.0,4.0,4.0,18.0,2.0,8.0,11.0,4.0,0.0,11.0,9.0,1.0,7.0,0.0,0.0,0.0,4.0,1.0,0.0,0.0,1.0,3.0,3.0,2.0,1.0,53.0,1.0,18.0,10.0,4.0,4.0,4.0,4.0,8.0,51.0,43.0,0.0,3.0,2.0,6.0,7.0,2.0,0.0,0.0,18.0,24.0,0.0,1.0,13.0,0.0,5.0,3.0,7.0,3.0,2.0,0.0,0.0,0.0,1.0,3.0,0.0,0.0,15.0,27.0,0.0,0.0,3.0,1.0,14.0,3.0,0.0,7.0,2.0,2.0,10.0,1.0,2.0,82.0,3.0,6.0,1.0,11.0,1.0,0.0,0.0,0.0,8.0,10.0,0.0,20.0,72.0,28.0,5.0,0.0,1.0,0.0,1.0,7.0,1.0,7.0,9.0,1.0,6.0,0.0,11.0,7.0,0.0,0.0,3.0,3.0,0.0,18.0,1.0,1.0,16.0,0.0,2.0,7.0,5.0,1.0,5.0,0.0,17.0,3.0,2.0,3.0,4.0,0.0,1.0,11.0,3.0,1.0,0.0,1.0,11.0,4.0,6.0,5.0,5.0,1.0,33.0,3.0,12.0,2.0,4.0,8.0,5.0,4.0,2.0,1.0,1.0,0.0,1.0,0.0,33.0,2.0,2.0,16.0,3.0,4.0,2.0,2.0,1.0,0.0,0.0,4.0,0.0,9.0,0.0,1.0,5.0,0.0,5.0,2.0,5.0,1.0,1.0,2.0,1.0,24.0,8.0,18.0,5.0,2.0,0.0,0.0,4.0,0.0,2.0,0.0,6.0,0.0,6.0,23.0,1.0,10.0,5.0,3.0,1.0,35.0,2.0,0.0,1.0,2.0,7.0,0.0,2.0,0.0,15.0,2.0,0.0,1.0,0.0,6.0,10.0,3.0,1.0,2.0,1.0,1.0,1.0,8.0,2.0,8.0,4.0,7.0,27.0,6.0,18.0,45.0,1.0,2.0,7.0,5.0,93.0,14.0,4.0,0.0,2.0,0.0,2.0,4.0,8.0,6.0,3.0,3.0,0.0,2.0,2.0,5.0,2.0,13.0,1.0,0.0,1.0,2.0,1.0,6.0,2.0,2.0,4.0,1.0,5.0,45.0,0.0,7.0,13.0,2.0,0.0,10.0,4.0,2.0,4.0,0.0,3.0,2.0,0.0,5.0,2.0,3.0,36.0,2.0,0.0,1.0,8.0,11.0,24.0,4.0,7.0,8.0,43.0,1.0,5.0,3.0,1.0,1.0,6.0,0.0,24.0,8.0,21.0,4.0,2.0,0.0,7.0,4.0,8.0,50.0,20.0,0.0,5.0,3.0,4.0,45.0,21.0,3.0,2.0,2.0,4.0,0.0,0.0,0.0,7.0,1.0,51.0,4.0,0.0,4.0,7.0,8.0,7.0,3.0,2.0,3.0,12.0,3.0,1.0,2.0,2.0,2.0,0.0,4.0,3.0,0.0,0.0,3.0,2.0,0.0,3.0,0.0,3.0,2.0,2.0,3.0,0.0,9.0,0.0,2.0,1.0,0.0,0.0,0.0,2.0,1.0,1.0,2.0,0.0,10.0,13.0,1.0,1.0,18.0,1.0,1.0,2.0,0.0,14.0,18.0,3.0,3.0,3.0,1.0,5.0,1.0,1.0,2.0,2.0,4.0,0.0,0.0,5.0,1.0,0.0,2.0,3.0,8.0,2.0,2.0,4.0,1.0,1.0,57.0,20.0,0.0,24.0,28.0,6.0,5.0,1.0,3.0,9.0,50.0,12.0,37.0,8.0,3.0,7.0,0.0,1.0,2.0,29.0,1.0,3.0,1.0,3.0,1.0,0.0,2.0,0.0,39.0,57.0,1.0,1.0,4.0,3.0,1.0,24.0,8.0,11.0,2.0,3.0,20.0,0.0,0.0,3.0,1.0,12.0,0.0,7.0,1.0,2.0,17.0,1.0,5.0,9.0,1.0,11.0,12.0,12.0,2.0,13.0,2.0,8.0,4.0,33.0,6.0,4.0,1.0,1.0,2.0,6.0,5.0,0.0,10.0,3.0,4.0,8.0,0.0,2.0,0.0,7.0,4.0,2.0,3.0,6.0,4.0,3.0,6.0,0.0,2.0,4.0,1.0,0.0,8.0,0.0,10.0,2.0,1.0,1.0,0.0,3.0,6.0,0.0,3.0,1.0,4.0,3.0,8.0,1.0,1.0,10.0,26.0,6.0,2.0,1.0,3.0,2.0,2.0,3.0,3.0,9.0,2.0,2.0,1.0,5.0,2.0,0.0,3.0,8.0,4.0,14.0,1.0,3.0,0.0,1.0,17.0,20.0,0.0,10.0,36.0,3.0,217.0,0.0,1.0,7.0,14.0,111.0,16.0,9.0,1.0,1.0,0.0,2.0
Henrik_Lilljebjorn_AML172_HSPC,1.0,0.0,0.0,1.0,1.0,2.0,0.0,0.0,2.0,0.0,1.0,2.0,1.0,2.0,0.0,1.0,2.0,1.0,0.0,0.0,1.0,1.0,1.0,3.0,0.0,0.0,3.0,1.0,1.0,11.0,1.0,0.0,0.0,0.0,0.0,5.0,1.0,0.0,0.0,2.0,22.0,2.0,1.0,0.0,2.0,0.0,2.0,1.0,0.0,4.0,3.0,2.0,0.0,0.0,0.0,0.0,0.0,0.0,0.0,2.0,7.0,5.0,0.0,2.0,3.0,0.0,1.0,0.0,1.0,2.0,3.0,0.0,8.0,11.0,1.0,1.0,0.0,1.0,0.0,1.0,2.0,0.0,1.0,1.0,0.0,2.0,2.0,16.0,0.0,0.0,0.0,0.0,1.0,0.0,0.0,0.0,1.0,0.0,3.0,1.0,7.0,1.0,0.0,2.0,0.0,3.0,1.0,0.0,0.0,4.0,1.0,5.0,3.0,0.0,7.0,1.0,2.0,13.0,0.0,4.0,0.0,1.0,1.0,0.0,1.0,7.0,0.0,24.0,0.0,0.0,17.0,2.0,9.0,23.0,1.0,2.0,0.0,4.0,4.0,0.0,9.0,0.0,28.0,0.0,2.0,7.0,16.0,1.0,1.0,0.0,0.0,16.0,2.0,1.0,2.0,0.0,1.0,2.0,0.0,3.0,1.0,0.0,9.0,0.0,0.0,0.0,1.0,1.0,3.0,2.0,0.0,2.0,5.0,0.0,0.0,0.0,0.0,0.0,3.0,0.0,3.0,0.0,1.0,0.0,3.0,0.0,2.0,2.0,1.0,0.0,2.0,0.0,7.0,11.0,1.0,0.0,2.0,0.0,0.0,0.0,1.0,0.0,1.0,0.0,4.0,1.0,0.0,2.0,0.0,2.0,568.0,32.0,0.0,8.0,0.0,0.0,9.0,4.0,12.0,0.0,0.0,1.0,0.0,0.0,3.0,2.0,0.0,1.0,0.0,0.0,1.0,3.0,0.0,1.0,0.0,2.0,1.0,0.0,0.0,0.0,0.0,0.0,2.0,4.0,1.0,0.0,1.0,6.0,1.0,214.0,108.0,0.0,1.0,0.0,0.0,1.0,1.0,0.0,0.0,0.0,0.0,0.0,2.0,0.0,1.0,0.0,2.0,12.0,3.0,1.0,2.0,2.0,2.0,0.0,3.0,2.0,0.0,3.0,0.0,0.0,0.0,1.0,0.0,0.0,1.0,2.0,0.0,4.0,2.0,1.0,8.0,1.0,2.0,2.0,1.0,0.0,0.0,1.0,1.0,13.0,11.0,0.0,0.0,1.0,1.0,1.0,0.0,0.0,0.0,1.0,10.0,0.0,1.0,3.0,0.0,1.0,2.0,0.0,3.0,0.0,0.0,0.0,0.0,1.0,0.0,0.0,0.0,9.0,5.0,0.0,0.0,0.0,0.0,0.0,1.0,0.0,0.0,1.0,2.0,2.0,1.0,1.0,11.0,3.0,4.0,0.0,1.0,0.0,0.0,0.0,0.0,1.0,1.0,0.0,6.0,32.0,8.0,0.0,0.0,0.0,0.0,0.0,0.0,0.0,2.0,1.0,0.0,2.0,0.0,1.0,4.0,0.0,0.0,1.0,0.0,0.0,4.0,0.0,0.0,3.0,0.0,0.0,1.0,0.0,0.0,2.0,4.0,4.0,0.0,4.0,0.0,0.0,0.0,1.0,2.0,0.0,0.0,2.0,0.0,5.0,1.0,1.0,0.0,2.0,0.0,7.0,1.0,0.0,0.0,1.0,5.0,1.0,1.0,0.0,0.0,1.0,4.0,0.0,1.0,3.0,0.0,1.0,2.0,0.0,4.0,0.0,1.0,0.0,0.0,0.0,2.0,0.0,6.0,0.0,2.0,3.0,0.0,1.0,2.0,5.0,0.0,1.0,0.0,0.0,6.0,2.0,2.0,0.0,1.0,0.0,0.0,0.0,1.0,0.0,0.0,1.0,0.0,1.0,5.0,0.0,2.0,2.0,1.0,0.0,4.0,4.0,0.0,4.0,1.0,1.0,0.0,0.0,1.0,4.0,3.0,1.0,0.0,0.0,2.0,1.0,1.0,0.0,1.0,0.0,0.0,0.0,3.0,1.0,0.0,1.0,3.0,10.0,0.0,4.0,15.0,2.0,0.0,0.0,0.0,29.0,6.0,0.0,4.0,0.0,2.0,0.0,1.0,1.0,0.0,0.0,1.0,0.0,2.0,0.0,0.0,2.0,3.0,0.0,5.0,1.0,2.0,1.0,1.0,0.0,0.0,0.0,1.0,0.0,5.0,1.0,1.0,0.0,0.0,0.0,5.0,5.0,2.0,1.0,0.0,1.0,1.0,0.0,3.0,1.0,0.0,16.0,0.0,0.0,2.0,4.0,19.0,3.0,1.0,2.0,4.0,5.0,0.0,1.0,0.0,0.0,0.0,1.0,0.0,6.0,0.0,8.0,0.0,0.0,2.0,0.0,0.0,2.0,12.0,9.0,0.0,0.0,1.0,1.0,0.0,5.0,0.0,0.0,2.0,1.0,0.0,0.0,0.0,1.0,0.0,11.0,1.0,0.0,3.0,1.0,2.0,0.0,1.0,1.0,0.0,2.0,1.0,1.0,1.0,0.0,0.0,0.0,1.0,0.0,0.0,0.0,0.0,0.0,0.0,0.0,0.0,1.0,0.0,0.0,1.0,0.0,1.0,1.0,0.0,1.0,0.0,0.0,0.0,1.0,1.0,0.0,0.0,2.0,2.0,4.0,0.0,0.0,1.0,0.0,0.0,1.0,0.0,3.0,4.0,0.0,1.0,0.0,0.0,2.0,0.0,0.0,0.0,0.0,1.0,0.0,1.0,2.0,0.0,0.0,0.0,1.0,5.0,0.0,0.0,2.0,0.0,0.0,15.0,2.0,0.0,14.0,9.0,1.0,0.0,0.0,0.0,2.0,12.0,7.0,13.0,1.0,1.0,1.0,0.0,1.0,0.0,1.0,0.0,1.0,0.0,0.0,0.0,0.0,2.0,0.0,8.0,22.0,2.0,0.0,3.0,2.0,0.0,3.0,0.0,5.0,1.0,1.0,5.0,0.0,0.0,2.0,0.0,2.0,0.0,0.0,3.0,0.0,3.0,1.0,3.0,3.0,1.0,2.0,2.0,2.0,1.0,3.0,0.0,0.0,0.0,8.0,0.0,1.0,0.0,0.0,1.0,0.0,0.0,0.0,5.0,0.0,0.0,0.0,0.0,2.0,1.0,0.0,2.0,0.0,1.0,1.0,2.0,1.0,0.0,0.0,0.0,0.0,0.0,1.0,1.0,0.0,2.0,2.0,0.0,0.0,0.0,1.0,0.0,0.0,1.0,0.0,0.0,2.0,3.0,1.0,1.0,1.0,13.0,0.0,0.0,0.0,2.0,4.0,0.0,1.0,1.0,1.0,0.0,0.0,0.0,0.0,1.0,0.0,0.0,3.0,0.0,3.0,0.0,1.0,0.0,0.0,1.0,3.0,1.0,2.0,9.0,2.0,58.0,1.0,0.0,0.0,2.0,40.0,6.0,4.0,0.0,2.0,1.0,0.0
Henrik_Lilljebjorn_AML172_LSPC,15.0,12.0,19.0,15.0,13.0,36.0,10.0,21.0,76.0,3.0,46.0,131.0,18.0,75.0,40.0,35.0,55.0,56.0,7.0,18.0,25.0,19.0,38.0,39.0,5.0,18.0,54.0,53.0,76.0,373.0,13.0,8.0,6.0,2.0,25.0,289.0,11.0,15.0,46.0,64.0,1177.0,101.0,24.0,6.0,160.0,52.0,40.0,127.0,0.0,134.0,48.0,75.0,9.0,8.0,4.0,18.0,6.0,14.0,28.0,58.0,231.0,97.0,45.0,70.0,115.0,12.0,44.0,26.0,35.0,114.0,115.0,13.0,336.0,4.0,55.0,22.0,21.0,14.0,41.0,51.0,82.0,7.0,25.0,27.0,2.0,208.0,9.0,323.0,4.0,20.0,10.0,16.0,79.0,20.0,8.0,0.0,25.0,17.0,80.0,28.0,316.0,37.0,13.0,280.0,141.0,56.0,22.0,23.0,8.0,94.0,27.0,128.0,38.0,28.0,308.0,46.0,83.0,415.0,5.0,96.0,34.0,85.0,22.0,35.0,109.0,326.0,122.0,613.0,4.0,23.0,272.0,172.0,235.0,1031.0,143.0,90.0,41.0,103.0,498.0,27.0,436.0,36.0,1908.0,10.0,83.0,292.0,203.0,3.0,102.0,58.0,0.0,737.0,27.0,23.0,56.0,17.0,62.0,91.0,11.0,58.0,55.0,164.0,247.0,1.0,9.0,0.0,34.0,14.0,45.0,69.0,12.0,75.0,0.0,18.0,14.0,4.0,31.0,0.0,156.0,18.0,86.0,16.0,2.0,3.0,81.0,15.0,207.0,133.0,153.0,4.0,68.0,24.0,29.0,720.0,109.0,1.0,50.0,9.0,5.0,13.0,47.0,3.0,22.0,29.0,185.0,23.0,0.0,53.0,6.0,29.0,22719.0,1135.0,0.0,290.0,27.0,86.0,375.0,119.0,792.0,16.0,1.0,18.0,7.0,29.0,93.0,0.0,68.0,37.0,2.0,13.0,61.0,109.0,19.0,68.0,22.0,49.0,28.0,13.0,10.0,18.0,8.0,19.0,63.0,61.0,5.0,8.0,43.0,188.0,24.0,3859.0,3925.0,12.0,13.0,19.0,29.0,16.0,143.0,37.0,11.0,6.0,50.0,49.0,73.0,14.0,23.0,3.0,49.0,490.0,213.0,25.0,57.0,96.0,60.0,13.0,123.0,50.0,12.0,28.0,0.0,8.0,0.0,26.0,18.0,7.0,25.0,28.0,8.0,94.0,35.0,24.0,214.0,3.0,216.0,120.0,57.0,54.0,2.0,46.0,115.0,481.0,524.0,3.0,10.0,6.0,90.0,24.0,12.0,14.0,5.0,108.0,393.0,30.0,18.0,106.0,1.0,36.0,33.0,76.0,27.0,15.0,5.0,6.0,34.0,10.0,14.0,23.0,8.0,242.0,81.0,3.0,81.0,25.0,13.0,65.0,64.0,6.0,53.0,28.0,22.0,26.0,22.0,26.0,344.0,26.0,177.0,14.0,76.0,12.0,3.0,4.0,20.0,92.0,115.0,3.0,307.0,1312.0,257.0,39.0,2.0,18.0,2.0,3.0,23.0,15.0,59.0,64.0,12.0,56.0,0.0,146.0,136.0,4.0,30.0,7.0,15.0,9.0,100.0,25.0,35.0,113.0,8.0,10.0,28.0,20.0,6.0,25.0,83.0,94.0,7.0,357.0,25.0,13.0,43.0,14.0,95.0,13.0,15.0,21.0,18.0,121.0,143.0,46.0,31.0,46.0,39.0,315.0,18.0,14.0,17.0,20.0,170.0,32.0,21.0,4.0,11.0,21.0,135.0,4.0,17.0,54.0,10.0,18.0,186.0,13.0,97.0,21.0,32.0,13.0,26.0,15.0,76.0,8.0,89.0,1.0,15.0,28.0,0.0,112.0,10.0,59.0,2.0,20.0,28.0,2.0,442.0,137.0,77.0,47.0,26.0,14.0,19.0,27.0,19.0,25.0,10.0,45.0,25.0,47.0,201.0,31.0,129.0,21.0,18.0,5.0,210.0,44.0,0.0,327.0,18.0,78.0,21.0,19.0,12.0,128.0,56.0,2.0,35.0,6.0,53.0,123.0,22.0,25.0,30.0,3.0,24.0,18.0,70.0,21.0,35.0,40.0,135.0,371.0,18.0,197.0,396.0,17.0,74.0,0.0,0.0,1275.0,269.0,52.0,61.0,18.0,12.0,23.0,28.0,60.0,32.0,20.0,43.0,6.0,8.0,58.0,18.0,24.0,215.0,5.0,75.0,5.0,15.0,19.0,23.0,22.0,8.0,8.0,10.0,29.0,413.0,5.0,69.0,69.0,18.0,13.0,77.0,106.0,30.0,76.0,4.0,58.0,4.0,0.0,93.0,124.0,40.0,487.0,7.0,34.0,16.0,108.0,606.0,139.0,25.0,126.0,67.0,127.0,20.0,64.0,14.0,8.0,34.0,45.0,9.0,144.0,84.0,236.0,47.0,61.0,21.0,31.0,52.0,134.0,541.0,434.0,0.0,25.0,28.0,58.0,221.0,123.0,20.0,13.0,51.0,50.0,2.0,0.0,1.0,37.0,30.0,99.0,33.0,37.0,55.0,67.0,100.0,14.0,22.0,40.0,7.0,85.0,49.0,18.0,11.0,10.0,21.0,29.0,21.0,24.0,3.0,20.0,10.0,40.0,25.0,63.0,8.0,24.0,17.0,11.0,35.0,10.0,29.0,14.0,10.0,32.0,4.0,23.0,5.0,8.0,22.0,26.0,16.0,28.0,149.0,122.0,3.0,15.0,104.0,61.0,26.0,19.0,8.0,78.0,62.0,27.0,24.0,15.0,29.0,82.0,21.0,17.0,15.0,28.0,38.0,0.0,10.0,30.0,10.0,2.0,20.0,14.0,97.0,4.0,16.0,45.0,0.0,9.0,468.0,135.0,17.0,234.0,440.0,95.0,33.0,34.0,35.0,64.0,358.0,136.0,468.0,61.0,34.0,21.0,32.0,28.0,11.0,82.0,47.0,59.0,3.0,26.0,9.0,11.0,40.0,18.0,250.0,1122.0,17.0,13.0,90.0,34.0,27.0,186.0,35.0,292.0,17.0,37.0,205.0,0.0,3.0,44.0,11.0,281.0,6.0,61.0,36.0,20.0,96.0,6.0,86.0,111.0,28.0,42.0,116.0,83.0,25.0,143.0,29.0,56.0,21.0,345.0,33.0,36.0,28.0,25.0,16.0,110.0,61.0,4.0,145.0,39.0,16.0,42.0,2.0,33.0,13.0,50.0,16.0,13.0,21.0,73.0,40.0,50.0,40.0,8.0,13.0,29.0,5.0,18.0,133.0,51.0,114.0,62.0,1.0,9.0,81.0,32.0,15.0,2.0,56.0,1.0,22.0,60.0,69.0,10.0,29.0,50.0,528.0,62.0,22.0,21.0,35.0,85.0,49.0,18.0,129.0,60.0,45.0,28.0,20.0,63.0,23.0,5.0,32.0,416.0,37.0,79.0,25.0,29.0,0.0,15.0,195.0,47.0,47.0,193.0,274.0,74.0,2767.0,13.0,12.0,31.0,159.0,1510.0,187.0,77.0,16.0,37.0,16.0,25.0
Naldini_PT01_HSPC,12.0,1.0,8.0,15.0,6.0,13.0,5.0,4.0,36.0,6.0,31.0,44.0,11.0,15.0,20.0,23.0,71.0,24.0,17.0,9.0,2.0,9.0,24.0,9.0,0.0,9.0,23.0,4.0,72.0,132.0,24.0,171.0,1.0,5.0,3.0,38.0,2.0,1.0,8.0,8.0,418.0,66.0,18.0,3.0,140.0,54.0,1.0,104.0,1804.0,122.0,35.0,90.0,0.0,6.0,3.0,10.0,7.0,10.0,10.0,49.0,70.0,70.0,24.0,28.0,85.0,26.0,28.0,8.0,0.0,44.0,107.0,7.0,104.0,845.0,31.0,5.0,5.0,8.0,24.0,11.0,25.0,3.0,10.0,3.0,5.0,138.0,27.0,504.0,7.0,7.0,5.0,10.0,48.0,11.0,4.0,0.0,20.0,1.0,6.0,4.0,174.0,26.0,7.0,96.0,55.0,17.0,1.0,13.0,6.0,19.0,6.0,40.0,14.0,2.0,140.0,17.0,69.0,499.0,2.0,15.0,22.0,28.0,20.0,34.0,17.0,109.0,4.0,399.0,14.0,4.0,144.0,27.0,94.0,586.0,112.0,34.0,23.0,114.0,253.0,34.0,46.0,9.0,2786.0,8.0,38.0,11.0,98.0,12.0,21.0,106.0,4.0,237.0,34.0,15.0,63.0,8.0,48.0,108.0,4.0,38.0,35.0,0.0,139.0,12.0,3.0,0.0,32.0,14.0,3.0,15.0,6.0,14.0,333.0,14.0,22.0,4.0,6.0,22.0,120.0,17.0,51.0,1.0,4.0,1.0,134.0,2.0,35.0,94.0,133.0,1.0,20.0,13.0,158.0,363.0,50.0,4.0,15.0,9.0,10.0,1.0,12.0,5.0,12.0,9.0,86.0,6.0,12.0,25.0,3.0,8.0,9002.0,709.0,0.0,47.0,7.0,50.0,135.0,18.0,1010.0,7.0,8.0,9.0,12.0,9.0,8.0,154.0,20.0,17.0,6.0,8.0,42.0,101.0,13.0,20.0,21.0,14.0,5.0,8.0,11.0,7.0,3.0,37.0,56.0,35.0,0.0,9.0,14.0,42.0,6.0,3400.0,1854.0,12.0,6.0,11.0,9.0,4.0,22.0,10.0,4.0,7.0,14.0,0.0,38.0,13.0,21.0,7.0,24.0,184.0,16.0,22.0,25.0,29.0,11.0,2.0,25.0,40.0,0.0,31.0,3.0,3.0,0.0,14.0,5.0,6.0,25.0,7.0,5.0,58.0,27.0,9.0,131.0,4.0,70.0,92.0,57.0,60.0,1.0,28.0,52.0,334.0,161.0,9.0,13.0,7.0,49.0,37.0,5.0,4.0,5.0,60.0,222.0,26.0,8.0,68.0,0.0,12.0,29.0,15.0,13.0,6.0,1.0,3.0,4.0,3.0,0.0,18.0,11.0,58.0,18.0,2.0,5.0,36.0,0.0,38.0,19.0,5.0,18.0,6.0,9.0,6.0,8.0,23.0,44.0,17.0,22.0,6.0,47.0,3.0,2.0,4.0,2.0,44.0,39.0,3.0,90.0,495.0,170.0,9.0,2.0,1.0,1.0,4.0,6.0,3.0,19.0,8.0,12.0,85.0,0.0,86.0,68.0,0.0,8.0,5.0,7.0,39.0,60.0,2.0,60.0,102.0,5.0,8.0,11.0,16.0,2.0,13.0,105.0,16.0,2.0,2.0,0.0,4.0,29.0,0.0,59.0,15.0,6.0,5.0,2.0,93.0,12.0,8.0,24.0,7.0,46.0,188.0,7.0,1.0,9.0,7.0,84.0,9.0,34.0,6.0,12.0,20.0,2.0,2.0,17.0,199.0,4.0,5.0,104.0,17.0,36.0,18.0,8.0,4.0,4.0,9.0,5.0,1.0,19.0,3.0,9.0,13.0,26.0,33.0,5.0,23.0,0.0,11.0,9.0,1.0,140.0,34.0,51.0,25.0,26.0,7.0,5.0,7.0,7.0,25.0,21.0,14.0,8.0,9.0,107.0,4.0,44.0,7.0,12.0,1.0,116.0,3.0,1.0,5.0,10.0,63.0,10.0,11.0,5.0,32.0,43.0,82.0,15.0,4.0,18.0,2.0,9.0,11.0,14.0,0.0,8.0,7.0,22.0,12.0,18.0,15.0,77.0,122.0,11.0,72.0,384.0,10.0,50.0,0.0,11.0,537.0,78.0,7.0,0.0,7.0,8.0,11.0,39.0,22.0,12.0,5.0,9.0,1.0,7.0,64.0,20.0,14.0,79.0,10.0,14.0,2.0,9.0,7.0,13.0,5.0,7.0,4.0,16.0,2.0,164.0,5.0,80.0,63.0,30.0,20.0,54.0,156.0,11.0,44.0,2.0,45.0,4.0,1.0,42.0,41.0,8.0,215.0,30.0,7.0,11.0,29.0,226.0,41.0,22.0,68.0,70.0,7.0,15.0,63.0,10.0,1.0,6.0,18.0,3.0,257.0,32.0,111.0,27.0,52.0,24.0,18.0,47.0,117.0,263.0,150.0,4.0,10.0,11.0,11.0,20.0,20.0,14.0,5.0,18.0,28.0,4.0,73.0,0.0,10.0,8.0,342.0,7.0,8.0,11.0,33.0,59.0,5.0,64.0,18.0,4.0,45.0,66.0,4.0,6.0,3.0,14.0,13.0,6.0,15.0,5.0,3.0,4.0,2.0,6.0,26.0,9.0,16.0,8.0,3.0,10.0,9.0,11.0,9.0,5.0,9.0,22.0,18.0,1.0,2.0,4.0,7.0,11.0,25.0,33.0,42.0,1.0,5.0,19.0,21.0,9.0,40.0,10.0,41.0,48.0,13.0,8.0,7.0,10.0,22.0,14.0,11.0,7.0,4.0,20.0,7.0,4.0,5.0,4.0,7.0,5.0,6.0,31.0,1.0,12.0,13.0,4.0,7.0,340.0,66.0,5.0,265.0,97.0,8.0,17.0,8.0,23.0,66.0,227.0,68.0,187.0,33.0,21.0,17.0,5.0,13.0,11.0,47.0,2.0,8.0,3.0,27.0,13.0,6.0,18.0,11.0,219.0,250.0,26.0,5.0,59.0,10.0,25.0,76.0,18.0,49.0,5.0,5.0,55.0,1.0,2.0,8.0,22.0,62.0,4.0,58.0,38.0,12.0,76.0,7.0,60.0,27.0,8.0,11.0,143.0,44.0,11.0,105.0,16.0,27.0,19.0,134.0,7.0,11.0,10.0,8.0,15.0,52.0,9.0,2.0,87.0,13.0,12.0,11.0,4.0,12.0,11.0,36.0,9.0,7.0,25.0,33.0,10.0,7.0,36.0,0.0,6.0,2.0,1.0,2.0,54.0,18.0,56.0,13.0,10.0,8.0,34.0,33.0,13.0,1.0,32.0,0.0,7.0,23.0,26.0,5.0,17.0,34.0,261.0,41.0,14.0,13.0,16.0,33.0,10.0,10.0,22.0,51.0,10.0,8.0,12.0,47.0,6.0,0.0,19.0,47.0,14.0,33.0,8.0,8.0,9.0,10.0,152.0,196.0,10.0,66.0,160.0,8.0,1107.0,6.0,18.0,17.0,113.0,677.0,155.0,34.0,1.0,3.0,10.0,9.0
Naldini_PT01_LSPC,25.0,3.0,11.0,15.0,18.0,39.0,20.0,20.0,94.0,14.0,41.0,136.0,21.0,81.0,74.0,97.0,204.0,67.0,26.0,12.0,0.0,58.0,74.0,35.0,18.0,1.0,37.0,24.0,118.0,337.0,54.0,78.0,49.0,316.0,9.0,291.0,10.0,29.0,14.0,51.0,3692.0,125.0,24.0,9.0,251.0,166.0,20.0,4.0,754.0,285.0,76.0,159.0,1.0,6.0,35.0,20.0,21.0,22.0,30.0,72.0,139.0,144.0,33.0,130.0,247.0,32.0,31.0,25.0,4.0,155.0,338.0,13.0,269.0,103.0,65.0,33.0,26.0,7.0,62.0,39.0,114.0,7.0,2.0,11.0,6.0,325.0,30.0,680.0,21.0,25.0,1.0,18.0,88.0,18.0,17.0,34.0,68.0,14.0,54.0,39.0,287.0,43.0,17.0,226.0,165.0,80.0,10.0,26.0,18.0,84.0,13.0,86.0,14.0,9.0,291.0,48.0,88.0,1142.0,51.0,23.0,35.0,75.0,40.0,97.0,194.0,158.0,358.0,574.0,22.0,14.0,411.0,88.0,554.0,2996.0,450.0,77.0,127.0,170.0,720.0,252.0,331.0,3.0,7979.0,18.0,153.0,20.0,199.0,10.0,49.0,225.0,106.0,1326.0,5.0,38.0,121.0,24.0,68.0,97.0,11.0,4.0,114.0,6.0,516.0,41.0,5.0,1.0,115.0,46.0,20.0,16.0,18.0,73.0,200.0,38.0,0.0,7.0,16.0,64.0,291.0,48.0,111.0,20.0,115.0,24.0,104.0,10.0,233.0,650.0,366.0,16.0,56.0,65.0,64.0,2265.0,165.0,14.0,67.0,16.0,16.0,6.0,50.0,28.0,31.0,59.0,243.0,30.0,15.0,85.0,5.0,48.0,14682.0,1095.0,15.0,526.0,8.0,64.0,1087.0,25.0,2056.0,20.0,2.0,65.0,30.0,37.0,40.0,53.0,48.0,36.0,8.0,58.0,198.0,219.0,53.0,23.0,59.0,17.0,16.0,22.0,9.0,21.0,27.0,220.0,6.0,76.0,3.0,30.0,94.0,230.0,21.0,6802.0,5761.0,33.0,12.0,2.0,16.0,18.0,52.0,58.0,16.0,14.0,52.0,7.0,58.0,34.0,43.0,19.0,57.0,1088.0,60.0,54.0,71.0,187.0,36.0,35.0,58.0,58.0,16.0,51.0,5.0,9.0,3.0,13.0,13.0,72.0,66.0,6.0,4.0,116.0,74.0,40.0,117.0,42.0,1565.0,164.0,140.0,79.0,1.0,67.0,178.0,1044.0,632.0,13.0,34.0,8.0,123.0,29.0,18.0,30.0,10.0,107.0,281.0,25.0,3.0,143.0,9.0,47.0,71.0,123.0,46.0,11.0,16.0,38.0,14.0,12.0,3.0,31.0,26.0,130.0,35.0,0.0,112.0,46.0,59.0,344.0,198.0,13.0,65.0,10.0,21.0,15.0,36.0,105.0,74.0,28.0,36.0,16.0,172.0,49.0,16.0,7.0,7.0,59.0,209.0,30.0,167.0,1259.0,219.0,36.0,49.0,12.0,18.0,6.0,19.0,3.0,70.0,33.0,37.0,176.0,0.0,191.0,157.0,22.0,12.0,9.0,9.0,258.0,151.0,19.0,173.0,253.0,18.0,18.0,24.0,82.0,12.0,32.0,216.0,110.0,12.0,3.0,5.0,11.0,58.0,6.0,178.0,23.0,10.0,19.0,16.0,195.0,296.0,66.0,23.0,34.0,151.0,800.0,42.0,68.0,18.0,33.0,210.0,58.0,30.0,14.0,10.0,23.0,5.0,20.0,40.0,87.0,8.0,12.0,178.0,18.0,121.0,31.0,20.0,18.0,11.0,28.0,17.0,9.0,57.0,109.0,25.0,34.0,81.0,38.0,7.0,70.0,11.0,48.0,33.0,1.0,159.0,192.0,75.0,96.0,34.0,8.0,7.0,28.0,35.0,80.0,16.0,51.0,30.0,30.0,275.0,21.0,177.0,16.0,42.0,8.0,177.0,8.0,2.0,13.0,16.0,101.0,30.0,34.0,18.0,75.0,6.0,58.0,74.0,89.0,49.0,8.0,28.0,44.0,64.0,45.0,16.0,23.0,61.0,39.0,22.0,62.0,129.0,269.0,12.0,117.0,929.0,17.0,8.0,0.0,41.0,2895.0,117.0,44.0,9.0,16.0,31.0,41.0,78.0,47.0,18.0,6.0,19.0,14.0,74.0,121.0,32.0,15.0,482.0,10.0,24.0,7.0,29.0,12.0,38.0,30.0,6.0,17.0,7.0,11.0,316.0,11.0,125.0,72.0,48.0,110.0,134.0,226.0,48.0,157.0,24.0,120.0,27.0,17.0,58.0,18.0,64.0,683.0,9.0,45.0,12.0,120.0,443.0,77.0,44.0,203.0,174.0,0.0,27.0,108.0,50.0,3.0,37.0,6.0,14.0,807.0,116.0,290.0,91.0,104.0,91.0,32.0,117.0,238.0,734.0,739.0,48.0,16.0,25.0,34.0,88.0,91.0,28.0,25.0,70.0,58.0,7.0,72.0,1.0,41.0,34.0,301.0,117.0,29.0,65.0,113.0,171.0,12.0,74.0,28.0,8.0,69.0,97.0,10.0,33.0,7.0,23.0,62.0,22.0,9.0,19.0,19.0,12.0,35.0,9.0,42.0,17.0,26.0,42.0,20.0,27.0,7.0,38.0,14.0,8.0,9.0,63.0,95.0,3.0,30.0,29.0,39.0,41.0,19.0,165.0,136.0,8.0,10.0,72.0,49.0,40.0,71.0,26.0,83.0,70.0,27.0,23.0,26.0,48.0,43.0,12.0,28.0,15.0,2.0,50.0,24.0,10.0,52.0,13.0,7.0,35.0,16.0,132.0,12.0,48.0,29.0,46.0,19.0,738.0,103.0,39.0,214.0,431.0,10.0,111.0,79.0,89.0,180.0,382.0,188.0,481.0,39.0,84.0,14.0,49.0,22.0,28.0,145.0,92.0,22.0,26.0,83.0,40.0,26.0,25.0,10.0,321.0,1164.0,55.0,17.0,191.0,51.0,43.0,243.0,49.0,151.0,35.0,24.0,156.0,5.0,5.0,10.0,16.0,613.0,25.0,174.0,91.0,17.0,164.0,7.0,208.0,100.0,25.0,73.0,406.0,134.0,41.0,324.0,31.0,72.0,27.0,297.0,30.0,32.0,65.0,124.0,21.0,203.0,29.0,36.0,271.0,39.0,43.0,69.0,8.0,29.0,30.0,132.0,26.0,4.0,48.0,196.0,4.0,46.0,130.0,2.0,7.0,6.0,3.0,1.0,7.0,73.0,137.0,33.0,23.0,23.0,201.0,14.0,24.0,2.0,192.0,2.0,14.0,64.0,76.0,15.0,51.0,64.0,870.0,199.0,33.0,29.0,27.0,28.0,4.0,18.0,63.0,123.0,70.0,18.0,31.0,126.0,14.0,53.0,43.0,1443.0,50.0,72.0,16.0,26.0,3.0,71.0,361.0,24.0,8.0,274.0,349.0,8.0,2861.0,73.0,37.0,81.0,247.0,2344.0,475.0,93.0,10.0,13.0,15.0,11.0
Naldini_PT02_HSPC,2.0,0.0,0.0,1.0,1.0,3.0,1.0,4.0,7.0,4.0,7.0,6.0,1.0,4.0,8.0,6.0,11.0,8.0,1.0,0.0,0.0,0.0,6.0,0.0,0.0,1.0,3.0,2.0,21.0,41.0,6.0,22.0,0.0,0.0,2.0,12.0,1.0,3.0,2.0,3.0,46.0,21.0,1.0,0.0,23.0,4.0,2.0,16.0,108.0,23.0,1.0,25.0,0.0,1.0,0.0,3.0,1.0,1.0,2.0,6.0,2.0,21.0,10.0,7.0,17.0,6.0,2.0,1.0,0.0,6.0,18.0,0.0,15.0,82.0,13.0,4.0,2.0,0.0,6.0,9.0,3.0,1.0,1.0,1.0,0.0,20.0,2.0,81.0,1.0,1.0,2.0,2.0,7.0,2.0,1.0,0.0,1.0,2.0,1.0,1.0,44.0,3.0,2.0,9.0,10.0,2.0,0.0,2.0,3.0,7.0,1.0,2.0,3.0,0.0,38.0,0.0,7.0,61.0,0.0,3.0,2.0,5.0,2.0,7.0,6.0,35.0,0.0,120.0,6.0,3.0,40.0,5.0,24.0,170.0,16.0,4.0,3.0,18.0,39.0,2.0,26.0,5.0,627.0,4.0,9.0,1.0,35.0,3.0,2.0,2.0,2.0,72.0,3.0,5.0,15.0,2.0,7.0,26.0,0.0,15.0,5.0,0.0,24.0,5.0,0.0,0.0,7.0,7.0,2.0,5.0,0.0,1.0,23.0,2.0,1.0,3.0,0.0,0.0,23.0,3.0,8.0,0.0,0.0,0.0,26.0,2.0,5.0,18.0,21.0,0.0,3.0,5.0,19.0,73.0,5.0,0.0,2.0,1.0,3.0,2.0,2.0,0.0,2.0,5.0,21.0,1.0,0.0,8.0,0.0,1.0,2764.0,194.0,1.0,12.0,0.0,2.0,18.0,4.0,184.0,0.0,0.0,0.0,2.0,3.0,1.0,14.0,9.0,2.0,0.0,2.0,18.0,40.0,2.0,2.0,2.0,3.0,1.0,2.0,4.0,1.0,0.0,9.0,23.0,10.0,0.0,0.0,4.0,16.0,4.0,435.0,394.0,0.0,2.0,0.0,1.0,1.0,6.0,0.0,1.0,1.0,1.0,0.0,10.0,4.0,4.0,3.0,4.0,38.0,4.0,4.0,11.0,6.0,4.0,1.0,7.0,6.0,0.0,2.0,0.0,0.0,0.0,1.0,0.0,2.0,1.0,0.0,0.0,17.0,2.0,4.0,99.0,1.0,33.0,26.0,9.0,13.0,0.0,11.0,5.0,66.0,37.0,3.0,2.0,1.0,4.0,6.0,2.0,2.0,0.0,7.0,67.0,4.0,2.0,20.0,0.0,3.0,6.0,3.0,5.0,2.0,0.0,1.0,0.0,1.0,0.0,3.0,1.0,30.0,8.0,0.0,2.0,2.0,1.0,13.0,2.0,2.0,1.0,3.0,1.0,2.0,2.0,3.0,18.0,4.0,5.0,0.0,13.0,0.0,0.0,0.0,0.0,8.0,10.0,0.0,23.0,73.0,53.0,3.0,2.0,0.0,3.0,0.0,5.0,0.0,2.0,0.0,3.0,17.0,0.0,21.0,12.0,0.0,0.0,2.0,2.0,4.0,18.0,2.0,8.0,18.0,0.0,1.0,4.0,8.0,0.0,3.0,2.0,7.0,1.0,9.0,0.0,1.0,2.0,1.0,3.0,4.0,0.0,1.0,3.0,24.0,7.0,2.0,4.0,2.0,5.0,40.0,1.0,0.0,1.0,2.0,19.0,2.0,3.0,4.0,0.0,4.0,4.0,1.0,1.0,58.0,0.0,0.0,31.0,6.0,12.0,3.0,1.0,2.0,0.0,3.0,2.0,2.0,4.0,2.0,1.0,3.0,5.0,7.0,1.0,2.0,4.0,2.0,3.0,0.0,19.0,10.0,22.0,7.0,6.0,0.0,0.0,2.0,0.0,6.0,4.0,1.0,0.0,5.0,16.0,0.0,25.0,1.0,2.0,0.0,31.0,1.0,0.0,1.0,0.0,6.0,3.0,1.0,1.0,7.0,0.0,3.0,1.0,0.0,7.0,0.0,2.0,2.0,5.0,0.0,1.0,0.0,5.0,6.0,5.0,1.0,15.0,26.0,1.0,7.0,79.0,0.0,11.0,0.0,1.0,104.0,35.0,2.0,1.0,0.0,2.0,2.0,8.0,5.0,2.0,0.0,1.0,2.0,0.0,8.0,2.0,6.0,30.0,1.0,1.0,0.0,2.0,1.0,6.0,3.0,2.0,1.0,1.0,0.0,32.0,0.0,11.0,17.0,3.0,1.0,9.0,28.0,1.0,8.0,1.0,13.0,1.0,0.0,9.0,9.0,7.0,35.0,0.0,1.0,4.0,10.0,32.0,15.0,4.0,5.0,18.0,0.0,5.0,5.0,2.0,0.0,1.0,5.0,0.0,24.0,9.0,17.0,2.0,9.0,4.0,4.0,11.0,21.0,47.0,32.0,0.0,5.0,2.0,2.0,15.0,8.0,4.0,3.0,5.0,1.0,3.0,9.0,0.0,1.0,4.0,88.0,0.0,1.0,3.0,3.0,15.0,2.0,12.0,7.0,1.0,9.0,9.0,1.0,1.0,1.0,3.0,8.0,0.0,2.0,4.0,0.0,0.0,1.0,2.0,1.0,0.0,3.0,2.0,0.0,7.0,0.0,2.0,2.0,1.0,3.0,12.0,10.0,0.0,0.0,1.0,4.0,2.0,3.0,5.0,4.0,1.0,0.0,4.0,4.0,4.0,5.0,1.0,8.0,8.0,2.0,5.0,2.0,2.0,2.0,3.0,3.0,3.0,0.0,7.0,3.0,1.0,0.0,0.0,1.0,1.0,1.0,7.0,0.0,4.0,3.0,0.0,3.0,61.0,33.0,1.0,64.0,32.0,1.0,2.0,0.0,4.0,8.0,71.0,22.0,43.0,7.0,9.0,1.0,2.0,3.0,1.0,14.0,2.0,0.0,0.0,6.0,1.0,3.0,1.0,5.0,38.0,46.0,9.0,4.0,17.0,2.0,6.0,26.0,4.0,9.0,1.0,0.0,10.0,0.0,2.0,4.0,5.0,25.0,0.0,7.0,8.0,9.0,21.0,0.0,8.0,2.0,1.0,5.0,16.0,15.0,3.0,24.0,3.0,4.0,5.0,24.0,2.0,2.0,2.0,6.0,1.0,6.0,0.0,0.0,22.0,7.0,5.0,4.0,0.0,1.0,1.0,4.0,0.0,0.0,1.0,8.0,9.0,4.0,8.0,0.0,0.0,0.0,0.0,0.0,11.0,2.0,19.0,1.0,4.0,0.0,4.0,7.0,4.0,0.0,8.0,0.0,3.0,6.0,4.0,1.0,5.0,11.0,52.0,18.0,8.0,4.0,3.0,7.0,1.0,2.0,0.0,14.0,3.0,3.0,1.0,10.0,0.0,0.0,3.0,14.0,5.0,8.0,0.0,0.0,0.0,2.0,31.0,36.0,1.0,20.0,66.0,3.0,160.0,2.0,3.0,10.0,14.0,133.0,34.0,7.0,0.0,0.0,1.0,1.0
Naldini_PT02_LSPC,2.0,0.0,1.0,0.0,2.0,9.0,2.0,5.0,14.0,2.0,12.0,15.0,1.0,6.0,4.0,9.0,21.0,13.0,3.0,0.0,0.0,3.0,11.0,2.0,2.0,2.0,6.0,4.0,14.0,28.0,5.0,16.0,9.0,16.0,15.0,34.0,0.0,1.0,3.0,4.0,286.0,24.0,5.0,1.0,20.0,9.0,1.0,9.0,179.0,30.0,6.0,24.0,0.0,1.0,1.0,5.0,5.0,6.0,2.0,12.0,24.0,28.0,8.0,14.0,19.0,10.0,8.0,2.0,1.0,13.0,34.0,1.0,25.0,47.0,7.0,4.0,1.0,0.0,4.0,13.0,6.0,2.0,3.0,5.0,0.0,43.0,4.0,83.0,1.0,4.0,1.0,6.0,7.0,4.0,1.0,1.0,4.0,1.0,5.0,4.0,81.0,6.0,2.0,21.0,32.0,3.0,0.0,3.0,1.0,12.0,1.0,11.0,4.0,0.0,55.0,2.0,9.0,96.0,6.0,7.0,15.0,18.0,7.0,12.0,18.0,21.0,30.0,131.0,7.0,2.0,55.0,14.0,35.0,294.0,47.0,9.0,5.0,11.0,82.0,17.0,113.0,13.0,797.0,2.0,11.0,3.0,55.0,1.0,14.0,22.0,23.0,177.0,4.0,10.0,15.0,6.0,14.0,38.0,1.0,7.0,6.0,4.0,26.0,4.0,5.0,0.0,5.0,5.0,5.0,8.0,4.0,7.0,11.0,1.0,1.0,1.0,4.0,2.0,32.0,3.0,10.0,5.0,9.0,1.0,19.0,0.0,18.0,57.0,69.0,2.0,38.0,33.0,18.0,219.0,12.0,3.0,11.0,0.0,6.0,1.0,3.0,1.0,9.0,5.0,26.0,3.0,0.0,13.0,0.0,1.0,2938.0,158.0,0.0,29.0,1.0,5.0,85.0,5.0,245.0,2.0,0.0,6.0,1.0,5.0,16.0,1.0,3.0,7.0,6.0,4.0,25.0,30.0,4.0,5.0,10.0,2.0,2.0,3.0,1.0,1.0,3.0,24.0,6.0,9.0,1.0,1.0,20.0,24.0,4.0,683.0,537.0,3.0,1.0,0.0,2.0,4.0,11.0,2.0,4.0,3.0,7.0,0.0,7.0,7.0,8.0,1.0,7.0,104.0,5.0,12.0,6.0,14.0,5.0,5.0,6.0,7.0,0.0,6.0,1.0,4.0,0.0,2.0,2.0,7.0,4.0,2.0,0.0,17.0,17.0,3.0,64.0,4.0,144.0,28.0,16.0,6.0,0.0,17.0,27.0,110.0,61.0,4.0,4.0,1.0,15.0,15.0,5.0,2.0,1.0,19.0,65.0,5.0,3.0,32.0,0.0,3.0,7.0,15.0,6.0,5.0,0.0,4.0,2.0,4.0,0.0,4.0,0.0,34.0,30.0,0.0,4.0,6.0,5.0,40.0,25.0,1.0,8.0,0.0,1.0,1.0,4.0,7.0,20.0,10.0,1.0,1.0,19.0,8.0,4.0,1.0,0.0,12.0,56.0,7.0,15.0,139.0,73.0,4.0,1.0,6.0,7.0,8.0,1.0,1.0,4.0,4.0,3.0,30.0,0.0,23.0,26.0,0.0,1.0,1.0,3.0,25.0,38.0,0.0,17.0,24.0,3.0,3.0,3.0,6.0,3.0,8.0,13.0,10.0,1.0,7.0,0.0,0.0,19.0,1.0,23.0,3.0,5.0,2.0,0.0,19.0,9.0,5.0,1.0,4.0,15.0,90.0,4.0,10.0,2.0,2.0,26.0,4.0,9.0,4.0,5.0,4.0,7.0,3.0,9.0,38.0,2.0,1.0,44.0,2.0,20.0,2.0,2.0,2.0,4.0,4.0,10.0,1.0,4.0,4.0,2.0,4.0,1.0,8.0,0.0,7.0,3.0,7.0,1.0,0.0,45.0,16.0,26.0,13.0,5.0,0.0,1.0,3.0,10.0,11.0,0.0,3.0,3.0,2.0,44.0,6.0,28.0,4.0,2.0,0.0,33.0,2.0,5.0,3.0,2.0,10.0,4.0,7.0,6.0,17.0,0.0,0.0,11.0,2.0,3.0,1.0,3.0,3.0,6.0,6.0,4.0,0.0,15.0,7.0,5.0,2.0,33.0,38.0,0.0,21.0,68.0,3.0,3.0,0.0,5.0,240.0,34.0,9.0,1.0,2.0,7.0,9.0,14.0,10.0,5.0,1.0,3.0,3.0,3.0,18.0,7.0,2.0,81.0,5.0,3.0,1.0,3.0,1.0,3.0,6.0,3.0,0.0,2.0,0.0,56.0,0.0,9.0,30.0,3.0,11.0,15.0,40.0,6.0,9.0,0.0,19.0,5.0,5.0,7.0,9.0,6.0,71.0,7.0,3.0,5.0,9.0,42.0,17.0,9.0,25.0,31.0,0.0,1.0,10.0,2.0,0.0,10.0,4.0,5.0,50.0,7.0,50.0,9.0,14.0,4.0,3.0,23.0,29.0,76.0,72.0,2.0,1.0,1.0,0.0,49.0,18.0,6.0,4.0,7.0,7.0,1.0,5.0,0.0,3.0,3.0,49.0,6.0,4.0,5.0,10.0,17.0,1.0,11.0,11.0,2.0,11.0,17.0,1.0,4.0,1.0,0.0,6.0,4.0,5.0,3.0,1.0,5.0,9.0,1.0,6.0,1.0,9.0,6.0,1.0,6.0,0.0,2.0,4.0,2.0,3.0,17.0,9.0,1.0,2.0,6.0,2.0,2.0,4.0,14.0,14.0,2.0,1.0,6.0,4.0,2.0,10.0,7.0,24.0,11.0,2.0,2.0,4.0,2.0,4.0,4.0,3.0,2.0,0.0,9.0,6.0,0.0,5.0,1.0,1.0,4.0,3.0,19.0,0.0,4.0,9.0,8.0,2.0,84.0,35.0,7.0,37.0,52.0,1.0,19.0,3.0,11.0,13.0,65.0,20.0,60.0,8.0,6.0,3.0,6.0,3.0,3.0,20.0,9.0,3.0,1.0,17.0,0.0,6.0,2.0,6.0,51.0,169.0,7.0,1.0,29.0,9.0,2.0,12.0,6.0,38.0,2.0,1.0,15.0,0.0,1.0,1.0,5.0,66.0,1.0,14.0,5.0,5.0,24.0,2.0,18.0,8.0,3.0,8.0,32.0,11.0,4.0,36.0,15.0,6.0,6.0,37.0,6.0,2.0,9.0,6.0,1.0,26.0,4.0,1.0,42.0,4.0,7.0,5.0,0.0,3.0,4.0,6.0,2.0,2.0,5.0,10.0,1.0,4.0,10.0,0.0,2.0,1.0,1.0,0.0,7.0,8.0,29.0,7.0,1.0,4.0,19.0,4.0,2.0,0.0,10.0,0.0,3.0,6.0,6.0,2.0,8.0,9.0,90.0,19.0,7.0,5.0,8.0,8.0,1.0,1.0,9.0,8.0,8.0,5.0,1.0,15.0,4.0,9.0,6.0,100.0,12.0,12.0,2.0,0.0,2.0,11.0,58.0,23.0,1.0,17.0,77.0,2.0,525.0,18.0,4.0,10.0,37.0,164.0,47.0,15.0,1.0,4.0,4.0,1.0
Naldini_PT06_HSPC,39.0,6.0,15.0,56.0,11.0,41.0,41.0,22.0,121.0,49.0,33.0,131.0,37.0,65.0,35.0,59.0,291.0,88.0,36.0,26.0,9.0,24.0,149.0,31.0,7.0,41.0,145.0,18.0,266.0,682.0,76.0,722.0,7.0,0.0,13.0,288.0,12.0,8.0,8.0,50.0,2554.0,359.0,61.0,8.0,435.0,273.0,2.0,290.0,274.0,456.0,115.0,351.0,0.0,41.0,6.0,23.0,30.0,16.0,22.0,202.0,212.0,273.0,58.0,218.0,523.0,125.0,86.0,32.0,8.0,305.0,715.0,14.0,466.0,4415.0,177.0,71.0,32.0,16.0,120.0,65.0,98.0,13.0,27.0,11.0,16.0,673.0,86.0,2697.0,37.0,34.0,26.0,41.0,76.0,47.0,24.0,3.0,109.0,26.0,20.0,11.0,469.0,77.0,41.0,491.0,192.0,116.0,26.0,36.0,48.0,40.0,35.0,173.0,50.0,2.0,901.0,80.0,409.0,2622.0,0.0,64.0,64.0,95.0,68.0,151.0,17.0,680.0,0.0,2520.0,20.0,18.0,951.0,137.0,290.0,3976.0,393.0,206.0,75.0,596.0,1683.0,149.0,505.0,6.0,13691.0,13.0,162.0,79.0,643.0,116.0,74.0,367.0,2.0,768.0,289.0,68.0,416.0,47.0,189.0,252.0,15.0,196.0,211.0,0.0,1136.0,65.0,14.0,6.0,223.0,97.0,26.0,49.0,14.0,71.0,1582.0,82.0,25.0,10.0,15.0,120.0,482.0,72.0,185.0,0.0,18.0,11.0,211.0,17.0,144.0,258.0,341.0,3.0,510.0,793.0,108.0,958.0,202.0,46.0,66.0,12.0,35.0,21.0,55.0,10.0,87.0,30.0,467.0,51.0,36.0,175.0,2.0,27.0,46052.0,4055.0,2.0,102.0,14.0,77.0,1778.0,39.0,1947.0,26.0,23.0,53.0,9.0,50.0,35.0,353.0,146.0,67.0,21.0,39.0,193.0,389.0,103.0,101.0,88.0,152.0,51.0,56.0,49.0,23.0,14.0,38.0,189.0,167.0,9.0,55.0,70.0,62.0,21.0,20699.0,15514.0,31.0,15.0,20.0,47.0,25.0,86.0,81.0,46.0,25.0,74.0,1.0,165.0,52.0,83.0,28.0,83.0,416.0,98.0,84.0,125.0,81.0,72.0,28.0,87.0,106.0,19.0,137.0,2.0,24.0,37.0,28.0,14.0,16.0,57.0,44.0,8.0,232.0,95.0,32.0,463.0,4.0,72.0,298.0,238.0,219.0,8.0,130.0,243.0,2362.0,965.0,1.0,40.0,18.0,306.0,200.0,22.0,24.0,9.0,466.0,1031.0,152.0,7.0,283.0,4.0,51.0,71.0,72.0,107.0,12.0,28.0,8.0,14.0,17.0,1.0,64.0,8.0,211.0,368.0,17.0,1.0,76.0,3.0,55.0,68.0,14.0,64.0,56.0,19.0,29.0,65.0,135.0,184.0,42.0,40.0,16.0,207.0,2.0,1.0,27.0,5.0,184.0,27.0,0.0,533.0,2617.0,1010.0,63.0,6.0,5.0,4.0,33.0,40.0,17.0,79.0,33.0,27.0,317.0,0.0,380.0,238.0,3.0,38.0,19.0,55.0,8.0,415.0,8.0,294.0,434.0,37.0,23.0,61.0,118.0,16.0,65.0,190.0,80.0,26.0,26.0,2.0,20.0,147.0,17.0,343.0,48.0,16.0,36.0,5.0,578.0,90.0,21.0,86.0,65.0,193.0,846.0,38.0,0.0,52.0,51.0,442.0,52.0,175.0,6.0,18.0,97.0,20.0,9.0,61.0,1216.0,3.0,15.0,535.0,98.0,336.0,69.0,7.0,18.0,18.0,36.0,28.0,3.0,92.0,5.0,27.0,62.0,128.0,230.0,20.0,108.0,3.0,52.0,16.0,1.0,262.0,165.0,253.0,204.0,124.0,39.0,12.0,27.0,24.0,111.0,33.0,179.0,27.0,39.0,475.0,38.0,288.0,23.0,49.0,9.0,557.0,5.0,0.0,38.0,58.0,289.0,53.0,36.0,24.0,134.0,24.0,75.0,14.0,1.0,132.0,0.0,42.0,83.0,31.0,0.0,28.0,32.0,84.0,75.0,38.0,95.0,313.0,741.0,48.0,325.0,1986.0,34.0,29.0,1.0,39.0,3799.0,276.0,27.0,4.0,28.0,55.0,49.0,218.0,110.0,77.0,21.0,60.0,11.0,23.0,256.0,127.0,34.0,207.0,45.0,188.0,1.0,23.0,5.0,47.0,22.0,22.0,41.0,76.0,15.0,652.0,18.0,490.0,232.0,143.0,1.0,93.0,900.0,64.0,278.0,27.0,123.0,53.0,0.0,90.0,104.0,80.0,1280.0,472.0,58.0,28.0,178.0,813.0,276.0,68.0,385.0,390.0,256.0,40.0,235.0,52.0,4.0,27.0,21.0,4.0,793.0,233.0,464.0,89.0,230.0,72.0,137.0,138.0,521.0,1824.0,877.0,28.0,20.0,73.0,41.0,217.0,143.0,33.0,16.0,93.0,66.0,3.0,187.0,2.0,57.0,26.0,1952.0,36.0,12.0,39.0,184.0,343.0,12.0,249.0,56.0,13.0,133.0,293.0,20.0,62.0,16.0,19.0,71.0,4.0,32.0,9.0,8.0,23.0,26.0,13.0,80.0,37.0,37.0,28.0,23.0,39.0,16.0,20.0,20.0,22.0,26.0,5.0,11.0,5.0,4.0,38.0,36.0,87.0,124.0,85.0,322.0,34.0,36.0,91.0,87.0,51.0,211.0,28.0,294.0,471.0,73.0,33.0,17.0,45.0,107.0,33.0,20.0,25.0,20.0,63.0,27.0,27.0,45.0,22.0,4.0,14.0,25.0,98.0,7.0,69.0,14.0,19.0,32.0,2248.0,315.0,24.0,1381.0,650.0,14.0,13.0,51.0,70.0,299.0,1150.0,320.0,960.0,85.0,36.0,73.0,0.0,51.0,62.0,160.0,1.0,39.0,23.0,48.0,47.0,26.0,52.0,51.0,1570.0,2257.0,185.0,4.0,259.0,47.0,86.0,541.0,48.0,192.0,19.0,28.0,203.0,4.0,15.0,34.0,45.0,371.0,1.0,291.0,285.0,414.0,221.0,8.0,209.0,103.0,37.0,68.0,909.0,259.0,52.0,532.0,44.0,108.0,119.0,702.0,32.0,66.0,32.0,29.0,26.0,263.0,51.0,3.0,528.0,35.0,38.0,66.0,9.0,40.0,51.0,206.0,24.0,7.0,114.0,219.0,9.0,36.0,171.0,0.0,4.0,9.0,5.0,16.0,51.0,10.0,194.0,16.0,25.0,3.0,25.0,245.0,63.0,4.0,17.0,0.0,36.0,84.0,96.0,24.0,72.0,178.0,1587.0,256.0,63.0,57.0,113.0,162.0,20.0,40.0,164.0,234.0,163.0,31.0,63.0,200.0,17.0,36.0,104.0,60.0,93.0,153.0,7.0,31.0,41.0,17.0,669.0,736.0,27.0,267.0,768.0,26.0,2724.0,8.0,59.0,154.0,621.0,4247.0,926.0,130.0,5.0,12.0,43.0,45.0
Naldini_PT06_LSPC,1.0,0.0,1.0,2.0,1.0,4.0,0.0,1.0,13.0,2.0,10.0,19.0,0.0,3.0,7.0,7.0,31.0,6.0,5.0,4.0,1.0,2.0,4.0,1.0,0.0,4.0,1.0,2.0,27.0,50.0,6.0,77.0,0.0,0.0,0.0,21.0,2.0,0.0,0.0,4.0,152.0,14.0,3.0,2.0,25.0,13.0,0.0,48.0,5.0,24.0,8.0,17.0,1.0,2.0,4.0,2.0,3.0,1.0,4.0,10.0,9.0,23.0,10.0,14.0,36.0,2.0,4.0,2.0,0.0,16.0,36.0,2.0,39.0,249.0,10.0,8.0,2.0,0.0,6.0,4.0,4.0,1.0,1.0,2.0,1.0,44.0,5.0,112.0,2.0,2.0,3.0,3.0,12.0,4.0,0.0,0.0,5.0,2.0,0.0,2.0,29.0,8.0,3.0,37.0,22.0,9.0,1.0,1.0,6.0,7.0,2.0,13.0,6.0,1.0,68.0,5.0,15.0,198.0,1.0,5.0,6.0,12.0,5.0,12.0,4.0,56.0,0.0,121.0,7.0,2.0,57.0,6.0,30.0,204.0,66.0,5.0,13.0,46.0,81.0,2.0,51.0,2.0,710.0,0.0,23.0,5.0,15.0,1.0,6.0,11.0,0.0,59.0,24.0,3.0,17.0,7.0,17.0,16.0,0.0,6.0,8.0,0.0,71.0,4.0,4.0,2.0,10.0,5.0,3.0,4.0,1.0,12.0,84.0,7.0,1.0,0.0,2.0,8.0,40.0,5.0,15.0,0.0,4.0,1.0,37.0,1.0,6.0,39.0,39.0,4.0,6.0,4.0,11.0,149.0,26.0,0.0,6.0,1.0,2.0,2.0,3.0,4.0,3.0,1.0,28.0,4.0,3.0,12.0,0.0,2.0,2795.0,209.0,1.0,14.0,2.0,4.0,36.0,5.0,207.0,0.0,5.0,6.0,1.0,6.0,4.0,12.0,7.0,5.0,0.0,6.0,17.0,17.0,11.0,14.0,4.0,14.0,2.0,3.0,1.0,2.0,2.0,10.0,8.0,14.0,0.0,2.0,1.0,5.0,2.0,442.0,429.0,3.0,5.0,2.0,2.0,2.0,6.0,3.0,3.0,2.0,3.0,0.0,9.0,3.0,7.0,0.0,7.0,37.0,7.0,3.0,12.0,14.0,1.0,3.0,4.0,3.0,1.0,5.0,0.0,7.0,0.0,3.0,6.0,2.0,2.0,3.0,0.0,25.0,6.0,3.0,63.0,0.0,29.0,23.0,13.0,18.0,0.0,17.0,26.0,127.0,66.0,1.0,4.0,2.0,17.0,13.0,0.0,4.0,2.0,15.0,85.0,4.0,0.0,29.0,2.0,7.0,11.0,6.0,16.0,2.0,1.0,1.0,1.0,0.0,1.0,2.0,3.0,23.0,16.0,1.0,0.0,10.0,4.0,8.0,6.0,2.0,3.0,5.0,1.0,0.0,5.0,12.0,14.0,4.0,4.0,1.0,10.0,2.0,1.0,0.0,3.0,9.0,13.0,0.0,29.0,137.0,79.0,4.0,0.0,0.0,1.0,0.0,2.0,0.0,3.0,3.0,4.0,26.0,0.0,21.0,19.0,3.0,0.0,1.0,2.0,10.0,39.0,4.0,21.0,30.0,2.0,4.0,2.0,6.0,1.0,4.0,9.0,8.0,2.0,4.0,2.0,2.0,4.0,0.0,25.0,2.0,0.0,1.0,1.0,58.0,44.0,4.0,5.0,3.0,14.0,59.0,4.0,0.0,0.0,4.0,24.0,4.0,4.0,1.0,1.0,2.0,2.0,2.0,3.0,62.0,0.0,0.0,35.0,8.0,23.0,8.0,0.0,3.0,0.0,3.0,2.0,1.0,8.0,3.0,7.0,3.0,12.0,5.0,1.0,7.0,1.0,3.0,3.0,0.0,15.0,14.0,25.0,13.0,10.0,3.0,0.0,3.0,3.0,13.0,12.0,5.0,0.0,0.0,17.0,2.0,31.0,1.0,1.0,0.0,30.0,0.0,1.0,12.0,0.0,9.0,3.0,2.0,0.0,6.0,0.0,6.0,6.0,0.0,12.0,0.0,5.0,9.0,4.0,0.0,2.0,2.0,4.0,2.0,4.0,6.0,32.0,71.0,1.0,30.0,144.0,1.0,2.0,0.0,3.0,265.0,34.0,3.0,1.0,1.0,5.0,4.0,19.0,5.0,2.0,1.0,3.0,1.0,0.0,13.0,7.0,2.0,43.0,10.0,2.0,0.0,2.0,1.0,1.0,1.0,0.0,2.0,7.0,4.0,49.0,0.0,37.0,18.0,6.0,0.0,15.0,33.0,6.0,13.0,1.0,15.0,3.0,0.0,9.0,5.0,10.0,91.0,7.0,0.0,8.0,13.0,63.0,14.0,9.0,19.0,19.0,11.0,4.0,25.0,3.0,0.0,0.0,2.0,1.0,45.0,12.0,15.0,7.0,14.0,7.0,3.0,9.0,51.0,110.0,59.0,1.0,4.0,3.0,1.0,29.0,11.0,1.0,5.0,6.0,12.0,1.0,16.0,0.0,5.0,0.0,53.0,6.0,7.0,2.0,10.0,15.0,0.0,7.0,8.0,1.0,17.0,23.0,3.0,4.0,2.0,8.0,2.0,0.0,6.0,1.0,2.0,7.0,4.0,1.0,1.0,3.0,7.0,3.0,1.0,6.0,2.0,2.0,3.0,0.0,2.0,4.0,5.0,1.0,0.0,3.0,11.0,1.0,5.0,10.0,13.0,0.0,3.0,7.0,6.0,4.0,6.0,1.0,7.0,9.0,4.0,2.0,2.0,2.0,3.0,6.0,1.0,0.0,1.0,2.0,1.0,2.0,2.0,2.0,1.0,3.0,5.0,21.0,1.0,2.0,4.0,3.0,0.0,97.0,16.0,5.0,82.0,33.0,3.0,3.0,5.0,4.0,29.0,63.0,34.0,52.0,6.0,8.0,1.0,2.0,3.0,3.0,9.0,0.0,1.0,0.0,8.0,5.0,4.0,4.0,7.0,75.0,101.0,5.0,2.0,14.0,0.0,8.0,17.0,2.0,16.0,8.0,0.0,7.0,0.0,2.0,3.0,11.0,28.0,0.0,29.0,9.0,62.0,31.0,1.0,18.0,12.0,2.0,5.0,42.0,28.0,3.0,45.0,4.0,3.0,12.0,42.0,4.0,5.0,2.0,4.0,2.0,11.0,3.0,1.0,29.0,3.0,6.0,6.0,1.0,4.0,3.0,17.0,6.0,0.0,9.0,12.0,3.0,4.0,8.0,0.0,2.0,2.0,4.0,0.0,6.0,9.0,29.0,1.0,3.0,1.0,11.0,21.0,5.0,0.0,19.0,0.0,3.0,4.0,6.0,2.0,6.0,4.0,157.0,13.0,7.0,13.0,3.0,16.0,4.0,4.0,10.0,18.0,6.0,1.0,6.0,10.0,0.0,1.0,14.0,11.0,13.0,6.0,0.0,2.0,3.0,2.0,51.0,46.0,4.0,37.0,72.0,0.0,298.0,1.0,6.0,7.0,52.0,271.0,67.0,8.0,0.0,1.0,3.0,1.0
Naldini_PT07_HSPC,31.0,6.0,6.0,17.0,6.0,25.0,15.0,14.0,25.0,32.0,18.0,48.0,8.0,18.0,20.0,15.0,99.0,31.0,5.0,5.0,3.0,11.0,31.0,20.0,0.0,24.0,43.0,16.0,72.0,209.0,34.0,256.0,2.0,0.0,4.0,93.0,8.0,4.0,6.0,52.0,934.0,84.0,18.0,4.0,198.0,61.0,0.0,113.0,2093.0,121.0,49.0,149.0,0.0,16.0,0.0,8.0,13.0,9.0,6.0,74.0,143.0,100.0,17.0,66.0,127.0,31.0,39.0,5.0,10.0,29.0,195.0,5.0,179.0,1310.0,20.0,23.0,10.0,0.0,46.0,28.0,29.0,10.0,17.0,3.0,5.0,208.0,28.0,815.0,12.0,11.0,13.0,17.0,78.0,16.0,11.0,2.0,59.0,8.0,6.0,6.0,231.0,18.0,18.0,177.0,65.0,36.0,16.0,11.0,20.0,45.0,9.0,50.0,22.0,2.0,201.0,36.0,120.0,789.0,0.0,31.0,16.0,57.0,23.0,45.0,11.0,159.0,1.0,777.0,7.0,14.0,285.0,93.0,90.0,614.0,187.0,72.0,30.0,178.0,395.0,45.0,197.0,4.0,4418.0,5.0,53.0,126.0,170.0,15.0,13.0,38.0,0.0,192.0,114.0,37.0,103.0,14.0,61.0,130.0,4.0,63.0,49.0,0.0,203.0,36.0,5.0,3.0,44.0,28.0,8.0,32.0,11.0,21.0,693.0,32.0,9.0,5.0,4.0,16.0,120.0,27.0,63.0,0.0,3.0,4.0,57.0,9.0,42.0,98.0,173.0,1.0,423.0,193.0,563.0,264.0,59.0,6.0,10.0,8.0,25.0,10.0,23.0,3.0,26.0,17.0,151.0,12.0,8.0,44.0,0.0,4.0,15820.0,1142.0,0.0,54.0,9.0,47.0,306.0,8.0,845.0,9.0,0.0,28.0,5.0,21.0,81.0,125.0,33.0,39.0,1.0,19.0,64.0,123.0,29.0,25.0,27.0,45.0,23.0,23.0,21.0,4.0,4.0,10.0,88.0,42.0,1.0,8.0,23.0,85.0,7.0,6667.0,3089.0,11.0,14.0,7.0,17.0,2.0,28.0,21.0,8.0,7.0,18.0,0.0,46.0,15.0,31.0,13.0,30.0,182.0,28.0,27.0,39.0,34.0,18.0,15.0,64.0,37.0,4.0,42.0,1.0,8.0,9.0,19.0,7.0,20.0,20.0,9.0,12.0,92.0,29.0,16.0,134.0,1.0,30.0,121.0,97.0,67.0,2.0,69.0,61.0,495.0,261.0,1.0,9.0,2.0,77.0,90.0,15.0,18.0,1.0,183.0,389.0,55.0,1.0,59.0,0.0,11.0,32.0,35.0,36.0,11.0,10.0,0.0,6.0,4.0,2.0,12.0,3.0,71.0,48.0,3.0,0.0,28.0,0.0,17.0,12.0,10.0,26.0,20.0,4.0,28.0,12.0,29.0,92.0,21.0,10.0,19.0,36.0,1.0,0.0,3.0,1.0,76.0,30.0,1.0,115.0,690.0,315.0,19.0,4.0,1.0,0.0,1.0,21.0,1.0,20.0,18.0,14.0,155.0,0.0,156.0,122.0,0.0,10.0,6.0,21.0,16.0,83.0,3.0,67.0,130.0,14.0,6.0,22.0,24.0,3.0,29.0,115.0,23.0,5.0,3.0,1.0,5.0,42.0,9.0,100.0,14.0,8.0,19.0,0.0,115.0,7.0,20.0,37.0,22.0,40.0,244.0,8.0,0.0,7.0,19.0,125.0,11.0,48.0,7.0,11.0,22.0,1.0,3.0,15.0,150.0,5.0,9.0,163.0,29.0,92.0,27.0,10.0,3.0,6.0,12.0,8.0,2.0,36.0,1.0,13.0,19.0,33.0,94.0,8.0,52.0,2.0,17.0,5.0,0.0,158.0,63.0,88.0,73.0,40.0,13.0,7.0,17.0,11.0,24.0,3.0,25.0,4.0,27.0,184.0,13.0,89.0,7.0,20.0,3.0,161.0,6.0,0.0,11.0,10.0,83.0,17.0,14.0,10.0,50.0,29.0,117.0,16.0,0.0,26.0,2.0,8.0,15.0,5.0,1.0,3.0,13.0,65.0,20.0,43.0,22.0,94.0,167.0,18.0,148.0,293.0,15.0,74.0,0.0,10.0,773.0,87.0,13.0,0.0,10.0,17.0,18.0,52.0,46.0,24.0,12.0,16.0,12.0,13.0,81.0,43.0,17.0,62.0,23.0,71.0,2.0,6.0,8.0,13.0,17.0,11.0,9.0,37.0,5.0,226.0,4.0,144.0,100.0,30.0,16.0,27.0,299.0,19.0,78.0,28.0,60.0,13.0,0.0,76.0,129.0,24.0,356.0,152.0,14.0,22.0,43.0,312.0,76.0,28.0,85.0,96.0,24.0,17.0,79.0,15.0,0.0,7.0,20.0,4.0,155.0,61.0,110.0,23.0,77.0,16.0,28.0,47.0,142.0,412.0,316.0,16.0,13.0,30.0,7.0,57.0,92.0,30.0,7.0,30.0,47.0,2.0,57.0,2.0,19.0,10.0,438.0,22.0,11.0,31.0,48.0,90.0,7.0,75.0,19.0,6.0,53.0,117.0,7.0,9.0,8.0,6.0,25.0,4.0,15.0,5.0,10.0,8.0,11.0,6.0,34.0,12.0,27.0,14.0,8.0,18.0,4.0,8.0,5.0,10.0,12.0,4.0,19.0,3.0,1.0,10.0,17.0,21.0,19.0,16.0,92.0,9.0,10.0,16.0,21.0,16.0,38.0,8.0,71.0,173.0,27.0,12.0,2.0,19.0,34.0,5.0,7.0,8.0,2.0,20.0,10.0,10.0,16.0,6.0,6.0,5.0,4.0,46.0,4.0,19.0,13.0,2.0,12.0,475.0,115.0,4.0,352.0,186.0,6.0,2.0,19.0,13.0,101.0,361.0,92.0,275.0,40.0,23.0,23.0,0.0,24.0,12.0,77.0,0.0,13.0,0.0,15.0,16.0,12.0,24.0,19.0,399.0,461.0,32.0,0.0,117.0,13.0,26.0,100.0,9.0,83.0,3.0,25.0,64.0,1.0,2.0,18.0,21.0,132.0,0.0,74.0,78.0,84.0,75.0,6.0,64.0,45.0,14.0,13.0,163.0,67.0,24.0,168.0,28.0,28.0,30.0,259.0,19.0,17.0,13.0,4.0,9.0,71.0,17.0,0.0,136.0,14.0,11.0,21.0,2.0,13.0,27.0,51.0,8.0,4.0,35.0,66.0,1.0,8.0,29.0,0.0,2.0,11.0,1.0,2.0,52.0,2.0,83.0,12.0,4.0,0.0,9.0,85.0,34.0,1.0,3.0,0.0,12.0,28.0,46.0,15.0,24.0,34.0,341.0,64.0,28.0,28.0,42.0,35.0,6.0,11.0,13.0,57.0,48.0,24.0,34.0,68.0,9.0,6.0,36.0,36.0,28.0,32.0,0.0,7.0,6.0,6.0,209.0,254.0,3.0,76.0,170.0,13.0,1044.0,4.0,22.0,33.0,206.0,927.0,205.0,33.0,0.0,1.0,9.0,10.0
Naldini_PT07_LSPC,3.0,1.0,1.0,0.0,0.0,7.0,2.0,1.0,10.0,5.0,7.0,6.0,0.0,3.0,8.0,3.0,15.0,4.0,5.0,1.0,0.0,4.0,7.0,0.0,0.0,2.0,6.0,3.0,30.0,32.0,3.0,55.0,0.0,0.0,0.0,22.0,2.0,0.0,0.0,3.0,109.0,24.0,3.0,0.0,33.0,12.0,1.0,24.0,15.0,18.0,5.0,10.0,0.0,5.0,0.0,3.0,7.0,4.0,0.0,15.0,7.0,21.0,3.0,4.0,19.0,0.0,5.0,0.0,0.0,5.0,36.0,0.0,24.0,123.0,3.0,1.0,2.0,1.0,6.0,6.0,4.0,3.0,2.0,1.0,2.0,50.0,4.0,108.0,2.0,1.0,2.0,5.0,7.0,2.0,3.0,0.0,11.0,2.0,4.0,0.0,21.0,3.0,2.0,22.0,15.0,5.0,2.0,2.0,1.0,22.0,1.0,10.0,7.0,0.0,58.0,1.0,11.0,139.0,0.0,13.0,5.0,15.0,11.0,11.0,6.0,34.0,0.0,82.0,10.0,3.0,39.0,8.0,25.0,123.0,30.0,12.0,5.0,33.0,73.0,2.0,28.0,2.0,555.0,2.0,22.0,8.0,31.0,0.0,6.0,5.0,2.0,47.0,5.0,4.0,18.0,2.0,9.0,25.0,1.0,8.0,5.0,1.0,32.0,3.0,1.0,0.0,9.0,7.0,3.0,2.0,2.0,8.0,113.0,2.0,1.0,0.0,0.0,3.0,20.0,3.0,7.0,0.0,1.0,0.0,7.0,1.0,14.0,29.0,38.0,3.0,9.0,4.0,3.0,122.0,16.0,1.0,2.0,0.0,3.0,0.0,3.0,1.0,2.0,5.0,30.0,3.0,1.0,7.0,2.0,1.0,2204.0,179.0,0.0,13.0,1.0,3.0,40.0,3.0,227.0,3.0,0.0,4.0,1.0,4.0,13.0,7.0,7.0,5.0,0.0,2.0,8.0,14.0,10.0,5.0,3.0,5.0,1.0,3.0,4.0,2.0,2.0,12.0,6.0,9.0,0.0,3.0,5.0,15.0,4.0,478.0,378.0,3.0,6.0,1.0,3.0,0.0,8.0,8.0,2.0,1.0,6.0,2.0,10.0,6.0,6.0,1.0,5.0,20.0,5.0,6.0,13.0,12.0,3.0,1.0,4.0,8.0,0.0,4.0,0.0,2.0,2.0,5.0,3.0,1.0,2.0,2.0,1.0,28.0,7.0,3.0,70.0,1.0,27.0,20.0,17.0,10.0,0.0,4.0,17.0,94.0,40.0,3.0,5.0,1.0,10.0,6.0,3.0,2.0,3.0,13.0,85.0,3.0,2.0,27.0,0.0,5.0,6.0,10.0,8.0,0.0,0.0,1.0,1.0,0.0,2.0,0.0,2.0,10.0,30.0,1.0,0.0,15.0,3.0,16.0,4.0,2.0,4.0,3.0,3.0,4.0,4.0,6.0,7.0,6.0,4.0,3.0,10.0,2.0,0.0,0.0,2.0,10.0,22.0,0.0,15.0,77.0,88.0,0.0,0.0,0.0,2.0,0.0,5.0,1.0,2.0,3.0,13.0,24.0,0.0,14.0,19.0,0.0,0.0,2.0,3.0,6.0,29.0,6.0,12.0,20.0,2.0,3.0,3.0,1.0,0.0,4.0,2.0,4.0,2.0,0.0,0.0,1.0,15.0,1.0,16.0,2.0,1.0,2.0,0.0,33.0,50.0,0.0,3.0,8.0,5.0,65.0,1.0,0.0,0.0,1.0,24.0,3.0,5.0,0.0,0.0,5.0,0.0,2.0,2.0,34.0,0.0,1.0,23.0,3.0,19.0,3.0,3.0,2.0,2.0,1.0,2.0,0.0,5.0,4.0,2.0,4.0,5.0,17.0,3.0,9.0,0.0,5.0,2.0,0.0,9.0,5.0,21.0,5.0,7.0,2.0,1.0,5.0,3.0,4.0,5.0,4.0,1.0,7.0,20.0,0.0,20.0,3.0,1.0,0.0,21.0,2.0,0.0,5.0,1.0,8.0,5.0,3.0,1.0,5.0,0.0,0.0,2.0,0.0,6.0,1.0,3.0,2.0,4.0,0.0,2.0,1.0,5.0,3.0,8.0,4.0,27.0,39.0,2.0,9.0,86.0,3.0,0.0,0.0,0.0,234.0,29.0,4.0,0.0,1.0,2.0,7.0,11.0,2.0,6.0,1.0,3.0,2.0,2.0,16.0,7.0,1.0,33.0,3.0,3.0,0.0,2.0,0.0,11.0,2.0,0.0,0.0,9.0,0.0,47.0,0.0,20.0,13.0,6.0,1.0,10.0,43.0,5.0,6.0,1.0,7.0,0.0,0.0,10.0,5.0,5.0,44.0,17.0,0.0,5.0,4.0,59.0,19.0,6.0,12.0,33.0,2.0,1.0,11.0,0.0,0.0,0.0,0.0,2.0,24.0,11.0,15.0,2.0,10.0,7.0,6.0,10.0,37.0,53.0,57.0,0.0,0.0,4.0,1.0,21.0,22.0,4.0,4.0,7.0,7.0,0.0,13.0,0.0,7.0,2.0,42.0,13.0,4.0,5.0,6.0,7.0,0.0,18.0,17.0,2.0,26.0,11.0,3.0,4.0,4.0,1.0,3.0,2.0,1.0,1.0,1.0,0.0,4.0,1.0,1.0,1.0,6.0,1.0,1.0,6.0,2.0,1.0,4.0,4.0,0.0,1.0,4.0,1.0,1.0,1.0,5.0,0.0,5.0,4.0,7.0,2.0,1.0,6.0,4.0,1.0,9.0,1.0,12.0,12.0,3.0,3.0,3.0,2.0,4.0,5.0,2.0,4.0,0.0,7.0,7.0,4.0,0.0,1.0,2.0,0.0,3.0,13.0,0.0,5.0,3.0,0.0,2.0,58.0,14.0,3.0,62.0,20.0,1.0,3.0,2.0,6.0,25.0,72.0,36.0,46.0,2.0,11.0,4.0,2.0,0.0,4.0,8.0,0.0,1.0,0.0,2.0,3.0,1.0,3.0,3.0,59.0,64.0,4.0,3.0,13.0,3.0,4.0,11.0,1.0,15.0,1.0,1.0,13.0,1.0,0.0,2.0,15.0,30.0,0.0,10.0,12.0,22.0,40.0,0.0,13.0,7.0,6.0,3.0,31.0,9.0,2.0,41.0,5.0,3.0,12.0,42.0,3.0,1.0,0.0,2.0,2.0,14.0,3.0,2.0,21.0,1.0,4.0,3.0,0.0,3.0,0.0,12.0,4.0,5.0,3.0,7.0,3.0,5.0,7.0,0.0,0.0,2.0,1.0,1.0,6.0,8.0,27.0,1.0,0.0,4.0,10.0,13.0,3.0,0.0,13.0,0.0,2.0,8.0,9.0,0.0,5.0,10.0,129.0,5.0,1.0,12.0,5.0,11.0,6.0,2.0,8.0,11.0,5.0,2.0,9.0,7.0,3.0,1.0,8.0,24.0,6.0,7.0,3.0,3.0,0.0,10.0,54.0,38.0,2.0,25.0,29.0,1.0,207.0,4.0,5.0,4.0,31.0,260.0,46.0,7.0,1.0,1.0,0.0,1.0
Naldini_PT08_HSPC,7.0,2.0,5.0,10.0,0.0,13.0,8.0,6.0,13.0,5.0,11.0,38.0,4.0,17.0,5.0,13.0,31.0,8.0,1.0,4.0,3.0,3.0,14.0,12.0,2.0,4.0,37.0,12.0,11.0,79.0,25.0,78.0,0.0,0.0,3.0,78.0,1.0,3.0,5.0,31.0,446.0,25.0,14.0,3.0,96.0,20.0,2.0,17.0,70.0,43.0,21.0,25.0,1.0,11.0,4.0,14.0,8.0,3.0,8.0,28.0,58.0,37.0,28.0,19.0,47.0,22.0,27.0,5.0,6.0,44.0,53.0,3.0,128.0,186.0,12.0,5.0,3.0,3.0,20.0,27.0,27.0,0.0,5.0,3.0,0.0,51.0,6.0,288.0,1.0,7.0,8.0,13.0,33.0,8.0,1.0,0.0,34.0,5.0,8.0,1.0,137.0,8.0,3.0,82.0,59.0,25.0,18.0,7.0,6.0,20.0,2.0,21.0,6.0,2.0,108.0,25.0,16.0,161.0,0.0,5.0,9.0,12.0,8.0,18.0,3.0,58.0,0.0,270.0,20.0,3.0,122.0,50.0,29.0,108.0,34.0,37.0,3.0,39.0,191.0,6.0,56.0,0.0,543.0,1.0,11.0,107.0,91.0,11.0,25.0,22.0,0.0,115.0,20.0,16.0,27.0,14.0,36.0,58.0,3.0,32.0,15.0,1.0,57.0,17.0,0.0,3.0,31.0,5.0,12.0,24.0,2.0,22.0,47.0,21.0,1.0,2.0,3.0,9.0,49.0,6.0,21.0,1.0,2.0,2.0,80.0,3.0,14.0,33.0,40.0,1.0,54.0,36.0,9.0,130.0,18.0,17.0,15.0,8.0,5.0,2.0,25.0,1.0,12.0,5.0,62.0,6.0,1.0,11.0,1.0,15.0,5875.0,427.0,16.0,37.0,12.0,12.0,117.0,9.0,398.0,5.0,2.0,3.0,9.0,12.0,5.0,80.0,23.0,16.0,0.0,12.0,5.0,41.0,15.0,10.0,8.0,28.0,2.0,9.0,3.0,6.0,3.0,2.0,26.0,31.0,5.0,1.0,35.0,24.0,6.0,1356.0,1439.0,8.0,10.0,4.0,6.0,5.0,42.0,12.0,7.0,13.0,7.0,0.0,31.0,3.0,3.0,7.0,12.0,69.0,69.0,13.0,28.0,32.0,12.0,11.0,32.0,23.0,7.0,8.0,1.0,4.0,4.0,3.0,4.0,3.0,8.0,0.0,3.0,17.0,15.0,6.0,95.0,0.0,30.0,30.0,50.0,17.0,0.0,22.0,40.0,153.0,264.0,1.0,3.0,4.0,41.0,24.0,5.0,7.0,3.0,49.0,151.0,16.0,3.0,34.0,0.0,17.0,16.0,8.0,14.0,0.0,4.0,2.0,3.0,2.0,2.0,4.0,0.0,77.0,88.0,3.0,4.0,9.0,0.0,10.0,8.0,4.0,7.0,15.0,11.0,5.0,12.0,14.0,117.0,19.0,11.0,12.0,24.0,1.0,0.0,6.0,0.0,22.0,5.0,1.0,67.0,223.0,67.0,24.0,3.0,1.0,5.0,6.0,16.0,4.0,29.0,12.0,4.0,35.0,0.0,34.0,43.0,0.0,7.0,8.0,6.0,7.0,48.0,1.0,7.0,44.0,8.0,4.0,15.0,14.0,4.0,6.0,31.0,39.0,0.0,3.0,4.0,5.0,10.0,3.0,42.0,13.0,8.0,6.0,2.0,23.0,2.0,6.0,23.0,6.0,17.0,61.0,13.0,0.0,6.0,5.0,44.0,18.0,17.0,3.0,3.0,2.0,7.0,1.0,9.0,74.0,6.0,6.0,57.0,9.0,30.0,3.0,9.0,4.0,5.0,5.0,18.0,1.0,42.0,1.0,4.0,17.0,7.0,41.0,9.0,30.0,9.0,6.0,7.0,4.0,120.0,50.0,49.0,14.0,13.0,3.0,3.0,2.0,6.0,8.0,6.0,20.0,1.0,9.0,131.0,7.0,45.0,15.0,11.0,2.0,94.0,4.0,1.0,3.0,10.0,20.0,8.0,9.0,7.0,45.0,2.0,13.0,3.0,2.0,8.0,3.0,9.0,11.0,1.0,0.0,8.0,4.0,29.0,18.0,15.0,14.0,45.0,70.0,4.0,87.0,120.0,14.0,9.0,2.0,11.0,142.0,69.0,15.0,0.0,5.0,10.0,6.0,12.0,19.0,8.0,11.0,15.0,2.0,7.0,18.0,10.0,4.0,19.0,3.0,43.0,0.0,2.0,3.0,13.0,8.0,3.0,7.0,8.0,4.0,91.0,6.0,23.0,35.0,6.0,2.0,21.0,42.0,12.0,16.0,6.0,27.0,4.0,0.0,17.0,22.0,7.0,140.0,26.0,14.0,6.0,22.0,211.0,33.0,13.0,30.0,41.0,16.0,9.0,23.0,1.0,6.0,5.0,14.0,1.0,57.0,27.0,87.0,12.0,17.0,13.0,12.0,23.0,56.0,154.0,122.0,3.0,6.0,12.0,13.0,62.0,52.0,12.0,6.0,25.0,11.0,2.0,19.0,1.0,9.0,3.0,151.0,5.0,2.0,9.0,21.0,44.0,10.0,18.0,11.0,3.0,23.0,23.0,1.0,2.0,7.0,8.0,17.0,2.0,4.0,7.0,4.0,3.0,7.0,3.0,15.0,3.0,11.0,4.0,3.0,4.0,6.0,8.0,2.0,1.0,7.0,6.0,8.0,1.0,1.0,5.0,1.0,12.0,13.0,15.0,54.0,4.0,2.0,24.0,9.0,7.0,10.0,2.0,46.0,62.0,8.0,8.0,4.0,1.0,17.0,3.0,5.0,8.0,10.0,11.0,10.0,1.0,9.0,7.0,0.0,3.0,5.0,16.0,3.0,13.0,12.0,0.0,2.0,98.0,76.0,4.0,89.0,155.0,10.0,12.0,5.0,9.0,34.0,136.0,38.0,112.0,22.0,4.0,14.0,0.0,9.0,6.0,48.0,5.0,17.0,5.0,10.0,6.0,8.0,9.0,6.0,110.0,250.0,12.0,1.0,35.0,11.0,8.0,71.0,16.0,49.0,1.0,11.0,66.0,0.0,1.0,12.0,6.0,23.0,0.0,31.0,15.0,12.0,41.0,2.0,16.0,24.0,8.0,11.0,40.0,37.0,13.0,53.0,17.0,15.0,10.0,78.0,12.0,9.0,8.0,5.0,4.0,22.0,15.0,0.0,65.0,14.0,10.0,15.0,3.0,11.0,5.0,27.0,12.0,8.0,18.0,6.0,7.0,13.0,29.0,0.0,3.0,3.0,1.0,0.0,25.0,1.0,36.0,5.0,1.0,0.0,2.0,21.0,9.0,0.0,8.0,0.0,4.0,7.0,29.0,3.0,11.0,12.0,89.0,39.0,3.0,5.0,14.0,8.0,8.0,7.0,41.0,19.0,19.0,10.0,7.0,27.0,5.0,5.0,10.0,16.0,15.0,22.0,3.0,8.0,5.0,3.0,61.0,75.0,3.0,36.0,104.0,18.0,1162.0,3.0,10.0,21.0,79.0,333.0,68.0,28.0,1.0,7.0,6.0,6.0
Naldini_PT08_LSPC,7.0,1.0,17.0,5.0,6.0,25.0,11.0,5.0,32.0,2.0,17.0,70.0,5.0,24.0,13.0,46.0,38.0,15.0,14.0,4.0,7.0,13.0,13.0,14.0,4.0,4.0,33.0,16.0,6.0,49.0,32.0,53.0,9.0,11.0,3.0,88.0,2.0,6.0,6.0,42.0,992.0,20.0,13.0,2.0,72.0,26.0,10.0,23.0,0.0,37.0,22.0,38.0,0.0,5.0,10.0,11.0,1.0,10.0,17.0,25.0,35.0,40.0,21.0,35.0,32.0,32.0,18.0,8.0,4.0,53.0,49.0,10.0,101.0,5.0,15.0,2.0,9.0,3.0,22.0,17.0,37.0,3.0,1.0,11.0,0.0,48.0,5.0,149.0,7.0,9.0,13.0,5.0,22.0,4.0,9.0,25.0,24.0,5.0,5.0,6.0,100.0,12.0,11.0,74.0,69.0,25.0,14.0,4.0,10.0,9.0,5.0,32.0,12.0,6.0,65.0,10.0,35.0,109.0,4.0,2.0,9.0,7.0,6.0,21.0,23.0,18.0,7.0,157.0,9.0,13.0,109.0,58.0,62.0,101.0,37.0,26.0,8.0,20.0,247.0,23.0,42.0,0.0,250.0,1.0,38.0,55.0,85.0,5.0,23.0,31.0,1.0,287.0,1.0,18.0,17.0,10.0,16.0,28.0,8.0,2.0,19.0,2.0,54.0,15.0,7.0,1.0,17.0,9.0,17.0,13.0,8.0,46.0,41.0,7.0,0.0,1.0,13.0,35.0,42.0,12.0,16.0,13.0,20.0,4.0,43.0,4.0,28.0,145.0,124.0,9.0,7.0,11.0,0.0,301.0,21.0,10.0,23.0,4.0,5.0,5.0,28.0,8.0,13.0,7.0,70.0,10.0,43.0,17.0,1.0,15.0,2483.0,170.0,40.0,128.0,32.0,30.0,288.0,10.0,331.0,8.0,0.0,23.0,12.0,15.0,6.0,5.0,18.0,16.0,3.0,7.0,13.0,29.0,9.0,18.0,24.0,9.0,2.0,5.0,5.0,7.0,7.0,31.0,3.0,30.0,5.0,3.0,75.0,28.0,4.0,721.0,1079.0,19.0,5.0,3.0,16.0,12.0,31.0,17.0,6.0,9.0,5.0,0.0,19.0,17.0,9.0,4.0,26.0,79.0,64.0,8.0,16.0,66.0,13.0,4.0,22.0,11.0,12.0,9.0,1.0,6.0,1.0,13.0,10.0,3.0,12.0,3.0,11.0,43.0,17.0,18.0,49.0,1.0,96.0,32.0,55.0,6.0,6.0,35.0,42.0,172.0,256.0,8.0,7.0,4.0,42.0,15.0,5.0,7.0,2.0,36.0,91.0,6.0,0.0,25.0,3.0,13.0,13.0,13.0,6.0,2.0,1.0,7.0,4.0,3.0,1.0,5.0,2.0,47.0,41.0,0.0,34.0,19.0,5.0,11.0,54.0,3.0,26.0,2.0,7.0,4.0,7.0,15.0,40.0,27.0,14.0,9.0,18.0,4.0,7.0,9.0,8.0,39.0,49.0,7.0,73.0,170.0,41.0,18.0,14.0,10.0,18.0,3.0,22.0,3.0,25.0,9.0,3.0,56.0,0.0,40.0,29.0,2.0,8.0,5.0,3.0,14.0,37.0,5.0,12.0,44.0,5.0,4.0,13.0,5.0,2.0,10.0,161.0,45.0,3.0,2.0,9.0,4.0,14.0,6.0,43.0,5.0,6.0,16.0,5.0,18.0,25.0,6.0,21.0,20.0,44.0,166.0,16.0,0.0,6.0,10.0,47.0,16.0,17.0,3.0,7.0,4.0,0.0,5.0,5.0,37.0,7.0,3.0,45.0,7.0,22.0,10.0,13.0,6.0,22.0,11.0,21.0,8.0,24.0,7.0,5.0,11.0,14.0,13.0,7.0,18.0,8.0,11.0,8.0,1.0,154.0,62.0,39.0,32.0,5.0,5.0,7.0,8.0,8.0,16.0,18.0,19.0,12.0,22.0,139.0,7.0,41.0,17.0,12.0,2.0,12.0,7.0,0.0,1.0,3.0,28.0,25.0,11.0,9.0,35.0,0.0,3.0,25.0,6.0,9.0,3.0,19.0,8.0,11.0,8.0,3.0,5.0,34.0,8.0,12.0,13.0,56.0,49.0,7.0,67.0,139.0,5.0,1.0,0.0,9.0,194.0,44.0,28.0,31.0,8.0,10.0,11.0,20.0,1.0,15.0,5.0,15.0,3.0,14.0,28.0,6.0,8.0,83.0,6.0,35.0,5.0,30.0,3.0,19.0,17.0,3.0,3.0,0.0,7.0,97.0,4.0,7.0,34.0,6.0,6.0,9.0,45.0,23.0,12.0,5.0,31.0,2.0,13.0,9.0,10.0,9.0,112.0,3.0,6.0,8.0,44.0,166.0,41.0,16.0,35.0,35.0,5.0,11.0,26.0,5.0,1.0,5.0,20.0,6.0,74.0,23.0,43.0,22.0,29.0,18.0,5.0,19.0,42.0,104.0,203.0,17.0,7.0,11.0,14.0,32.0,55.0,15.0,11.0,34.0,8.0,3.0,65.0,2.0,19.0,19.0,36.0,25.0,1.0,31.0,22.0,38.0,7.0,27.0,5.0,8.0,22.0,17.0,5.0,14.0,4.0,10.0,28.0,9.0,4.0,3.0,12.0,3.0,15.0,5.0,6.0,7.0,5.0,1.0,9.0,9.0,4.0,18.0,6.0,6.0,1.0,15.0,12.0,5.0,5.0,7.0,4.0,24.0,8.0,21.0,31.0,3.0,4.0,38.0,16.0,7.0,9.0,9.0,31.0,13.0,11.0,8.0,11.0,8.0,9.0,2.0,6.0,9.0,7.0,19.0,18.0,3.0,16.0,3.0,2.0,30.0,7.0,35.0,1.0,21.0,18.0,5.0,3.0,51.0,38.0,9.0,39.0,212.0,19.0,31.0,20.0,12.0,29.0,84.0,40.0,84.0,11.0,20.0,12.0,16.0,5.0,9.0,53.0,23.0,19.0,12.0,17.0,7.0,19.0,16.0,1.0,48.0,412.0,5.0,5.0,44.0,26.0,14.0,63.0,40.0,103.0,8.0,11.0,77.0,0.0,6.0,3.0,3.0,99.0,11.0,24.0,14.0,22.0,39.0,4.0,23.0,36.0,16.0,11.0,36.0,25.0,10.0,53.0,25.0,7.0,3.0,51.0,13.0,5.0,8.0,8.0,8.0,37.0,15.0,3.0,66.0,11.0,4.0,28.0,2.0,21.0,5.0,26.0,11.0,15.0,10.0,18.0,2.0,13.0,57.0,0.0,3.0,6.0,2.0,1.0,3.0,25.0,31.0,7.0,8.0,6.0,108.0,8.0,4.0,0.0,18.0,0.0,11.0,27.0,29.0,3.0,11.0,26.0,98.0,43.0,7.0,7.0,17.0,0.0,7.0,3.0,45.0,28.0,22.0,26.0,7.0,35.0,8.0,38.0,7.0,127.0,24.0,19.0,8.0,10.0,6.0,14.0,54.0,10.0,11.0,38.0,84.0,10.0,2925.0,6.0,9.0,27.0,76.0,277.0,78.0,22.0,6.0,4.0,4.0,6.0
Naldini_PT12_HSPC,16.0,19.0,31.0,36.0,5.0,72.0,16.0,14.0,66.0,12.0,43.0,98.0,21.0,67.0,20.0,38.0,118.0,31.0,7.0,12.0,16.0,27.0,32.0,42.0,1.0,11.0,54.0,40.0,51.0,186.0,74.0,203.0,0.0,1.0,6.0,275.0,6.0,33.0,22.0,60.0,702.0,86.0,34.0,5.0,454.0,43.0,3.0,113.0,367.0,138.0,82.0,88.0,0.0,28.0,10.0,28.0,12.0,26.0,25.0,66.0,111.0,148.0,123.0,67.0,130.0,58.0,136.0,31.0,21.0,88.0,148.0,12.0,447.0,1063.0,88.0,16.0,16.0,9.0,56.0,90.0,114.0,13.0,32.0,22.0,1.0,105.0,29.0,650.0,19.0,24.0,13.0,24.0,85.0,29.0,7.0,0.0,84.0,20.0,26.0,6.0,302.0,26.0,19.0,238.0,134.0,85.0,45.0,12.0,21.0,43.0,8.0,95.0,69.0,1.0,275.0,100.0,34.0,564.0,0.0,25.0,34.0,23.0,27.0,45.0,8.0,308.0,1.0,628.0,50.0,17.0,403.0,145.0,114.0,532.0,137.0,65.0,34.0,86.0,414.0,13.0,171.0,2.0,1391.0,3.0,45.0,317.0,172.0,12.0,46.0,29.0,3.0,323.0,35.0,38.0,92.0,12.0,87.0,153.0,15.0,74.0,60.0,3.0,171.0,40.0,3.0,10.0,70.0,21.0,41.0,88.0,17.0,67.0,117.0,81.0,4.0,2.0,16.0,19.0,173.0,19.0,78.0,0.0,3.0,8.0,275.0,7.0,45.0,88.0,133.0,23.0,45.0,36.0,102.0,375.0,57.0,8.0,62.0,14.0,15.0,14.0,59.0,18.0,18.0,16.0,130.0,30.0,0.0,50.0,3.0,34.0,17917.0,1117.0,5.0,107.0,14.0,32.0,197.0,35.0,1352.0,18.0,8.0,15.0,37.0,36.0,23.0,218.0,50.0,46.0,7.0,38.0,37.0,171.0,36.0,60.0,23.0,56.0,14.0,18.0,11.0,25.0,5.0,6.0,80.0,58.0,9.0,11.0,64.0,104.0,20.0,3978.0,4456.0,26.0,11.0,13.0,19.0,9.0,111.0,26.0,7.0,25.0,25.0,2.0,93.0,17.0,12.0,16.0,75.0,233.0,182.0,19.0,63.0,112.0,35.0,21.0,88.0,50.0,15.0,22.0,2.0,9.0,12.0,9.0,8.0,6.0,30.0,12.0,21.0,66.0,51.0,25.0,473.0,3.0,69.0,117.0,80.0,40.0,7.0,95.0,84.0,560.0,658.0,5.0,16.0,18.0,113.0,98.0,10.0,25.0,0.0,79.0,326.0,32.0,4.0,87.0,0.0,54.0,31.0,20.0,30.0,3.0,11.0,5.0,6.0,6.0,16.0,21.0,7.0,260.0,171.0,4.0,2.0,60.0,0.0,18.0,18.0,17.0,31.0,31.0,27.0,26.0,14.0,43.0,343.0,35.0,38.0,63.0,66.0,18.0,1.0,13.0,3.0,121.0,41.0,2.0,142.0,547.0,338.0,79.0,2.0,4.0,14.0,3.0,33.0,11.0,72.0,100.0,17.0,67.0,0.0,90.0,152.0,1.0,15.0,21.0,15.0,24.0,144.0,2.0,53.0,142.0,7.0,12.0,30.0,31.0,7.0,17.0,65.0,110.0,4.0,2.0,17.0,24.0,25.0,16.0,115.0,44.0,17.0,18.0,8.0,107.0,33.0,18.0,72.0,27.0,51.0,147.0,22.0,0.0,28.0,22.0,99.0,39.0,71.0,12.0,22.0,17.0,14.0,12.0,14.0,250.0,8.0,21.0,166.0,15.0,80.0,34.0,16.0,9.0,21.0,23.0,45.0,12.0,94.0,1.0,17.0,50.0,37.0,204.0,14.0,93.0,14.0,31.0,20.0,7.0,163.0,141.0,112.0,30.0,44.0,11.0,21.0,20.0,19.0,38.0,33.0,55.0,13.0,40.0,290.0,9.0,171.0,28.0,35.0,12.0,418.0,16.0,1.0,4.0,28.0,73.0,25.0,29.0,34.0,110.0,32.0,74.0,14.0,1.0,33.0,2.0,36.0,26.0,13.0,0.0,13.0,8.0,69.0,28.0,45.0,34.0,82.0,284.0,10.0,245.0,696.0,24.0,60.0,0.0,15.0,438.0,246.0,46.0,1.0,26.0,30.0,26.0,59.0,43.0,39.0,39.0,56.0,2.0,11.0,44.0,21.0,17.0,58.0,13.0,144.0,3.0,14.0,33.0,42.0,7.0,12.0,11.0,30.0,20.0,299.0,19.0,65.0,102.0,39.0,23.0,147.0,145.0,36.0,59.0,11.0,79.0,7.0,1.0,47.0,95.0,27.0,418.0,33.0,20.0,21.0,158.0,558.0,125.0,18.0,68.0,112.0,57.0,23.0,61.0,12.0,21.0,15.0,46.0,4.0,329.0,64.0,172.0,43.0,57.0,33.0,28.0,47.0,168.0,555.0,324.0,5.0,32.0,10.0,35.0,83.0,87.0,30.0,10.0,63.0,36.0,4.0,83.0,2.0,49.0,23.0,732.0,19.0,10.0,40.0,96.0,145.0,23.0,107.0,27.0,13.0,55.0,102.0,4.0,7.0,18.0,25.0,91.0,12.0,11.0,25.0,19.0,16.0,12.0,7.0,51.0,8.0,20.0,12.0,20.0,25.0,14.0,20.0,4.0,16.0,33.0,16.0,15.0,2.0,1.0,14.0,7.0,46.0,39.0,71.0,178.0,16.0,9.0,77.0,24.0,14.0,57.0,17.0,104.0,202.0,34.0,24.0,15.0,12.0,64.0,20.0,17.0,14.0,32.0,26.0,46.0,5.0,32.0,22.0,4.0,18.0,18.0,65.0,9.0,56.0,58.0,4.0,11.0,482.0,379.0,17.0,263.0,322.0,18.0,28.0,20.0,27.0,115.0,408.0,119.0,359.0,66.0,33.0,53.0,5.0,44.0,21.0,170.0,0.0,72.0,0.0,26.0,8.0,18.0,49.0,17.0,273.0,494.0,22.0,1.0,62.0,23.0,42.0,303.0,57.0,101.0,31.0,45.0,206.0,1.0,2.0,31.0,18.0,52.0,0.0,82.0,59.0,13.0,132.0,8.0,73.0,168.0,40.0,44.0,99.0,81.0,20.0,111.0,58.0,38.0,27.0,200.0,55.0,17.0,30.0,21.0,7.0,73.0,37.0,2.0,167.0,40.0,17.0,38.0,7.0,20.0,22.0,76.0,17.0,14.0,39.0,38.0,32.0,41.0,76.0,0.0,5.0,7.0,2.0,1.0,60.0,1.0,55.0,3.0,6.0,2.0,4.0,77.0,18.0,0.0,40.0,2.0,35.0,48.0,49.0,10.0,27.0,70.0,200.0,76.0,18.0,22.0,31.0,43.0,21.0,13.0,38.0,116.0,45.0,31.0,17.0,144.0,15.0,13.0,18.0,25.0,40.0,59.0,7.0,38.0,10.0,6.0,171.0,183.0,15.0,119.0,293.0,43.0,2089.0,3.0,33.0,39.0,214.0,1025.0,214.0,86.0,5.0,22.0,26.0,39.0
Naldini_PT12_LSPC,1.0,6.0,10.0,5.0,1.0,22.0,2.0,12.0,22.0,3.0,33.0,34.0,0.0,28.0,6.0,22.0,20.0,20.0,0.0,2.0,4.0,5.0,11.0,18.0,0.0,20.0,26.0,12.0,16.0,28.0,22.0,5.0,0.0,0.0,20.0,157.0,5.0,8.0,9.0,17.0,368.0,28.0,10.0,0.0,109.0,5.0,8.0,3.0,318.0,64.0,19.0,21.0,0.0,4.0,13.0,8.0,4.0,3.0,16.0,22.0,17.0,44.0,38.0,22.0,43.0,15.0,22.0,5.0,7.0,83.0,51.0,4.0,115.0,8.0,14.0,4.0,4.0,1.0,18.0,18.0,42.0,0.0,4.0,5.0,0.0,36.0,5.0,101.0,5.0,8.0,4.0,5.0,36.0,3.0,4.0,7.0,7.0,6.0,4.0,0.0,176.0,13.0,5.0,139.0,55.0,21.0,11.0,7.0,7.0,7.0,11.0,26.0,6.0,8.0,78.0,9.0,10.0,156.0,0.0,0.0,20.0,15.0,4.0,34.0,13.0,30.0,0.0,184.0,9.0,0.0,187.0,34.0,96.0,46.0,36.0,32.0,4.0,10.0,230.0,8.0,23.0,4.0,269.0,0.0,9.0,70.0,98.0,5.0,52.0,31.0,44.0,158.0,0.0,13.0,14.0,4.0,13.0,29.0,11.0,4.0,19.0,6.0,34.0,5.0,2.0,2.0,12.0,7.0,19.0,19.0,1.0,28.0,11.0,54.0,0.0,4.0,8.0,15.0,72.0,8.0,17.0,0.0,6.0,6.0,37.0,0.0,58.0,44.0,42.0,23.0,0.0,1.0,11.0,375.0,15.0,3.0,15.0,7.0,2.0,5.0,23.0,12.0,12.0,8.0,40.0,11.0,0.0,10.0,0.0,13.0,6853.0,262.0,0.0,65.0,4.0,5.0,257.0,7.0,373.0,15.0,2.0,5.0,10.0,16.0,5.0,4.0,15.0,20.0,3.0,9.0,13.0,61.0,8.0,40.0,7.0,11.0,2.0,4.0,2.0,7.0,2.0,8.0,8.0,21.0,6.0,6.0,135.0,86.0,6.0,1199.0,1633.0,6.0,1.0,1.0,5.0,5.0,52.0,12.0,6.0,14.0,5.0,0.0,33.0,19.0,12.0,0.0,14.0,85.0,49.0,4.0,13.0,34.0,12.0,2.0,25.0,18.0,3.0,15.0,0.0,3.0,1.0,1.0,3.0,7.0,20.0,3.0,5.0,21.0,20.0,5.0,26.0,11.0,100.0,20.0,33.0,6.0,4.0,28.0,27.0,166.0,226.0,0.0,6.0,5.0,29.0,18.0,5.0,14.0,0.0,29.0,62.0,7.0,3.0,36.0,0.0,12.0,6.0,16.0,8.0,0.0,1.0,4.0,0.0,1.0,6.0,1.0,1.0,97.0,50.0,0.0,10.0,8.0,1.0,59.0,27.0,1.0,4.0,5.0,12.0,6.0,7.0,16.0,97.0,42.0,12.0,10.0,34.0,3.0,1.0,6.0,14.0,46.0,28.0,5.0,29.0,189.0,33.0,17.0,1.0,3.0,0.0,1.0,6.0,3.0,27.0,7.0,3.0,9.0,6.0,38.0,55.0,1.0,4.0,4.0,8.0,26.0,64.0,0.0,9.0,43.0,5.0,5.0,15.0,16.0,2.0,9.0,7.0,38.0,4.0,1.0,7.0,2.0,17.0,1.0,22.0,12.0,17.0,8.0,3.0,37.0,34.0,5.0,14.0,14.0,7.0,63.0,9.0,0.0,12.0,6.0,49.0,23.0,20.0,6.0,5.0,2.0,0.0,0.0,5.0,10.0,7.0,6.0,45.0,6.0,21.0,3.0,9.0,4.0,7.0,6.0,16.0,6.0,20.0,0.0,4.0,22.0,4.0,12.0,3.0,17.0,4.0,11.0,6.0,13.0,81.0,42.0,24.0,8.0,7.0,0.0,4.0,5.0,8.0,13.0,0.0,20.0,4.0,4.0,153.0,6.0,52.0,4.0,7.0,2.0,42.0,6.0,0.0,4.0,14.0,25.0,12.0,15.0,12.0,26.0,2.0,3.0,4.0,5.0,21.0,2.0,10.0,5.0,5.0,8.0,1.0,8.0,24.0,18.0,15.0,11.0,36.0,101.0,0.0,87.0,222.0,2.0,3.0,0.0,14.0,212.0,62.0,26.0,0.0,8.0,10.0,14.0,18.0,19.0,15.0,7.0,22.0,1.0,13.0,5.0,6.0,6.0,79.0,5.0,26.0,5.0,10.0,11.0,11.0,5.0,7.0,3.0,8.0,4.0,87.0,7.0,24.0,44.0,16.0,31.0,23.0,35.0,22.0,16.0,0.0,26.0,0.0,2.0,6.0,5.0,9.0,135.0,1.0,0.0,3.0,43.0,139.0,56.0,15.0,16.0,48.0,5.0,2.0,14.0,4.0,6.0,2.0,17.0,2.0,94.0,19.0,57.0,2.0,9.0,12.0,7.0,13.0,67.0,211.0,138.0,0.0,4.0,2.0,15.0,142.0,67.0,13.0,4.0,14.0,10.0,0.0,7.0,2.0,22.0,13.0,124.0,10.0,1.0,10.0,39.0,49.0,3.0,28.0,8.0,4.0,20.0,24.0,0.0,3.0,6.0,5.0,36.0,8.0,4.0,5.0,8.0,5.0,11.0,3.0,8.0,8.0,6.0,8.0,7.0,7.0,4.0,11.0,0.0,4.0,12.0,25.0,3.0,1.0,7.0,9.0,6.0,25.0,7.0,14.0,65.0,5.0,4.0,21.0,12.0,14.0,23.0,3.0,38.0,44.0,10.0,7.0,4.0,3.0,10.0,2.0,4.0,4.0,11.0,8.0,4.0,1.0,17.0,5.0,6.0,4.0,11.0,36.0,2.0,22.0,35.0,11.0,3.0,157.0,77.0,0.0,24.0,241.0,1.0,29.0,7.0,21.0,44.0,144.0,42.0,115.0,16.0,5.0,17.0,1.0,8.0,8.0,77.0,6.0,18.0,0.0,17.0,6.0,10.0,7.0,6.0,72.0,313.0,6.0,1.0,28.0,10.0,17.0,49.0,13.0,102.0,11.0,11.0,79.0,0.0,2.0,12.0,6.0,18.0,3.0,24.0,11.0,0.0,60.0,3.0,28.0,65.0,21.0,49.0,20.0,30.0,14.0,54.0,15.0,14.0,2.0,97.0,18.0,7.0,6.0,12.0,4.0,24.0,19.0,0.0,57.0,9.0,1.0,21.0,3.0,6.0,4.0,32.0,11.0,5.0,15.0,13.0,8.0,15.0,42.0,0.0,8.0,1.0,0.0,1.0,11.0,1.0,26.0,0.0,1.0,0.0,3.0,4.0,1.0,0.0,27.0,0.0,0.0,8.0,14.0,3.0,9.0,20.0,84.0,38.0,2.0,3.0,9.0,11.0,5.0,6.0,20.0,24.0,15.0,5.0,13.0,40.0,6.0,9.0,10.0,192.0,13.0,9.0,7.0,10.0,1.0,5.0,62.0,7.0,1.0,48.0,125.0,8.0,1563.0,4.0,7.0,19.0,56.0,368.0,53.0,44.0,4.0,3.0,7.0,6.0
Naldini_PT15_HSPC,0.0,0.0,0.0,0.0,0.0,0.0,2.0,3.0,2.0,0.0,1.0,6.0,3.0,5.0,1.0,1.0,9.0,1.0,1.0,1.0,1.0,2.0,2.0,4.0,0.0,0.0,1.0,4.0,1.0,18.0,4.0,15.0,1.0,0.0,0.0,23.0,0.0,2.0,0.0,2.0,58.0,3.0,2.0,0.0,19.0,8.0,0.0,6.0,7.0,9.0,3.0,3.0,0.0,1.0,1.0,2.0,1.0,0.0,2.0,3.0,12.0,10.0,3.0,4.0,10.0,2.0,3.0,3.0,1.0,14.0,6.0,0.0,35.0,55.0,4.0,1.0,1.0,2.0,4.0,2.0,4.0,0.0,2.0,1.0,0.0,5.0,1.0,63.0,2.0,0.0,1.0,1.0,2.0,0.0,1.0,0.0,7.0,2.0,2.0,1.0,25.0,0.0,1.0,11.0,9.0,5.0,3.0,2.0,1.0,4.0,1.0,8.0,3.0,0.0,16.0,7.0,7.0,60.0,0.0,2.0,1.0,2.0,1.0,0.0,4.0,20.0,1.0,62.0,0.0,1.0,18.0,7.0,3.0,28.0,5.0,7.0,3.0,6.0,37.0,2.0,7.0,1.0,111.0,0.0,7.0,22.0,14.0,4.0,8.0,4.0,0.0,13.0,1.0,2.0,6.0,1.0,6.0,11.0,0.0,10.0,1.0,0.0,14.0,1.0,0.0,1.0,5.0,0.0,4.0,2.0,0.0,5.0,10.0,3.0,0.0,1.0,0.0,3.0,12.0,3.0,4.0,1.0,0.0,1.0,6.0,1.0,4.0,5.0,11.0,0.0,2.0,11.0,3.0,21.0,4.0,0.0,2.0,2.0,1.0,0.0,1.0,2.0,0.0,0.0,18.0,3.0,3.0,2.0,0.0,2.0,1441.0,120.0,0.0,12.0,2.0,2.0,21.0,1.0,70.0,1.0,1.0,2.0,0.0,2.0,3.0,10.0,2.0,4.0,1.0,3.0,6.0,17.0,2.0,0.0,0.0,2.0,0.0,0.0,0.0,0.0,0.0,1.0,6.0,4.0,0.0,2.0,2.0,5.0,0.0,335.0,350.0,2.0,0.0,0.0,3.0,1.0,10.0,1.0,2.0,3.0,2.0,0.0,3.0,2.0,1.0,0.0,4.0,16.0,12.0,6.0,2.0,11.0,1.0,0.0,7.0,7.0,0.0,1.0,0.0,3.0,1.0,1.0,1.0,0.0,1.0,0.0,1.0,2.0,1.0,3.0,12.0,0.0,12.0,9.0,2.0,2.0,0.0,3.0,6.0,45.0,36.0,1.0,1.0,2.0,8.0,5.0,0.0,0.0,1.0,14.0,18.0,6.0,0.0,4.0,0.0,2.0,1.0,4.0,3.0,0.0,0.0,0.0,0.0,0.0,1.0,0.0,0.0,21.0,14.0,1.0,0.0,1.0,0.0,2.0,0.0,2.0,1.0,2.0,1.0,2.0,2.0,7.0,13.0,2.0,5.0,0.0,2.0,0.0,0.0,1.0,0.0,6.0,2.0,0.0,19.0,46.0,7.0,7.0,0.0,0.0,0.0,1.0,2.0,0.0,4.0,1.0,1.0,10.0,0.0,6.0,8.0,0.0,0.0,2.0,1.0,1.0,7.0,0.0,3.0,10.0,0.0,2.0,1.0,2.0,0.0,2.0,4.0,12.0,0.0,0.0,0.0,1.0,3.0,1.0,9.0,1.0,0.0,1.0,1.0,10.0,2.0,3.0,2.0,4.0,2.0,19.0,0.0,0.0,1.0,3.0,9.0,1.0,3.0,0.0,1.0,1.0,1.0,0.0,0.0,10.0,1.0,1.0,9.0,1.0,10.0,4.0,0.0,1.0,1.0,4.0,5.0,2.0,4.0,0.0,1.0,2.0,3.0,5.0,0.0,1.0,0.0,3.0,0.0,0.0,8.0,8.0,9.0,1.0,1.0,1.0,4.0,1.0,1.0,0.0,1.0,4.0,1.0,2.0,16.0,1.0,17.0,2.0,1.0,0.0,24.0,0.0,0.0,0.0,3.0,6.0,1.0,0.0,0.0,3.0,4.0,6.0,1.0,0.0,1.0,1.0,0.0,1.0,0.0,0.0,0.0,1.0,1.0,4.0,6.0,0.0,5.0,15.0,0.0,16.0,37.0,4.0,2.0,0.0,2.0,35.0,14.0,4.0,1.0,0.0,3.0,0.0,2.0,3.0,1.0,2.0,2.0,0.0,0.0,1.0,2.0,0.0,3.0,1.0,5.0,1.0,3.0,1.0,3.0,2.0,1.0,0.0,2.0,1.0,37.0,4.0,3.0,5.0,1.0,0.0,6.0,8.0,3.0,1.0,0.0,2.0,0.0,0.0,4.0,3.0,3.0,45.0,12.0,1.0,1.0,2.0,30.0,6.0,1.0,6.0,6.0,10.0,2.0,4.0,0.0,0.0,3.0,3.0,0.0,12.0,7.0,8.0,2.0,5.0,4.0,3.0,5.0,9.0,31.0,18.0,0.0,2.0,3.0,3.0,8.0,3.0,2.0,0.0,5.0,2.0,0.0,2.0,0.0,3.0,0.0,48.0,0.0,1.0,1.0,7.0,10.0,1.0,6.0,0.0,1.0,3.0,5.0,0.0,0.0,0.0,0.0,6.0,1.0,1.0,0.0,1.0,1.0,1.0,1.0,4.0,0.0,2.0,1.0,0.0,4.0,0.0,1.0,0.0,0.0,2.0,0.0,0.0,1.0,0.0,0.0,0.0,0.0,0.0,6.0,12.0,2.0,1.0,3.0,2.0,2.0,3.0,4.0,7.0,16.0,1.0,0.0,0.0,0.0,2.0,1.0,3.0,2.0,2.0,1.0,0.0,0.0,0.0,3.0,0.0,1.0,2.0,2.0,1.0,3.0,3.0,0.0,0.0,27.0,16.0,0.0,20.0,16.0,1.0,2.0,3.0,2.0,10.0,36.0,12.0,29.0,5.0,1.0,4.0,1.0,1.0,0.0,6.0,2.0,1.0,0.0,0.0,2.0,0.0,5.0,0.0,26.0,30.0,0.0,0.0,2.0,2.0,2.0,9.0,5.0,6.0,2.0,4.0,15.0,0.0,0.0,1.0,0.0,4.0,0.0,6.0,2.0,1.0,10.0,0.0,5.0,10.0,1.0,6.0,4.0,7.0,2.0,11.0,1.0,1.0,2.0,15.0,0.0,7.0,0.0,2.0,1.0,3.0,4.0,0.0,8.0,1.0,1.0,2.0,1.0,2.0,1.0,6.0,1.0,1.0,1.0,5.0,1.0,3.0,6.0,0.0,0.0,1.0,0.0,0.0,0.0,0.0,11.0,2.0,0.0,0.0,1.0,10.0,4.0,0.0,1.0,0.0,2.0,2.0,4.0,1.0,2.0,4.0,20.0,13.0,1.0,2.0,0.0,1.0,0.0,1.0,4.0,3.0,1.0,4.0,0.0,5.0,0.0,0.0,4.0,1.0,4.0,8.0,2.0,4.0,0.0,0.0,15.0,11.0,1.0,8.0,18.0,2.0,97.0,2.0,1.0,3.0,13.0,73.0,15.0,1.0,0.0,1.0,2.0,3.0
Naldini_PT15_LSPC,4.0,0.0,5.0,0.0,3.0,19.0,6.0,4.0,17.0,1.0,17.0,30.0,1.0,25.0,7.0,22.0,20.0,7.0,8.0,2.0,3.0,8.0,10.0,12.0,10.0,5.0,14.0,9.0,8.0,18.0,20.0,11.0,4.0,29.0,22.0,113.0,5.0,6.0,3.0,18.0,526.0,19.0,4.0,4.0,75.0,15.0,5.0,0.0,6.0,53.0,34.0,19.0,1.0,3.0,8.0,12.0,4.0,9.0,19.0,9.0,19.0,43.0,21.0,27.0,46.0,10.0,17.0,8.0,3.0,59.0,53.0,5.0,85.0,11.0,12.0,10.0,6.0,2.0,15.0,11.0,31.0,2.0,2.0,12.0,0.0,45.0,12.0,149.0,2.0,8.0,5.0,6.0,14.0,3.0,4.0,9.0,25.0,4.0,1.0,6.0,115.0,13.0,8.0,53.0,55.0,24.0,6.0,7.0,2.0,14.0,0.0,24.0,4.0,7.0,64.0,5.0,10.0,236.0,7.0,1.0,11.0,20.0,5.0,12.0,21.0,27.0,15.0,113.0,7.0,6.0,82.0,36.0,67.0,157.0,47.0,10.0,11.0,23.0,174.0,8.0,63.0,5.0,485.0,3.0,22.0,29.0,39.0,2.0,20.0,44.0,33.0,206.0,3.0,9.0,19.0,7.0,16.0,26.0,2.0,1.0,9.0,5.0,42.0,8.0,2.0,0.0,10.0,9.0,9.0,8.0,5.0,22.0,11.0,17.0,0.0,3.0,5.0,8.0,29.0,6.0,31.0,8.0,9.0,1.0,24.0,9.0,25.0,64.0,50.0,9.0,8.0,8.0,10.0,331.0,30.0,7.0,8.0,3.0,4.0,2.0,11.0,15.0,4.0,8.0,65.0,8.0,1.0,13.0,3.0,13.0,3280.0,213.0,0.0,90.0,7.0,11.0,154.0,5.0,245.0,4.0,1.0,13.0,10.0,10.0,23.0,2.0,14.0,10.0,4.0,16.0,26.0,33.0,8.0,6.0,13.0,9.0,2.0,6.0,4.0,8.0,4.0,20.0,1.0,11.0,3.0,4.0,42.0,55.0,3.0,701.0,837.0,5.0,3.0,2.0,7.0,3.0,31.0,5.0,7.0,7.0,3.0,0.0,20.0,14.0,9.0,2.0,18.0,80.0,52.0,11.0,25.0,58.0,10.0,4.0,25.0,13.0,5.0,7.0,1.0,1.0,0.0,5.0,5.0,7.0,5.0,6.0,4.0,24.0,9.0,11.0,40.0,12.0,201.0,19.0,22.0,6.0,2.0,17.0,30.0,110.0,181.0,2.0,5.0,7.0,36.0,8.0,4.0,6.0,2.0,26.0,63.0,5.0,3.0,21.0,1.0,12.0,2.0,11.0,10.0,1.0,1.0,4.0,3.0,6.0,1.0,2.0,0.0,53.0,30.0,0.0,17.0,12.0,6.0,23.0,29.0,4.0,14.0,2.0,8.0,4.0,5.0,13.0,47.0,7.0,17.0,0.0,18.0,7.0,3.0,4.0,4.0,17.0,44.0,2.0,61.0,181.0,26.0,8.0,3.0,8.0,1.0,4.0,11.0,4.0,26.0,20.0,5.0,30.0,0.0,28.0,47.0,5.0,1.0,7.0,4.0,34.0,27.0,7.0,12.0,63.0,1.0,3.0,10.0,8.0,5.0,2.0,39.0,21.0,5.0,0.0,4.0,3.0,13.0,7.0,35.0,4.0,11.0,5.0,6.0,16.0,12.0,8.0,7.0,17.0,45.0,88.0,9.0,6.0,7.0,4.0,32.0,7.0,8.0,2.0,3.0,1.0,3.0,2.0,2.0,29.0,4.0,4.0,34.0,3.0,10.0,4.0,8.0,7.0,7.0,10.0,21.0,4.0,16.0,5.0,3.0,8.0,7.0,18.0,8.0,17.0,3.0,17.0,6.0,1.0,35.0,50.0,21.0,13.0,1.0,4.0,8.0,7.0,4.0,12.0,12.0,13.0,11.0,14.0,86.0,5.0,43.0,6.0,12.0,2.0,31.0,5.0,0.0,1.0,4.0,17.0,7.0,7.0,7.0,29.0,0.0,6.0,8.0,7.0,4.0,7.0,7.0,8.0,3.0,14.0,7.0,5.0,11.0,6.0,12.0,12.0,28.0,58.0,1.0,36.0,166.0,3.0,7.0,0.0,7.0,197.0,59.0,11.0,11.0,8.0,7.0,12.0,16.0,2.0,11.0,6.0,5.0,2.0,4.0,13.0,9.0,3.0,85.0,3.0,10.0,3.0,11.0,8.0,14.0,6.0,3.0,5.0,0.0,7.0,91.0,1.0,12.0,18.0,8.0,2.0,15.0,30.0,13.0,11.0,3.0,28.0,0.0,0.0,8.0,10.0,4.0,141.0,1.0,10.0,4.0,31.0,145.0,36.0,7.0,31.0,24.0,3.0,4.0,23.0,2.0,5.0,8.0,11.0,1.0,83.0,24.0,45.0,11.0,24.0,10.0,2.0,15.0,49.0,119.0,120.0,4.0,7.0,7.0,17.0,35.0,31.0,6.0,11.0,16.0,7.0,0.0,11.0,1.0,21.0,5.0,35.0,16.0,3.0,27.0,25.0,42.0,7.0,17.0,5.0,4.0,18.0,17.0,2.0,2.0,5.0,11.0,15.0,6.0,3.0,3.0,3.0,3.0,7.0,2.0,16.0,3.0,5.0,6.0,10.0,12.0,8.0,10.0,3.0,5.0,4.0,21.0,8.0,0.0,2.0,1.0,7.0,7.0,6.0,25.0,18.0,3.0,1.0,31.0,8.0,16.0,12.0,2.0,35.0,23.0,9.0,2.0,7.0,13.0,27.0,0.0,8.0,7.0,1.0,6.0,14.0,1.0,13.0,4.0,6.0,7.0,5.0,29.0,3.0,8.0,14.0,14.0,1.0,103.0,47.0,9.0,52.0,128.0,12.0,21.0,9.0,24.0,35.0,66.0,35.0,93.0,9.0,11.0,8.0,12.0,1.0,9.0,36.0,34.0,14.0,1.0,6.0,4.0,6.0,11.0,1.0,55.0,248.0,5.0,2.0,33.0,17.0,12.0,50.0,15.0,51.0,11.0,14.0,56.0,0.0,0.0,9.0,2.0,78.0,6.0,22.0,9.0,1.0,46.0,3.0,35.0,38.0,11.0,12.0,28.0,21.0,4.0,45.0,15.0,9.0,6.0,66.0,14.0,3.0,5.0,6.0,7.0,30.0,10.0,2.0,56.0,14.0,3.0,17.0,4.0,13.0,5.0,17.0,17.0,2.0,12.0,19.0,0.0,10.0,25.0,0.0,1.0,2.0,1.0,1.0,5.0,5.0,44.0,12.0,2.0,4.0,25.0,5.0,4.0,0.0,27.0,0.0,7.0,18.0,22.0,8.0,13.0,24.0,80.0,40.0,4.0,4.0,5.0,1.0,1.0,2.0,18.0,18.0,12.0,12.0,2.0,37.0,3.0,8.0,5.0,89.0,18.0,11.0,4.0,18.0,2.0,11.0,58.0,4.0,2.0,43.0,78.0,7.0,1185.0,20.0,10.0,16.0,40.0,241.0,53.0,24.0,3.0,5.0,4.0,2.0
Petti_Petti_809653_HSPC,6.0,1.0,3.0,2.0,1.0,6.0,3.0,2.0,7.0,3.0,2.0,7.0,1.0,4.0,2.0,3.0,9.0,5.0,1.0,2.0,0.0,3.0,12.0,4.0,0.0,0.0,4.0,1.0,3.0,4.0,3.0,11.0,0.0,0.0,1.0,10.0,0.0,1.0,1.0,6.0,2.0,11.0,4.0,0.0,8.0,5.0,0.0,14.0,33.0,6.0,3.0,11.0,4.0,1.0,0.0,0.0,2.0,3.0,2.0,4.0,5.0,4.0,4.0,8.0,7.0,4.0,10.0,3.0,1.0,19.0,7.0,2.0,12.0,30.0,4.0,2.0,0.0,0.0,3.0,4.0,3.0,5.0,0.0,0.0,3.0,24.0,1.0,37.0,1.0,2.0,3.0,3.0,7.0,0.0,0.0,0.0,3.0,0.0,12.0,2.0,22.0,3.0,4.0,17.0,8.0,5.0,2.0,2.0,1.0,1.0,1.0,3.0,4.0,0.0,9.0,11.0,14.0,70.0,0.0,12.0,3.0,1.0,0.0,3.0,1.0,34.0,0.0,70.0,1.0,1.0,19.0,8.0,10.0,44.0,10.0,8.0,1.0,12.0,11.0,0.0,51.0,2.0,328.0,0.0,1.0,1.0,20.0,0.0,4.0,0.0,0.0,15.0,2.0,4.0,6.0,1.0,12.0,6.0,3.0,5.0,9.0,0.0,11.0,1.0,1.0,3.0,5.0,1.0,0.0,5.0,0.0,4.0,18.0,2.0,2.0,1.0,2.0,0.0,12.0,1.0,9.0,0.0,1.0,0.0,19.0,1.0,5.0,6.0,7.0,0.0,25.0,6.0,13.0,14.0,2.0,1.0,8.0,1.0,2.0,0.0,1.0,1.0,1.0,3.0,13.0,3.0,2.0,1.0,0.0,7.0,920.0,66.0,0.0,1.0,0.0,2.0,25.0,1.0,33.0,1.0,0.0,0.0,2.0,3.0,3.0,7.0,4.0,3.0,4.0,1.0,6.0,8.0,0.0,4.0,4.0,7.0,1.0,1.0,2.0,1.0,0.0,0.0,2.0,5.0,0.0,1.0,5.0,9.0,1.0,197.0,273.0,3.0,3.0,0.0,1.0,2.0,2.0,1.0,5.0,0.0,2.0,0.0,4.0,1.0,2.0,0.0,6.0,13.0,5.0,2.0,1.0,1.0,6.0,1.0,5.0,8.0,1.0,2.0,1.0,1.0,1.0,0.0,4.0,1.0,0.0,2.0,0.0,6.0,2.0,0.0,10.0,0.0,5.0,9.0,4.0,2.0,1.0,3.0,6.0,27.0,11.0,1.0,1.0,0.0,10.0,0.0,1.0,4.0,0.0,13.0,20.0,6.0,0.0,8.0,0.0,1.0,3.0,4.0,3.0,4.0,1.0,0.0,0.0,0.0,0.0,2.0,0.0,8.0,5.0,0.0,2.0,2.0,0.0,2.0,1.0,1.0,0.0,3.0,0.0,1.0,2.0,1.0,17.0,3.0,3.0,2.0,4.0,2.0,1.0,2.0,0.0,4.0,1.0,1.0,4.0,43.0,16.0,6.0,0.0,0.0,1.0,0.0,2.0,0.0,4.0,5.0,0.0,10.0,0.0,7.0,11.0,1.0,1.0,1.0,3.0,0.0,7.0,4.0,4.0,5.0,2.0,2.0,4.0,4.0,0.0,1.0,2.0,7.0,0.0,0.0,0.0,3.0,4.0,1.0,6.0,0.0,1.0,1.0,1.0,12.0,12.0,0.0,6.0,8.0,8.0,26.0,2.0,0.0,1.0,0.0,8.0,2.0,7.0,3.0,3.0,1.0,4.0,0.0,1.0,18.0,1.0,0.0,2.0,2.0,7.0,3.0,0.0,1.0,4.0,3.0,2.0,0.0,1.0,0.0,10.0,6.0,3.0,18.0,0.0,4.0,0.0,4.0,2.0,0.0,13.0,7.0,6.0,6.0,4.0,1.0,0.0,0.0,3.0,5.0,0.0,9.0,5.0,6.0,19.0,0.0,4.0,2.0,1.0,0.0,12.0,7.0,0.0,0.0,4.0,6.0,1.0,3.0,1.0,9.0,16.0,17.0,2.0,0.0,10.0,1.0,4.0,2.0,1.0,0.0,5.0,1.0,9.0,3.0,3.0,4.0,5.0,13.0,0.0,12.0,71.0,0.0,4.0,0.0,1.0,52.0,13.0,5.0,0.0,4.0,2.0,2.0,5.0,2.0,1.0,3.0,7.0,0.0,1.0,10.0,6.0,0.0,3.0,1.0,6.0,1.0,3.0,3.0,4.0,2.0,1.0,4.0,2.0,0.0,20.0,0.0,5.0,5.0,5.0,0.0,5.0,10.0,4.0,2.0,1.0,6.0,5.0,0.0,9.0,4.0,0.0,27.0,19.0,5.0,2.0,3.0,29.0,2.0,0.0,12.0,6.0,4.0,4.0,6.0,8.0,0.0,0.0,1.0,0.0,1.0,3.0,1.0,12.0,14.0,0.0,9.0,7.0,7.0,21.0,16.0,1.0,1.0,2.0,1.0,4.0,1.0,5.0,1.0,1.0,2.0,0.0,11.0,0.0,2.0,1.0,39.0,1.0,2.0,1.0,6.0,12.0,0.0,6.0,1.0,1.0,6.0,2.0,0.0,2.0,1.0,1.0,7.0,2.0,0.0,2.0,0.0,2.0,1.0,0.0,6.0,0.0,8.0,2.0,3.0,2.0,2.0,4.0,1.0,0.0,2.0,7.0,2.0,1.0,1.0,1.0,2.0,3.0,5.0,5.0,11.0,0.0,1.0,2.0,1.0,1.0,2.0,3.0,8.0,31.0,4.0,0.0,3.0,1.0,1.0,3.0,1.0,1.0,0.0,0.0,0.0,0.0,2.0,2.0,4.0,1.0,0.0,7.0,0.0,6.0,1.0,0.0,0.0,34.0,9.0,1.0,32.0,19.0,1.0,5.0,0.0,0.0,8.0,8.0,5.0,25.0,10.0,0.0,3.0,3.0,1.0,2.0,5.0,0.0,2.0,0.0,5.0,1.0,0.0,1.0,0.0,27.0,30.0,1.0,0.0,6.0,2.0,3.0,18.0,3.0,5.0,1.0,8.0,5.0,0.0,0.0,2.0,2.0,5.0,0.0,9.0,5.0,6.0,2.0,4.0,7.0,3.0,3.0,1.0,10.0,4.0,1.0,8.0,1.0,4.0,2.0,13.0,1.0,4.0,2.0,1.0,0.0,5.0,2.0,1.0,6.0,2.0,2.0,8.0,1.0,7.0,1.0,3.0,4.0,0.0,1.0,4.0,1.0,3.0,5.0,2.0,1.0,1.0,4.0,2.0,1.0,4.0,8.0,2.0,1.0,2.0,3.0,5.0,2.0,8.0,0.0,0.0,3.0,3.0,3.0,2.0,1.0,2.0,21.0,9.0,5.0,1.0,2.0,1.0,4.0,1.0,1.0,8.0,2.0,3.0,1.0,9.0,0.0,0.0,0.0,0.0,4.0,6.0,1.0,1.0,0.0,0.0,1.0,6.0,1.0,2.0,8.0,0.0,56.0,0.0,2.0,2.0,14.0,48.0,14.0,2.0,0.0,3.0,3.0,0.0
Petti_Petti_809653_LSPC,15.0,10.0,13.0,9.0,17.0,35.0,7.0,12.0,50.0,28.0,118.0,137.0,9.0,64.0,70.0,53.0,156.0,92.0,8.0,17.0,17.0,57.0,75.0,36.0,1.0,4.0,66.0,45.0,42.0,113.0,20.0,72.0,13.0,11.0,13.0,259.0,0.0,23.0,25.0,89.0,521.0,95.0,27.0,8.0,108.0,39.0,25.0,154.0,24.0,123.0,86.0,90.0,16.0,5.0,7.0,19.0,20.0,23.0,18.0,56.0,46.0,55.0,30.0,126.0,102.0,27.0,43.0,35.0,6.0,294.0,82.0,6.0,160.0,9.0,58.0,29.0,12.0,11.0,66.0,20.0,57.0,15.0,10.0,14.0,31.0,215.0,8.0,375.0,17.0,29.0,8.0,16.0,50.0,15.0,4.0,8.0,11.0,14.0,522.0,23.0,334.0,17.0,31.0,200.0,78.0,41.0,3.0,11.0,5.0,32.0,6.0,55.0,20.0,25.0,160.0,52.0,77.0,968.0,1.0,60.0,58.0,51.0,25.0,47.0,89.0,661.0,6.0,669.0,23.0,17.0,396.0,111.0,269.0,1346.0,160.0,84.0,47.0,72.0,183.0,38.0,114.0,33.0,2757.0,11.0,35.0,21.0,410.0,2.0,21.0,27.0,10.0,920.0,2.0,15.0,19.0,16.0,74.0,45.0,23.0,27.0,55.0,12.0,90.0,17.0,7.0,36.0,38.0,36.0,6.0,58.0,35.0,72.0,3.0,39.0,1.0,1.0,8.0,5.0,166.0,27.0,103.0,21.0,27.0,63.0,283.0,11.0,147.0,113.0,266.0,5.0,19.0,17.0,64.0,537.0,49.0,2.0,80.0,18.0,23.0,8.0,27.0,9.0,20.0,39.0,114.0,30.0,3.0,32.0,3.0,60.0,12571.0,702.0,0.0,39.0,13.0,28.0,390.0,60.0,1744.0,5.0,0.0,10.0,16.0,22.0,11.0,0.0,59.0,44.0,17.0,51.0,17.0,43.0,40.0,84.0,71.0,20.0,17.0,3.0,14.0,8.0,7.0,92.0,55.0,60.0,1.0,7.0,170.0,132.0,11.0,1882.0,2121.0,10.0,15.0,16.0,16.0,14.0,30.0,8.0,15.0,2.0,14.0,6.0,69.0,31.0,39.0,14.0,108.0,134.0,59.0,24.0,34.0,90.0,51.0,16.0,41.0,66.0,17.0,31.0,1.0,16.0,1.0,10.0,12.0,23.0,0.0,23.0,7.0,120.0,28.0,16.0,298.0,10.0,422.0,32.0,71.0,55.0,18.0,39.0,167.0,502.0,270.0,1.0,31.0,9.0,114.0,0.0,15.0,17.0,18.0,56.0,352.0,19.0,0.0,96.0,20.0,33.0,46.0,66.0,49.0,49.0,2.0,7.0,5.0,8.0,37.0,13.0,7.0,95.0,128.0,1.0,36.0,71.0,3.0,105.0,50.0,9.0,47.0,27.0,10.0,1.0,32.0,48.0,254.0,93.0,68.0,15.0,74.0,30.0,6.0,23.0,9.0,92.0,162.0,16.0,131.0,600.0,543.0,77.0,34.0,7.0,43.0,4.0,62.0,2.0,45.0,74.0,26.0,65.0,0.0,66.0,83.0,27.0,23.0,30.0,7.0,130.0,113.0,31.0,58.0,91.0,14.0,23.0,37.0,66.0,11.0,31.0,215.0,27.0,6.0,4.0,2.0,14.0,37.0,3.0,73.0,10.0,10.0,32.0,35.0,119.0,182.0,11.0,41.0,64.0,57.0,579.0,21.0,9.0,13.0,31.0,112.0,20.0,39.0,29.0,15.0,14.0,25.0,16.0,18.0,33.0,7.0,12.0,81.0,5.0,101.0,42.0,9.0,24.0,14.0,25.0,11.0,11.0,31.0,10.0,29.0,52.0,6.0,124.0,12.0,50.0,6.0,22.0,17.0,17.0,465.0,215.0,56.0,30.0,7.0,24.0,7.0,13.0,22.0,68.0,5.0,30.0,14.0,44.0,169.0,4.0,73.0,36.0,24.0,12.0,94.0,31.0,0.0,7.0,6.0,73.0,17.0,22.0,28.0,73.0,23.0,19.0,44.0,2.0,137.0,62.0,42.0,28.0,6.0,14.0,3.0,10.0,73.0,24.0,69.0,23.0,95.0,172.0,4.0,219.0,891.0,7.0,30.0,0.0,27.0,2272.0,184.0,30.0,1.0,19.0,24.0,35.0,33.0,55.0,7.0,12.0,35.0,17.0,20.0,93.0,18.0,13.0,113.0,15.0,42.0,4.0,39.0,20.0,36.0,18.0,5.0,25.0,11.0,23.0,334.0,4.0,119.0,85.0,28.0,0.0,80.0,203.0,41.0,64.0,2.0,83.0,50.0,2.0,43.0,31.0,23.0,390.0,21.0,15.0,23.0,50.0,406.0,87.0,25.0,156.0,124.0,63.0,54.0,75.0,34.0,38.0,19.0,19.0,22.0,161.0,69.0,215.0,101.0,162.0,45.0,52.0,122.0,169.0,224.0,188.0,3.0,13.0,32.0,15.0,948.0,73.0,37.0,29.0,32.0,77.0,3.0,37.0,2.0,50.0,20.0,160.0,62.0,48.0,25.0,109.0,135.0,30.0,138.0,18.0,11.0,140.0,15.0,27.0,31.0,19.0,3.0,70.0,44.0,16.0,22.0,4.0,11.0,40.0,12.0,64.0,9.0,44.0,45.0,14.0,17.0,6.0,10.0,2.0,12.0,15.0,110.0,114.0,20.0,3.0,23.0,29.0,15.0,24.0,167.0,112.0,7.0,20.0,64.0,38.0,29.0,36.0,19.0,51.0,77.0,28.0,19.0,20.0,35.0,38.0,72.0,19.0,13.0,2.0,27.0,61.0,17.0,15.0,12.0,21.0,39.0,17.0,188.0,6.0,44.0,23.0,0.0,12.0,374.0,90.0,0.0,305.0,251.0,18.0,188.0,34.0,14.0,87.0,220.0,88.0,243.0,95.0,10.0,15.0,42.0,28.0,64.0,136.0,1.0,38.0,1.0,29.0,18.0,8.0,30.0,1.0,152.0,1555.0,16.0,24.0,53.0,35.0,38.0,315.0,44.0,97.0,20.0,48.0,73.0,0.0,7.0,19.0,27.0,287.0,4.0,95.0,52.0,67.0,136.0,29.0,127.0,50.0,44.0,21.0,139.0,54.0,5.0,140.0,34.0,33.0,6.0,285.0,17.0,34.0,41.0,43.0,8.0,105.0,19.0,9.0,146.0,32.0,41.0,59.0,12.0,63.0,9.0,56.0,54.0,7.0,41.0,44.0,20.0,51.0,37.0,9.0,24.0,16.0,16.0,3.0,22.0,43.0,162.0,36.0,1.0,21.0,81.0,40.0,2.0,42.0,66.0,6.0,18.0,45.0,34.0,20.0,22.0,44.0,314.0,137.0,37.0,26.0,76.0,34.0,19.0,19.0,190.0,77.0,24.0,1.0,40.0,93.0,5.0,21.0,16.0,172.0,82.0,69.0,14.0,11.0,0.0,15.0,110.0,31.0,23.0,48.0,132.0,4.0,3569.0,76.0,16.0,25.0,190.0,1072.0,226.0,42.0,14.0,13.0,27.0,16.0
vanGalen_AML328_HSPC,0.0,2.0,1.0,0.0,0.0,11.0,0.0,5.0,2.0,0.0,7.0,10.0,0.0,3.0,1.0,3.0,13.0,3.0,0.0,1.0,1.0,7.0,2.0,5.0,1.0,1.0,9.0,15.0,5.0,5.0,3.0,1.0,0.0,0.0,0.0,40.0,1.0,1.0,4.0,19.0,29.0,3.0,3.0,0.0,13.0,0.0,0.0,8.0,40.0,6.0,3.0,6.0,2.0,1.0,0.0,7.0,0.0,0.0,1.0,6.0,8.0,2.0,14.0,4.0,3.0,0.0,13.0,3.0,3.0,19.0,7.0,0.0,45.0,0.0,7.0,1.0,5.0,1.0,5.0,4.0,32.0,0.0,2.0,1.0,1.0,7.0,1.0,20.0,3.0,2.0,3.0,7.0,8.0,0.0,0.0,0.0,1.0,4.0,5.0,0.0,34.0,7.0,7.0,40.0,6.0,8.0,2.0,3.0,2.0,5.0,0.0,7.0,1.0,0.0,17.0,5.0,2.0,40.0,0.0,7.0,3.0,3.0,1.0,3.0,0.0,51.0,5.0,6.0,5.0,1.0,31.0,8.0,59.0,80.0,13.0,4.0,1.0,6.0,7.0,2.0,17.0,0.0,53.0,2.0,1.0,0.0,29.0,0.0,13.0,1.0,0.0,17.0,10.0,1.0,0.0,2.0,9.0,0.0,1.0,1.0,3.0,14.0,11.0,13.0,0.0,1.0,2.0,0.0,1.0,4.0,0.0,6.0,0.0,6.0,0.0,0.0,2.0,1.0,7.0,1.0,4.0,1.0,2.0,2.0,5.0,0.0,3.0,8.0,4.0,1.0,7.0,1.0,11.0,13.0,3.0,1.0,7.0,0.0,2.0,1.0,2.0,0.0,1.0,0.0,4.0,2.0,6.0,3.0,2.0,12.0,1372.0,34.0,0.0,22.0,3.0,11.0,7.0,4.0,77.0,1.0,0.0,0.0,1.0,5.0,1.0,0.0,5.0,15.0,2.0,2.0,5.0,3.0,2.0,20.0,10.0,7.0,2.0,1.0,1.0,0.0,1.0,1.0,4.0,5.0,0.0,2.0,8.0,36.0,4.0,77.0,125.0,1.0,0.0,6.0,1.0,0.0,14.0,2.0,2.0,2.0,2.0,0.0,5.0,0.0,1.0,1.0,14.0,30.0,27.0,1.0,6.0,17.0,3.0,3.0,19.0,2.0,2.0,3.0,0.0,0.0,0.0,1.0,1.0,3.0,1.0,1.0,0.0,10.0,3.0,0.0,13.0,1.0,7.0,4.0,4.0,0.0,0.0,1.0,3.0,47.0,56.0,0.0,3.0,0.0,15.0,7.0,0.0,1.0,0.0,3.0,10.0,1.0,1.0,6.0,2.0,10.0,0.0,4.0,4.0,1.0,0.0,1.0,1.0,0.0,0.0,3.0,0.0,11.0,14.0,0.0,10.0,4.0,1.0,6.0,3.0,0.0,14.0,9.0,1.0,0.0,2.0,5.0,41.0,5.0,19.0,0.0,3.0,2.0,0.0,3.0,3.0,17.0,6.0,0.0,30.0,44.0,9.0,8.0,0.0,0.0,0.0,2.0,6.0,2.0,13.0,17.0,3.0,4.0,0.0,2.0,35.0,3.0,3.0,1.0,0.0,2.0,12.0,0.0,3.0,5.0,0.0,0.0,2.0,2.0,0.0,2.0,0.0,3.0,0.0,31.0,0.0,1.0,1.0,2.0,3.0,1.0,1.0,4.0,7.0,7.0,10.0,2.0,4.0,6.0,1.0,12.0,5.0,0.0,2.0,8.0,16.0,1.0,4.0,5.0,3.0,0.0,2.0,2.0,0.0,4.0,1.0,1.0,17.0,4.0,9.0,2.0,0.0,0.0,2.0,1.0,1.0,3.0,15.0,0.0,4.0,4.0,1.0,11.0,1.0,4.0,0.0,6.0,3.0,0.0,18.0,17.0,4.0,0.0,0.0,0.0,0.0,1.0,2.0,3.0,6.0,1.0,2.0,6.0,21.0,2.0,12.0,3.0,2.0,0.0,30.0,4.0,1.0,2.0,5.0,0.0,1.0,0.0,4.0,18.0,2.0,2.0,2.0,2.0,10.0,8.0,4.0,6.0,3.0,0.0,1.0,1.0,10.0,0.0,7.0,1.0,5.0,21.0,1.0,20.0,24.0,2.0,8.0,0.0,2.0,28.0,10.0,9.0,6.0,6.0,2.0,3.0,3.0,4.0,2.0,0.0,6.0,0.0,1.0,5.0,0.0,0.0,5.0,2.0,4.0,0.0,4.0,5.0,13.0,1.0,1.0,0.0,4.0,3.0,2.0,4.0,12.0,8.0,1.0,1.0,9.0,27.0,5.0,5.0,0.0,9.0,0.0,0.0,1.0,29.0,5.0,24.0,1.0,7.0,2.0,6.0,83.0,41.0,1.0,7.0,7.0,5.0,0.0,15.0,0.0,7.0,3.0,2.0,1.0,2.0,7.0,6.0,3.0,1.0,0.0,4.0,16.0,20.0,37.0,23.0,0.0,0.0,1.0,0.0,5.0,8.0,1.0,3.0,6.0,2.0,0.0,5.0,0.0,3.0,4.0,31.0,7.0,0.0,4.0,8.0,27.0,8.0,1.0,3.0,0.0,6.0,2.0,0.0,0.0,2.0,2.0,7.0,2.0,0.0,0.0,0.0,1.0,0.0,0.0,9.0,0.0,6.0,0.0,0.0,1.0,1.0,3.0,0.0,1.0,0.0,1.0,0.0,0.0,0.0,3.0,1.0,2.0,1.0,36.0,20.0,0.0,0.0,6.0,0.0,2.0,3.0,2.0,2.0,8.0,1.0,3.0,2.0,3.0,21.0,2.0,1.0,0.0,3.0,2.0,4.0,2.0,1.0,2.0,1.0,0.0,0.0,1.0,0.0,16.0,1.0,9.0,0.0,54.0,19.0,1.0,9.0,70.0,0.0,5.0,2.0,3.0,15.0,12.0,14.0,22.0,11.0,1.0,2.0,1.0,8.0,2.0,18.0,0.0,7.0,0.0,3.0,0.0,0.0,2.0,0.0,13.0,31.0,0.0,2.0,1.0,1.0,0.0,15.0,5.0,4.0,6.0,2.0,16.0,0.0,0.0,0.0,0.0,8.0,0.0,2.0,4.0,15.0,16.0,1.0,16.0,7.0,4.0,1.0,15.0,4.0,4.0,3.0,3.0,12.0,3.0,53.0,4.0,1.0,5.0,8.0,1.0,7.0,0.0,0.0,5.0,13.0,1.0,11.0,0.0,5.0,0.0,15.0,1.0,0.0,2.0,6.0,7.0,4.0,10.0,1.0,0.0,1.0,2.0,1.0,8.0,0.0,5.0,3.0,0.0,2.0,0.0,4.0,0.0,2.0,6.0,0.0,3.0,1.0,29.0,1.0,3.0,2.0,17.0,7.0,4.0,3.0,3.0,8.0,0.0,1.0,10.0,3.0,1.0,0.0,3.0,8.0,2.0,3.0,4.0,11.0,4.0,5.0,3.0,6.0,0.0,0.0,8.0,4.0,11.0,3.0,9.0,1.0,24.0,10.0,3.0,3.0,24.0,117.0,17.0,15.0,2.0,4.0,0.0,5.0
vanGalen_AML328_LSPC,60.0,28.0,14.0,48.0,17.0,364.0,42.0,78.0,82.0,15.0,221.0,311.0,28.0,388.0,105.0,108.0,290.0,84.0,37.0,19.0,18.0,155.0,112.0,237.0,6.0,17.0,304.0,283.0,51.0,415.0,296.0,39.0,21.0,12.0,17.0,1304.0,34.0,44.0,56.0,259.0,1022.0,194.0,75.0,31.0,377.0,67.0,21.0,288.0,92.0,152.0,119.0,120.0,33.0,16.0,25.0,123.0,24.0,21.0,109.0,233.0,318.0,259.0,445.0,149.0,242.0,18.0,146.0,93.0,113.0,336.0,233.0,29.0,1082.0,1.0,264.0,44.0,122.0,43.0,123.0,113.0,465.0,28.0,67.0,37.0,59.0,168.0,48.0,440.0,33.0,105.0,74.0,128.0,349.0,111.0,40.0,2.0,39.0,69.0,219.0,34.0,1096.0,114.0,151.0,1334.0,304.0,311.0,56.0,54.0,10.0,122.0,13.0,303.0,66.0,69.0,793.0,247.0,86.0,957.0,18.0,638.0,190.0,136.0,40.0,261.0,27.0,1576.0,842.0,236.0,121.0,31.0,612.0,269.0,1658.0,2795.0,303.0,154.0,61.0,175.0,555.0,98.0,223.0,52.0,2562.0,62.0,196.0,24.0,722.0,2.0,147.0,38.0,260.0,762.0,255.0,26.0,23.0,38.0,316.0,51.0,16.0,28.0,204.0,675.0,647.0,456.0,26.0,51.0,93.0,59.0,66.0,249.0,37.0,375.0,31.0,350.0,8.0,16.0,62.0,41.0,375.0,30.0,208.0,70.0,5.0,15.0,91.0,28.0,117.0,499.0,180.0,7.0,73.0,32.0,46.0,610.0,327.0,28.0,223.0,22.0,29.0,17.0,150.0,29.0,49.0,14.0,115.0,118.0,204.0,72.0,20.0,182.0,39295.0,1024.0,2.0,1128.0,95.0,184.0,155.0,167.0,3086.0,31.0,1.0,29.0,20.0,144.0,38.0,8.0,126.0,217.0,40.0,65.0,185.0,135.0,85.0,430.0,366.0,116.0,38.0,12.0,22.0,108.0,30.0,29.0,23.0,128.0,5.0,23.0,249.0,1128.0,124.0,1754.0,3192.0,23.0,28.0,95.0,29.0,25.0,518.0,36.0,47.0,61.0,87.0,10.0,141.0,38.0,68.0,23.0,316.0,1288.0,782.0,31.0,371.0,656.0,105.0,84.0,580.0,132.0,64.0,35.0,10.0,12.0,0.0,12.0,38.0,17.0,21.0,45.0,17.0,110.0,54.0,108.0,224.0,28.0,217.0,124.0,211.0,43.0,6.0,94.0,352.0,1901.0,1712.0,2.0,108.0,38.0,321.0,204.0,17.0,76.0,19.0,39.0,296.0,86.0,14.0,320.0,20.0,230.0,153.0,151.0,66.0,80.0,16.0,35.0,30.0,40.0,81.0,44.0,11.0,147.0,496.0,7.0,339.0,75.0,551.0,241.0,112.0,4.0,338.0,169.0,123.0,34.0,63.0,74.0,1519.0,116.0,317.0,14.0,146.0,53.0,43.0,42.0,74.0,613.0,165.0,8.0,1585.0,1432.0,330.0,245.0,27.0,108.0,5.0,52.0,155.0,14.0,321.0,421.0,91.0,295.0,5.0,169.0,1065.0,53.0,47.0,25.0,25.0,77.0,369.0,10.0,151.0,246.0,44.0,24.0,54.0,53.0,28.0,29.0,66.0,79.0,22.0,1482.0,17.0,44.0,54.0,21.0,155.0,25.0,76.0,59.0,140.0,220.0,608.0,89.0,55.0,130.0,50.0,518.0,212.0,22.0,114.0,125.0,306.0,92.0,133.0,106.0,48.0,7.0,94.0,61.0,9.0,252.0,35.0,91.0,353.0,78.0,306.0,36.0,33.0,23.0,123.0,48.0,35.0,47.0,277.0,7.0,71.0,118.0,14.0,353.0,51.0,175.0,3.0,205.0,111.0,10.0,535.0,732.0,146.0,61.0,22.0,34.0,15.0,27.0,104.0,56.0,172.0,47.0,59.0,197.0,621.0,9.0,896.0,59.0,64.0,40.0,954.0,94.0,2.0,41.0,114.0,115.0,85.0,42.0,90.0,421.0,15.0,24.0,62.0,11.0,137.0,129.0,107.0,179.0,35.0,8.0,21.0,64.0,212.0,25.0,235.0,61.0,137.0,1025.0,28.0,342.0,1300.0,61.0,189.0,49.0,80.0,2461.0,429.0,169.0,234.0,57.0,65.0,140.0,107.0,47.0,60.0,33.0,153.0,8.0,41.0,82.0,82.0,28.0,63.0,102.0,31.0,6.0,73.0,164.0,357.0,56.0,26.0,12.0,29.0,95.0,139.0,46.0,270.0,184.0,47.0,11.0,216.0,643.0,140.0,89.0,7.0,254.0,21.0,1.0,68.0,235.0,51.0,1092.0,14.0,101.0,44.0,250.0,2979.0,1283.0,84.0,136.0,316.0,148.0,39.0,325.0,23.0,83.0,94.0,10.0,5.0,63.0,289.0,187.0,128.0,149.0,37.0,95.0,536.0,479.0,1458.0,871.0,13.0,54.0,76.0,121.0,187.0,196.0,36.0,59.0,266.0,136.0,21.0,231.0,11.0,171.0,86.0,373.0,167.0,18.0,130.0,232.0,461.0,73.0,126.0,85.0,11.0,82.0,65.0,7.0,13.0,60.0,128.0,272.0,39.0,12.0,36.0,31.0,64.0,22.0,25.0,154.0,27.0,116.0,60.0,24.0,56.0,49.0,46.0,34.0,18.0,17.0,19.0,2.0,32.0,15.0,92.0,127.0,24.0,59.0,1062.0,589.0,8.0,34.0,217.0,38.0,81.0,124.0,141.0,127.0,132.0,56.0,63.0,38.0,85.0,286.0,53.0,60.0,5.0,100.0,44.0,85.0,25.0,54.0,96.0,23.0,54.0,37.0,160.0,12.0,327.0,35.0,269.0,24.0,1595.0,538.0,111.0,411.0,2137.0,58.0,37.0,51.0,76.0,542.0,468.0,854.0,720.0,320.0,70.0,49.0,53.0,199.0,118.0,492.0,31.0,244.0,5.0,70.0,42.0,62.0,131.0,44.0,171.0,1643.0,17.0,22.0,48.0,89.0,47.0,501.0,188.0,159.0,77.0,99.0,569.0,10.0,18.0,20.0,14.0,111.0,20.0,106.0,106.0,455.0,312.0,60.0,393.0,368.0,133.0,106.0,340.0,143.0,154.0,372.0,104.0,90.0,44.0,1324.0,141.0,15.0,109.0,86.0,24.0,120.0,80.0,22.0,178.0,171.0,24.0,266.0,30.0,97.0,35.0,220.0,106.0,21.0,86.0,108.0,151.0,220.0,293.0,24.0,15.0,19.0,20.0,5.0,133.0,133.0,228.0,208.0,28.0,106.0,302.0,136.0,10.0,77.0,95.0,3.0,26.0,245.0,542.0,35.0,49.0,84.0,788.0,195.0,70.0,78.0,97.0,74.0,144.0,43.0,288.0,97.0,82.0,26.0,35.0,412.0,31.0,186.0,113.0,591.0,126.0,100.0,314.0,208.0,27.0,38.0,258.0,98.0,351.0,447.0,315.0,20.0,930.0,460.0,59.0,97.0,803.0,4817.0,619.0,453.0,41.0,102.0,38.0,55.0
vanGalen_AML707B_HSPC,0.0,0.0,0.0,1.0,0.0,1.0,1.0,2.0,0.0,1.0,2.0,0.0,0.0,7.0,1.0,0.0,2.0,2.0,0.0,0.0,1.0,1.0,0.0,2.0,0.0,1.0,4.0,6.0,3.0,6.0,2.0,4.0,0.0,0.0,0.0,12.0,0.0,5.0,0.0,5.0,5.0,2.0,3.0,0.0,21.0,1.0,0.0,5.0,1.0,4.0,4.0,2.0,1.0,0.0,0.0,2.0,1.0,0.0,0.0,5.0,2.0,2.0,2.0,1.0,3.0,1.0,5.0,1.0,0.0,3.0,4.0,0.0,24.0,0.0,1.0,2.0,0.0,2.0,1.0,3.0,12.0,0.0,1.0,0.0,1.0,2.0,1.0,1.0,0.0,1.0,0.0,1.0,4.0,3.0,2.0,0.0,0.0,0.0,1.0,1.0,11.0,1.0,3.0,26.0,0.0,6.0,1.0,0.0,0.0,2.0,1.0,4.0,1.0,0.0,10.0,3.0,2.0,10.0,0.0,3.0,1.0,0.0,2.0,9.0,0.0,22.0,2.0,1.0,2.0,2.0,11.0,3.0,6.0,21.0,6.0,4.0,3.0,4.0,9.0,0.0,12.0,0.0,30.0,1.0,7.0,1.0,11.0,0.0,1.0,2.0,1.0,16.0,2.0,0.0,0.0,0.0,1.0,2.0,0.0,0.0,4.0,2.0,12.0,16.0,0.0,0.0,0.0,0.0,1.0,3.0,0.0,2.0,1.0,1.0,0.0,0.0,0.0,0.0,4.0,1.0,1.0,0.0,1.0,1.0,2.0,0.0,1.0,2.0,4.0,4.0,0.0,0.0,1.0,6.0,1.0,0.0,1.0,1.0,0.0,1.0,3.0,1.0,2.0,0.0,5.0,3.0,0.0,1.0,0.0,5.0,678.0,17.0,5.0,5.0,1.0,2.0,2.0,1.0,33.0,0.0,1.0,3.0,2.0,1.0,3.0,4.0,0.0,4.0,3.0,1.0,3.0,3.0,1.0,4.0,2.0,2.0,2.0,0.0,1.0,1.0,0.0,0.0,4.0,0.0,0.0,0.0,1.0,10.0,2.0,28.0,43.0,0.0,0.0,0.0,1.0,0.0,14.0,1.0,1.0,0.0,2.0,0.0,3.0,0.0,0.0,1.0,2.0,2.0,10.0,0.0,2.0,4.0,1.0,1.0,3.0,0.0,1.0,1.0,0.0,0.0,0.0,0.0,0.0,1.0,1.0,0.0,0.0,0.0,4.0,5.0,11.0,1.0,0.0,1.0,0.0,2.0,0.0,1.0,2.0,30.0,21.0,0.0,3.0,1.0,9.0,5.0,0.0,0.0,0.0,1.0,0.0,0.0,0.0,3.0,0.0,1.0,0.0,2.0,1.0,1.0,0.0,0.0,1.0,0.0,1.0,0.0,0.0,6.0,6.0,1.0,0.0,1.0,0.0,3.0,1.0,0.0,0.0,9.0,1.0,1.0,3.0,1.0,20.0,2.0,4.0,2.0,3.0,0.0,0.0,1.0,1.0,8.0,1.0,2.0,5.0,8.0,4.0,4.0,0.0,1.0,1.0,0.0,3.0,0.0,3.0,1.0,1.0,5.0,1.0,3.0,6.0,0.0,1.0,3.0,0.0,1.0,4.0,0.0,0.0,5.0,0.0,3.0,1.0,0.0,0.0,0.0,0.0,4.0,0.0,1.0,0.0,1.0,0.0,0.0,1.0,0.0,0.0,2.0,0.0,3.0,4.0,0.0,0.0,2.0,0.0,1.0,5.0,0.0,0.0,3.0,3.0,0.0,1.0,2.0,0.0,0.0,0.0,0.0,0.0,5.0,0.0,0.0,11.0,1.0,4.0,1.0,0.0,1.0,2.0,1.0,0.0,1.0,3.0,0.0,0.0,1.0,0.0,3.0,0.0,3.0,7.0,1.0,0.0,0.0,14.0,5.0,1.0,0.0,1.0,0.0,0.0,1.0,0.0,0.0,0.0,1.0,1.0,4.0,6.0,0.0,6.0,2.0,1.0,0.0,27.0,1.0,0.0,0.0,1.0,1.0,0.0,0.0,1.0,5.0,0.0,0.0,4.0,1.0,0.0,0.0,1.0,2.0,0.0,0.0,0.0,0.0,1.0,0.0,7.0,1.0,7.0,7.0,2.0,2.0,23.0,6.0,2.0,1.0,1.0,15.0,8.0,4.0,0.0,0.0,2.0,3.0,0.0,1.0,0.0,0.0,0.0,3.0,0.0,1.0,1.0,0.0,1.0,1.0,5.0,0.0,1.0,1.0,7.0,1.0,0.0,0.0,2.0,5.0,6.0,1.0,2.0,0.0,1.0,5.0,3.0,11.0,0.0,0.0,0.0,5.0,0.0,0.0,2.0,4.0,0.0,11.0,0.0,0.0,0.0,1.0,15.0,11.0,0.0,1.0,1.0,0.0,0.0,5.0,0.0,3.0,0.0,0.0,0.0,2.0,4.0,6.0,1.0,3.0,0.0,0.0,5.0,5.0,25.0,2.0,0.0,3.0,3.0,0.0,0.0,1.0,1.0,0.0,6.0,1.0,0.0,5.0,0.0,4.0,2.0,21.0,0.0,0.0,1.0,3.0,4.0,5.0,0.0,1.0,0.0,3.0,1.0,0.0,0.0,4.0,3.0,0.0,0.0,0.0,1.0,3.0,0.0,1.0,0.0,0.0,1.0,3.0,1.0,0.0,0.0,1.0,0.0,1.0,0.0,0.0,2.0,1.0,0.0,1.0,0.0,0.0,1.0,1.0,11.0,13.0,1.0,3.0,5.0,1.0,1.0,4.0,1.0,1.0,4.0,2.0,2.0,0.0,1.0,1.0,1.0,1.0,0.0,0.0,0.0,3.0,0.0,1.0,2.0,0.0,1.0,1.0,2.0,0.0,2.0,1.0,1.0,0.0,40.0,19.0,0.0,8.0,19.0,1.0,0.0,1.0,1.0,6.0,6.0,17.0,9.0,5.0,0.0,7.0,1.0,0.0,3.0,6.0,0.0,4.0,0.0,1.0,2.0,0.0,1.0,0.0,5.0,12.0,1.0,0.0,2.0,0.0,0.0,11.0,2.0,2.0,0.0,0.0,4.0,0.0,0.0,1.0,0.0,1.0,0.0,0.0,1.0,0.0,15.0,0.0,7.0,4.0,1.0,4.0,7.0,0.0,0.0,3.0,0.0,1.0,0.0,20.0,2.0,0.0,2.0,0.0,0.0,1.0,1.0,1.0,1.0,9.0,0.0,4.0,0.0,0.0,0.0,2.0,1.0,0.0,0.0,5.0,1.0,4.0,9.0,0.0,0.0,0.0,0.0,1.0,6.0,0.0,3.0,1.0,0.0,0.0,3.0,1.0,0.0,0.0,2.0,0.0,2.0,6.0,5.0,0.0,0.0,0.0,13.0,2.0,0.0,1.0,1.0,1.0,0.0,0.0,1.0,4.0,0.0,1.0,0.0,15.0,0.0,3.0,2.0,0.0,0.0,0.0,4.0,7.0,1.0,0.0,5.0,3.0,2.0,0.0,0.0,0.0,20.0,0.0,0.0,0.0,12.0,59.0,8.0,3.0,0.0,1.0,0.0,0.0
vanGalen_AML707B_LSPC,1.0,2.0,0.0,1.0,1.0,26.0,7.0,5.0,16.0,0.0,2.0,5.0,0.0,24.0,2.0,19.0,0.0,4.0,3.0,5.0,1.0,4.0,13.0,11.0,2.0,11.0,30.0,30.0,5.0,24.0,2.0,3.0,1.0,0.0,1.0,34.0,3.0,8.0,3.0,40.0,66.0,14.0,13.0,2.0,222.0,7.0,4.0,2.0,0.0,21.0,16.0,8.0,3.0,4.0,12.0,14.0,1.0,0.0,1.0,19.0,1.0,13.0,1.0,7.0,16.0,0.0,21.0,5.0,11.0,1.0,12.0,3.0,124.0,1.0,20.0,4.0,6.0,5.0,9.0,14.0,30.0,2.0,2.0,1.0,9.0,26.0,2.0,9.0,1.0,11.0,6.0,16.0,17.0,9.0,10.0,3.0,0.0,4.0,1.0,2.0,106.0,20.0,10.0,120.0,17.0,20.0,6.0,4.0,1.0,8.0,1.0,17.0,11.0,14.0,64.0,2.0,11.0,45.0,2.0,53.0,15.0,0.0,2.0,38.0,2.0,191.0,0.0,21.0,40.0,0.0,106.0,31.0,37.0,40.0,52.0,15.0,21.0,2.0,34.0,0.0,57.0,0.0,370.0,1.0,15.0,3.0,10.0,2.0,0.0,1.0,81.0,115.0,3.0,11.0,4.0,5.0,20.0,7.0,6.0,4.0,14.0,5.0,59.0,50.0,1.0,7.0,5.0,3.0,9.0,23.0,0.0,28.0,3.0,6.0,0.0,1.0,4.0,2.0,31.0,1.0,13.0,3.0,0.0,0.0,28.0,2.0,12.0,24.0,12.0,1.0,4.0,2.0,7.0,44.0,6.0,16.0,32.0,19.0,5.0,2.0,13.0,0.0,4.0,4.0,10.0,10.0,0.0,4.0,3.0,29.0,4135.0,100.0,31.0,32.0,9.0,19.0,18.0,6.0,120.0,5.0,0.0,2.0,3.0,23.0,31.0,0.0,15.0,9.0,5.0,2.0,9.0,5.0,1.0,48.0,19.0,23.0,1.0,2.0,3.0,5.0,1.0,2.0,17.0,12.0,1.0,0.0,11.0,143.0,9.0,149.0,193.0,3.0,4.0,0.0,5.0,6.0,109.0,3.0,4.0,13.0,2.0,1.0,9.0,6.0,6.0,1.0,20.0,9.0,89.0,6.0,20.0,81.0,7.0,12.0,36.0,15.0,7.0,3.0,0.0,2.0,0.0,0.0,5.0,0.0,1.0,0.0,1.0,0.0,24.0,15.0,65.0,5.0,8.0,5.0,13.0,8.0,9.0,3.0,15.0,166.0,118.0,0.0,12.0,2.0,24.0,1.0,7.0,3.0,1.0,3.0,3.0,2.0,0.0,27.0,0.0,26.0,10.0,12.0,7.0,8.0,1.0,2.0,1.0,1.0,4.0,0.0,0.0,11.0,48.0,0.0,19.0,13.0,0.0,18.0,2.0,4.0,9.0,22.0,6.0,10.0,5.0,11.0,199.0,20.0,28.0,11.0,13.0,2.0,0.0,8.0,0.0,65.0,4.0,3.0,26.0,180.0,22.0,20.0,0.0,6.0,0.0,0.0,13.0,10.0,27.0,65.0,2.0,55.0,10.0,14.0,40.0,0.0,4.0,5.0,2.0,7.0,30.0,0.0,12.0,17.0,5.0,6.0,7.0,7.0,5.0,3.0,19.0,16.0,0.0,48.0,3.0,6.0,5.0,1.0,16.0,4.0,13.0,13.0,14.0,29.0,1.0,4.0,1.0,9.0,0.0,7.0,26.0,0.0,11.0,7.0,16.0,12.0,13.0,14.0,3.0,0.0,4.0,5.0,1.0,55.0,5.0,12.0,31.0,5.0,25.0,2.0,4.0,3.0,15.0,7.0,8.0,3.0,35.0,2.0,8.0,14.0,0.0,1.0,12.0,18.0,323.0,17.0,17.0,1.0,114.0,26.0,16.0,2.0,2.0,5.0,1.0,1.0,5.0,6.0,0.0,5.0,0.0,11.0,79.0,1.0,44.0,4.0,7.0,2.0,223.0,8.0,0.0,3.0,4.0,8.0,2.0,11.0,15.0,62.0,0.0,0.0,1.0,0.0,3.0,19.0,9.0,10.0,3.0,0.0,0.0,9.0,39.0,17.0,16.0,8.0,29.0,61.0,0.0,52.0,137.0,5.0,5.0,1.0,26.0,95.0,96.0,34.0,0.0,6.0,8.0,7.0,6.0,12.0,11.0,1.0,9.0,0.0,1.0,3.0,0.0,2.0,3.0,7.0,3.0,1.0,5.0,3.0,24.0,2.0,3.0,1.0,9.0,3.0,15.0,10.0,13.0,14.0,2.0,1.0,1.0,42.0,22.0,10.0,1.0,33.0,1.0,0.0,9.0,15.0,2.0,67.0,3.0,1.0,6.0,21.0,57.0,95.0,10.0,10.0,23.0,1.0,2.0,18.0,0.0,24.0,2.0,3.0,1.0,43.0,20.0,56.0,23.0,3.0,7.0,2.0,22.0,42.0,169.0,58.0,0.0,2.0,15.0,17.0,34.0,27.0,11.0,5.0,18.0,12.0,4.0,6.0,2.0,19.0,1.0,46.0,0.0,0.0,6.0,20.0,44.0,47.0,1.0,5.0,0.0,21.0,8.0,2.0,0.0,10.0,70.0,23.0,1.0,3.0,7.0,6.0,18.0,0.0,3.0,0.0,2.0,10.0,4.0,0.0,6.0,3.0,14.0,2.0,2.0,2.0,21.0,1.0,0.0,9.0,8.0,7.0,5.0,8.0,37.0,65.0,0.0,5.0,24.0,4.0,14.0,20.0,11.0,4.0,2.0,12.0,9.0,1.0,4.0,6.0,9.0,0.0,3.0,13.0,7.0,32.0,7.0,6.0,6.0,0.0,10.0,5.0,17.0,3.0,20.0,1.0,3.0,3.0,157.0,192.0,0.0,35.0,97.0,0.0,2.0,3.0,3.0,32.0,50.0,37.0,56.0,49.0,5.0,38.0,4.0,15.0,7.0,112.0,0.0,13.0,0.0,8.0,5.0,1.0,8.0,3.0,38.0,104.0,2.0,8.0,6.0,14.0,3.0,93.0,10.0,2.0,11.0,14.0,66.0,2.0,3.0,4.0,3.0,1.0,14.0,12.0,3.0,0.0,85.0,1.0,31.0,31.0,8.0,14.0,29.0,23.0,13.0,18.0,10.0,24.0,0.0,94.0,10.0,2.0,0.0,9.0,5.0,12.0,5.0,0.0,14.0,12.0,0.0,32.0,0.0,11.0,2.0,17.0,21.0,3.0,4.0,11.0,11.0,23.0,16.0,1.0,3.0,2.0,4.0,0.0,7.0,0.0,25.0,2.0,25.0,1.0,1.0,2.0,2.0,2.0,2.0,0.0,4.0,21.0,16.0,2.0,7.0,20.0,63.0,21.0,11.0,10.0,7.0,1.0,12.0,1.0,3.0,18.0,5.0,4.0,10.0,44.0,6.0,17.0,4.0,14.0,14.0,10.0,75.0,14.0,0.0,1.0,35.0,27.0,2.0,25.0,40.0,2.0,31.0,1.0,4.0,21.0,41.0,302.0,42.0,31.0,1.0,9.0,7.0,3.0
vanGalen_AML916_HSPC,0.0,0.0,0.0,0.0,0.0,0.0,0.0,0.0,0.0,0.0,1.0,1.0,0.0,2.0,0.0,0.0,1.0,0.0,0.0,0.0,0.0,0.0,0.0,1.0,1.0,0.0,1.0,0.0,1.0,2.0,1.0,0.0,0.0,3.0,0.0,1.0,0.0,0.0,0.0,1.0,2.0,0.0,0.0,0.0,5.0,0.0,0.0,1.0,21.0,2.0,0.0,0.0,0.0,0.0,0.0,1.0,1.0,0.0,0.0,0.0,0.0,2.0,3.0,1.0,1.0,1.0,0.0,2.0,4.0,1.0,4.0,0.0,1.0,0.0,0.0,0.0,2.0,0.0,0.0,0.0,0.0,1.0,0.0,0.0,2.0,0.0,0.0,1.0,0.0,1.0,0.0,0.0,2.0,0.0,0.0,1.0,0.0,0.0,3.0,0.0,5.0,0.0,0.0,3.0,1.0,3.0,0.0,0.0,0.0,1.0,0.0,2.0,1.0,0.0,4.0,0.0,0.0,9.0,0.0,0.0,0.0,2.0,0.0,0.0,0.0,8.0,0.0,2.0,0.0,0.0,2.0,1.0,6.0,2.0,5.0,0.0,0.0,1.0,1.0,0.0,3.0,1.0,8.0,0.0,0.0,0.0,1.0,0.0,0.0,0.0,3.0,5.0,0.0,0.0,0.0,0.0,1.0,0.0,0.0,0.0,0.0,0.0,1.0,0.0,0.0,0.0,0.0,0.0,0.0,0.0,0.0,0.0,0.0,0.0,0.0,0.0,1.0,0.0,1.0,3.0,0.0,0.0,0.0,0.0,1.0,0.0,0.0,0.0,2.0,0.0,0.0,1.0,2.0,2.0,0.0,0.0,4.0,0.0,2.0,0.0,1.0,0.0,0.0,0.0,2.0,0.0,0.0,0.0,0.0,0.0,155.0,4.0,0.0,1.0,0.0,3.0,0.0,1.0,15.0,0.0,0.0,0.0,0.0,3.0,0.0,0.0,0.0,0.0,0.0,1.0,6.0,0.0,0.0,3.0,0.0,0.0,0.0,0.0,0.0,1.0,0.0,2.0,0.0,6.0,0.0,0.0,2.0,15.0,1.0,35.0,12.0,0.0,0.0,0.0,0.0,0.0,1.0,1.0,0.0,0.0,2.0,0.0,0.0,0.0,0.0,0.0,0.0,1.0,0.0,0.0,2.0,1.0,2.0,0.0,1.0,0.0,0.0,3.0,0.0,0.0,0.0,0.0,1.0,2.0,0.0,0.0,0.0,1.0,0.0,3.0,5.0,0.0,5.0,1.0,0.0,0.0,0.0,1.0,0.0,9.0,12.0,0.0,0.0,0.0,0.0,1.0,0.0,2.0,0.0,1.0,1.0,0.0,1.0,2.0,0.0,0.0,1.0,1.0,0.0,0.0,0.0,1.0,0.0,0.0,0.0,1.0,0.0,1.0,1.0,0.0,0.0,0.0,1.0,0.0,1.0,0.0,3.0,0.0,0.0,0.0,0.0,2.0,2.0,0.0,0.0,0.0,3.0,0.0,0.0,0.0,0.0,3.0,2.0,0.0,4.0,0.0,3.0,1.0,0.0,0.0,0.0,0.0,0.0,0.0,0.0,0.0,0.0,0.0,0.0,0.0,3.0,0.0,0.0,0.0,1.0,1.0,2.0,0.0,0.0,1.0,0.0,0.0,0.0,1.0,0.0,1.0,1.0,0.0,0.0,2.0,0.0,0.0,0.0,0.0,1.0,0.0,4.0,1.0,1.0,1.0,1.0,1.0,0.0,0.0,0.0,1.0,0.0,1.0,0.0,0.0,0.0,0.0,1.0,0.0,0.0,0.0,0.0,0.0,0.0,0.0,0.0,2.0,3.0,0.0,2.0,0.0,1.0,0.0,0.0,1.0,0.0,0.0,1.0,0.0,0.0,1.0,0.0,2.0,2.0,1.0,0.0,1.0,1.0,0.0,0.0,3.0,0.0,0.0,0.0,0.0,0.0,0.0,4.0,0.0,4.0,1.0,0.0,2.0,3.0,0.0,6.0,0.0,0.0,0.0,2.0,0.0,0.0,2.0,0.0,1.0,0.0,2.0,1.0,0.0,7.0,1.0,1.0,0.0,0.0,0.0,1.0,0.0,2.0,0.0,5.0,0.0,2.0,0.0,1.0,1.0,1.0,10.0,0.0,0.0,3.0,1.0,1.0,1.0,0.0,12.0,2.0,0.0,0.0,0.0,0.0,0.0,0.0,0.0,0.0,0.0,1.0,0.0,0.0,1.0,0.0,0.0,1.0,0.0,0.0,0.0,0.0,2.0,2.0,1.0,0.0,0.0,0.0,0.0,0.0,0.0,0.0,0.0,2.0,0.0,0.0,1.0,0.0,0.0,0.0,1.0,0.0,0.0,1.0,0.0,0.0,0.0,0.0,0.0,0.0,1.0,0.0,3.0,0.0,0.0,1.0,0.0,0.0,0.0,0.0,2.0,0.0,0.0,1.0,4.0,0.0,1.0,3.0,2.0,0.0,2.0,5.0,1.0,8.0,4.0,1.0,0.0,0.0,0.0,0.0,0.0,0.0,1.0,0.0,0.0,0.0,1.0,0.0,2.0,0.0,3.0,0.0,0.0,1.0,0.0,0.0,0.0,0.0,0.0,0.0,1.0,0.0,0.0,1.0,1.0,0.0,0.0,0.0,0.0,0.0,1.0,0.0,0.0,0.0,0.0,2.0,3.0,1.0,1.0,1.0,0.0,2.0,1.0,0.0,0.0,6.0,0.0,3.0,0.0,0.0,0.0,0.0,0.0,4.0,1.0,0.0,0.0,3.0,0.0,0.0,1.0,0.0,1.0,0.0,0.0,1.0,0.0,0.0,1.0,0.0,0.0,0.0,0.0,0.0,1.0,0.0,0.0,0.0,0.0,1.0,0.0,1.0,0.0,0.0,0.0,0.0,0.0,6.0,5.0,0.0,5.0,11.0,0.0,1.0,0.0,0.0,1.0,3.0,1.0,3.0,0.0,0.0,0.0,0.0,1.0,1.0,2.0,0.0,0.0,0.0,0.0,0.0,0.0,0.0,0.0,1.0,6.0,0.0,0.0,0.0,0.0,0.0,3.0,3.0,0.0,0.0,0.0,2.0,0.0,0.0,0.0,0.0,1.0,1.0,0.0,3.0,1.0,1.0,0.0,6.0,2.0,2.0,0.0,1.0,2.0,1.0,1.0,1.0,0.0,0.0,27.0,0.0,0.0,0.0,0.0,0.0,1.0,1.0,0.0,0.0,0.0,0.0,0.0,0.0,0.0,0.0,1.0,1.0,0.0,2.0,0.0,1.0,0.0,0.0,0.0,0.0,1.0,0.0,0.0,0.0,0.0,2.0,0.0,0.0,0.0,0.0,0.0,0.0,1.0,2.0,0.0,0.0,0.0,1.0,0.0,2.0,1.0,4.0,1.0,1.0,0.0,0.0,0.0,0.0,0.0,0.0,2.0,0.0,0.0,0.0,2.0,1.0,0.0,0.0,0.0,0.0,1.0,0.0,4.0,0.0,0.0,2.0,1.0,0.0,1.0,1.0,0.0,0.0,0.0,0.0,1.0,2.0,28.0,3.0,2.0,0.0,1.0,0.0,1.0
vanGalen_AML916_LSPC,5.0,1.0,6.0,0.0,4.0,8.0,0.0,8.0,17.0,0.0,8.0,29.0,1.0,56.0,5.0,14.0,31.0,0.0,1.0,7.0,0.0,10.0,20.0,27.0,1.0,1.0,12.0,7.0,9.0,17.0,13.0,1.0,1.0,57.0,2.0,71.0,1.0,10.0,3.0,15.0,349.0,21.0,5.0,3.0,155.0,22.0,0.0,26.0,51.0,28.0,21.0,19.0,3.0,0.0,8.0,13.0,2.0,3.0,5.0,29.0,4.0,30.0,42.0,21.0,20.0,7.0,17.0,17.0,4.0,37.0,32.0,6.0,75.0,0.0,11.0,7.0,4.0,28.0,22.0,5.0,36.0,0.0,13.0,2.0,5.0,6.0,3.0,41.0,4.0,11.0,6.0,8.0,8.0,12.0,4.0,5.0,0.0,11.0,34.0,6.0,135.0,7.0,13.0,86.0,46.0,32.0,1.0,3.0,2.0,29.0,0.0,30.0,10.0,20.0,50.0,21.0,7.0,207.0,5.0,25.0,5.0,23.0,0.0,55.0,3.0,158.0,2.0,49.0,2.0,0.0,104.0,43.0,90.0,133.0,48.0,29.0,6.0,5.0,39.0,10.0,79.0,0.0,496.0,6.0,16.0,7.0,35.0,1.0,4.0,1.0,52.0,159.0,0.0,2.0,5.0,2.0,26.0,17.0,5.0,5.0,4.0,2.0,45.0,25.0,3.0,7.0,10.0,7.0,3.0,18.0,2.0,51.0,0.0,2.0,0.0,0.0,7.0,0.0,27.0,14.0,22.0,9.0,5.0,1.0,66.0,3.0,5.0,61.0,46.0,0.0,23.0,6.0,50.0,145.0,25.0,1.0,44.0,17.0,1.0,1.0,12.0,1.0,4.0,6.0,25.0,10.0,0.0,11.0,0.0,20.0,2554.0,98.0,0.0,64.0,3.0,76.0,13.0,7.0,207.0,0.0,1.0,0.0,3.0,11.0,2.0,0.0,5.0,15.0,3.0,3.0,45.0,53.0,6.0,72.0,34.0,9.0,4.0,0.0,3.0,3.0,3.0,44.0,3.0,88.0,2.0,1.0,11.0,389.0,7.0,442.0,536.0,6.0,3.0,5.0,0.0,2.0,27.0,3.0,2.0,0.0,12.0,8.0,11.0,7.0,6.0,1.0,44.0,46.0,37.0,5.0,20.0,36.0,22.0,5.0,47.0,25.0,7.0,6.0,0.0,0.0,1.0,0.0,10.0,34.0,0.0,20.0,2.0,20.0,14.0,12.0,41.0,1.0,116.0,10.0,12.0,5.0,42.0,5.0,32.0,178.0,180.0,1.0,9.0,2.0,40.0,5.0,2.0,41.0,0.0,2.0,11.0,4.0,3.0,20.0,1.0,20.0,12.0,23.0,3.0,20.0,1.0,3.0,4.0,4.0,17.0,4.0,0.0,28.0,13.0,1.0,13.0,10.0,6.0,41.0,17.0,1.0,66.0,7.0,14.0,14.0,5.0,8.0,32.0,14.0,4.0,1.0,22.0,24.0,1.0,7.0,8.0,64.0,61.0,7.0,93.0,66.0,152.0,12.0,15.0,20.0,0.0,0.0,16.0,0.0,40.0,57.0,20.0,9.0,3.0,29.0,54.0,8.0,21.0,17.0,6.0,0.0,28.0,4.0,20.0,12.0,6.0,0.0,3.0,14.0,2.0,3.0,36.0,9.0,6.0,50.0,3.0,4.0,12.0,4.0,19.0,4.0,9.0,9.0,29.0,20.0,5.0,10.0,2.0,5.0,2.0,35.0,29.0,17.0,4.0,9.0,13.0,2.0,4.0,11.0,3.0,1.0,9.0,2.0,0.0,11.0,6.0,11.0,66.0,0.0,27.0,4.0,2.0,4.0,16.0,3.0,1.0,8.0,35.0,20.0,3.0,13.0,0.0,17.0,13.0,11.0,3.0,2.0,14.0,1.0,64.0,44.0,10.0,7.0,4.0,5.0,3.0,3.0,7.0,6.0,96.0,8.0,4.0,16.0,52.0,3.0,76.0,4.0,6.0,0.0,34.0,6.0,2.0,18.0,2.0,8.0,3.0,5.0,1.0,19.0,29.0,13.0,6.0,2.0,6.0,13.0,15.0,15.0,7.0,2.0,48.0,9.0,16.0,2.0,33.0,12.0,26.0,108.0,0.0,13.0,135.0,8.0,41.0,7.0,3.0,374.0,120.0,22.0,0.0,6.0,2.0,16.0,3.0,1.0,7.0,4.0,8.0,0.0,13.0,17.0,11.0,3.0,16.0,2.0,0.0,0.0,11.0,4.0,7.0,5.0,2.0,4.0,0.0,7.0,21.0,0.0,39.0,16.0,9.0,0.0,21.0,59.0,3.0,32.0,0.0,26.0,3.0,0.0,12.0,28.0,6.0,86.0,0.0,18.0,6.0,48.0,156.0,93.0,4.0,18.0,65.0,0.0,7.0,20.0,14.0,16.0,6.0,2.0,4.0,53.0,42.0,4.0,23.0,14.0,17.0,20.0,39.0,28.0,134.0,78.0,24.0,1.0,6.0,1.0,9.0,11.0,6.0,4.0,19.0,18.0,2.0,0.0,0.0,9.0,5.0,7.0,17.0,6.0,23.0,19.0,36.0,4.0,1.0,3.0,4.0,21.0,8.0,0.0,4.0,8.0,12.0,18.0,5.0,2.0,1.0,5.0,8.0,3.0,3.0,11.0,2.0,45.0,8.0,5.0,5.0,9.0,4.0,3.0,2.0,3.0,46.0,2.0,12.0,2.0,9.0,9.0,14.0,9.0,125.0,51.0,2.0,2.0,39.0,5.0,11.0,8.0,12.0,30.0,2.0,5.0,4.0,2.0,12.0,20.0,3.0,10.0,1.0,3.0,4.0,1.0,7.0,11.0,4.0,12.0,4.0,6.0,11.0,0.0,6.0,1.0,18.0,1.0,136.0,84.0,9.0,51.0,180.0,4.0,20.0,4.0,8.0,74.0,44.0,62.0,65.0,18.0,51.0,9.0,12.0,10.0,70.0,39.0,2.0,32.0,2.0,6.0,6.0,5.0,2.0,0.0,22.0,224.0,4.0,6.0,11.0,5.0,6.0,30.0,32.0,18.0,9.0,20.0,41.0,2.0,0.0,1.0,0.0,13.0,10.0,8.0,9.0,27.0,32.0,4.0,154.0,34.0,24.0,13.0,33.0,44.0,8.0,23.0,8.0,6.0,3.0,679.0,12.0,3.0,6.0,13.0,2.0,36.0,5.0,15.0,20.0,6.0,23.0,22.0,2.0,15.0,0.0,29.0,22.0,4.0,7.0,10.0,17.0,15.0,68.0,1.0,1.0,1.0,4.0,0.0,1.0,4.0,30.0,12.0,0.0,15.0,1.0,6.0,0.0,19.0,65.0,1.0,17.0,26.0,33.0,3.0,5.0,11.0,179.0,23.0,9.0,9.0,4.0,41.0,17.0,0.0,10.0,20.0,11.0,0.0,1.0,35.0,1.0,14.0,3.0,22.0,11.0,33.0,47.0,21.0,0.0,9.0,24.0,25.0,4.0,31.0,36.0,0.0,167.0,40.0,2.0,10.0,73.0,571.0,59.0,30.0,1.0,13.0,4.0,6.0
